Date,ticker,name,Open,High,Low,Close,Volume
2025-10-23,0700.HK,Tencent (Hong Kong),620.0,636.0,618.0,633.0,12419348.0
2025-10-24,0700.HK,Tencent (Hong Kong),639.0,641.5,633.5,637.5,11997034.0
2025-10-27,0700.HK,Tencent (Hong Kong),649.0,656.0,646.0,656.0,16043970.0
2025-10-28,0700.HK,Tencent (Hong Kong),656.0,656.0,641.0,645.0,16295470.0
2025-10-30,0700.HK,Tencent (Hong Kong),657.0,664.0,645.0,651.0,21772780.0
2025-10-31,0700.HK,Tencent (Hong Kong),651.5,655.0,629.0,629.0,20578283.0
2025-11-03,0700.HK,Tencent (Hong Kong),630.5,634.0,622.5,628.0,11591004.0
2025-11-04,0700.HK,Tencent (Hong Kong),631.0,640.0,625.5,629.0,14972125.0
2025-11-05,0700.HK,Tencent (Hong Kong),621.0,632.0,613.0,629.0,13309811.0
2025-11-06,0700.HK,Tencent (Hong Kong),629.5,645.5,629.5,644.0,13081287.0
2025-11-07,0700.HK,Tencent (Hong Kong),638.0,643.0,628.5,634.0,13314360.0
2025-11-10,0700.HK,Tencent (Hong Kong),641.0,651.0,641.0,649.5,14513815.0
2025-11-11,0700.HK,Tencent (Hong Kong),662.0,662.0,641.0,650.0,13087772.0
2025-11-12,0700.HK,Tencent (Hong Kong),655.0,658.5,652.0,657.0,13658568.0
2025-11-13,0700.HK,Tencent (Hong Kong),649.5,660.0,645.0,656.0,17299913.0
2025-11-14,0700.HK,Tencent (Hong Kong),645.0,659.0,640.0,641.0,19956444.0
2025-11-17,0700.HK,Tencent (Hong Kong),640.0,642.5,633.0,636.5,13794477.0
2025-11-18,0700.HK,Tencent (Hong Kong),628.0,641.0,620.5,623.5,18818609.0
2025-11-19,0700.HK,Tencent (Hong Kong),627.5,631.5,619.5,622.5,13959708.0
2025-11-20,0700.HK,Tencent (Hong Kong),626.5,630.5,615.5,621.0,14015988.0
2025-11-21,0700.HK,Tencent (Hong Kong),610.0,615.0,606.0,610.0,23732050.0
2025-11-24,0700.HK,Tencent (Hong Kong),615.0,627.5,613.5,624.5,22376801.0
2025-11-25,0700.HK,Tencent (Hong Kong),633.0,635.0,620.5,625.0,14877620.0
2025-11-26,0700.HK,Tencent (Hong Kong),628.5,630.0,618.0,619.5,14429595.0
2025-11-27,0700.HK,Tencent (Hong Kong),618.0,620.5,609.0,611.5,15493209.0
2025-11-28,0700.HK,Tencent (Hong Kong),611.5,617.0,608.5,611.5,13216245.0
2025-12-01,0700.HK,Tencent (Hong Kong),613.5,623.0,613.0,619.5,12643338.0
2025-12-02,0700.HK,Tencent (Hong Kong),625.5,626.0,615.0,617.0,11460186.0
2025-12-03,0700.HK,Tencent (Hong Kong),616.0,616.0,608.5,611.0,11002158.0
2025-12-04,0700.HK,Tencent (Hong Kong),610.0,613.0,605.0,612.0,15329748.0
2025-12-05,0700.HK,Tencent (Hong Kong),605.0,611.0,604.0,610.0,14638391.0
2025-12-08,0700.HK,Tencent (Hong Kong),607.5,609.5,604.0,605.0,13421327.0
2025-12-09,0700.HK,Tencent (Hong Kong),609.5,610.0,596.0,602.5,17431321.0
2025-12-10,0700.HK,Tencent (Hong Kong),602.0,603.0,595.0,603.0,14750743.0
2025-12-11,0700.HK,Tencent (Hong Kong),609.0,612.0,599.0,601.5,12480887.0
2025-12-12,0700.HK,Tencent (Hong Kong),608.0,616.0,601.5,616.0,17825495.0
2025-12-15,0700.HK,Tencent (Hong Kong),606.0,608.5,602.0,603.0,15165502.0
2025-12-16,0700.HK,Tencent (Hong Kong),602.5,603.0,592.0,596.5,15987678.0
2025-12-17,0700.HK,Tencent (Hong Kong),597.0,606.0,594.5,605.0,14824785.0
2025-12-18,0700.HK,Tencent (Hong Kong),601.0,606.0,599.0,605.0,10153604.0
2025-12-19,0700.HK,Tencent (Hong Kong),610.0,617.5,607.0,614.0,17765762.0
2025-12-22,0700.HK,Tencent (Hong Kong),620.0,621.5,610.0,614.5,13868060.0
2025-12-23,0700.HK,Tencent (Hong Kong),613.5,614.5,601.5,602.0,15623392.0
2025-12-24,0700.HK,Tencent (Hong Kong),602.5,602.5,602.5,602.5,0.0
2025-12-29,0700.HK,Tencent (Hong Kong),606.0,611.0,596.0,596.5,18502650.0
2025-12-30,0700.HK,Tencent (Hong Kong),598.5,601.0,594.0,600.0,13582535.0
2025-12-31,0700.HK,Tencent (Hong Kong),599.0,599.0,599.0,599.0,0.0
2026-01-02,0700.HK,Tencent (Hong Kong),600.5,624.5,600.5,623.0,16200058.0
2026-01-05,0700.HK,Tencent (Hong Kong),624.0,628.0,615.5,624.5,19947025.0
2026-01-06,0700.HK,Tencent (Hong Kong),627.0,638.5,626.0,632.5,24168431.0
2026-01-07,0700.HK,Tencent (Hong Kong),627.5,629.5,615.0,624.5,21378622.0
2026-01-08,0700.HK,Tencent (Hong Kong),618.5,621.0,610.0,616.0,18742539.0
2026-01-09,0700.HK,Tencent (Hong Kong),616.0,617.0,610.0,611.0,17813669.0
2026-01-12,0700.HK,Tencent (Hong Kong),616.0,627.5,613.5,623.0,27530129.0
2026-01-13,0700.HK,Tencent (Hong Kong),637.0,639.0,622.5,627.5,24212695.0
2026-01-14,0700.HK,Tencent (Hong Kong),634.0,638.5,626.0,633.0,28677291.0
2026-01-15,0700.HK,Tencent (Hong Kong),631.0,632.5,618.5,622.0,26194252.0
2026-01-16,0700.HK,Tencent (Hong Kong),627.0,630.0,613.5,617.5,20616793.0
2026-01-19,0700.HK,Tencent (Hong Kong),613.5,614.5,608.5,610.0,13233330.0
2026-01-20,0700.HK,Tencent (Hong Kong),601.0,607.0,598.0,601.0,24332228.0
2026-01-21,0700.HK,Tencent (Hong Kong),598.0,606.0,598.0,602.5,16003431.0
2026-01-22,0700.HK,Tencent (Hong Kong),604.5,605.5,596.0,597.5,27168713.0
2026-01-23,0700.HK,Tencent (Hong Kong),597.5,602.0,595.0,595.0,19177660.0
2026-01-26,0700.HK,Tencent (Hong Kong),595.0,605.0,594.0,599.5,17439619.0
2026-01-27,0700.HK,Tencent (Hong Kong),600.0,610.5,598.5,607.0,23887447.0
2026-01-28,0700.HK,Tencent (Hong Kong),613.0,623.0,610.5,621.0,25577066.0
2026-01-29,0700.HK,Tencent (Hong Kong),614.5,625.0,612.5,622.0,22951530.0
2026-01-30,0700.HK,Tencent (Hong Kong),615.0,619.5,605.5,606.0,21479886.0
2026-02-02,0700.HK,Tencent (Hong Kong),598.0,604.5,590.5,598.5,27926332.0
2026-02-03,0700.HK,Tencent (Hong Kong),598.5,601.5,561.0,581.0,65128647.0
2026-02-04,0700.HK,Tencent (Hong Kong),572.0,574.5,558.0,558.0,60374834.0
2026-02-05,0700.HK,Tencent (Hong Kong),550.0,561.5,541.0,558.5,79306977.0
2026-02-06,0700.HK,Tencent (Hong Kong),546.0,557.5,543.0,547.5,35402860.0
2026-02-09,0700.HK,Tencent (Hong Kong),550.0,562.5,550.0,560.0,26375723.0
2026-02-10,0700.HK,Tencent (Hong Kong),563.0,566.0,547.0,551.0,29211865.0
2026-02-11,0700.HK,Tencent (Hong Kong),543.0,550.5,543.0,548.0,23759058.0
2026-02-12,0700.HK,Tencent (Hong Kong),537.0,541.0,530.5,535.5,39790780.0
2026-02-13,0700.HK,Tencent (Hong Kong),525.5,534.5,525.0,532.0,26900740.0
2026-02-16,0700.HK,Tencent (Hong Kong),534.5,534.5,534.5,534.5,0.0
2026-02-20,0700.HK,Tencent (Hong Kong),531.5,533.0,518.0,522.0,21351884.0
2026-02-23,0700.HK,Tencent (Hong Kong),529.0,543.0,528.0,538.0,22136687.0
2026-02-24,0700.HK,Tencent (Hong Kong),534.5,534.5,516.0,520.0,36134943.0
2026-02-25,0700.HK,Tencent (Hong Kong),522.5,529.0,522.0,522.5,22838866.0
2026-02-26,0700.HK,Tencent (Hong Kong),529.0,529.5,512.0,512.0,25547825.0
2026-02-27,0700.HK,Tencent (Hong Kong),510.5,530.5,510.5,518.0,32229030.0
2026-03-02,0700.HK,Tencent (Hong Kong),511.5,520.0,507.0,514.0,30816358.0
2026-03-03,0700.HK,Tencent (Hong Kong),518.0,525.5,510.5,510.5,27370602.0
2026-03-04,0700.HK,Tencent (Hong Kong),506.0,515.0,498.7999877929688,506.0,32965198.0
2026-03-05,0700.HK,Tencent (Hong Kong),509.5,515.5,501.5,502.0,23955443.0
2026-03-06,0700.HK,Tencent (Hong Kong),504.0,522.0,502.0,519.0,30359878.0
2026-03-09,0700.HK,Tencent (Hong Kong),502.5,517.5,502.5,516.0,31383491.0
2026-03-10,0700.HK,Tencent (Hong Kong),525.0,556.0,525.0,553.5,57862244.0
2026-03-11,0700.HK,Tencent (Hong Kong),578.0,578.0,548.0,552.0,47623240.0
2026-03-12,0700.HK,Tencent (Hong Kong),550.5,557.0,541.5,546.5,19663840.0
2026-03-13,0700.HK,Tencent (Hong Kong),546.5,558.5,543.0,547.5,17183958.0
2026-03-16,0700.HK,Tencent (Hong Kong),551.0,565.5,543.5,558.5,24217363.0
2026-03-17,0700.HK,Tencent (Hong Kong),563.0,566.0,549.0,550.0,22872974.0
2026-03-18,0700.HK,Tencent (Hong Kong),546.5,552.0,542.5,550.5,21350876.0
2026-03-19,0700.HK,Tencent (Hong Kong),528.0,529.5,512.0,513.0,59432770.0
2026-03-20,0700.HK,Tencent (Hong Kong),505.0,519.0,505.0,508.0,24924662.0
2026-03-23,0700.HK,Tencent (Hong Kong),497.7999877929688,506.0,495.2000122070313,498.3999938964844,35123702.0
2026-03-24,0700.HK,Tencent (Hong Kong),508.0,520.0,500.0,514.0,29358876.0
2026-03-25,0700.HK,Tencent (Hong Kong),519.0,521.5,502.0,505.5,37353909.0
2026-03-26,0700.HK,Tencent (Hong Kong),501.0,507.5,495.0,495.6000061035156,22623215.0
2026-03-27,0700.HK,Tencent (Hong Kong),491.2000122070313,498.2000122070313,487.6000061035156,493.3999938964844,20345920.0
2026-03-30,0700.HK,Tencent (Hong Kong),485.0,485.7999877929688,476.0,481.6000061035156,28410968.0
2026-03-31,0700.HK,Tencent (Hong Kong),484.3999938964844,492.0,480.0,484.0,25801397.0
2026-04-01,0700.HK,Tencent (Hong Kong),504.0,504.0,493.0,496.6000061035156,21275055.0
2026-04-02,0700.HK,Tencent (Hong Kong),496.0,496.0,485.0,489.2000122070313,17030828.0
2026-04-08,0700.HK,Tencent (Hong Kong),504.5,510.0,501.0,508.0,32856156.0
2026-04-09,0700.HK,Tencent (Hong Kong),506.5,514.5,503.0,508.5,20722763.0
2026-04-10,0700.HK,Tencent (Hong Kong),508.0,514.0,501.0,504.5,20671874.0
2026-04-13,0700.HK,Tencent (Hong Kong),498.3999938964844,503.0,487.7999877929688,490.0,21140848.0
2026-04-14,0700.HK,Tencent (Hong Kong),497.3999938964844,497.3999938964844,486.2000122070313,493.2000122070313,17833779.0
2026-04-15,0700.HK,Tencent (Hong Kong),500.0,510.0,497.3999938964844,499.0,20288791.0
2026-04-16,0700.HK,Tencent (Hong Kong),506.5,517.0,504.0,517.0,22559081.0
2026-04-17,0700.HK,Tencent (Hong Kong),512.0,517.0,506.0,510.5,13747249.0
2026-04-20,0700.HK,Tencent (Hong Kong),509.5,526.5,504.5,522.5,23428202.0
2026-04-21,0700.HK,Tencent (Hong Kong),523.0,525.5,515.5,519.0,13113816.0
2026-04-22,0700.HK,Tencent (Hong Kong),513.5,514.5,502.0,504.0,23170931.0
2026-04-23,0700.HK,Tencent (Hong Kong),500.0,502.0,495.2000122070313,495.2000122070313,23497367.0
2025-10-23,7203.T,Toyota (Tokyo),3054.518591968113,3066.342534904764,3012.149463111781,3045.650634765625,18085400.0
2025-10-24,7203.T,Toyota (Tokyo),3064.37197225026,3089.990516069716,3044.665400081448,3081.12255859375,18839800.0
2025-10-27,7203.T,Toyota (Tokyo),3123.4918224270705,3170.78759765625,3118.565179174031,3170.78759765625,24626500.0
2025-10-28,7203.T,Toyota (Tokyo),3172.7581531112032,3173.743481730182,3120.535736305336,3124.47705078125,19805700.0
2025-10-29,7203.T,Toyota (Tokyo),3129.4036077558803,3135.3155793070564,3078.166520979021,3099.84375,20640200.0
2025-10-30,7203.T,Toyota (Tokyo),3101.814568718112,3143.198371731505,3079.152009925064,3138.271728515625,23926200.0
2025-10-31,7203.T,Toyota (Tokyo),3143.1982694179715,3151.0808983067936,3075.2105952518773,3091.961181640625,25906600.0
2025-11-04,7203.T,Toyota (Tokyo),3103.7850270218405,3157.9780989222218,3074.2251696216326,3108.711669921875,26958800.0
2025-11-05,7203.T,Toyota (Tokyo),3103.785071122019,3104.770399716026,2952.0444676449424,2995.39892578125,56932600.0
2025-11-06,7203.T,Toyota (Tokyo),3064.3720032691044,3135.3156637949487,3009.1936006378924,3092.946533203125,32756900.0
2025-11-07,7203.T,Toyota (Tokyo),3044.665437298298,3082.107924876724,3031.8561652319945,3072.254638671875,17774800.0
2025-11-10,7203.T,Toyota (Tokyo),3087.0346221192813,3088.0199507570464,3044.665490695365,3085.06396484375,19709600.0
2025-11-11,7203.T,Toyota (Tokyo),3101.8144301616617,3130.388959537357,3083.0931867775857,3100.8291015625,17570500.0
2025-11-12,7203.T,Toyota (Tokyo),3129.403641751568,3166.846128649099,3128.418313149001,3143.1982421875,20882100.0
2025-11-13,7203.T,Toyota (Tokyo),3153.0514677141964,3167.8313964691065,3133.3448960409823,3151.080810546875,16407400.0
2025-11-14,7203.T,Toyota (Tokyo),3108.7117555246414,3133.344970703125,3088.019854774715,3133.344970703125,17302600.0
2025-11-17,7203.T,Toyota (Tokyo),3103.7851776974294,3117.579778487196,3068.313347095173,3073.239990234375,15668000.0
2025-11-18,7203.T,Toyota (Tokyo),3060.43060425651,3068.3132329860823,2983.574974143178,2984.560302734375,21663600.0
2025-11-19,7203.T,Toyota (Tokyo),3028.9002753475365,3029.885603999244,2974.707199503648,2992.443115234375,15126800.0
2025-11-20,7203.T,Toyota (Tokyo),3049.592091864888,3057.4747208583995,2999.34033203125,2999.34033203125,17872000.0
2025-11-21,7203.T,Toyota (Tokyo),2990.4723695404573,3074.225302460042,2983.575069182374,3051.562744140625,31305500.0
2025-11-25,7203.T,Toyota (Tokyo),3103.7851913199243,3103.7851913199243,3024.95890074672,3031.856201171875,17998000.0
2025-11-26,7203.T,Toyota (Tokyo),3083.0932927318377,3111.667823089532,3044.665476043905,3094.917236328125,20618800.0
2025-11-27,7203.T,Toyota (Tokyo),3108.7117680293727,3118.565054140401,3082.107895529597,3091.961181640625,11108400.0
2025-11-28,7203.T,Toyota (Tokyo),3093.931968535549,3093.931968535549,3073.240066835152,3087.03466796875,13070100.0
2025-12-01,7203.T,Toyota (Tokyo),3086.0491443512733,3087.034472941424,3029.8854147126967,3036.78271484375,13231700.0
2025-12-02,7203.T,Toyota (Tokyo),3039.738828862633,3044.665472021244,2997.369697698584,3000.32568359375,17880100.0
2025-12-03,7203.T,Toyota (Tokyo),2985.5458139429074,2995.3991004575705,2950.0739824901207,2960.91259765625,16544800.0
2025-12-04,7203.T,Toyota (Tokyo),2983.5749652553977,3061.415923728045,2959.927079137125,3057.474609375,21589300.0
2025-12-05,7203.T,Toyota (Tokyo),3008.2082583143088,3022.0028589092644,2971.7510995990683,2987.516357421875,21707900.0
2025-12-08,7203.T,Toyota (Tokyo),3005.252182904412,3015.10546875,2976.677653952206,3015.10546875,15596600.0
2025-12-09,7203.T,Toyota (Tokyo),3030.8708644202543,3037.7681648269327,2999.34034827544,3021.017578125,15163400.0
2025-12-10,7203.T,Toyota (Tokyo),3043.680063191366,3090.9758362678263,3030.8707913164912,3070.283935546875,20327700.0
2025-12-11,7203.T,Toyota (Tokyo),3101.814558631431,3113.6385023110934,3053.533455272809,3064.3720703125,14242200.0
2025-12-12,7203.T,Toyota (Tokyo),3144.1837101286906,3223.995330473543,3121.5211512653373,3212.17138671875,42664200.0
2025-12-15,7203.T,Toyota (Tokyo),3195.420669236824,3308.7334589260727,3194.43534063083,3300.850830078125,31427000.0
2025-12-16,7203.T,Toyota (Tokyo),3330.410717846753,3344.2053184532188,3280.1589584946278,3281.144287109375,28736000.0
2025-12-17,7203.T,Toyota (Tokyo),3296.909492718209,3306.762778709596,3263.408320347492,3299.865478515625,20872500.0
2025-12-18,7203.T,Toyota (Tokyo),3300.850884162206,3334.352057314897,3292.9682551851024,3313.66015625,19193200.0
2025-12-19,7203.T,Toyota (Tokyo),3339.2786356132724,3388.545065763955,3338.2933070102586,3373.76513671875,37972600.0
2025-12-22,7203.T,Toyota (Tokyo),3442.7381180184966,3443.723446615525,3386.5743879878573,3404.310302734375,17099900.0
2025-12-23,7203.T,Toyota (Tokyo),3427.958248092629,3427.958248092629,3359.970573726894,3364.897216796875,17000600.0
2025-12-24,7203.T,Toyota (Tokyo),3367.8532454902797,3369.8239027433456,3303.806884765625,3303.806884765625,12845800.0
2025-12-25,7203.T,Toyota (Tokyo),3327.454765170583,3333.366736917999,3308.733521303766,3324.498779296875,7132300.0
2025-12-26,7203.T,Toyota (Tokyo),3327.4546587520804,3347.161230613212,3319.572030007628,3330.41064453125,10705500.0
2025-12-29,7203.T,Toyota (Tokyo),3336.322737649561,3336.322737649561,3302.821564265012,3314.6455078125,12099700.0
2025-12-30,7203.T,Toyota (Tokyo),3320.55754051163,3337.308127511244,3303.8069535120167,3306.762939453125,12175900.0
2026-01-05,7203.T,Toyota (Tokyo),3360.9560238736344,3404.3104844571703,3347.161422778873,3349.132080078125,18505900.0
2026-01-06,7203.T,Toyota (Tokyo),3436.826284084281,3452.5915422681537,3372.779922712298,3378.69189453125,21996200.0
2026-01-07,7203.T,Toyota (Tokyo),3300.850974659155,3310.7042611506745,3277.203087079507,3286.071044921875,21592100.0
2026-01-08,7203.T,Toyota (Tokyo),3252.569663385369,3279.173535215544,3237.789734590828,3245.67236328125,18107700.0
2026-01-09,7203.T,Toyota (Tokyo),3273.2617663098617,3354.05871538795,3272.276437662568,3338.29345703125,24104300.0
2026-01-13,7203.T,Toyota (Tokyo),3448.650206094652,3587.58154296875,3447.6648774643386,3587.58154296875,50179500.0
2026-01-14,7203.T,Toyota (Tokyo),3566.8896942728466,3591.5229103935158,3509.740632872895,3568.8603515625,26474500.0
2026-01-15,7203.T,Toyota (Tokyo),3585.610851478885,3708.7769290922015,3581.6695369952586,3659.510498046875,35684100.0
2026-01-16,7203.T,Toyota (Tokyo),3621.082648919129,3687.0996659198313,3606.302719739867,3616.156005859375,20254500.0
2026-01-19,7203.T,Toyota (Tokyo),3547.182901557756,3569.845458984375,3512.6964011259447,3569.845458984375,17580700.0
2026-01-20,7203.T,Toyota (Tokyo),3537.3296855419107,3541.270999954771,3476.23931214258,3489.048583984375,20386000.0
2026-01-21,7203.T,Toyota (Tokyo),3454.5620911744263,3506.784507270332,3439.78216209068,3499.88720703125,16952900.0
2026-01-22,7203.T,Toyota (Tokyo),3576.742840494428,3585.6107979501994,3517.62312412262,3531.417724609375,17423300.0
2026-01-23,7203.T,Toyota (Tokyo),3581.669425038049,3597.434682479757,3534.373652712925,3570.830810546875,21187900.0
2026-01-26,7203.T,Toyota (Tokyo),3448.6501066719693,3469.342007312001,3409.236962595718,3425.987548828125,28379900.0
2026-01-27,7203.T,Toyota (Tokyo),3444.7088680570614,3446.6795253042337,3385.5891506418943,3408.251708984375,18214200.0
2026-01-28,7203.T,Toyota (Tokyo),3318.5866756843816,3331.395947294802,3291.982803878123,3297.894775390625,23115000.0
2026-01-29,7203.T,Toyota (Tokyo),3319.572124861786,3419.0903156041545,3296.90956657392,3397.4130859375,24456700.0
2026-01-30,7203.T,Toyota (Tokyo),3405.2957780393835,3478.2100973608285,3401.3544634814675,3452.591552734375,23842000.0
2026-02-02,7203.T,Toyota (Tokyo),3547.1830799151344,3573.7869530144976,3464.415474717114,3483.13671875,22997000.0
2026-02-03,7203.T,Toyota (Tokyo),3567.874868351549,3568.86019695369,3520.5790954487948,3541.27099609375,20936000.0
2026-02-04,7203.T,Toyota (Tokyo),3602.3614460989934,3688.085036309773,3575.757573274958,3670.34912109375,28520900.0
2026-02-05,7203.T,Toyota (Tokyo),3744.248821589989,3757.058093874376,3639.8039860403737,3651.6279296875,32411800.0
2026-02-06,7203.T,Toyota (Tokyo),3615.17075795976,3737.351508569465,3583.640241673384,3724.542236328125,42812900.0
2026-02-09,7203.T,Toyota (Tokyo),3940.329000410109,3941.314328992357,3674.290283203125,3674.290283203125,40235900.0
2026-02-10,7203.T,Toyota (Tokyo),3672.31977011866,3703.850285987669,3632.906625282399,3659.510498046875,27155000.0
2026-02-12,7203.T,Toyota (Tokyo),3627.980019610324,3652.613235387146,3576.7429307945345,3650.642578125,27029000.0
2026-02-13,7203.T,Toyota (Tokyo),3704.8355265881687,3731.439398720584,3661.481068298308,3718.630126953125,32482400.0
2026-02-16,7203.T,Toyota (Tokyo),3703.8501581919368,3704.835486778846,3602.361313740282,3612.214599609375,18417600.0
2026-02-17,7203.T,Toyota (Tokyo),3627.979959427813,3669.363761246381,3613.200030206896,3658.525146484375,13395200.0
2026-02-18,7203.T,Toyota (Tokyo),3702.864835241077,3713.703449713576,3664.437020293126,3675.275634765625,15050800.0
2026-02-19,7203.T,Toyota (Tokyo),3675.2756686632633,3730.454070123087,3655.569096713326,3718.630126953125,15842100.0
2026-02-20,7203.T,Toyota (Tokyo),3655.569078028284,3660.495720990586,3552.1095758199363,3581.66943359375,24781700.0
2026-02-24,7203.T,Toyota (Tokyo),3622.067899941877,3627.9798714869394,3567.8748274454665,3602.361328125,20855600.0
2026-02-25,7203.T,Toyota (Tokyo),3642.759805658812,3697.938206826487,3626.009219590054,3665.42236328125,24220000.0
2026-02-26,7203.T,Toyota (Tokyo),3724.542144516767,3764.940617512848,3699.908929275254,3720.600830078125,24605000.0
2026-02-27,7203.T,Toyota (Tokyo),3685.12890625,3768.8818359375,3661.481020220588,3768.8818359375,28621000.0
2026-03-02,7203.T,Toyota (Tokyo),3630.935879720877,3898.9452580883344,3598.420036021884,3886.135986328125,44611800.0
2026-03-03,7203.T,Toyota (Tokyo),3744.2487274615073,3745.234056073997,3619.111993675294,3647.6865234375,50592000.0
2026-03-04,7203.T,Toyota (Tokyo),3606.302694147283,3615.170651591908,3445.6941315390845,3468.356689453125,34266800.0
2026-03-05,7203.T,Toyota (Tokyo),3547.1830618446565,3581.6695638348133,3429.928955078125,3429.928955078125,31699400.0
2026-03-06,7203.T,Toyota (Tokyo),3438.7969597372867,3491.019377750489,3419.090386902116,3463.43017578125,20575900.0
2026-03-09,7203.T,Toyota (Tokyo),3250.599081446982,3372.7798289763623,3246.6577670105503,3343.219970703125,28223800.0
2026-03-10,7203.T,Toyota (Tokyo),3412.1931002611664,3465.400847132117,3381.6479122426576,3422.04638671875,22222100.0
2026-03-11,7203.T,Toyota (Tokyo),3449.635460486779,3516.6378059061167,3448.650131877671,3458.50341796875,15207900.0
2026-03-12,7203.T,Toyota (Tokyo),3458.5034074059886,3459.488736012087,3366.8678470388213,3416.13427734375,19335000.0
2026-03-13,7203.T,Toyota (Tokyo),3310.704087073442,3381.647746082159,3310.704087073442,3320.557373046875,22705700.0
2026-03-16,7203.T,Toyota (Tokyo),3320.5573705601223,3330.410656526176,3279.1735695026964,3289.02685546875,18079900.0
2026-03-17,7203.T,Toyota (Tokyo),3327.454635796232,3344.205221762633,3307.7480640710546,3329.42529296875,11542500.0
2026-03-18,7203.T,Toyota (Tokyo),3309.7188062298032,3373.7651659811986,3309.7188062298032,3354.05859375,15583800.0
2026-03-19,7203.T,Toyota (Tokyo),3310.7040296052637,3324.498629728618,3267.349572074718,3276.217529296875,23090100.0
2026-03-23,7203.T,Toyota (Tokyo),3229.907094391629,3231.8777515572133,3143.1981791059484,3203.30322265625,22909400.0
2026-03-24,7203.T,Toyota (Tokyo),3272.276442198606,3287.0563719285005,3210.20073733305,3223.010009765625,16565700.0
2026-03-25,7203.T,Toyota (Tokyo),3339.2786138956244,3369.823800390391,3279.1735695026964,3289.02685546875,18556700.0
2026-03-26,7203.T,Toyota (Tokyo),3333.366813794781,3338.29345703125,3298.8803111395,3338.29345703125,16107200.0
2026-03-27,7203.T,Toyota (Tokyo),3305.7775821596247,3383.618544600939,3296.9096244131456,3358.0,28198100.0
2026-03-30,7203.T,Toyota (Tokyo),3204.0,3237.0,3168.0,3224.0,30941700.0
2026-03-31,7203.T,Toyota (Tokyo),3200.0,3252.0,3162.0,3162.0,26872400.0
2026-04-01,7203.T,Toyota (Tokyo),3280.0,3311.0,3253.0,3311.0,25388600.0
2026-04-02,7203.T,Toyota (Tokyo),3365.0,3384.0,3251.0,3262.0,21711400.0
2026-04-03,7203.T,Toyota (Tokyo),3277.0,3316.0,3255.0,3255.0,11056900.0
2026-04-06,7203.T,Toyota (Tokyo),3255.0,3297.0,3244.0,3247.0,11430400.0
2026-04-07,7203.T,Toyota (Tokyo),3235.0,3264.0,3224.0,3252.0,14215500.0
2026-04-08,7203.T,Toyota (Tokyo),3392.0,3418.0,3333.0,3384.0,27222600.0
2026-04-09,7203.T,Toyota (Tokyo),3398.0,3399.0,3318.0,3331.0,20191400.0
2026-04-10,7203.T,Toyota (Tokyo),3345.0,3363.0,3295.0,3319.0,16930900.0
2026-04-13,7203.T,Toyota (Tokyo),3295.0,3337.0,3280.0,3319.0,14353200.0
2026-04-14,7203.T,Toyota (Tokyo),3355.0,3355.0,3288.0,3326.0,15920200.0
2026-04-15,7203.T,Toyota (Tokyo),3355.0,3386.0,3344.0,3381.0,20317000.0
2026-04-16,7203.T,Toyota (Tokyo),3416.0,3468.0,3392.0,3392.0,20154600.0
2026-04-17,7203.T,Toyota (Tokyo),3400.0,3400.0,3343.0,3343.0,14251500.0
2026-04-20,7203.T,Toyota (Tokyo),3413.0,3413.0,3380.0,3390.0,14589600.0
2026-04-21,7203.T,Toyota (Tokyo),3345.0,3356.0,3280.0,3280.0,19345300.0
2026-04-22,7203.T,Toyota (Tokyo),3220.0,3235.0,3191.0,3191.0,20463800.0
2026-04-23,7203.T,Toyota (Tokyo),3191.0,3205.0,3111.0,3123.0,23206300.0
2025-10-23,9984.T,SoftBank (Tokyo),5592.194899314008,5804.398723618334,5517.299431912481,5640.876953125,88625200.0
2025-10-24,9984.T,SoftBank (Tokyo),5791.916139944515,5969.168745951437,5784.426593211828,5961.67919921875,80980400.0
2025-10-27,9984.T,SoftBank (Tokyo),6116.462995681193,6358.625,6026.588437377307,6358.625,93042000.0
2025-10-28,9984.T,SoftBank (Tokyo),6291.219161575218,6612.021408504748,6242.53710853922,6563.33935546875,96806000.0
2025-10-29,9984.T,SoftBank (Tokyo),6740.591697127265,6914.099520442208,6648.220625722188,6819.23193359375,95488400.0
2025-10-30,9984.T,SoftBank (Tokyo),6696.903004693441,6788.025822837452,6492.1887283151145,6565.8359375,109411600.0
2025-10-31,9984.T,SoftBank (Tokyo),6730.605922663033,6834.211317985925,6588.304536315929,6756.8193359375,73072800.0
2025-11-04,9984.T,SoftBank (Tokyo),6830.46631247516,6832.962827940245,6266.253817365735,6281.23291015625,91194400.0
2025-11-05,9984.T,SoftBank (Tokyo),5717.020733836683,5795.660975371991,5377.494611652495,5652.111328125,136537600.0
2025-11-06,9984.T,SoftBank (Tokyo),5901.762878051233,5941.707127648873,5517.299475673954,5816.88134765625,85280400.0
2025-11-07,9984.T,SoftBank (Tokyo),5442.403630832373,5514.802578215005,5230.19981953845,5417.4384765625,88702400.0
2025-11-10,9984.T,SoftBank (Tokyo),5542.264282253987,5598.435879709265,5381.239036215527,5555.9951171875,62409600.0
2025-11-11,9984.T,SoftBank (Tokyo),5680.8208895303205,5864.314774557997,5553.498601960096,5665.841796875,71382400.0
2025-11-12,9984.T,SoftBank (Tokyo),5317.578269857514,5592.19498801917,5096.636637518363,5469.86572265625,108068800.0
2025-11-13,9984.T,SoftBank (Tokyo),5313.833464610335,5372.501581320855,5127.843052059961,5285.12353515625,73872800.0
2025-11-14,9984.T,SoftBank (Tokyo),4819.523417874945,5177.773410345836,4810.785613180533,4938.10791015625,126774800.0
2025-11-17,9984.T,SoftBank (Tokyo),4940.604243245683,5162.7941258373285,4903.15651022462,5077.91259765625,65636400.0
2025-11-18,9984.T,SoftBank (Tokyo),4955.583490904789,5008.010318768265,4693.449351587406,4698.4423828125,77977200.0
2025-11-19,9984.T,SoftBank (Tokyo),4699.6904296875,4879.439545723357,4636.029284424801,4699.6904296875,80920800.0
2025-11-20,9984.T,SoftBank (Tokyo),5124.098240889151,5127.843014268607,4773.337801013426,4788.31689453125,89803200.0
2025-11-21,9984.T,SoftBank (Tokyo),4388.874179436074,4450.03880821661,4249.069313651989,4266.544921875,88220000.0
2025-11-25,9984.T,SoftBank (Tokyo),4267.793354631787,4281.524190227268,3789.7106243527655,3842.137451171875,146454000.0
2025-11-26,9984.T,SoftBank (Tokyo),3904.550266542705,4147.9605293227005,3879.585111385782,4059.334228515625,112871200.0
2025-11-27,9984.T,SoftBank (Tokyo),4179.1671678991615,4313.979012024941,4139.222917787819,4204.13232421875,105060400.0
2025-11-28,9984.T,SoftBank (Tokyo),4244.07622701523,4274.034412147103,4152.953413905786,4200.38720703125,60610400.0
2025-12-01,9984.T,SoftBank (Tokyo),4200.387229031222,4214.118063955247,4019.389859578168,4127.98828125,68112000.0
2025-12-02,9984.T,SoftBank (Tokyo),4162.939603083743,4172.925665100136,3895.812444145237,3912.039794921875,72971600.0
2025-12-03,9984.T,SoftBank (Tokyo),3958.2253896876873,4254.062481253749,3946.991069754799,4161.69140625,101933200.0
2025-12-04,9984.T,SoftBank (Tokyo),4261.551952051855,4586.098966560783,4220.359446364183,4543.658203125,146356000.0
2025-12-05,9984.T,SoftBank (Tokyo),4543.658334278584,4814.5302734375,4517.444920811593,4814.5302734375,152021200.0
2025-12-08,9984.T,SoftBank (Tokyo),4914.390599741817,4928.121434539165,4588.595337732009,4657.24951171875,97286000.0
2025-12-09,9984.T,SoftBank (Tokyo),4709.676569772274,4758.358622839096,4596.085112616356,4693.44921875,73731600.0
2025-12-10,9984.T,SoftBank (Tokyo),4767.096474012761,4813.282011990889,4561.133939785973,4658.498046875,86340000.0
2025-12-11,9984.T,SoftBank (Tokyo),4396.363895818215,4461.273300299347,4266.545086855951,4300.248046875,88914400.0
2025-12-12,9984.T,SoftBank (Tokyo),4458.7768438722405,4594.836943531276,4225.352636200318,4467.5146484375,148538400.0
2025-12-15,9984.T,SoftBank (Tokyo),4244.076507260101,4270.289920981413,4127.988532208575,4201.6357421875,75534000.0
2025-12-16,9984.T,SoftBank (Tokyo),4119.250753972377,4185.408417596782,4014.3970984167167,4129.23681640625,88654800.0
2025-12-17,9984.T,SoftBank (Tokyo),4110.512673309972,4222.8558681468685,4041.858498687425,4182.91162109375,81094000.0
2025-12-18,9984.T,SoftBank (Tokyo),3945.7428495942345,4179.167054869185,3879.585187136628,4025.63134765625,112571600.0
2025-12-19,9984.T,SoftBank (Tokyo),4125.491723326121,4315.2268948678975,4085.547476685747,4272.7861328125,109464800.0
2025-12-22,9984.T,SoftBank (Tokyo),4614.809023377202,4638.525921252281,4418.832551462076,4447.54248046875,90560000.0
2025-12-23,9984.T,SoftBank (Tokyo),4493.727974344517,4516.196614216239,4396.363868233719,4427.5703125,49977600.0
2025-12-24,9984.T,SoftBank (Tokyo),4366.405750156027,4397.612194911288,4320.220211918242,4375.1435546875,45988800.0
2025-12-25,9984.T,SoftBank (Tokyo),4368.901999705105,4431.314885415177,4318.971691137046,4365.1572265625,34747200.0
2025-12-26,9984.T,SoftBank (Tokyo),4396.364054270541,4493.7281645014045,4378.888444741924,4443.7978515625,50328800.0
2025-12-29,9984.T,SoftBank (Tokyo),4468.762960954919,4537.666792084727,4325.962267454013,4478.7490234375,52884600.0
2025-12-30,9984.T,SoftBank (Tokyo),4397.861612215909,4493.727805397728,4325.961967329546,4393.8671875,48660800.0
2026-01-05,9984.T,SoftBank (Tokyo),4513.700276780877,4702.436859150697,4504.712820477553,4608.56787109375,58293600.0
2026-01-06,9984.T,SoftBank (Tokyo),4683.463270571758,4728.400551419461,4524.684878243206,4712.4228515625,53943700.0
2026-01-07,9984.T,SoftBank (Tokyo),4623.546705838303,4708.428232835335,4580.606639239805,4646.5146484375,43483900.0
2026-01-08,9984.T,SoftBank (Tokyo),4593.58870821221,4599.580345657704,4294.0068359375,4294.0068359375,56546700.0
2026-01-09,9984.T,SoftBank (Tokyo),4294.006533782695,4331.953568267286,4199.138947571216,4257.05810546875,46487100.0
2026-01-13,9984.T,SoftBank (Tokyo),4493.727886250563,4564.628926233627,4375.892355011103,4440.8017578125,62883200.0
2026-01-14,9984.T,SoftBank (Tokyo),4436.807364280502,4437.805970484482,4174.173932633918,4255.06103515625,55614200.0
2026-01-15,9984.T,SoftBank (Tokyo),4144.215774630299,4171.178142320665,4008.405329967716,4045.353759765625,51883200.0
2026-01-16,9984.T,SoftBank (Tokyo),4074.3133231374686,4127.23945208999,4004.410888671875,4004.410888671875,35301000.0
2026-01-19,9984.T,SoftBank (Tokyo),3904.5503036368737,3993.426256839861,3865.604661222081,3976.449951171875,32598800.0
2026-01-20,9984.T,SoftBank (Tokyo),4016.394232651624,4023.384476219144,3835.646506120062,3845.632568359375,44155500.0
2026-01-21,9984.T,SoftBank (Tokyo),3729.794249621976,3929.5154945816535,3724.801218497984,3869.59912109375,42997200.0
2026-01-22,9984.T,SoftBank (Tokyo),4004.4107365426303,4387.875505328758,3890.5696333092487,4318.9716796875,111917900.0
2026-01-23,9984.T,SoftBank (Tokyo),4318.971885784687,4320.969098217419,4104.27154926591,4268.04296875,68150900.0
2026-01-26,9984.T,SoftBank (Tokyo),4128.238056748732,4147.211574667993,3989.4317940762417,4059.334228515625,53816300.0
2026-01-27,9984.T,SoftBank (Tokyo),4105.270132410882,4120.249225572196,4037.364910079591,4045.353759765625,30045500.0
2026-01-28,9984.T,SoftBank (Tokyo),4045.35360535438,4401.856008985956,4005.4093584488814,4195.14453125,86639900.0
2026-01-29,9984.T,SoftBank (Tokyo),4174.1741326568,4348.93022672736,4043.3567136668375,4259.0556640625,65280700.0
2026-01-30,9984.T,SoftBank (Tokyo),4370.89943725385,4488.73497154582,4205.130804266841,4247.072265625,67222700.0
2026-02-02,9984.T,SoftBank (Tokyo),4117.253320670652,4264.048430575718,4062.3299802299816,4084.29931640625,51854000.0
2026-02-03,9984.T,SoftBank (Tokyo),4214.118336664244,4310.983142033067,4160.193599654796,4294.0068359375,39106600.0
2026-02-04,9984.T,SoftBank (Tokyo),4214.118110905188,4332.952247207964,4153.203133472673,4201.13623046875,41075700.0
2026-02-05,9984.T,SoftBank (Tokyo),3991.42888830142,4037.364772429983,3889.571058277216,3906.54736328125,50584100.0
2026-02-06,9984.T,SoftBank (Tokyo),3867.601885945119,4027.3788809751263,3784.717569773303,3993.42626953125,50504700.0
2026-02-09,9984.T,SoftBank (Tokyo),4333.951152118619,4339.94278965611,4217.114220137541,4245.0751953125,59539600.0
2026-02-10,9984.T,SoftBank (Tokyo),4498.72113380878,4752.367120043504,4461.772702743092,4698.4423828125,80120100.0
2026-02-12,9984.T,SoftBank (Tokyo),4748.372547544828,4947.095184129775,4708.42829898504,4810.2861328125,72447700.0
2026-02-13,9984.T,SoftBank (Tokyo),4740.38377160005,4879.190037505339,4375.892497819975,4383.88134765625,75769800.0
2026-02-16,9984.T,SoftBank (Tokyo),4402.854693207724,4727.401705068126,4371.897901307194,4681.4658203125,61481900.0
2026-02-17,9984.T,SoftBank (Tokyo),4693.448975542256,4695.446187872275,4366.904759584317,4442.798828125,46194900.0
2026-02-18,9984.T,SoftBank (Tokyo),4463.769500774749,4467.763925383943,4310.982759473062,4319.97021484375,29825000.0
2026-02-19,9984.T,SoftBank (Tokyo),4349.928602723818,4548.651236319327,4285.01919979061,4433.8115234375,53224200.0
2026-02-20,9984.T,SoftBank (Tokyo),4382.882681547232,4399.858987217385,4251.066661049571,4322.96630859375,29922000.0
2026-02-24,9984.T,SoftBank (Tokyo),4144.215750694275,4168.182299613953,4068.321679115296,4090.291015625,33697200.0
2026-02-25,9984.T,SoftBank (Tokyo),4194.14610410345,4224.104290561331,4031.373291015625,4031.373291015625,39083100.0
2026-02-26,9984.T,SoftBank (Tokyo),4137.225583494931,4263.049967641771,4116.254852803791,4192.14892578125,34697500.0
2026-02-27,9984.T,SoftBank (Tokyo),4074.31332538518,4108.265936430056,4024.383015025067,4083.30078125,41898300.0
2026-03-02,9984.T,SoftBank (Tokyo),4004.410773299439,4097.281147842294,3956.477676761192,4040.360595703125,33867000.0
2026-03-03,9984.T,SoftBank (Tokyo),4100.277144376644,4156.199092765609,3969.459729395314,3986.43603515625,37236900.0
2026-03-04,9984.T,SoftBank (Tokyo),3889.5712957160895,3911.5406329447815,3599.975486792427,3700.834716796875,59831100.0
2026-03-05,9984.T,SoftBank (Tokyo),3894.564080090256,4031.3731259806063,3810.681161442159,3858.6142578125,45759900.0
2026-03-06,9984.T,SoftBank (Tokyo),3791.7078719369865,3947.490444500108,3774.731565952544,3920.528076171875,37036500.0
2026-03-09,9984.T,SoftBank (Tokyo),3529.0742099248096,3592.9850048979806,3431.2108051221408,3536.064453125,58861800.0
2026-03-10,9984.T,SoftBank (Tokyo),3605.967013791794,3681.86108553042,3526.07851722482,3626.937744140625,47676800.0
2026-03-11,9984.T,SoftBank (Tokyo),3789.7104362205214,3984.438640453197,3781.7215868161047,3882.580810546875,52919900.0
2026-03-12,9984.T,SoftBank (Tokyo),3777.727340844805,3830.6534706530974,3669.8778687826216,3742.776123046875,40285000.0
2026-03-13,9984.T,SoftBank (Tokyo),3535.0659043219853,3610.959974584265,3524.081236257708,3573.012939453125,41911500.0
2026-03-16,9984.T,SoftBank (Tokyo),3565.0240852945763,3682.859615284705,3539.0603244492936,3603.9697265625,34790800.0
2026-03-17,9984.T,SoftBank (Tokyo),3659.8916505421794,3660.890256722409,3533.068665652996,3539.060302734375,34192500.0
2026-03-18,9984.T,SoftBank (Tokyo),3663.886092382813,3774.73137890625,3651.9028181640624,3744.773193359375,35075000.0
2026-03-19,9984.T,SoftBank (Tokyo),3617.950172874618,3641.916721080246,3534.06725415492,3553.040771484375,35935700.0
2026-03-23,9984.T,SoftBank (Tokyo),3428.215199274999,3548.0479472834463,3360.3099754035456,3502.112060546875,43467400.0
2026-03-24,9984.T,SoftBank (Tokyo),3591.9864483971096,3614.9543906581976,3442.1955206074053,3525.079833984375,35242200.0
2026-03-25,9984.T,SoftBank (Tokyo),3630.9320498121215,3854.619832858854,3629.933443637807,3803.69091796875,56598700.0
2026-03-26,9984.T,SoftBank (Tokyo),3994.4247530743055,4082.302097641941,3775.729997843488,3816.6728515625,70316200.0
2026-03-27,9984.T,SoftBank (Tokyo),3796.7007095793206,4004.410795742524,3762.748099341105,3940.5,66029500.0
2026-03-30,9984.T,SoftBank (Tokyo),3700.0,3718.0,3562.0,3692.0,65675000.0
2026-03-31,9984.T,SoftBank (Tokyo),3500.0,3683.0,3482.0,3555.0,47857500.0
2026-04-01,9984.T,SoftBank (Tokyo),3835.0,3840.0,3705.0,3764.0,49237100.0
2026-04-02,9984.T,SoftBank (Tokyo),3790.0,3982.0,3575.0,3604.0,68824100.0
2026-04-03,9984.T,SoftBank (Tokyo),3666.0,3676.0,3555.0,3609.0,32539500.0
2026-04-06,9984.T,SoftBank (Tokyo),3620.0,3697.0,3615.0,3648.0,28379500.0
2026-04-07,9984.T,SoftBank (Tokyo),3663.0,3686.0,3540.0,3565.0,33623300.0
2026-04-08,9984.T,SoftBank (Tokyo),3775.0,3854.0,3721.0,3822.0,51785400.0
2026-04-09,9984.T,SoftBank (Tokyo),3822.0,3823.0,3640.0,3775.0,45064100.0
2026-04-10,9984.T,SoftBank (Tokyo),3779.0,3820.0,3711.0,3778.0,46679400.0
2026-04-13,9984.T,SoftBank (Tokyo),3700.0,3767.0,3648.0,3764.0,29819900.0
2026-04-14,9984.T,SoftBank (Tokyo),3904.0,4263.0,3903.0,4242.0,93692500.0
2026-04-15,9984.T,SoftBank (Tokyo),4405.0,4525.0,4346.0,4444.0,91516800.0
2026-04-16,9984.T,SoftBank (Tokyo),4542.0,4772.0,4437.0,4672.0,95147700.0
2026-04-17,9984.T,SoftBank (Tokyo),4640.0,4689.0,4493.0,4527.0,47876600.0
2026-04-20,9984.T,SoftBank (Tokyo),4575.0,4818.0,4556.0,4774.0,60475300.0
2026-04-21,9984.T,SoftBank (Tokyo),4945.0,5187.0,4892.0,5181.0,96285800.0
2026-04-22,9984.T,SoftBank (Tokyo),5130.0,5727.0,5114.0,5620.0,154144000.0
2026-04-23,9984.T,SoftBank (Tokyo),6097.0,6160.0,5664.0,5837.0,136536800.0
2025-10-23,AAPL,Apple (NASDAQ),259.4454820834593,260.12418111371363,257.51916110368444,259.0861511230469,32754900.0
2025-10-24,AAPL,Apple (NASDAQ),260.69313376057823,263.62754335723145,258.68694768993146,262.3200378417969,38253700.0
2025-10-27,AAPL,Apple (NASDAQ),264.37609822840903,268.60802232244004,264.1465248140549,268.2986145019531,44888200.0
2025-10-28,AAPL,Apple (NASDAQ),268.4782600095115,269.3765722048576,267.63986169210665,268.4882507324219,41534800.0
2025-10-29,AAPL,Apple (NASDAQ),268.76770579477784,270.8936584399069,266.6018207191691,269.1869201660156,51086700.0
2025-10-30,AAPL,Apple (NASDAQ),271.4725408872279,273.6184749716116,267.969239224885,270.8836669921875,69886500.0
2025-10-31,AAPL,Apple (NASDAQ),276.4630533049319,276.79244258078194,268.647962249571,269.85565185546875,86167100.0
2025-11-03,AAPL,Apple (NASDAQ),269.90556627002525,270.33474092754267,265.74348587775046,268.53814697265625,50194600.0
2025-11-04,AAPL,Apple (NASDAQ),267.8195068636227,270.9734988318123,267.11086611942017,269.5262756347656,49274800.0
2025-11-05,AAPL,Apple (NASDAQ),268.0989800730272,271.18312844251227,266.4221834255846,269.6260986328125,43683100.0
2025-11-06,AAPL,Apple (NASDAQ),267.38037702601645,272.8798740142925,267.38037702601645,269.2567749023437,51204000.0
2025-11-07,AAPL,Apple (NASDAQ),269.28671541495146,271.7719991063764,266.26248096015127,267.9592590332031,48227400.0
2025-11-10,AAPL,Apple (NASDAQ),268.7085692371889,273.4741297822401,267.2099714283653,269.1781311035156,41312400.0
2025-11-11,AAPL,Apple (NASDAQ),269.55775905965567,275.65206242273547,269.5477586519058,274.99267578125,46208300.0
2025-11-12,AAPL,Apple (NASDAQ),274.74292397164845,275.4722525277038,271.4460210796085,273.21435546875,48398000.0
2025-11-13,AAPL,Apple (NASDAQ),273.85374352181776,276.4413491841305,271.83564282199285,272.6948547363281,49602800.0
2025-11-14,AAPL,Apple (NASDAQ),270.7965900477885,275.702003472256,269.3479639093673,272.15533447265625,47431300.0
2025-11-17,AAPL,Apple (NASDAQ),268.5687054184609,270.2371271729127,265.48159771217263,267.2099609375,45018300.0
2025-11-18,AAPL,Apple (NASDAQ),269.7376065335732,270.4569347049811,265.0719890725528,267.19000244140625,45677300.0
2025-11-19,AAPL,Apple (NASDAQ),265.2817633125939,271.9555110777923,265.2517925781922,268.3089294433594,40424500.0
2025-11-20,AAPL,Apple (NASDAQ),270.5768036466949,275.17250947675234,265.67142054546326,266.0010986328125,45823600.0
2025-11-21,AAPL,Apple (NASDAQ),265.70137680880595,273.0744516711978,265.4216397990326,271.2361755371094,59030800.0
2025-11-24,AAPL,Apple (NASDAQ),270.64675212306133,276.7410558404627,270.64675212306133,275.6620788574219,65585800.0
2025-11-25,AAPL,Apple (NASDAQ),275.012667049666,280.1179060838009,274.9926967216935,276.7110900878906,46914200.0
2025-11-26,AAPL,Apple (NASDAQ),276.70108254872224,279.26868736786383,276.3714044558947,277.29052734375,33431400.0
2025-11-28,AAPL,Apple (NASDAQ),277.0008150112318,278.73917862681736,275.73198274965245,278.5893249511719,20135600.0
2025-12-01,AAPL,Apple (NASDAQ),277.75011957449965,283.1550658399818,275.88187257202503,282.8353576660156,46587700.0
2025-12-02,AAPL,Apple (NASDAQ),282.7354345985028,287.1313151163589,282.36578537497866,285.9224548339844,53669500.0
2025-12-03,AAPL,Apple (NASDAQ),285.9324708384744,288.35019153510143,283.0351573834178,283.8843688964844,43538700.0
2025-12-04,AAPL,Apple (NASDAQ),283.83440686502166,284.46382276925783,278.32954829392816,280.4375915527344,43989100.0
2025-12-05,AAPL,Apple (NASDAQ),280.27774306596746,280.8771882481053,277.79005013345267,278.5193786621094,47265800.0
2025-12-08,AAPL,Apple (NASDAQ),277.8699843761556,279.4085531850005,275.8918244790692,277.6302185058594,38211800.0
2025-12-09,AAPL,Apple (NASDAQ),277.8999627322321,279.7682096639769,276.6611317163261,276.9208679199219,32193300.0
2025-12-10,AAPL,Apple (NASDAQ),277.490342786908,279.48847306800184,276.1815698919154,278.5193786621094,33038300.0
2025-12-11,AAPL,Apple (NASDAQ),278.83908758708685,279.3286197507982,273.5540244422053,277.77008056640625,33248000.0
2025-12-12,AAPL,Apple (NASDAQ),277.64021728323,278.9589906850317,276.5612402656973,278.0198669433594,39532900.0
2025-12-15,AAPL,Apple (NASDAQ),279.8880911943856,279.8880911943856,272.5849275039148,273.8537292480469,50409100.0
2025-12-16,AAPL,Apple (NASDAQ),272.5649667835892,275.2424541197232,271.53593087885605,274.353271484375,37648600.0
2025-12-17,AAPL,Apple (NASDAQ),274.75292651919426,275.90184538512057,271.38608172110213,271.5858764648437,50138700.0
2025-12-18,AAPL,Apple (NASDAQ),273.35420232069225,273.374203136776,266.7004552212896,271.935546875,51630700.0
2025-12-19,AAPL,Apple (NASDAQ),271.8955859651445,274.34330788170604,269.64768928264715,273.4141845703125,144632000.0
2025-12-22,AAPL,Apple (NASDAQ),272.6048920133635,273.62395794129594,270.25711338978425,270.7166748046875,36571800.0
2025-12-23,AAPL,Apple (NASDAQ),270.5868091030317,272.2452609569047,269.30800689497966,272.1053771972656,29642000.0
2025-12-24,AAPL,Apple (NASDAQ),272.085389177814,275.17249671786806,271.9455359163183,273.55401611328125,17910600.0
2025-12-26,AAPL,Apple (NASDAQ),273.9037084592662,275.1125687682936,272.6049054553,273.1444091796875,21521800.0
2025-12-29,AAPL,Apple (NASDAQ),272.4350823114352,274.10350406329195,272.0954038139857,273.50408935546875,23715200.0
2025-12-30,AAPL,Apple (NASDAQ),272.5549704076282,273.82377221524894,272.0254670796708,272.82470703125,22139600.0
2025-12-31,AAPL,Apple (NASDAQ),272.80472532736104,273.42414083736213,271.4959524300237,271.6058349609375,27293600.0
2026-01-02,AAPL,Apple (NASDAQ),272.0054842546519,277.5802543100492,268.7485221479618,270.75665283203125,37838100.0
2026-01-05,AAPL,Apple (NASDAQ),270.38700744645297,271.25618925068443,265.89121426121545,267.0101623535156,45647200.0
2026-01-06,AAPL,Apple (NASDAQ),266.7503924619391,267.2998660934885,261.8749496989937,262.1147155761719,52352100.0
2026-01-07,AAPL,Apple (NASDAQ),262.95395138764474,263.4334831315393,259.5671060011504,260.08660888671875,48309800.0
2026-01-08,AAPL,Apple (NASDAQ),256.7797203952787,259.0476178563403,255.4609622909548,258.7978515625,50419300.0
2026-01-09,AAPL,Apple (NASDAQ),258.8377955175017,259.9667440583015,255.98048371428257,259.1275329589844,39997000.0
2026-01-12,AAPL,Apple (NASDAQ),258.9177364764393,261.05572011368304,256.5599267903311,260.0067138671875,45263800.0
2026-01-13,AAPL,Apple (NASDAQ),258.4781303943212,261.56523797230057,258.148452318208,260.8059387207031,45730800.0
2026-01-14,AAPL,Apple (NASDAQ),259.247418118488,261.57525710051715,256.4700180914029,259.71697998046875,40019400.0
2026-01-15,AAPL,Apple (NASDAQ),260.40631875644857,260.7959687899761,256.8096782083212,257.9685974121094,39388600.0
2026-01-16,AAPL,Apple (NASDAQ),257.6589020182799,258.6579671912775,254.69167723491492,255.29112243652344,72142800.0
2026-01-20,AAPL,Apple (NASDAQ),252.49373739571587,254.55180921698133,243.1924430560896,246.4693756103516,80267500.0
2026-01-21,AAPL,Apple (NASDAQ),248.4675090444481,251.3248360900433,244.9507953165175,247.41848754882807,54641700.0
2026-01-22,AAPL,Apple (NASDAQ),248.96703988447877,250.76536025794263,247.9180183962477,248.1178436279297,39708300.0
2026-01-23,AAPL,Apple (NASDAQ),247.0888078223564,249.176850391454,244.45126111041236,247.80812072753903,41689000.0
2026-01-26,AAPL,Apple (NASDAQ),251.24490015634893,256.32015295784896,249.5664780183616,255.17123413085935,55969200.0
2026-01-27,AAPL,Apple (NASDAQ),258.92771692213245,261.7051166970889,257.96859246831417,258.0285339355469,49648300.0
2026-01-28,AAPL,Apple (NASDAQ),257.409147241713,258.61800761819165,254.2720830679268,256.2002868652344,41288000.0
2026-01-29,AAPL,Apple (NASDAQ),257.75880668092503,259.4072580677027,254.17216647920577,258.0385437011719,67253000.0
2026-01-30,AAPL,Apple (NASDAQ),254.9314433110553,261.6551472598355,251.94423313215475,259.2374267578125,92443400.0
2026-02-02,AAPL,Apple (NASDAQ),259.7869174093499,270.2371306501278,258.9676766447768,269.7575988769531,73913400.0
2026-02-03,AAPL,Apple (NASDAQ),268.9483513556569,271.6258386480508,267.3598109321867,269.22808837890625,64394700.0
2026-02-04,AAPL,Apple (NASDAQ),272.03545112075,278.68922850453845,272.03545112075,276.23150634765625,90545700.0
2026-02-05,AAPL,Apple (NASDAQ),277.86999494352693,279.2387093202658,272.97458180817284,275.6520690917969,52977400.0
2026-02-06,AAPL,Apple (NASDAQ),276.8609202349588,280.6473855638201,276.6710954236804,277.8599853515625,50453400.0
2026-02-09,AAPL,Apple (NASDAQ),277.9100036621094,278.20001220703125,271.70001220703125,274.6199951171875,44623400.0
2026-02-10,AAPL,Apple (NASDAQ),274.8900146484375,275.3699951171875,272.94000244140625,273.67999267578125,34376900.0
2026-02-11,AAPL,Apple (NASDAQ),274.70001220703125,280.17999267578125,274.45001220703125,275.5,51931300.0
2026-02-12,AAPL,Apple (NASDAQ),275.5899963378906,275.7200012207031,260.17999267578125,261.7300109863281,81077200.0
2026-02-13,AAPL,Apple (NASDAQ),262.010009765625,262.2300109863281,255.4499969482422,255.77999877929688,56290700.0
2026-02-17,AAPL,Apple (NASDAQ),258.04998779296875,266.2900085449219,255.5399932861328,263.8800048828125,58469100.0
2026-02-18,AAPL,Apple (NASDAQ),263.6000061035156,266.82000732421875,262.45001220703125,264.3500061035156,34203300.0
2026-02-19,AAPL,Apple (NASDAQ),262.6000061035156,264.4800109863281,260.04998779296875,260.5799865722656,30845300.0
2026-02-20,AAPL,Apple (NASDAQ),258.9700012207031,264.75,258.1600036621094,264.5799865722656,42070500.0
2026-02-23,AAPL,Apple (NASDAQ),263.489990234375,269.42999267578125,263.3800048828125,266.17999267578125,37308200.0
2026-02-24,AAPL,Apple (NASDAQ),267.8599853515625,274.8900146484375,267.7099914550781,272.1400146484375,47014600.0
2026-02-25,AAPL,Apple (NASDAQ),271.7799987792969,274.94000244140625,271.04998779296875,274.2300109863281,33714300.0
2026-02-26,AAPL,Apple (NASDAQ),274.95001220703125,276.1099853515625,270.79998779296875,272.95001220703125,32345100.0
2026-02-27,AAPL,Apple (NASDAQ),272.8099975585937,272.8099975585937,262.8900146484375,264.17999267578125,72366500.0
2026-03-02,AAPL,Apple (NASDAQ),262.4100036621094,266.5299987792969,260.20001220703125,264.7200012207031,41827900.0
2026-03-03,AAPL,Apple (NASDAQ),263.4800109863281,265.5599975585937,260.1300048828125,263.75,38568900.0
2026-03-04,AAPL,Apple (NASDAQ),264.6499938964844,266.1499938964844,261.4200134277344,262.5199890136719,39803100.0
2026-03-05,AAPL,Apple (NASDAQ),260.7900085449219,261.5599975585937,257.25,260.2900085449219,49658600.0
2026-03-06,AAPL,Apple (NASDAQ),258.6300048828125,258.7699890136719,254.3699951171875,257.4599914550781,41120000.0
2026-03-09,AAPL,Apple (NASDAQ),255.69000244140625,261.1499938964844,253.67999267578125,259.8800048828125,38218500.0
2026-03-10,AAPL,Apple (NASDAQ),257.6499938964844,262.4800109863281,256.95001220703125,260.8299865722656,30590800.0
2026-03-11,AAPL,Apple (NASDAQ),261.0899963378906,262.1300048828125,259.54998779296875,260.8099975585937,26218900.0
2026-03-12,AAPL,Apple (NASDAQ),258.6600036621094,258.95001220703125,254.17999267578125,255.75999450683597,40794000.0
2026-03-13,AAPL,Apple (NASDAQ),255.47999572753903,256.3299865722656,249.5200042724609,250.1199951171875,36930000.0
2026-03-16,AAPL,Apple (NASDAQ),252.1100006103516,253.88999938964844,249.8800048828125,252.82000732421875,32074200.0
2026-03-17,AAPL,Apple (NASDAQ),252.9600067138672,255.1300048828125,252.17999267578125,254.22999572753903,32361600.0
2026-03-18,AAPL,Apple (NASDAQ),252.6300048828125,254.94000244140625,249.0,249.94000244140625,35757900.0
2026-03-19,AAPL,Apple (NASDAQ),249.3999938964844,251.8300018310547,247.3000030517578,248.9600067138672,34864100.0
2026-03-20,AAPL,Apple (NASDAQ),247.97999572753903,249.1999969482422,246.0,247.9900054931641,88331100.0
2026-03-23,AAPL,Apple (NASDAQ),253.97000122070312,254.6000061035156,250.27999877929688,251.4900054931641,40546100.0
2026-03-24,AAPL,Apple (NASDAQ),250.3500061035156,254.8300018310547,249.5500030517578,251.63999938964844,45152300.0
2026-03-25,AAPL,Apple (NASDAQ),254.1000061035156,255.0,251.6000061035156,252.6199951171875,28476700.0
2026-03-26,AAPL,Apple (NASDAQ),252.1199951171875,257.0,250.7700042724609,252.88999938964844,41796700.0
2026-03-27,AAPL,Apple (NASDAQ),253.8999938964844,255.4900054931641,248.07000732421875,248.8000030517578,47900000.0
2026-03-30,AAPL,Apple (NASDAQ),250.07000732421875,250.8699951171875,245.50999450683597,246.6300048828125,39446200.0
2026-03-31,AAPL,Apple (NASDAQ),247.91000366210935,255.47999572753903,247.1000061035156,253.7899932861328,49598100.0
2026-04-01,AAPL,Apple (NASDAQ),254.0800018310547,256.17999267578125,253.3300018310547,255.6300048828125,40059400.0
2026-04-02,AAPL,Apple (NASDAQ),254.1999969482422,256.1300048828125,250.6499938964844,255.9199981689453,31289400.0
2026-04-06,AAPL,Apple (NASDAQ),256.510009765625,262.1600036621094,256.4599914550781,258.8599853515625,29329900.0
2026-04-07,AAPL,Apple (NASDAQ),256.1600036621094,256.20001220703125,245.6999969482422,253.5,62148000.0
2026-04-08,AAPL,Apple (NASDAQ),258.45001220703125,259.75,256.5299987792969,258.8999938964844,41032800.0
2026-04-09,AAPL,Apple (NASDAQ),259.0,261.1199951171875,256.07000732421875,260.489990234375,28121600.0
2026-04-10,AAPL,Apple (NASDAQ),259.9800109863281,262.19000244140625,259.0199890136719,260.4800109863281,31291500.0
2026-04-13,AAPL,Apple (NASDAQ),259.7300109863281,260.17999267578125,256.6600036621094,259.20001220703125,36234700.0
2026-04-14,AAPL,Apple (NASDAQ),259.25,261.92999267578125,257.19000244140625,258.8299865722656,48370700.0
2026-04-15,AAPL,Apple (NASDAQ),258.1600036621094,266.5599975585937,257.8099975585937,266.42999267578125,49913500.0
2026-04-16,AAPL,Apple (NASDAQ),266.79998779296875,267.1600036621094,261.2699890136719,263.3999938964844,43323100.0
2026-04-17,AAPL,Apple (NASDAQ),266.9599914550781,272.29998779296875,266.7200012207031,270.2300109863281,61436200.0
2026-04-20,AAPL,Apple (NASDAQ),270.3299865722656,274.2799987792969,270.2900085449219,273.04998779296875,36590200.0
2026-04-21,AAPL,Apple (NASDAQ),271.5,272.79998779296875,265.3999938964844,266.1700134277344,50209800.0
2026-04-22,AAPL,Apple (NASDAQ),267.82000732421875,273.739990234375,266.8699951171875,273.1700134277344,43195700.0
2025-10-23,AMZN,Amazon (NASDAQ),219.0,221.3000030517578,218.17999267578125,221.08999633789065,31540000.0
2025-10-24,AMZN,Amazon (NASDAQ),221.97000122070312,225.3999938964844,221.8999938964844,224.2100067138672,38685100.0
2025-10-27,AMZN,Amazon (NASDAQ),227.66000366210935,228.3999938964844,225.5399932861328,226.97000122070312,38267000.0
2025-10-28,AMZN,Amazon (NASDAQ),228.22000122070312,231.4900054931641,226.2100067138672,229.25,47100000.0
2025-10-29,AMZN,Amazon (NASDAQ),231.6699981689453,232.82000732421875,227.75999450683597,230.3000030517578,52036200.0
2025-10-30,AMZN,Amazon (NASDAQ),227.05999755859372,228.44000244140625,222.75,222.8600006103516,102252900.0
2025-10-31,AMZN,Amazon (NASDAQ),250.1000061035156,250.5,243.97999572753903,244.22000122070312,166340800.0
2025-11-03,AMZN,Amazon (NASDAQ),255.3600006103516,258.6000061035156,252.8999938964844,254.0,95997800.0
2025-11-04,AMZN,Amazon (NASDAQ),250.3800048828125,257.010009765625,248.66000366210935,249.32000732421875,51546300.0
2025-11-05,AMZN,Amazon (NASDAQ),249.02999877929688,251.0,246.16000366210935,250.1999969482422,40610700.0
2025-11-06,AMZN,Amazon (NASDAQ),249.16000366210935,250.3800048828125,242.1699981689453,243.0399932861328,46004200.0
2025-11-07,AMZN,Amazon (NASDAQ),242.8999938964844,244.8999938964844,238.4900054931641,244.41000366210935,46374300.0
2025-11-10,AMZN,Amazon (NASDAQ),248.33999633789065,251.75,245.58999633789065,248.3999938964844,36476500.0
2025-11-11,AMZN,Amazon (NASDAQ),248.41000366210935,249.75,247.22999572753903,249.1000061035156,23564100.0
2025-11-12,AMZN,Amazon (NASDAQ),250.2400054931641,250.3699951171875,243.75,244.1999969482422,31190100.0
2025-11-13,AMZN,Amazon (NASDAQ),243.0500030517578,243.75,236.5,237.5800018310547,41401700.0
2025-11-14,AMZN,Amazon (NASDAQ),235.05999755859372,238.72999572753903,232.88999938964844,234.69000244140625,38956700.0
2025-11-17,AMZN,Amazon (NASDAQ),233.25,234.6000061035156,229.19000244140625,232.8699951171875,59919000.0
2025-11-18,AMZN,Amazon (NASDAQ),228.1000061035156,230.1999969482422,222.4199981689453,222.5500030517578,60608400.0
2025-11-19,AMZN,Amazon (NASDAQ),223.7400054931641,223.7400054931641,218.5200042724609,222.69000244140625,58335600.0
2025-11-20,AMZN,Amazon (NASDAQ),227.0500030517578,227.41000366210935,216.7400054931641,217.13999938964844,50309000.0
2025-11-21,AMZN,Amazon (NASDAQ),216.3500061035156,222.2100067138672,215.17999267578125,220.69000244140625,68490500.0
2025-11-24,AMZN,Amazon (NASDAQ),222.55999755859372,227.3300018310547,222.2700042724609,226.27999877929688,54318400.0
2025-11-25,AMZN,Amazon (NASDAQ),226.3800048828125,230.5200042724609,223.8000030517578,229.6699981689453,39379300.0
2025-11-26,AMZN,Amazon (NASDAQ),230.7400054931641,231.75,228.7700042724609,229.16000366210935,38497900.0
2025-11-28,AMZN,Amazon (NASDAQ),231.2400054931641,233.2899932861328,230.22000122070312,233.22000122070312,20292300.0
2025-12-01,AMZN,Amazon (NASDAQ),233.22000122070312,235.8000030517578,232.25,233.8800048828125,42904000.0
2025-12-02,AMZN,Amazon (NASDAQ),235.00999450683597,238.97000122070312,233.5500030517578,234.4199981689453,45785400.0
2025-12-03,AMZN,Amazon (NASDAQ),233.3500061035156,233.3800048828125,230.6100006103516,232.3800048828125,35495100.0
2025-12-04,AMZN,Amazon (NASDAQ),232.7700042724609,233.5,226.8000030517578,229.1100006103516,45683200.0
2025-12-05,AMZN,Amazon (NASDAQ),230.32000732421875,231.2400054931641,228.5500030517578,229.52999877929688,33117400.0
2025-12-08,AMZN,Amazon (NASDAQ),229.58999633789065,230.8300018310547,226.2700042724609,226.88999938964844,35019200.0
2025-12-09,AMZN,Amazon (NASDAQ),226.83999633789065,228.57000732421875,225.1100006103516,227.9199981689453,25841700.0
2025-12-10,AMZN,Amazon (NASDAQ),228.80999755859372,232.4199981689453,228.4600067138672,231.77999877929688,38790700.0
2025-12-11,AMZN,Amazon (NASDAQ),230.7100067138672,232.1100006103516,228.69000244140625,230.27999877929688,28249600.0
2025-12-12,AMZN,Amazon (NASDAQ),229.8699951171875,230.0800018310547,225.1199951171875,226.19000244140625,35639100.0
2025-12-15,AMZN,Amazon (NASDAQ),227.92999267578125,227.92999267578125,221.5,222.5399932861328,47286100.0
2025-12-16,AMZN,Amazon (NASDAQ),223.0399932861328,223.66000366210935,221.1300048828125,222.55999755859372,39298900.0
2025-12-17,AMZN,Amazon (NASDAQ),224.66000366210935,225.19000244140625,220.9900054931641,221.2700042724609,44034400.0
2025-12-18,AMZN,Amazon (NASDAQ),225.7100067138672,229.22999572753903,224.41000366210935,226.75999450683597,50272400.0
2025-12-19,AMZN,Amazon (NASDAQ),226.75999450683597,229.1300048828125,225.5800018310547,227.3500061035156,85544400.0
2025-12-22,AMZN,Amazon (NASDAQ),228.6100006103516,229.47999572753903,226.7100067138672,228.42999267578125,32261300.0
2025-12-23,AMZN,Amazon (NASDAQ),229.05999755859372,232.4499969482422,228.72999572753903,232.13999938964844,29230200.0
2025-12-24,AMZN,Amazon (NASDAQ),232.1300048828125,232.9499969482422,231.3300018310547,232.3800048828125,11420500.0
2025-12-26,AMZN,Amazon (NASDAQ),232.0399932861328,232.9900054931641,231.17999267578125,232.5200042724609,15994700.0
2025-12-29,AMZN,Amazon (NASDAQ),231.94000244140625,232.6000061035156,230.7700042724609,232.07000732421875,19797900.0
2025-12-30,AMZN,Amazon (NASDAQ),231.2100067138672,232.7700042724609,230.1999969482422,232.52999877929688,21910500.0
2025-12-31,AMZN,Amazon (NASDAQ),232.91000366210935,232.9900054931641,230.1199951171875,230.82000732421875,24383700.0
2026-01-02,AMZN,Amazon (NASDAQ),231.33999633789065,235.4600067138672,224.6999969482422,226.5,51456200.0
2026-01-05,AMZN,Amazon (NASDAQ),228.83999633789065,234.0,227.17999267578125,233.05999755859372,49733300.0
2026-01-06,AMZN,Amazon (NASDAQ),232.1000061035156,243.17999267578125,232.07000732421875,240.92999267578125,53764700.0
2026-01-07,AMZN,Amazon (NASDAQ),239.6100006103516,245.2899932861328,239.5200042724609,241.55999755859372,42236500.0
2026-01-08,AMZN,Amazon (NASDAQ),243.05999755859372,246.41000366210935,241.8800048828125,246.2899932861328,39509800.0
2026-01-09,AMZN,Amazon (NASDAQ),244.57000732421875,247.8600006103516,242.2400054931641,247.3800048828125,34560000.0
2026-01-12,AMZN,Amazon (NASDAQ),246.72999572753903,248.94000244140625,245.9600067138672,246.47000122070312,35867800.0
2026-01-13,AMZN,Amazon (NASDAQ),246.52999877929688,247.66000366210935,240.25,242.6000061035156,38371800.0
2026-01-14,AMZN,Amazon (NASDAQ),241.1499938964844,241.27999877929688,236.22000122070312,236.6499938964844,41410600.0
2026-01-15,AMZN,Amazon (NASDAQ),239.30999755859372,240.6499938964844,236.6300048828125,238.17999267578125,43003600.0
2026-01-16,AMZN,Amazon (NASDAQ),239.08999633789065,239.57000732421875,236.41000366210935,239.1199951171875,45888300.0
2026-01-20,AMZN,Amazon (NASDAQ),233.75999450683597,235.08999633789065,229.33999633789065,231.0,47737900.0
2026-01-21,AMZN,Amazon (NASDAQ),231.08999633789065,232.3000030517578,226.8800048828125,231.30999755859372,47276100.0
2026-01-22,AMZN,Amazon (NASDAQ),234.0500030517578,235.72000122070312,230.8999938964844,234.33999633789065,31913300.0
2026-01-23,AMZN,Amazon (NASDAQ),234.9600067138672,240.4499969482422,234.57000732421875,239.16000366210935,33778500.0
2026-01-26,AMZN,Amazon (NASDAQ),239.97999572753903,240.9499969482422,237.5399932861328,238.4199981689453,32825500.0
2026-01-27,AMZN,Amazon (NASDAQ),239.69000244140625,244.8800048828125,238.0800018310547,244.67999267578125,38029200.0
2026-01-28,AMZN,Amazon (NASDAQ),246.3699951171875,247.77999877929688,241.52999877929688,243.00999450683597,40882700.0
2026-01-29,AMZN,Amazon (NASDAQ),242.82000732421875,243.0,236.7400054931641,241.72999572753903,47229600.0
2026-01-30,AMZN,Amazon (NASDAQ),239.88999938964844,243.32000732421875,237.63999938964844,239.3000030517578,46585000.0
2026-02-02,AMZN,Amazon (NASDAQ),238.30999755859372,245.6300048828125,238.1699981689453,242.9600067138672,37546100.0
2026-02-03,AMZN,Amazon (NASDAQ),244.97999572753903,246.3500061035156,235.4499969482422,238.6199951171875,53831300.0
2026-02-04,AMZN,Amazon (NASDAQ),238.8600006103516,238.8600006103516,231.82000732421875,232.9900054931641,51299900.0
2026-02-05,AMZN,Amazon (NASDAQ),224.91000366210935,226.30999755859372,220.3800048828125,222.69000244140625,103509200.0
2026-02-06,AMZN,Amazon (NASDAQ),202.6999969482422,211.44000244140625,200.30999755859372,210.32000732421875,179210900.0
2026-02-09,AMZN,Amazon (NASDAQ),208.97000122070312,212.80999755859372,203.3500061035156,208.72000122070312,91178400.0
2026-02-10,AMZN,Amazon (NASDAQ),208.8000030517578,212.6499938964844,206.41000366210935,206.9600067138672,67175000.0
2026-02-11,AMZN,Amazon (NASDAQ),208.05999755859372,208.57000732421875,202.4900054931641,204.0800018310547,65545500.0
2026-02-12,AMZN,Amazon (NASDAQ),203.9600067138672,203.9600067138672,197.55999755859372,199.6000061035156,83975400.0
2026-02-13,AMZN,Amazon (NASDAQ),198.8800048828125,201.16000366210935,197.27999877929688,198.7899932861328,66321600.0
2026-02-17,AMZN,Amazon (NASDAQ),198.1300048828125,201.7400054931641,196.0,201.1499938964844,69879200.0
2026-02-18,AMZN,Amazon (NASDAQ),202.07000732421875,206.8600006103516,201.50999450683597,204.7899932861328,51003300.0
2026-02-19,AMZN,Amazon (NASDAQ),203.8000030517578,205.63999938964844,202.80999755859372,204.8600006103516,35669600.0
2026-02-20,AMZN,Amazon (NASDAQ),204.75999450683597,211.1699981689453,203.75,210.1100006103516,65881600.0
2026-02-23,AMZN,Amazon (NASDAQ),208.1000061035156,208.42999267578125,203.1100006103516,205.2700042724609,53581500.0
2026-02-24,AMZN,Amazon (NASDAQ),205.47000122070312,210.3600006103516,203.25,208.55999755859372,41137200.0
2026-02-25,AMZN,Amazon (NASDAQ),210.4600067138672,211.58999633789065,208.92999267578125,210.63999938964844,41346400.0
2026-02-26,AMZN,Amazon (NASDAQ),210.72999572753903,211.0500030517578,205.3500061035156,207.9199981689453,47756800.0
2026-02-27,AMZN,Amazon (NASDAQ),206.8300018310547,210.3300018310547,205.1999969482422,210.0,57422800.0
2026-03-02,AMZN,Amazon (NASDAQ),204.5500030517578,209.72999572753903,203.4600067138672,208.38999938964844,46001000.0
2026-03-03,AMZN,Amazon (NASDAQ),203.1000061035156,209.17999267578125,202.47999572753903,208.72999572753903,43184900.0
2026-03-04,AMZN,Amazon (NASDAQ),210.47000122070312,217.5399932861328,210.1499938964844,216.82000732421875,54731100.0
2026-03-05,AMZN,Amazon (NASDAQ),215.97999572753903,220.47000122070312,215.58999633789065,218.94000244140625,60943400.0
2026-03-06,AMZN,Amazon (NASDAQ),214.9900054931641,217.32000732421875,212.52999877929688,213.2100067138672,51152700.0
2026-03-09,AMZN,Amazon (NASDAQ),210.4499969482422,213.82000732421875,207.1100006103516,213.4900054931641,54642900.0
2026-03-10,AMZN,Amazon (NASDAQ),214.19000244140625,215.6499938964844,212.42999267578125,214.3300018310547,35678800.0
2026-03-11,AMZN,Amazon (NASDAQ),215.7100067138672,217.0,211.3500061035156,212.6499938964844,34199300.0
2026-03-12,AMZN,Amazon (NASDAQ),210.38999938964844,211.7100067138672,208.1499938964844,209.52999877929688,44349500.0
2026-03-13,AMZN,Amazon (NASDAQ),209.6100006103516,210.55999755859372,206.22000122070312,207.6699981689453,35662100.0
2026-03-16,AMZN,Amazon (NASDAQ),208.3500061035156,212.72000122070312,207.4499969482422,211.7400054931641,42209300.0
2026-03-17,AMZN,Amazon (NASDAQ),212.82000732421875,215.6999969482422,212.42999267578125,215.1999969482422,44969900.0
2026-03-18,AMZN,Amazon (NASDAQ),213.92999267578125,215.13999938964844,208.8300018310547,209.8699951171875,37846600.0
2026-03-19,AMZN,Amazon (NASDAQ),207.05999755859372,209.1199951171875,206.0500030517578,208.75999450683597,36440600.0
2026-03-20,AMZN,Amazon (NASDAQ),207.3999938964844,207.5399932861328,204.32000732421875,205.3699951171875,63694600.0
2026-03-23,AMZN,Amazon (NASDAQ),209.7899932861328,212.8000030517578,209.50999450683597,210.13999938964844,44277400.0
2026-03-24,AMZN,Amazon (NASDAQ),207.9499969482422,209.3500061035156,206.63999938964844,207.2400054931641,35351400.0
2026-03-25,AMZN,Amazon (NASDAQ),211.55999755859372,213.07000732421875,209.8999938964844,211.7100067138672,36388800.0
2026-03-26,AMZN,Amazon (NASDAQ),210.6100006103516,212.88999938964844,207.1199951171875,207.5399932861328,46746000.0
2026-03-27,AMZN,Amazon (NASDAQ),206.4600067138672,206.6000061035156,199.13999938964844,199.33999633789065,56009800.0
2026-03-30,AMZN,Amazon (NASDAQ),201.47999572753903,203.8000030517578,199.97999572753903,200.9499969482422,46373800.0
2026-03-31,AMZN,Amazon (NASDAQ),204.8500061035156,210.27999877929688,204.13999938964844,208.2700042724609,58470100.0
2026-04-01,AMZN,Amazon (NASDAQ),210.44000244140625,213.5800018310547,208.19000244140625,210.57000732421875,45955400.0
2026-04-02,AMZN,Amazon (NASDAQ),206.5399932861328,212.2100067138672,204.8999938964844,209.7700042724609,31453000.0
2026-04-06,AMZN,Amazon (NASDAQ),209.8000030517578,212.9499969482422,209.58999633789065,212.7899932861328,25385500.0
2026-04-07,AMZN,Amazon (NASDAQ),211.2400054931641,213.97000122070312,209.0800018310547,213.7700042724609,28154600.0
2026-04-08,AMZN,Amazon (NASDAQ),223.7899932861328,226.1000061035156,219.6199951171875,221.25,51092700.0
2026-04-09,AMZN,Amazon (NASDAQ),225.22999572753903,233.8000030517578,223.2700042724609,233.6499938964844,65964200.0
2026-04-10,AMZN,Amazon (NASDAQ),235.3000030517578,240.42999267578125,235.2100067138672,238.3800048828125,56912800.0
2026-04-13,AMZN,Amazon (NASDAQ),237.4499969482422,240.0,235.75,239.88999938964844,42166200.0
2026-04-14,AMZN,Amazon (NASDAQ),241.77999877929688,252.17999267578125,241.77999877929688,249.0200042724609,72685000.0
2026-04-15,AMZN,Amazon (NASDAQ),249.25,250.44000244140625,247.1999969482422,248.5,43045200.0
2026-04-16,AMZN,Amazon (NASDAQ),248.50999450683597,250.0,244.1999969482422,249.6999969482422,41895700.0
2026-04-17,AMZN,Amazon (NASDAQ),254.9900054931641,256.17999267578125,250.1100006103516,250.55999755859372,52029300.0
2026-04-20,AMZN,Amazon (NASDAQ),249.19000244140625,250.17999267578125,245.3699951171875,248.27999877929688,39463100.0
2026-04-21,AMZN,Amazon (NASDAQ),255.08999633789065,255.08999633789065,249.1000061035156,249.91000366210935,42922400.0
2026-04-22,AMZN,Amazon (NASDAQ),252.44000244140625,255.94000244140625,250.3300018310547,255.3600006103516,35978900.0
2025-10-23,AZN.L,AstraZeneca (London),12430.724340538973,12565.010364594518,12430.724340538973,12494.7177734375,1297691.0
2025-10-24,AZN.L,AstraZeneca (London),12528.714072443296,12580.70873579262,12414.72577202362,12530.7138671875,1424817.0
2025-10-27,AZN.L,AstraZeneca (London),12528.713556767349,12614.704727228798,12444.722180967789,12544.7119140625,1465043.0
2025-10-28,AZN.L,AstraZeneca (London),12584.70808605715,12706.695563134774,12404.7265625,12404.7265625,1501366.0
2025-10-29,AZN.L,AstraZeneca (London),12498.717095441878,12686.697800557326,12422.724895501591,12558.7109375,946767.0
2025-10-30,AZN.L,AstraZeneca (London),12454.72115427726,12554.710887371972,12362.730599830124,12544.7119140625,1214684.0
2025-10-31,AZN.L,AstraZeneca (London),12560.710281080845,12584.707817042152,12422.724449303329,12468.7197265625,1089094.0
2025-11-03,AZN.L,AstraZeneca (London),12544.712771990507,12582.718637788075,12348.732881721884,12362.7314453125,1848389.0
2025-11-04,AZN.L,AstraZeneca (London),12446.722080040709,12528.71366186617,12238.743433459053,12526.7138671875,1233596.0
2025-11-05,AZN.L,AstraZeneca (London),12526.713670933736,12594.926392945055,12434.723117156123,12448.7216796875,1818602.0
2025-11-06,AZN.L,AstraZeneca (London),12568.709716226189,12992.66619352769,12328.7343517159,12832.6826171875,3100862.0
2025-11-07,AZN.L,AstraZeneca (London),12786.687278343024,12938.67167514535,12712.694874636629,12898.67578125,3536657.0
2025-11-10,AZN.L,AstraZeneca (London),12902.675136656257,13204.644130090088,12838.681707584185,13124.65234375,3313530.0
2025-11-11,AZN.L,AstraZeneca (London),13398.62493676203,13506.6138541628,13282.636840294535,13464.6181640625,2223275.0
2025-11-12,AZN.L,AstraZeneca (London),13546.609225026354,13546.609225026354,13388.625444575058,13516.6123046875,1841863.0
2025-11-13,AZN.L,AstraZeneca (London),13438.6207759004,13504.61400292491,13316.63329564297,13492.615234375,1535199.0
2025-11-14,AZN.L,AstraZeneca (London),13462.618306375629,13572.607018029024,13406.624053170264,13530.611328125,1348061.0
2025-11-17,AZN.L,AstraZeneca (London),13528.610857805832,13658.597510541587,13518.611884518466,13590.6044921875,1324704.0
2025-11-18,AZN.L,AstraZeneca (London),13798.583401288148,13882.57477851338,13464.3862655289,13564.607421875,1654756.0
2025-11-19,AZN.L,AstraZeneca (London),13558.608187265556,13740.58950659316,13502.229209032505,13594.6044921875,1594300.0
2025-11-20,AZN.L,AstraZeneca (London),13602.60335536859,13786.584465144231,13594.265344284742,13648.5986328125,1656623.0
2025-11-21,AZN.L,AstraZeneca (London),13506.61308876402,13834.579411914348,13506.61308876402,13818.5810546875,3044890.0
2025-11-24,AZN.L,AstraZeneca (London),13930.570517708484,13968.566618747309,13818.582009383525,13932.5703125,3131678.0
2025-11-25,AZN.L,AstraZeneca (London),13872.57593168218,14140.54842337101,13850.578189827129,14098.552734375,2169015.0
2025-11-26,AZN.L,AstraZeneca (London),14160.546414604758,14204.541898451858,14022.560578902496,14146.5478515625,2008651.0
2025-11-27,AZN.L,AstraZeneca (London),14068.555569138283,14162.54591906714,13938.568914981355,14010.5615234375,1037265.0
2025-11-28,AZN.L,AstraZeneca (London),14000.562555208557,14056.55680625067,13918.57097332546,13972.5654296875,1719274.0
2025-12-01,AZN.L,AstraZeneca (London),13964.566736852688,14090.553806081058,13796.583977881524,13834.580078125,2063349.0
2025-12-02,AZN.L,AstraZeneca (London),13712.5928088202,13818.581932178442,13644.599786288496,13798.583984375,1678958.0
2025-12-03,AZN.L,AstraZeneca (London),13696.594316083916,13824.58118076918,13594.604783287848,13692.5947265625,1966626.0
2025-12-04,AZN.L,AstraZeneca (London),13610.603225127645,13660.598094452977,13450.619643286593,13512.61328125,1868518.0
2025-12-05,AZN.L,AstraZeneca (London),13558.60777766793,13686.59463574621,13540.609625750672,13590.6044921875,1501116.0
2025-12-08,AZN.L,AstraZeneca (London),13578.60624004594,13700.593718785674,13474.616913907148,13576.6064453125,3939740.0
2025-12-09,AZN.L,AstraZeneca (London),13756.587448757771,13792.583752592289,13566.606956297825,13590.6044921875,1232581.0
2025-12-10,AZN.L,AstraZeneca (London),13480.61656488179,13846.5790083432,13470.617591016724,13512.61328125,2485928.0
2025-12-11,AZN.L,AstraZeneca (London),13616.602234084245,13686.595049210246,13483.7135315713,13594.6044921875,1284701.0
2025-12-12,AZN.L,AstraZeneca (London),13500.614164107828,13534.610674371466,13360.628533610488,13442.6201171875,1443781.0
2025-12-15,AZN.L,AstraZeneca (London),13410.623071841484,13636.599869801234,13374.626767741698,13610.6025390625,2467869.0
2025-12-16,AZN.L,AstraZeneca (London),13742.588844772694,13834.579398739448,13446.619236357914,13504.61328125,3264200.0
2025-12-17,AZN.L,AstraZeneca (London),13572.606345019229,13680.595256560562,13532.610451855771,13552.6083984375,2468903.0
2025-12-18,AZN.L,AstraZeneca (London),13498.614301926484,13594.604448073516,13374.6270298199,13546.609375,4516004.0
2025-12-19,AZN.L,AstraZeneca (London),13572.606738595532,15472.772033525322,13506.613512962169,13670.5966796875,10404657.0
2025-12-22,AZN.L,AstraZeneca (London),13590.60469219942,13630.6005859375,13474.61660035899,13630.6005859375,1451404.0
2025-12-23,AZN.L,AstraZeneca (London),13610.602573756916,13804.582657455774,13602.603395047685,13734.58984375,1083104.0
2025-12-24,AZN.L,AstraZeneca (London),13740.589701057892,13740.589701057892,13610.603042555673,13672.5966796875,688287.0
2025-12-29,AZN.L,AstraZeneca (London),13734.59009890075,13804.582913906796,13678.595846895912,13746.5888671875,1490651.0
2025-12-30,AZN.L,AstraZeneca (London),13710.592767045457,13796.583941051136,13690.594819602273,13748.5888671875,950400.0
2025-12-31,AZN.L,AstraZeneca (London),13766.58721843274,13842.579419812815,13720.591938650065,13788.5849609375,393830.0
2026-01-02,AZN.L,AstraZeneca (London),13720.591144923255,13916.571021355625,13590.6044921875,13590.6044921875,3980672.0
2026-01-05,AZN.L,AstraZeneca (London),13642.599284535172,13648.598668565312,13276.636858696718,13382.6259765625,1632002.0
2026-01-06,AZN.L,AstraZeneca (London),13398.625035061084,14112.551772003892,13382.626676810263,14036.5595703125,2054017.0
2026-01-07,AZN.L,AstraZeneca (London),14048.55789853966,14310.531006683248,14036.55913022774,14222.5400390625,2011117.0
2026-01-08,AZN.L,AstraZeneca (London),14028.559907865849,14290.53301519734,14020.56072901603,14174.544921875,2489394.0
2026-01-09,AZN.L,AstraZeneca (London),14008.562157351313,14330.529110575231,13970.566057281409,14214.541015625,1510979.0
2026-01-12,AZN.L,AstraZeneca (London),14034.55940266466,14266.535591138456,13880.575208591536,14118.55078125,2194240.0
2026-01-13,AZN.L,AstraZeneca (London),13976.565578597943,14058.557163763564,13800.58363970588,14006.5625,3158787.0
2026-01-14,AZN.L,AstraZeneca (London),14078.554649379616,14396.522005807368,14069.982287258945,14344.52734375,3068376.0
2026-01-15,AZN.L,AstraZeneca (London),14324.529758629064,14408.5211379202,13980.565062484404,14024.560546875,2722307.0
2026-01-16,AZN.L,AstraZeneca (London),14018.56090186228,14154.546941994467,13970.565828874447,14050.5576171875,3712616.0
2026-01-19,AZN.L,AstraZeneca (London),13992.563543354032,14186.543629634629,13888.57421875,13888.57421875,1537042.0
2026-01-20,AZN.L,AstraZeneca (London),13784.585002398067,13784.585002398067,13266.63817001433,13518.6123046875,3045768.0
2026-01-21,AZN.L,AstraZeneca (London),13480.61607782979,13494.61464073512,13289.635683907118,13336.630859375,2380279.0
2026-01-22,AZN.L,AstraZeneca (London),13538.61045094718,13604.603677665236,13426.62194500138,13558.6083984375,2673613.0
2026-01-23,AZN.L,AstraZeneca (London),13700.59392589631,13702.593720659976,13510.613423347757,13578.6064453125,1574833.0
2026-01-26,AZN.L,AstraZeneca (London),13640.600154608192,13768.587020155022,13558.608568867256,13750.5888671875,1556179.0
2026-01-27,AZN.L,AstraZeneca (London),13798.583407443262,13984.564314239238,13734.589977147874,13878.5751953125,1444539.0
2026-01-28,AZN.L,AstraZeneca (London),13816.581456937554,13820.581046301266,13476.616361022172,13506.61328125,2527114.0
2026-01-29,AZN.L,AstraZeneca (London),13404.623707832234,13564.607281847835,13398.624323806647,13458.6181640625,2708219.0
2026-01-30,AZN.L,AstraZeneca (London),13326.63240234375,13598.6044921875,13324.632607565489,13598.6044921875,1640793.0
2026-02-02,AZN.L,AstraZeneca (London),13530.610747195513,14060.556335136218,13498.614032451924,14038.55859375,1342937.0
2026-02-03,AZN.L,AstraZeneca (London),13806.582852308917,13940.569099572054,13634.600505075638,13814.58203125,1444073.0
2026-02-04,AZN.L,AstraZeneca (London),13470.617239598434,13926.570435950638,13442.620113506631,13794.583984375,2067679.0
2026-02-05,AZN.L,AstraZeneca (London),13788.584926708916,14066.556399488109,13684.595598762742,13978.5654296875,1438209.0
2026-02-06,AZN.L,AstraZeneca (London),13882.5753094202,14110.551913464264,13842.579413973872,14102.552734375,3108755.0
2026-02-09,AZN.L,AstraZeneca (London),14182.543830555156,14252.536644157726,13856.577298634613,13886.57421875,4085825.0
2026-02-10,AZN.L,AstraZeneca (London),13950.567662736514,14312.530499169328,13746.588605741228,14162.5458984375,3682595.0
2026-02-11,AZN.L,AstraZeneca (London),14116.5513207385,14816.4794921875,14072.555835675994,14816.4794921875,3601976.0
2026-02-12,AZN.L,AstraZeneca (London),14916.4684946236,15026.457201850346,14780.482456597803,14904.4697265625,1393558.0
2026-02-13,AZN.L,AstraZeneca (London),14984.461791071695,15184.44126245928,14810.479650964497,15116.4482421875,6247838.0
2026-02-16,AZN.L,AstraZeneca (London),15184.441667912064,15196.440436515708,14942.4665010719,15158.4443359375,2086141.0
2026-02-17,AZN.L,AstraZeneca (London),15172.4429362105,15520.4072265625,15172.4429362105,15520.4072265625,2510360.0
2026-02-18,AZN.L,AstraZeneca (London),15496.408814371944,15730.384789501832,15480.655549119328,15540.404296875,1448908.0
2026-02-19,AZN.L,AstraZeneca (London),15390.0,15428.0,15162.0,15290.0,1991434.0
2026-02-20,AZN.L,AstraZeneca (London),15422.0,15424.6630859375,15224.0,15270.0,7485520.0
2026-02-23,AZN.L,AstraZeneca (London),15188.0,15356.0,15078.2265625,15344.0,3472197.0
2026-02-24,AZN.L,AstraZeneca (London),15206.0,15554.0,15184.0,15326.0,6767914.0
2026-02-25,AZN.L,AstraZeneca (London),15316.0,15356.0,15180.0,15218.0,3583139.0
2026-02-26,AZN.L,AstraZeneca (London),15144.0,15465.5,15000.0,15110.0,2004961.0
2026-02-27,AZN.L,AstraZeneca (London),15196.0,15543.5537109375,15172.0,15542.0,2575256.0
2026-03-02,AZN.L,AstraZeneca (London),15180.0,15450.0,15180.0,15252.0,1465160.0
2026-03-03,AZN.L,AstraZeneca (London),15142.0,15230.0,14834.0,14932.0,3504733.0
2026-03-04,AZN.L,AstraZeneca (London),15056.0,15216.0,14912.0,15088.0,5578017.0
2026-03-05,AZN.L,AstraZeneca (London),15062.0,15210.0,14774.0,14774.0,2368548.0
2026-03-06,AZN.L,AstraZeneca (London),14908.0,14908.0,14440.0,14500.0,1757450.0
2026-03-09,AZN.L,AstraZeneca (London),14048.0,14474.0,14015.912109375,14442.0,3031335.0
2026-03-10,AZN.L,AstraZeneca (London),14544.0,14790.0,14526.0,14654.0,3182286.0
2026-03-11,AZN.L,AstraZeneca (London),14568.0,14608.0,14352.0,14484.0,4382544.0
2026-03-12,AZN.L,AstraZeneca (London),14394.0,14576.0,14308.0,14364.0,2887893.0
2026-03-13,AZN.L,AstraZeneca (London),14380.0,14584.0,14244.0,14380.0,1659436.0
2026-03-16,AZN.L,AstraZeneca (London),14340.0,14470.0,14264.0,14364.0,2161612.0
2026-03-17,AZN.L,AstraZeneca (London),14454.0,14574.0,14356.0,14402.0,5465249.0
2026-03-18,AZN.L,AstraZeneca (London),14352.0,14452.0,14082.0,14276.0,1501193.0
2026-03-19,AZN.L,AstraZeneca (London),14158.0,14268.0,13952.0,14112.0,3033498.0
2026-03-20,AZN.L,AstraZeneca (London),14090.0,14220.0,13884.0,13896.0,4172528.0
2026-03-23,AZN.L,AstraZeneca (London),13694.0,13938.0,13478.0,13742.0,2144360.0
2026-03-24,AZN.L,AstraZeneca (London),13728.0,13856.0,13644.0,13810.0,1400106.0
2026-03-25,AZN.L,AstraZeneca (London),13930.0,14080.0,13842.0,13990.0,1116537.0
2026-03-26,AZN.L,AstraZeneca (London),13922.0,13982.0,13768.0,13830.0,2338799.0
2026-03-27,AZN.L,AstraZeneca (London),14114.0,14508.0,14006.0,14302.0,2680944.0
2026-03-30,AZN.L,AstraZeneca (London),14438.0,14752.0,14322.0,14702.0,2270734.0
2026-03-31,AZN.L,AstraZeneca (London),14710.0,14856.0,14658.0,14690.0,2536153.0
2026-04-01,AZN.L,AstraZeneca (London),14896.0,15100.0,14868.0,15022.0,2679524.0
2026-04-02,AZN.L,AstraZeneca (London),15042.0,15436.0,14955.65234375,15316.0,1609269.0
2026-04-07,AZN.L,AstraZeneca (London),15190.0,15286.0,14868.0,14958.0,2104109.0
2026-04-08,AZN.L,AstraZeneca (London),15334.0,15444.0,15194.0,15216.0,2439971.0
2026-04-09,AZN.L,AstraZeneca (London),15282.0,15290.0,15048.0,15276.0,2694111.0
2026-04-10,AZN.L,AstraZeneca (London),15272.0,15450.0,15230.0,15230.0,2342632.0
2026-04-13,AZN.L,AstraZeneca (London),15044.0,15130.0,14922.0,14988.0,1951201.0
2026-04-14,AZN.L,AstraZeneca (London),15022.0,15032.0,14894.0,14918.0,1318292.0
2026-04-15,AZN.L,AstraZeneca (London),15084.0,15122.0,14765.1142578125,14766.0,2164921.0
2026-04-16,AZN.L,AstraZeneca (London),14822.0,14912.0,14706.0,14862.0,1351052.0
2026-04-17,AZN.L,AstraZeneca (London),14736.0,15118.0,14736.0,15118.0,2868032.0
2026-04-20,AZN.L,AstraZeneca (London),15076.0,15108.0,14882.0,14952.0,1173409.0
2026-04-21,AZN.L,AstraZeneca (London),14740.0,14896.0,14494.0,14560.0,1917537.0
2026-04-22,AZN.L,AstraZeneca (London),14534.0,14640.0,14484.0,14536.0,1456621.0
2026-04-23,AZN.L,AstraZeneca (London),12356.0,14476.0,12356.0,14454.0,453281.0
2025-10-23,BHP.AX,BHP Group (ASX),41.952683162017856,42.20783233642578,41.50126337615353,42.20783233642578,7054913.0
2025-10-24,BHP.AX,BHP Group (ASX),41.9526851400697,42.43354797363281,41.87417539436522,42.43354797363281,7404860.0
2025-10-27,BHP.AX,BHP Group (ASX),42.247088227305646,42.81627263991469,42.1489547909837,42.72795104980469,6414129.0
2025-10-28,BHP.AX,BHP Group (ASX),42.54149290714765,42.86533999017672,42.1489554125208,42.531681060791016,8925277.0
2025-10-29,BHP.AX,BHP Group (ASX),42.61018718227953,43.11067744954273,42.54149302693764,43.0714225769043,6122873.0
2025-10-30,BHP.AX,BHP Group (ASX),43.454148675325925,43.71911345304752,42.9929170194853,43.06161117553711,7203994.0
2025-10-31,BHP.AX,BHP Group (ASX),42.78682951816628,43.26769233958629,42.63962936401367,42.63962936401367,7562306.0
2025-11-03,BHP.AX,BHP Group (ASX),42.639628822314336,42.83589943557499,42.26671503147415,42.56111907958984,5473353.0
2025-11-04,BHP.AX,BHP Group (ASX),42.1980208949276,42.32068956031984,41.7171580794278,41.74660110473633,6834944.0
2025-11-05,BHP.AX,BHP Group (ASX),41.560142961939206,41.65828014185792,41.12835060094877,41.550331115722656,7637826.0
2025-11-06,BHP.AX,BHP Group (ASX),42.06063262865673,42.521868008906345,41.86436201513239,42.198020935058594,6475644.0
2025-11-07,BHP.AX,BHP Group (ASX),42.0802592991649,42.13913786166613,41.6386513626531,41.85454940795898,6125961.0
2025-11-10,BHP.AX,BHP Group (ASX),41.83001417788313,41.9968417630373,41.67790623335426,41.85454940795898,5094784.0
2025-11-11,BHP.AX,BHP Group (ASX),42.19802200952792,42.19802200952792,41.77604148994858,41.99193954467773,5884672.0
2025-11-12,BHP.AX,BHP Group (ASX),42.05081839226534,42.48261450462464,41.97231239045955,42.25690460205078,5169069.0
2025-11-13,BHP.AX,BHP Group (ASX),42.52186965942383,42.639630534689175,42.03119497834236,42.52186965942383,7686716.0
2025-11-14,BHP.AX,BHP Group (ASX),41.97231374678783,42.09989021533939,41.57977249442187,41.95268630981445,6262461.0
2025-11-17,BHP.AX,BHP Group (ASX),41.34425046653819,41.76623099981974,41.22648584547069,41.687721252441406,5526619.0
2025-11-18,BHP.AX,BHP Group (ASX),41.216674610066136,41.32462364253683,40.03905458678265,40.13719177246094,12252545.0
2025-11-19,BHP.AX,BHP Group (ASX),40.62786436245628,40.68674292725782,40.186256408691406,40.186256408691406,7407413.0
2025-11-20,BHP.AX,BHP Group (ASX),40.33345526190861,41.020400529634045,40.26476110949111,40.94189453125,8072596.0
2025-11-21,BHP.AX,BHP Group (ASX),39.74464952550627,39.9899868682563,39.46005730946404,39.61707305908203,10232751.0
2025-11-24,BHP.AX,BHP Group (ASX),40.01942342324006,40.12737244565909,39.42570754348595,39.86240768432617,14778037.0
2025-11-25,BHP.AX,BHP Group (ASX),40.16663025755588,40.26476369773164,39.86241060332978,40.24513626098633,8020389.0
2025-11-26,BHP.AX,BHP Group (ASX),40.84375700878039,41.05965505372603,40.716184294540255,41.0400276184082,7359870.0
2025-11-27,BHP.AX,BHP Group (ASX),40.95170937314373,41.167607435707865,40.78488177465385,40.961524963378906,4450872.0
2025-11-28,BHP.AX,BHP Group (ASX),40.57879458425287,40.98114767256371,40.51991601845906,40.892826080322266,8041166.0
2025-12-01,BHP.AX,BHP Group (ASX),41.20685968567547,41.51107557968019,41.030216508198265,41.29518127441406,6152730.0
2025-12-02,BHP.AX,BHP Group (ASX),42.099890480411865,42.099890480411865,41.5994001933165,41.766231536865234,7321330.0
2025-12-03,BHP.AX,BHP Group (ASX),42.04100682492961,42.23727744607294,41.766230201459386,42.15876770019531,7357811.0
2025-12-04,BHP.AX,BHP Group (ASX),43.03216916047693,43.76818120137597,42.93403571911072,43.670047760009766,11656068.0
2025-12-05,BHP.AX,BHP Group (ASX),43.71911186712494,44.00370407104492,43.532656842255264,44.00370407104492,9843381.0
2025-12-08,BHP.AX,BHP Group (ASX),43.98407669477821,44.00370413061484,43.522841311493885,43.64060592651367,5324347.0
2025-12-09,BHP.AX,BHP Group (ASX),43.32657380500814,43.95463676836975,43.27750334436069,43.47377395629883,7148967.0
2025-12-10,BHP.AX,BHP Group (ASX),43.562097094793074,43.9742657688866,43.30694791067855,43.70930099487305,6608310.0
2025-12-11,BHP.AX,BHP Group (ASX),44.46494011967047,44.64158330105607,43.96444985789442,44.25885391235352,7930105.0
2025-12-12,BHP.AX,BHP Group (ASX),44.82803716457103,45.12244121138469,44.6023272705622,44.73971557617188,7547616.0
2025-12-15,BHP.AX,BHP Group (ASX),44.170532356162965,44.29810881916347,43.238253473572726,43.4443359375,8496021.0
2025-12-16,BHP.AX,BHP Group (ASX),43.47377648522227,43.768180548480046,43.238254732036346,43.41489791870117,9553809.0
2025-12-17,BHP.AX,BHP Group (ASX),43.336388727765474,43.61607315298018,43.14011810189268,43.58172607421875,7866827.0
2025-12-18,BHP.AX,BHP Group (ASX),43.57191386852235,44.04296112060547,43.552286431741706,44.04296112060547,9640423.0
2025-12-19,BHP.AX,BHP Group (ASX),43.71911265150595,44.00370486053191,43.30694772275167,43.532657623291016,23705950.0
2025-12-22,BHP.AX,BHP Group (ASX),44.013517833793095,44.32754933332773,43.8859451107983,44.22941589355469,5527196.0
2025-12-23,BHP.AX,BHP Group (ASX),44.749527867043525,44.852572840825694,44.455123817303225,44.72990417480469,4534942.0
2025-12-24,BHP.AX,BHP Group (ASX),44.92617315982199,44.92617315982199,44.65139653294015,44.76915740966797,2112731.0
2025-12-29,BHP.AX,BHP Group (ASX),45.04393721578569,45.17150993749643,44.60232925415039,44.60232925415039,4680346.0
2025-12-30,BHP.AX,BHP Group (ASX),43.96444985789442,44.543446120535926,43.86631642092494,44.25885391235352,4171339.0
2025-12-31,BHP.AX,BHP Group (ASX),44.65139433511188,44.76915520604328,44.32754726061228,44.64158248901367,3951995.0
2026-01-02,BHP.AX,BHP Group (ASX),44.68083383482427,44.90654373168945,44.523818091633245,44.90654373168945,3035952.0
2026-01-05,BHP.AX,BHP Group (ASX),45.14206998049071,45.77994855372226,45.05374838948251,45.61311721801758,5888054.0
2026-01-06,BHP.AX,BHP Group (ASX),46.43745075896919,46.481613426191,45.94677608590862,46.339317321777344,8048129.0
2026-01-07,BHP.AX,BHP Group (ASX),47.18327756296466,47.5856306383492,46.525771565501785,46.81036376953125,7268819.0
2026-01-08,BHP.AX,BHP Group (ASX),46.6926025106733,46.88886938011938,46.29024569507733,46.45707702636719,6359264.0
2026-01-09,BHP.AX,BHP Group (ASX),46.02528425025662,47.05570027959509,45.809386203586456,46.82999038696289,10551269.0
2026-01-12,BHP.AX,BHP Group (ASX),45.68181010807781,46.02528461628927,45.289272626115455,45.642555236816406,11129168.0
2026-01-13,BHP.AX,BHP Group (ASX),46.30006282588148,46.962472891188256,46.11360779628089,46.692604064941406,8959090.0
2026-01-14,BHP.AX,BHP Group (ASX),47.34029498407042,47.35010683055173,46.947753740904616,47.22253036499024,7244698.0
2026-01-15,BHP.AX,BHP Group (ASX),48.22350504067212,48.822128725520976,48.086116734683976,48.449214935302734,14145071.0
2026-01-16,BHP.AX,BHP Group (ASX),48.2136936968235,48.2823878505331,47.82115246686811,48.0763053894043,12369669.0
2026-01-19,BHP.AX,BHP Group (ASX),47.80152729196497,48.18425295032107,47.43842907039007,47.840782165527344,4876453.0
2026-01-20,BHP.AX,BHP Group (ASX),48.08611763127892,48.144999939321984,46.84961911077974,46.88887023925781,6618315.0
2026-01-21,BHP.AX,BHP Group (ASX),46.54540101620336,47.595444544821554,46.36875782974883,47.5758171081543,6236093.0
2026-01-22,BHP.AX,BHP Group (ASX),48.37070890956998,48.43940306252615,47.02625764502648,47.18327713012695,8157995.0
2026-01-23,BHP.AX,BHP Group (ASX),47.59544281128458,47.59544281128458,47.13420742528025,47.52674865722656,10394402.0
2026-01-27,BHP.AX,BHP Group (ASX),48.82212829589844,49.14597536592122,48.62585768469226,48.82212829589844,11555637.0
2026-01-28,BHP.AX,BHP Group (ASX),49.55814326314642,49.91142963587163,48.949707700981214,49.65627670288086,10136377.0
2026-01-29,BHP.AX,BHP Group (ASX),49.312806389407065,50.716136303554855,48.98895929681105,50.5493049621582,14752411.0
2026-01-30,BHP.AX,BHP Group (ASX),50.87314895642897,51.11848628670813,49.18522692617216,49.626834869384766,17998156.0
2026-02-02,BHP.AX,BHP Group (ASX),48.4786596934312,48.95951878157813,47.84078111448446,48.49828338623047,12250669.0
2026-02-03,BHP.AX,BHP Group (ASX),48.969335563001,49.64646528757223,48.77306493827648,49.195045471191406,9627914.0
2026-02-04,BHP.AX,BHP Group (ASX),50.80445547532981,51.56009491180912,50.618000449529966,51.42270660400391,10349118.0
2026-02-05,BHP.AX,BHP Group (ASX),50.637624567112056,50.90258933876882,49.38149860685832,49.42075347900391,8874522.0
2026-02-06,BHP.AX,BHP Group (ASX),48.90063961677711,48.90063961677711,47.595443192129856,47.88003540039063,11533731.0
2026-02-09,BHP.AX,BHP Group (ASX),48.969333011031225,49.04783901069932,48.68474080718936,48.8025016784668,7529009.0
2026-02-10,BHP.AX,BHP Group (ASX),49.75441268608686,49.75441268608686,49.1656008312301,49.32261657714844,7423941.0
2026-02-11,BHP.AX,BHP Group (ASX),50.029190156713966,50.2156451883046,49.51888803790983,50.11751174926758,6146113.0
2026-02-12,BHP.AX,BHP Group (ASX),51.246064776760846,51.65822971105348,50.9811000003367,51.11848831176758,8872940.0
2026-02-13,BHP.AX,BHP Group (ASX),50.44135636624738,50.74557225849441,50.15676416600615,50.1763916015625,11676856.0
2026-02-16,BHP.AX,BHP Group (ASX),50.588557848705385,50.70631872159152,48.900639525502086,49.42075347900391,8634571.0
2026-02-17,BHP.AX,BHP Group (ASX),52.01151591536638,53.189135892348965,51.736739293372366,51.75636672973633,13615340.0
2026-02-18,BHP.AX,BHP Group (ASX),50.68669531708554,51.481585893022,50.588558136163925,51.31475830078125,8209195.0
2026-02-19,BHP.AX,BHP Group (ASX),52.3059187327261,52.8162208354296,51.834871501819165,52.23722457885742,12660242.0
2026-02-20,BHP.AX,BHP Group (ASX),52.011514405435136,52.92416958033531,51.94282025193088,52.33536148071289,14168676.0
2026-02-23,BHP.AX,BHP Group (ASX),53.483540379403486,53.72887772059341,52.737716509348445,53.01249313354492,8586992.0
2026-02-24,BHP.AX,BHP Group (ASX),54.170485986563314,54.29806245289016,53.38049944402723,53.72887802124024,9869664.0
2026-02-25,BHP.AX,BHP Group (ASX),55.1027682465981,55.456050872802734,54.5237719725103,55.456050872802734,13222274.0
2026-02-26,BHP.AX,BHP Group (ASX),56.27057096452701,57.20285358059057,56.16262193881273,56.67292404174805,14358999.0
2026-02-27,BHP.AX,BHP Group (ASX),55.848589875187066,57.320613861083984,55.81915059340532,57.320613861083984,23997982.0
2026-03-02,BHP.AX,BHP Group (ASX),56.03504452231499,58.14494705200195,56.01542083029282,58.14494705200195,10362367.0
2026-03-03,BHP.AX,BHP Group (ASX),58.14495018051716,58.28233849336798,56.45702806594818,56.62385940551758,15181122.0
2026-03-04,BHP.AX,BHP Group (ASX),54.47470155938942,54.95556439500807,54.08216405984123,54.64153289794922,15084993.0
2026-03-05,BHP.AX,BHP Group (ASX),54.59999847412109,55.41999816894531,54.54999923706055,55.150001525878906,16282660.0
2026-03-06,BHP.AX,BHP Group (ASX),53.02000045776367,53.11000061035156,51.84999847412109,52.810001373291016,17135396.0
2026-03-09,BHP.AX,BHP Group (ASX),50.15999984741211,50.68999862670898,49.27000045776367,50.09999847412109,16660486.0
2026-03-10,BHP.AX,BHP Group (ASX),51.380001068115234,51.68000030517578,50.96500015258789,51.22999954223633,10471042.0
2026-03-11,BHP.AX,BHP Group (ASX),51.59999847412109,52.13999938964844,51.560001373291016,51.959999084472656,8772457.0
2026-03-12,BHP.AX,BHP Group (ASX),50.75,51.380001068115234,50.709999084472656,50.97999954223633,8703737.0
2026-03-13,BHP.AX,BHP Group (ASX),49.79999923706055,50.400001525878906,49.63999938964844,49.79999923706055,11918859.0
2026-03-16,BHP.AX,BHP Group (ASX),49.5,49.790000915527344,48.880001068115234,49.18999862670898,7805582.0
2026-03-17,BHP.AX,BHP Group (ASX),50.06999969482422,50.06999969482422,49.310001373291016,49.72999954223633,7164541.0
2026-03-18,BHP.AX,BHP Group (ASX),49.93999862670898,50.31999969482422,49.7400016784668,50.09000015258789,7110651.0
2026-03-19,BHP.AX,BHP Group (ASX),48.65999984741211,48.7599983215332,48.209999084472656,48.34999847412109,12196388.0
2026-03-20,BHP.AX,BHP Group (ASX),47.18999862670898,47.77000045776367,46.59000015258789,47.470001220703125,32765948.0
2026-03-23,BHP.AX,BHP Group (ASX),46.31999969482422,47.11000061035156,46.060001373291016,47.11000061035156,10893028.0
2026-03-24,BHP.AX,BHP Group (ASX),49.0,49.060001373291016,48.119998931884766,48.52000045776367,8732952.0
2026-03-25,BHP.AX,BHP Group (ASX),49.900001525878906,50.380001068115234,49.560001373291016,50.119998931884766,8946111.0
2026-03-26,BHP.AX,BHP Group (ASX),50.58000183105469,50.59999847412109,49.72999954223633,50.22999954223633,10877647.0
2026-03-27,BHP.AX,BHP Group (ASX),50.0,50.369998931884766,49.720001220703125,50.369998931884766,9956612.0
2026-03-30,BHP.AX,BHP Group (ASX),50.34999847412109,50.77000045776367,50.060001373291016,50.43000030517578,8245917.0
2026-03-31,BHP.AX,BHP Group (ASX),50.5,50.77999877929688,49.7599983215332,50.38999938964844,11534493.0
2026-04-01,BHP.AX,BHP Group (ASX),52.5,53.09000015258789,52.34999847412109,52.560001373291016,9321267.0
2026-04-02,BHP.AX,BHP Group (ASX),52.90999984741211,53.06999969482422,51.02000045776367,51.22999954223633,8559960.0
2026-04-07,BHP.AX,BHP Group (ASX),52.84999847412109,53.02000045776367,52.34000015258789,52.91999816894531,6945522.0
2026-04-08,BHP.AX,BHP Group (ASX),55.79999923706055,55.79999923706055,54.5,54.52999877929688,9231453.0
2026-04-09,BHP.AX,BHP Group (ASX),53.97999954223633,54.560001373291016,53.755001068115234,54.560001373291016,6828429.0
2026-04-10,BHP.AX,BHP Group (ASX),54.560001373291016,54.560001373291016,53.59999847412109,53.97999954223633,7381772.0
2026-04-13,BHP.AX,BHP Group (ASX),54.29999923706055,54.47999954223633,53.84999847412109,54.34999847412109,6683857.0
2026-04-14,BHP.AX,BHP Group (ASX),55.09999847412109,56.41999816894531,55.040000915527344,56.09999847412109,9714784.0
2026-04-15,BHP.AX,BHP Group (ASX),56.0,56.38999938964844,55.77999877929688,56.11000061035156,10193428.0
2026-04-16,BHP.AX,BHP Group (ASX),55.79999923706055,55.97999954223633,55.29999923706055,55.91999816894531,8212848.0
2026-04-17,BHP.AX,BHP Group (ASX),55.400001525878906,56.13999938964844,55.400001525878906,55.91999816894531,11939330.0
2026-04-20,BHP.AX,BHP Group (ASX),55.79999923706055,55.86000061035156,54.900001525878906,55.68999862670898,5680703.0
2026-04-21,BHP.AX,BHP Group (ASX),55.810001373291016,55.93999862670898,55.20000076293945,55.5099983215332,5097569.0
2026-04-22,BHP.AX,BHP Group (ASX),55.84000015258789,56.540000915527344,55.709999084472656,56.16999816894531,8673662.0
2026-04-23,BHP.AX,BHP Group (ASX),56.380001068115234,56.7400016784668,55.7599983215332,56.02999877929688,6682406.0
2025-10-23,BTC-USD,Bitcoin,107679.4375,111288.59375,107548.4296875,110069.7265625,54944076060.0
2025-10-24,BTC-USD,Bitcoin,110069.3515625,111842.53125,109770.1484375,111033.921875,48160816980.0
2025-10-25,BTC-USD,Bitcoin,111032.6171875,111947.703125,110704.40625,111641.7265625,24707667305.0
2025-10-26,BTC-USD,Bitcoin,111639.0546875,115260.90625,111268.484375,114472.4453125,41708524143.0
2025-10-27,BTC-USD,Bitcoin,114479.8515625,116273.3125,113882.2890625,114119.328125,61761358733.0
2025-10-28,BTC-USD,Bitcoin,114129.0859375,116078.984375,112291.6796875,112956.1640625,64528066504.0
2025-10-29,BTC-USD,Bitcoin,112921.328125,113642.7265625,109368.71875,110055.3046875,62192043469.0
2025-10-30,BTC-USD,Bitcoin,110059.1953125,111612.3515625,106376.6875,108305.546875,69673964814.0
2025-10-31,BTC-USD,Bitcoin,108304.4140625,111031.8203125,108288.2734375,109556.1640625,60090359560.0
2025-11-01,BTC-USD,Bitcoin,109558.625,110574.8984375,109372.953125,110064.015625,25871668762.0
2025-11-02,BTC-USD,Bitcoin,110064.4296875,111167.3125,109523.453125,110639.625,34284209459.0
2025-11-03,BTC-USD,Bitcoin,110646.90625,110764.9140625,105336.359375,106547.5234375,72852006359.0
2025-11-04,BTC-USD,Bitcoin,106541.421875,107264.8828125,98962.0625,101590.5234375,110967184773.0
2025-11-05,BTC-USD,Bitcoin,101579.234375,104534.703125,98989.9140625,103891.8359375,77584934804.0
2025-11-06,BTC-USD,Bitcoin,103893.6640625,104147.3046875,100336.8671875,101301.2890625,63932752861.0
2025-11-07,BTC-USD,Bitcoin,101286.2421875,104052.9140625,99257.0546875,103372.40625,92168030081.0
2025-11-08,BTC-USD,Bitcoin,103371.703125,103373.5625,101458.0390625,102282.1171875,51446691095.0
2025-11-09,BTC-USD,Bitcoin,102278.984375,105418.3671875,101468.875,104719.640625,59679243013.0
2025-11-10,BTC-USD,Bitcoin,104723.7734375,106564.6953125,104350.6484375,105996.59375,69585887229.0
2025-11-11,BTC-USD,Bitcoin,105996.859375,107428.2578125,102457.328125,102997.46875,71130078574.0
2025-11-12,BTC-USD,Bitcoin,103011.4375,105297.234375,100836.6171875,101663.1875,64347179408.0
2025-11-13,BTC-USD,Bitcoin,101674.1484375,104005.4921875,97988.71875,99697.4921875,101546815416.0
2025-11-14,BTC-USD,Bitcoin,99694.703125,99804.4296875,94000.734375,94397.7890625,114346441890.0
2025-11-15,BTC-USD,Bitcoin,94420.46875,96728.46875,94420.46875,95549.1484375,38500716654.0
2025-11-16,BTC-USD,Bitcoin,95556.8671875,96564.1875,92971.1640625,94177.078125,71086235862.0
2025-11-17,BTC-USD,Bitcoin,94180.875,95928.3671875,91214.7578125,92093.875,94186165724.0
2025-11-18,BTC-USD,Bitcoin,92094.53125,93745.078125,89300.4609375,92948.875,101333569062.0
2025-11-19,BTC-USD,Bitcoin,92946.1640625,92946.1640625,88526.828125,91465.9921875,80350354656.0
2025-11-20,BTC-USD,Bitcoin,91459.3515625,93025.0703125,86040.796875,86631.8984375,97970645638.0
2025-11-21,BTC-USD,Bitcoin,86528.7734375,87380.8046875,80659.8125,85090.6875,129157506112.0
2025-11-22,BTC-USD,Bitcoin,85098.5625,85503.0078125,83490.8984375,84648.359375,40793099246.0
2025-11-23,BTC-USD,Bitcoin,84648.609375,88038.46875,84641.7734375,86805.0078125,58083435576.0
2025-11-24,BTC-USD,Bitcoin,86798.7734375,89206.3359375,85272.1953125,88270.5625,74433896110.0
2025-11-25,BTC-USD,Bitcoin,88269.9609375,88457.3359375,86131.4296875,87341.890625,64837343545.0
2025-11-26,BTC-USD,Bitcoin,87345.5859375,90581.15625,86316.8984375,90518.3671875,66496301869.0
2025-11-27,BTC-USD,Bitcoin,90517.765625,91897.578125,90089.515625,91285.375,57040622845.0
2025-11-28,BTC-USD,Bitcoin,91285.3828125,92969.0859375,90257.1171875,90919.265625,60895830289.0
2025-11-29,BTC-USD,Bitcoin,90918.7421875,91187.6171875,90260.1875,90851.7578125,37921773455.0
2025-11-30,BTC-USD,Bitcoin,90838.2109375,91965.046875,90394.3125,90394.3125,38497902869.0
2025-12-01,BTC-USD,Bitcoin,90389.109375,90398.15625,83862.25,86321.5703125,87962894424.0
2025-12-02,BTC-USD,Bitcoin,86322.5390625,92316.6328125,86202.1953125,91350.203125,78546798211.0
2025-12-03,BTC-USD,Bitcoin,91345.09375,94060.7734375,91056.390625,93527.8046875,77650204986.0
2025-12-04,BTC-USD,Bitcoin,93454.2578125,94038.2421875,90976.1015625,92141.625,64538402681.0
2025-12-05,BTC-USD,Bitcoin,92133.6484375,92702.640625,88152.140625,89387.7578125,63256398633.0
2025-12-06,BTC-USD,Bitcoin,89389.359375,90267.4609375,88951.6640625,89272.375,37994042405.0
2025-12-07,BTC-USD,Bitcoin,89277.8125,91740.84375,87799.5625,90405.640625,47394898960.0
2025-12-08,BTC-USD,Bitcoin,90424.5859375,92267.1171875,89644.890625,90640.203125,57394099056.0
2025-12-09,BTC-USD,Bitcoin,90639.703125,94601.5703125,89586.9765625,92691.7109375,66861721440.0
2025-12-10,BTC-USD,Bitcoin,92695.234375,94477.15625,91640.1328125,92020.9453125,65420694513.0
2025-12-11,BTC-USD,Bitcoin,92011.3046875,93554.265625,89335.296875,92511.3359375,64532834621.0
2025-12-12,BTC-USD,Bitcoin,92513.6640625,92747.9296875,89532.6015625,90270.4140625,80275884583.0
2025-12-13,BTC-USD,Bitcoin,90257.796875,90647.5703125,89800.9921875,90298.7109375,64237748110.0
2025-12-14,BTC-USD,Bitcoin,90296.4375,90498.109375,87634.9375,88175.1796875,50465972205.0
2025-12-15,BTC-USD,Bitcoin,88171.078125,89983.921875,85304.078125,86419.78125,45559514323.0
2025-12-16,BTC-USD,Bitcoin,86424.40625,88170.09375,85381.6875,87843.984375,41262178223.0
2025-12-17,BTC-USD,Bitcoin,87847.6171875,90264.5703125,85316.265625,86143.7578125,44243392914.0
2025-12-18,BTC-USD,Bitcoin,86144.3671875,89412.6640625,84436.3125,85462.5078125,52667115348.0
2025-12-19,BTC-USD,Bitcoin,85476.1328125,89339.1171875,85107.6640625,88103.3828125,46733310561.0
2025-12-20,BTC-USD,Bitcoin,88101.671875,88497.203125,87924.875,88344.0,14688196659.0
2025-12-21,BTC-USD,Bitcoin,88344.703125,89027.953125,87613.203125,88621.75,19845522660.0
2025-12-22,BTC-USD,Bitcoin,88621.3984375,90501.9296875,87908.0703125,88490.015625,38047472118.0
2025-12-23,BTC-USD,Bitcoin,88490.03125,88898.3828125,86606.9765625,87414.0,43683011533.0
2025-12-24,BTC-USD,Bitcoin,87404.3203125,87956.8828125,86411.796875,87611.9609375,25550297986.0
2025-12-25,BTC-USD,Bitcoin,87608.3203125,88501.7890625,86949.2578125,87234.7421875,19953216347.0
2025-12-26,BTC-USD,Bitcoin,87235.5078125,89459.4296875,86628.140625,87301.4296875,42455674908.0
2025-12-27,BTC-USD,Bitcoin,87301.4296875,87874.78125,87182.9765625,87802.15625,13741199310.0
2025-12-28,BTC-USD,Bitcoin,87799.34375,87986.890625,87394.953125,87835.8359375,15156557929.0
2025-12-29,BTC-USD,Bitcoin,87835.7890625,90299.15625,86717.9140625,87138.140625,48411625849.0
2025-12-30,BTC-USD,Bitcoin,87134.3515625,89297.9375,86735.546875,88430.1328125,35586356225.0
2025-12-31,BTC-USD,Bitcoin,88429.5859375,89080.2890625,87130.5625,87508.828125,33830210616.0
2026-01-01,BTC-USD,Bitcoin,87508.046875,88803.2265625,87399.40625,88731.984375,18849043990.0
2026-01-02,BTC-USD,Bitcoin,88733.0625,90884.4609375,88298.6171875,89944.6953125,46398906171.0
2026-01-03,BTC-USD,Bitcoin,89945.0546875,90679.5703125,89328.0703125,90603.1875,20774828592.0
2026-01-04,BTC-USD,Bitcoin,90603.0,91712.5859375,90595.1015625,91413.4921875,26770491368.0
2026-01-05,BTC-USD,Bitcoin,91414.625,94762.0703125,91414.625,93882.5546875,53376407252.0
2026-01-06,BTC-USD,Bitcoin,93876.9453125,94395.296875,91286.546875,93729.03125,52430605257.0
2026-01-07,BTC-USD,Bitcoin,93727.46875,93738.7890625,90601.8046875,91308.0546875,43461295053.0
2026-01-08,BTC-USD,Bitcoin,91309.640625,91485.8515625,89233.875,91027.125,42386697030.0
2026-01-09,BTC-USD,Bitcoin,91026.2734375,91910.671875,89625.3828125,90513.1015625,38305906684.0
2026-01-10,BTC-USD,Bitcoin,90510.1015625,90713.03125,90283.3984375,90386.6484375,12385895282.0
2026-01-11,BTC-USD,Bitcoin,90385.359375,91155.2265625,90212.0234375,90827.4609375,17165568977.0
2026-01-12,BTC-USD,Bitcoin,90825.859375,92395.5234375,90055.0234375,91192.9921875,41346275358.0
2026-01-13,BTC-USD,Bitcoin,91185.3359375,96011.625,90941.9296875,95321.78125,54980674354.0
2026-01-14,BTC-USD,Bitcoin,95322.90625,97860.6015625,94583.046875,96929.328125,60592490863.0
2026-01-15,BTC-USD,Bitcoin,96931.2890625,97150.171875,95103.2421875,95551.1875,53086363027.0
2026-01-16,BTC-USD,Bitcoin,95554.1015625,95801.890625,94259.2734375,95525.1171875,33248170537.0
2026-01-17,BTC-USD,Bitcoin,95525.15625,95598.4765625,95005.6171875,95099.921875,16021715122.0
2026-01-18,BTC-USD,Bitcoin,95101.1796875,95491.5078125,93588.8671875,93634.4296875,20809781232.0
2026-01-19,BTC-USD,Bitcoin,93655.671875,93660.828125,92089.25,92553.59375,39195241508.0
2026-01-20,BTC-USD,Bitcoin,92553.6015625,92798.4296875,87814.9296875,88310.90625,53072968031.0
2026-01-21,BTC-USD,Bitcoin,88326.5078125,90430.40625,87231.5703125,89376.9609375,56330422434.0
2026-01-22,BTC-USD,Bitcoin,89378.5234375,90258.9609375,88438.4453125,89462.453125,35549685694.0
2026-01-23,BTC-USD,Bitcoin,89462.046875,91100.25,88486.359375,89503.875,38997586037.0
2026-01-24,BTC-USD,Bitcoin,89506.1484375,89811.609375,89044.2890625,89110.734375,14558687712.0
2026-01-25,BTC-USD,Bitcoin,89104.765625,89193.1484375,86003.7109375,86572.21875,36124986722.0
2026-01-26,BTC-USD,Bitcoin,86566.5234375,88743.0703125,86429.2890625,88267.140625,45329286974.0
2026-01-27,BTC-USD,Bitcoin,88257.4765625,89427.125,87228.921875,89102.5703125,38744942267.0
2026-01-28,BTC-USD,Bitcoin,89104.046875,90439.2890625,88721.4609375,89184.5703125,39807419296.0
2026-01-29,BTC-USD,Bitcoin,89169.8515625,89200.78125,83250.6015625,84561.5859375,64653083162.0
2026-01-30,BTC-USD,Bitcoin,84562.7265625,84602.1640625,81071.4765625,84128.65625,72083816087.0
2026-01-31,BTC-USD,Bitcoin,84126.5,84136.921875,75815.8828125,78621.1171875,70479259159.0
2026-02-01,BTC-USD,Bitcoin,78626.125,79322.609375,75698.8984375,76974.4453125,53372509744.0
2026-02-02,BTC-USD,Bitcoin,76968.875,79258.609375,74551.3359375,78688.765625,75140589684.0
2026-02-03,BTC-USD,Bitcoin,78693.5078125,79118.8515625,72897.140625,75633.546875,68249110822.0
2026-02-04,BTC-USD,Bitcoin,75640.09375,76864.65625,71779.9296875,73019.703125,67215363944.0
2026-02-05,BTC-USD,Bitcoin,73016.375,73161.5546875,62353.53515625,62702.09765625,125509410908.0
2026-02-06,BTC-USD,Bitcoin,62704.453125,71681.3046875,60074.203125,70555.390625,114674259489.0
2026-02-07,BTC-USD,Bitcoin,70553.796875,71611.1484375,67364.4453125,69281.96875,62347107663.0
2026-02-08,BTC-USD,Bitcoin,69283.7265625,72206.90625,68852.8984375,70264.7265625,39721722619.0
2026-02-09,BTC-USD,Bitcoin,70243.328125,71369.96875,68291.03125,70120.78125,52081598792.0
2026-02-10,BTC-USD,Bitcoin,70137.390625,70464.265625,67913.09375,68793.9609375,40593063077.0
2026-02-11,BTC-USD,Bitcoin,68791.859375,69242.6796875,65757.3046875,66991.96875,49671946030.0
2026-02-12,BTC-USD,Bitcoin,66992.1953125,68339.4921875,65092.109375,66221.84375,44651071271.0
2026-02-13,BTC-USD,Bitcoin,66213.375,69382.8359375,65835.78125,68857.84375,40820775886.0
2026-02-14,BTC-USD,Bitcoin,68856.984375,70481.1640625,68706.6171875,69767.625,36012397645.0
2026-02-15,BTC-USD,Bitcoin,69764.953125,70939.2890625,68052.546875,68788.1875,40191152750.0
2026-02-16,BTC-USD,Bitcoin,68782.3984375,70067.234375,67301.5859375,68843.15625,33618145426.0
2026-02-17,BTC-USD,Bitcoin,68843.09375,69201.8671875,66615.28125,67494.21875,34866936040.0
2026-02-18,BTC-USD,Bitcoin,67488.0234375,68434.4296875,65845.8984375,66425.3203125,33094301643.0
2026-02-19,BTC-USD,Bitcoin,66425.625,67277.125,65637.4296875,66957.5234375,31492987019.0
2026-02-20,BTC-USD,Bitcoin,66958.578125,68269.03125,66452.484375,68005.421875,47507867304.0
2026-02-21,BTC-USD,Bitcoin,68000.25,68657.703125,67533.0703125,68003.765625,18357635642.0
2026-02-22,BTC-USD,Bitcoin,67998.828125,68235.2265625,67185.6015625,67659.390625,17893536012.0
2026-02-23,BTC-USD,Bitcoin,67668.4296875,67668.4296875,63924.4375,64616.73828125,50953457309.0
2026-02-24,BTC-USD,Bitcoin,64616.015625,64992.15625,62553.1875,64080.04296875,40849331086.0
2026-02-25,BTC-USD,Bitcoin,64077.76953125,69953.53125,63942.484375,67960.125,53629234355.0
2026-02-26,BTC-USD,Bitcoin,67954.8671875,68843.3515625,66523.734375,67453.7734375,42988597523.0
2026-02-27,BTC-USD,Bitcoin,67456.515625,68220.40625,64946.03515625,65881.796875,40283655942.0
2026-02-28,BTC-USD,Bitcoin,65878.9296875,67714.5234375,63062.21875,66995.859375,42041497112.0
2026-03-01,BTC-USD,Bitcoin,67005.8828125,68162.8203125,65076.73046875,65738.1015625,40733141929.0
2026-03-02,BTC-USD,Bitcoin,65734.078125,70044.0,65303.13671875,68775.8515625,56698092052.0
2026-03-03,BTC-USD,Bitcoin,68785.078125,69232.890625,66237.6171875,68293.6484375,47947999049.0
2026-03-04,BTC-USD,Bitcoin,68290.5625,74051.8046875,67437.40625,72710.578125,75073101274.0
2026-03-05,BTC-USD,Bitcoin,72712.65625,73555.7890625,70654.8828125,70841.125,51172841727.0
2026-03-06,BTC-USD,Bitcoin,70842.15625,71378.5703125,67757.8203125,68136.4921875,43776962871.0
2026-03-07,BTC-USD,Bitcoin,68136.6875,68515.1640625,66969.2578125,67272.59375,23258701211.0
2026-03-08,BTC-USD,Bitcoin,67272.5,68177.7890625,65639.1953125,65969.78125,33195080116.0
2026-03-09,BTC-USD,Bitcoin,65969.5859375,69474.9453125,65858.0078125,68402.3828125,49499875378.0
2026-03-10,BTC-USD,Bitcoin,68402.71875,71770.8984375,68402.71875,69926.921875,54003996096.0
2026-03-11,BTC-USD,Bitcoin,69931.25,71337.6640625,68998.8671875,70204.8828125,45236859848.0
2026-03-12,BTC-USD,Bitcoin,70209.765625,70775.828125,69230.15625,70493.4609375,40871848129.0
2026-03-13,BTC-USD,Bitcoin,70497.046875,73927.328125,70410.7265625,70968.265625,61167226505.0
2026-03-14,BTC-USD,Bitcoin,70965.3828125,71291.203125,70339.5859375,71214.625,22283546496.0
2026-03-15,BTC-USD,Bitcoin,71213.6796875,73173.0078125,70882.421875,72789.9140625,27991268669.0
2026-03-16,BTC-USD,Bitcoin,72798.171875,74901.859375,72300.6328125,74861.0859375,55572438409.0
2026-03-17,BTC-USD,Bitcoin,74855.296875,75988.3984375,73444.2265625,73922.4765625,49500721728.0
2026-03-18,BTC-USD,Bitcoin,73936.8515625,74658.9765625,70503.859375,71245.578125,46229011155.0
2026-03-19,BTC-USD,Bitcoin,71250.3515625,71598.84375,68805.5234375,69912.7890625,44631433398.0
2026-03-20,BTC-USD,Bitcoin,69911.53125,71346.796875,69398.8828125,70522.5859375,38299078407.0
2026-03-21,BTC-USD,Bitcoin,70522.46875,71051.2734375,68602.9140625,68711.5234375,21109354718.0
2026-03-22,BTC-USD,Bitcoin,68737.4453125,69561.7734375,67372.875,67845.2109375,30108051508.0
2026-03-23,BTC-USD,Bitcoin,67843.0,71782.2578125,67458.84375,70914.859375,51508669357.0
2026-03-24,BTC-USD,Bitcoin,70912.671875,71371.3046875,68920.6953125,70517.859375,40181522399.0
2026-03-25,BTC-USD,Bitcoin,70520.046875,71985.7421875,70383.59375,71309.8828125,35409791747.0
2026-03-26,BTC-USD,Bitcoin,71310.1171875,71410.390625,68118.3515625,68791.625,38962070215.0
2026-03-27,BTC-USD,Bitcoin,68790.8359375,69117.53125,65532.5703125,66338.375,46483453594.0
2026-03-28,BTC-USD,Bitcoin,66338.5,67232.859375,65906.7421875,66319.6953125,20924883455.0
2026-03-29,BTC-USD,Bitcoin,66319.6953125,67052.953125,64971.70703125,65954.921875,21645889785.0
2026-03-30,BTC-USD,Bitcoin,65958.3515625,68087.2890625,65759.8046875,66691.4453125,37694994180.0
2026-03-31,BTC-USD,Bitcoin,66694.5859375,68495.2734375,65950.4375,68233.3125,42997691338.0
2026-04-01,BTC-USD,Bitcoin,68232.890625,69230.359375,67555.359375,68078.5546875,36465393617.0
2026-04-02,BTC-USD,Bitcoin,68077.8984375,68633.1484375,65725.2578125,66888.5703125,39323384518.0
2026-04-03,BTC-USD,Bitcoin,66889.015625,67296.234375,66281.5390625,66931.1015625,22815543346.0
2026-04-04,BTC-USD,Bitcoin,66938.6484375,67515.015625,66769.640625,67290.515625,15878814963.0
2026-04-05,BTC-USD,Bitcoin,67291.1953125,69087.65625,66610.6328125,68981.8984375,22972648674.0
2026-04-06,BTC-USD,Bitcoin,68982.9140625,70305.421875,68347.078125,68859.828125,39542143229.0
2026-04-07,BTC-USD,Bitcoin,68859.375,72732.4296875,67740.5078125,71940.703125,44650511480.0
2026-04-08,BTC-USD,Bitcoin,71950.1484375,72825.1875,70707.46875,71123.359375,42444631703.0
2026-04-09,BTC-USD,Bitcoin,71120.5703125,73107.265625,70486.359375,71767.828125,38799581473.0
2026-04-10,BTC-USD,Bitcoin,71774.3671875,73440.1171875,71434.828125,72979.046875,37722595732.0
2026-04-11,BTC-USD,Bitcoin,72976.125,73784.234375,72556.3359375,73054.2734375,23287073965.0
2026-04-12,BTC-USD,Bitcoin,73056.046875,73154.03125,70540.5703125,70753.40625,29882740487.0
2026-04-13,BTC-USD,Bitcoin,70757.6171875,74896.3125,70588.5234375,74484.640625,52278211554.0
2026-04-14,BTC-USD,Bitcoin,74478.3984375,76061.7578125,73877.203125,74181.609375,53540826530.0
2026-04-15,BTC-USD,Bitcoin,74182.0234375,75409.2734375,73549.203125,74805.078125,38090174312.0
2026-04-16,BTC-USD,Bitcoin,74810.875,75506.5703125,73346.265625,75152.1328125,41312783855.0
2026-04-17,BTC-USD,Bitcoin,75164.0390625,78320.6796875,74558.6015625,77126.875,54137194839.0
2026-04-18,BTC-USD,Bitcoin,77136.046875,77416.703125,75504.9453125,75726.2109375,26014416776.0
2026-04-19,BTC-USD,Bitcoin,75723.6953125,76243.09375,73802.3828125,73856.3515625,30931515195.0
2026-04-20,BTC-USD,Bitcoin,73854.25,76575.359375,73775.5703125,75872.5234375,39674447916.0
2026-04-21,BTC-USD,Bitcoin,75872.828125,76881.4765625,74852.671875,76352.7734375,36453522626.0
2026-04-22,BTC-USD,Bitcoin,76354.21875,79468.0,76159.578125,78203.1015625,48336654537.0
2026-04-23,BTC-USD,Bitcoin,78192.984375,78502.90625,77243.7734375,77814.03125,44046958592.0
2025-10-23,CL=F,Crude Oil Futures,59.93999862670898,62.20000076293945,59.63999938964844,61.790000915527344,735186.0
2025-10-24,CL=F,Crude Oil Futures,61.790000915527344,62.59000015258789,61.209999084472656,61.5,373744.0
2025-10-27,CL=F,Crude Oil Futures,61.81999969482422,62.16999816894531,60.66999816894531,61.310001373291016,272191.0
2025-10-28,CL=F,Crude Oil Futures,61.5,61.5,59.7599983215332,60.150001525878906,307568.0
2025-10-29,CL=F,Crude Oil Futures,60.18000030517578,61.02000045776367,59.70000076293945,60.47999954223633,276875.0
2025-10-30,CL=F,Crude Oil Futures,60.38999938964844,60.790000915527344,59.63999938964844,60.56999969482422,247917.0
2025-10-31,CL=F,Crude Oil Futures,60.29999923706055,61.380001068115234,59.9900016784668,60.97999954223633,278598.0
2025-11-03,CL=F,Crude Oil Futures,61.400001525878906,61.5,60.5099983215332,61.04999923706055,0.0
2025-11-04,CL=F,Crude Oil Futures,61.02999877929688,61.02999877929688,59.93999862670898,60.560001373291016,219300.0
2025-11-05,CL=F,Crude Oil Futures,60.43000030517578,61.09000015258789,59.52000045776367,59.59999847412109,292518.0
2025-11-06,CL=F,Crude Oil Futures,59.68000030517578,60.5099983215332,58.83000183105469,59.43000030517578,277768.0
2025-11-07,CL=F,Crude Oil Futures,59.650001525878906,60.459999084472656,59.31999969482422,59.75,259446.0
2025-11-10,CL=F,Crude Oil Futures,59.869998931884766,60.47999954223633,59.40999984741211,60.130001068115234,222879.0
2025-11-11,CL=F,Crude Oil Futures,60.06999969482422,61.27999877929688,59.65999984741211,61.040000915527344,264427.0
2025-11-12,CL=F,Crude Oil Futures,61.04999923706055,61.060001373291016,58.29999923706055,58.4900016784668,329517.0
2025-11-13,CL=F,Crude Oil Futures,58.470001220703125,59.209999084472656,58.119998931884766,58.68999862670898,247349.0
2025-11-14,CL=F,Crude Oil Futures,58.709999084472656,60.650001525878906,58.709999084472656,60.09000015258789,334116.0
2025-11-17,CL=F,Crude Oil Futures,59.79999923706055,60.43999862670898,59.31999969482422,59.90999984741211,189638.0
2025-11-18,CL=F,Crude Oil Futures,59.7400016784668,60.93000030517578,59.310001373291016,60.7400016784668,105325.0
2025-11-19,CL=F,Crude Oil Futures,60.619998931884766,60.790000915527344,58.77000045776367,59.43999862670898,79622.0
2025-11-20,CL=F,Crude Oil Futures,59.630001068115234,60.33000183105469,58.86000061035156,59.13999938964844,324282.0
2025-11-21,CL=F,Crude Oil Futures,58.79999923706055,58.79999923706055,57.380001068115234,58.060001373291016,345014.0
2025-11-24,CL=F,Crude Oil Futures,58.04999923706055,59.060001373291016,57.41999816894531,58.84000015258789,238138.0
2025-11-25,CL=F,Crude Oil Futures,58.88999938964844,58.959999084472656,57.09999847412109,57.95000076293945,334442.0
2025-11-26,CL=F,Crude Oil Futures,58.04999923706055,58.720001220703125,57.65999984741211,58.650001525878906,228285.0
2025-11-28,CL=F,Crude Oil Futures,58.58000183105469,59.63999938964844,58.27000045776367,58.54999923706055,153758.0
2025-12-01,CL=F,Crude Oil Futures,58.959999084472656,59.970001220703125,58.83000183105469,59.31999969482422,232770.0
2025-12-02,CL=F,Crude Oil Futures,59.52000045776367,59.66999816894531,58.27999877929688,58.63999938964844,255513.0
2025-12-03,CL=F,Crude Oil Futures,58.650001525878906,59.63999938964844,58.369998931884766,58.95000076293945,260974.0
2025-12-04,CL=F,Crude Oil Futures,59.09000015258789,60.02000045776367,58.810001373291016,59.66999816894531,264993.0
2025-12-05,CL=F,Crude Oil Futures,59.70000076293945,60.5,59.41999816894531,60.08000183105469,255075.0
2025-12-08,CL=F,Crude Oil Futures,60.150001525878906,60.29999923706055,58.68000030517578,58.880001068115234,263009.0
2025-12-09,CL=F,Crude Oil Futures,58.869998931884766,59.16999816894531,58.119998931884766,58.25,260206.0
2025-12-10,CL=F,Crude Oil Futures,58.369998931884766,59.04999923706055,57.65999984741211,58.459999084472656,256508.0
2025-12-11,CL=F,Crude Oil Futures,58.90999984741211,58.93999862670898,57.0099983215332,57.59999847412109,286808.0
2025-12-12,CL=F,Crude Oil Futures,57.88999938964844,58.18999862670898,57.150001525878906,57.43999862670898,212806.0
2025-12-15,CL=F,Crude Oil Futures,57.5,57.79999923706055,56.400001525878906,56.81999969482422,229310.0
2025-12-16,CL=F,Crude Oil Futures,56.68000030517578,56.70000076293945,54.97999954223633,55.27000045776367,230933.0
2025-12-17,CL=F,Crude Oil Futures,55.22999954223633,56.97999954223633,55.20000076293945,55.93999862670898,125608.0
2025-12-18,CL=F,Crude Oil Futures,56.900001525878906,57.02999877929688,55.880001068115234,56.150001525878906,85735.0
2025-12-19,CL=F,Crude Oil Futures,56.02999877929688,56.900001525878906,55.81999969482422,56.65999984741211,209264.0
2025-12-22,CL=F,Crude Oil Futures,56.630001068115234,58.130001068115234,56.59999847412109,58.0099983215332,221576.0
2025-12-23,CL=F,Crude Oil Futures,57.95000076293945,58.560001373291016,57.7400016784668,58.380001068115234,183633.0
2025-12-24,CL=F,Crude Oil Futures,58.470001220703125,58.75,58.130001068115234,58.34999847412109,111762.0
2025-12-26,CL=F,Crude Oil Futures,58.34999847412109,58.880001068115234,56.650001525878906,56.7400016784668,166669.0
2025-12-29,CL=F,Crude Oil Futures,57.040000915527344,58.29999923706055,56.90999984741211,58.08000183105469,178590.0
2025-12-30,CL=F,Crude Oil Futures,57.810001373291016,58.470001220703125,57.59999847412109,57.95000076293945,143802.0
2025-12-31,CL=F,Crude Oil Futures,57.95000076293945,58.54999923706055,57.20000076293945,57.41999816894531,157160.0
2026-01-02,CL=F,Crude Oil Futures,57.40999984741211,57.93000030517578,56.59999847412109,57.31999969482422,189503.0
2026-01-05,CL=F,Crude Oil Futures,57.470001220703125,58.5099983215332,56.310001373291016,58.31999969482422,301483.0
2026-01-06,CL=F,Crude Oil Futures,58.34000015258789,58.869998931884766,56.84000015258789,57.130001068115234,292067.0
2026-01-07,CL=F,Crude Oil Futures,57.0,57.16999816894531,55.7599983215332,55.9900016784668,383128.0
2026-01-08,CL=F,Crude Oil Futures,56.41999816894531,58.7400016784668,55.970001220703125,57.7599983215332,334134.0
2026-01-09,CL=F,Crude Oil Futures,58.400001525878906,59.77000045776367,57.61000061035156,59.119998931884766,360309.0
2026-01-12,CL=F,Crude Oil Futures,59.0,59.90999984741211,58.45000076293945,59.5,309700.0
2026-01-13,CL=F,Crude Oil Futures,59.95000076293945,61.5,59.470001220703125,61.150001525878906,411190.0
2026-01-14,CL=F,Crude Oil Futures,61.119998931884766,62.36000061035156,59.18999862670898,62.02000045776367,410261.0
2026-01-15,CL=F,Crude Oil Futures,61.060001373291016,61.13999938964844,58.880001068115234,59.18999862670898,113642.0
2026-01-16,CL=F,Crude Oil Futures,59.2599983215332,60.18000030517578,58.93999862670898,59.43999862670898,113794.0
2026-01-20,CL=F,Crude Oil Futures,59.0099983215332,60.68000030517578,58.70000076293945,60.34000015258789,499595.0
2026-01-21,CL=F,Crude Oil Futures,59.56999969482422,60.88999938964844,59.220001220703125,60.619998931884766,333062.0
2026-01-22,CL=F,Crude Oil Futures,60.68000030517578,60.81999969482422,58.959999084472656,59.36000061035156,324349.0
2026-01-23,CL=F,Crude Oil Futures,59.65999984741211,61.36000061035156,59.52000045776367,61.06999969482422,283419.0
2026-01-26,CL=F,Crude Oil Futures,61.220001220703125,61.709999084472656,60.31999969482422,60.630001068115234,281062.0
2026-01-27,CL=F,Crude Oil Futures,60.77999877929688,62.630001068115234,60.13999938964844,62.38999938964844,360208.0
2026-01-28,CL=F,Crude Oil Futures,62.58000183105469,63.56999969482422,62.06999969482422,63.209999084472656,354864.0
2026-01-29,CL=F,Crude Oil Futures,63.5,66.4800033569336,63.27999877929688,65.41999816894531,560007.0
2026-01-30,CL=F,Crude Oil Futures,65.5199966430664,66.11000061035156,63.63999938964844,65.20999908447266,449325.0
2026-02-02,CL=F,Crude Oil Futures,64.72000122070312,64.73999786376953,61.38999938964844,62.13999938964844,414083.0
2026-02-03,CL=F,Crude Oil Futures,62.27999877929688,64.20999908447266,61.119998931884766,63.209999084472656,381144.0
2026-02-04,CL=F,Crude Oil Futures,63.79999923706055,65.52999877929688,62.86000061035156,65.13999938964844,446588.0
2026-02-05,CL=F,Crude Oil Futures,64.48999786376953,64.66999816894531,62.650001525878906,63.290000915527344,389763.0
2026-02-06,CL=F,Crude Oil Futures,63.09999847412109,64.58000183105469,62.20000076293945,63.54999923706055,448924.0
2026-02-09,CL=F,Crude Oil Futures,62.9900016784668,64.87999725341797,62.619998931884766,64.36000061035156,298005.0
2026-02-10,CL=F,Crude Oil Futures,64.44000244140625,64.70999908447266,63.650001525878906,63.959999084472656,276292.0
2026-02-11,CL=F,Crude Oil Futures,64.19999694824219,65.83000183105469,64.1500015258789,64.62999725341797,340194.0
2026-02-12,CL=F,Crude Oil Futures,64.87000274658203,65.0999984741211,62.38999938964844,62.84000015258789,369303.0
2026-02-13,CL=F,Crude Oil Futures,62.9900016784668,63.2599983215332,62.13999938964844,62.88999938964844,255793.0
2026-02-17,CL=F,Crude Oil Futures,63.29999923706055,64.13999938964844,61.869998931884766,62.33000183105469,328727.0
2026-02-18,CL=F,Crude Oil Futures,62.29999923706055,65.55999755859375,62.119998931884766,65.19000244140625,115379.0
2026-02-19,CL=F,Crude Oil Futures,65.0999984741211,66.9000015258789,64.87999725341797,66.43000030517578,113408.0
2026-02-20,CL=F,Crude Oil Futures,66.66999816894531,67.05000305175781,65.94000244140625,66.38999938964844,351351.0
2026-02-23,CL=F,Crude Oil Futures,65.88999938964844,67.27999877929688,65.37999725341797,66.30999755859375,270365.0
2026-02-24,CL=F,Crude Oil Futures,66.30999755859375,67.1500015258789,65.55000305175781,65.62999725341797,312124.0
2026-02-25,CL=F,Crude Oil Futures,66.06999969482422,66.5999984741211,65.12000274658203,65.41999816894531,306780.0
2026-02-26,CL=F,Crude Oil Futures,65.6500015258789,66.70999908447266,63.59999847412109,65.20999908447266,498542.0
2026-02-27,CL=F,Crude Oil Futures,65.3499984741211,67.83000183105469,64.8499984741211,67.0199966430664,437053.0
2026-03-02,CL=F,Crude Oil Futures,75.0,75.33000183105469,69.19999694824219,71.2300033569336,881329.0
2026-03-03,CL=F,Crude Oil Futures,71.2300033569336,77.9800033569336,70.41000366210938,74.55999755859375,1009753.0
2026-03-04,CL=F,Crude Oil Futures,74.73999786376953,77.2300033569336,73.27999877929688,74.66000366210938,617822.0
2026-03-05,CL=F,Crude Oil Futures,76.1500015258789,82.16000366210938,74.97000122070312,81.01000213623047,707030.0
2026-03-06,CL=F,Crude Oil Futures,79.08000183105469,92.61000061035156,78.23999786376953,90.9000015258789,996251.0
2026-03-09,CL=F,Crude Oil Futures,98.0,119.4800033569336,81.19000244140625,94.7699966430664,1107193.0
2026-03-10,CL=F,Crude Oil Futures,85.75,91.4800033569336,76.7300033569336,83.44999694824219,801564.0
2026-03-11,CL=F,Crude Oil Futures,86.88999938964844,88.98999786376953,81.79000091552734,87.25,538020.0
2026-03-12,CL=F,Crude Oil Futures,89.31999969482422,97.19000244140624,88.61000061035156,95.7300033569336,548999.0
2026-03-13,CL=F,Crude Oil Futures,96.73999786376952,99.31999969482422,92.04000091552734,98.70999908447266,436700.0
2026-03-16,CL=F,Crude Oil Futures,100.93000030517578,102.44000244140624,92.93000030517578,93.5,455454.0
2026-03-17,CL=F,Crude Oil Futures,94.41000366210938,98.41999816894533,93.83000183105467,96.20999908447266,308425.0
2026-03-18,CL=F,Crude Oil Futures,96.0,100.5500030517578,91.95999908447266,96.31999969482422,157222.0
2026-03-19,CL=F,Crude Oil Futures,99.12999725341795,101.4800033569336,92.8000030517578,96.13999938964844,118719.0
2026-03-20,CL=F,Crude Oil Futures,95.0,99.66999816894533,93.41999816894533,98.31999969482422,461845.0
2026-03-23,CL=F,Crude Oil Futures,100.51000213623048,101.66999816894533,84.37000274658203,88.12999725341797,666790.0
2026-03-24,CL=F,Crude Oil Futures,88.77999877929688,93.36000061035156,86.33999633789062,92.3499984741211,420067.0
2026-03-25,CL=F,Crude Oil Futures,88.48999786376953,91.7300033569336,86.45999908447266,90.31999969482422,405170.0
2026-03-26,CL=F,Crude Oil Futures,91.37999725341795,95.44000244140624,89.51000213623047,94.4800033569336,350768.0
2026-03-27,CL=F,Crude Oil Futures,93.30999755859376,101.23999786376952,92.08000183105467,99.63999938964844,374920.0
2026-03-30,CL=F,Crude Oil Futures,102.5999984741211,105.36000061035156,99.43000030517578,102.87999725341795,374075.0
2026-03-31,CL=F,Crude Oil Futures,105.06999969482422,106.86000061035156,99.62000274658205,101.37999725341795,495395.0
2026-04-01,CL=F,Crude Oil Futures,101.72000122070312,103.30999755859376,96.5,100.12000274658205,434561.0
2026-04-02,CL=F,Crude Oil Futures,98.91999816894533,113.97000122070312,97.5,111.54000091552734,0.0
2026-04-06,CL=F,Crude Oil Futures,112.95999908447266,115.4800033569336,108.88999938964844,112.41000366210938,271742.0
2026-04-07,CL=F,Crude Oil Futures,112.62000274658205,117.62999725341795,109.1999969482422,112.9499969482422,429331.0
2026-04-08,CL=F,Crude Oil Futures,108.73999786376952,109.19000244140624,91.0500030517578,94.41000366210938,599576.0
2026-04-09,CL=F,Crude Oil Futures,96.77999877929688,102.6999969482422,95.25,97.87000274658205,427201.0
2026-04-10,CL=F,Crude Oil Futures,98.2300033569336,100.41999816894533,95.51000213623048,96.56999969482422,314855.0
2026-04-13,CL=F,Crude Oil Futures,102.0,105.62999725341795,97.02999877929688,99.08000183105467,344337.0
2026-04-14,CL=F,Crude Oil Futures,97.98999786376952,98.0,91.05999755859376,91.27999877929688,315821.0
2026-04-15,CL=F,Crude Oil Futures,92.0199966430664,93.3000030517578,86.95999908447266,91.29000091552734,240397.0
2026-04-16,CL=F,Crude Oil Futures,91.47000122070312,95.44000244140624,90.5199966430664,94.69000244140624,194354.0
2026-04-17,CL=F,Crude Oil Futures,93.18000030517578,94.04000091552734,80.55999755859375,83.8499984741211,116624.0
2026-04-20,CL=F,Crude Oil Futures,89.0,91.1999969482422,87.0199966430664,89.61000061035156,115578.0
2026-04-21,CL=F,Crude Oil Futures,87.88999938964844,94.4499969482422,87.76000213623047,92.12999725341795,383596.0
2026-04-22,CL=F,Crude Oil Futures,90.0,93.7300033569336,87.63999938964844,92.95999908447266,383596.0
2026-04-23,CL=F,Crude Oil Futures,92.9000015258789,97.22000122070312,92.3000030517578,92.81999969482422,109835.0
2025-10-23,ETH-USD,Ethereum,3808.0849609375,3930.974853515625,3801.241455078125,3856.0263671875,36361652714.0
2025-10-24,ETH-USD,Ethereum,3856.033203125,4002.561767578125,3849.724853515625,3934.5673828125,34090708715.0
2025-10-25,ETH-USD,Ethereum,3934.489990234375,3967.6455078125,3914.640625,3953.470947265625,15245229017.0
2025-10-26,ETH-USD,Ethereum,3953.437255859375,4177.310546875,3923.192626953125,4157.9892578125,29120786315.0
2025-10-27,ETH-USD,Ethereum,4158.0107421875,4250.669921875,4099.56982421875,4120.1220703125,40271333201.0
2025-10-28,ETH-USD,Ethereum,4120.27490234375,4173.50537109375,3940.834228515625,3982.262451171875,39684155177.0
2025-10-29,ETH-USD,Ethereum,3980.759033203125,4036.35302734375,3849.538818359375,3903.35302734375,35255876156.0
2025-10-30,ETH-USD,Ethereum,3903.322509765625,3948.22265625,3681.909423828125,3804.375244140625,39981939289.0
2025-10-31,ETH-USD,Ethereum,3805.082763671875,3900.580322265625,3797.669189453125,3847.080322265625,37800100395.0
2025-11-01,ETH-USD,Ethereum,3847.17138671875,3906.7802734375,3832.634765625,3874.18798828125,17490279524.0
2025-11-02,ETH-USD,Ethereum,3873.894287109375,3914.87548828125,3839.997314453125,3911.063232421875,20479611654.0
2025-11-03,ETH-USD,Ethereum,3911.747802734375,3912.63330078125,3560.263671875,3602.30810546875,53091469560.0
2025-11-04,ETH-USD,Ethereum,3602.040771484375,3652.687255859375,3063.0869140625,3292.574462890625,76827517773.0
2025-11-05,ETH-USD,Ethereum,3292.148193359375,3479.8095703125,3170.513916015625,3425.171142578125,46955882330.0
2025-11-06,ETH-USD,Ethereum,3425.361083984375,3454.3359375,3245.28173828125,3312.2578125,36731850433.0
2025-11-07,ETH-USD,Ethereum,3312.029296875,3471.804931640625,3195.896728515625,3435.301025390625,42609994022.0
2025-11-08,ETH-USD,Ethereum,3435.1474609375,3482.268310546875,3357.713134765625,3400.3759765625,23613870398.0
2025-11-09,ETH-USD,Ethereum,3400.0986328125,3616.43701171875,3359.717529296875,3582.621337890625,28821543888.0
2025-11-10,ETH-USD,Ethereum,3583.44482421875,3656.14892578125,3508.98583984375,3568.4599609375,35638045619.0
2025-11-11,ETH-USD,Ethereum,3568.47265625,3644.5283203125,3404.86181640625,3415.2822265625,39734688531.0
2025-11-12,ETH-USD,Ethereum,3415.7958984375,3586.013916015625,3373.711669921875,3413.09423828125,34898956623.0
2025-11-13,ETH-USD,Ethereum,3412.994873046875,3561.86083984375,3156.03076171875,3232.757080078125,50283416669.0
2025-11-14,ETH-USD,Ethereum,3232.295166015625,3252.660888671875,3071.970703125,3103.78564453125,47003809463.0
2025-11-15,ETH-USD,Ethereum,3104.230224609375,3227.690185546875,3104.230224609375,3166.63134765625,19932940649.0
2025-11-16,ETH-USD,Ethereum,3166.79345703125,3244.837646484375,3007.07275390625,3092.847412109375,30987886524.0
2025-11-17,ETH-USD,Ethereum,3092.941650390625,3218.13037109375,2957.3095703125,3024.538818359375,41026793235.0
2025-11-18,ETH-USD,Ethereum,3024.4140625,3167.9326171875,2948.329345703125,3122.97900390625,41581494270.0
2025-11-19,ETH-USD,Ethereum,3122.64599609375,3122.64599609375,2871.22802734375,3023.07080078125,40229739844.0
2025-11-20,ETH-USD,Ethereum,3022.885498046875,3057.78857421875,2790.597900390625,2831.777587890625,43917885207.0
2025-11-21,ETH-USD,Ethereum,2829.2646484375,2880.60302734375,2626.87158203125,2765.69921875,51476486049.0
2025-11-22,ETH-USD,Ethereum,2766.090576171875,2795.4267578125,2704.502197265625,2767.607421875,15408928941.0
2025-11-23,ETH-USD,Ethereum,2767.594970703125,2856.446533203125,2767.472900390625,2801.676025390625,20358404499.0
2025-11-24,ETH-USD,Ethereum,2801.204345703125,2982.822021484375,2763.3779296875,2952.71337890625,32491657389.0
2025-11-25,ETH-USD,Ethereum,2952.58447265625,2978.704345703125,2857.8359375,2957.936279296875,23336017779.0
2025-11-26,ETH-USD,Ethereum,2958.32958984375,3043.927001953125,2889.890625,3027.81201171875,21433162961.0
2025-11-27,ETH-USD,Ethereum,3027.799072265625,3070.73193359375,2987.19775390625,3014.542236328125,16972780500.0
2025-11-28,ETH-USD,Ethereum,3014.543701171875,3095.033203125,2995.76513671875,3032.304443359375,20659958964.0
2025-11-29,ETH-USD,Ethereum,3032.29541015625,3051.962890625,2966.850830078125,2991.685302734375,12775481230.0
2025-11-30,ETH-USD,Ethereum,2991.375244140625,3051.597900390625,2978.826171875,2992.112548828125,11530446514.0
2025-12-01,ETH-USD,Ethereum,2991.923095703125,2996.8818359375,2720.4365234375,2800.18896484375,36679598313.0
2025-12-02,ETH-USD,Ethereum,2800.22314453125,3032.76123046875,2784.390625,2997.939697265625,26593645111.0
2025-12-03,ETH-USD,Ethereum,2997.801513671875,3212.559814453125,2988.14208984375,3191.57177734375,29949301036.0
2025-12-04,ETH-USD,Ethereum,3188.343505859375,3238.555419921875,3071.31005859375,3134.31640625,27434991113.0
2025-12-05,ETH-USD,Ethereum,3134.357421875,3192.45703125,2989.83154296875,3024.432861328125,28000268228.0
2025-12-06,ETH-USD,Ethereum,3024.487548828125,3067.661376953125,3013.98193359375,3040.207763671875,10962819760.0
2025-12-07,ETH-USD,Ethereum,3040.17919921875,3148.7734375,2930.645263671875,3061.3017578125,20383496376.0
2025-12-08,ETH-USD,Ethereum,3061.013671875,3177.86767578125,3043.703857421875,3125.197998046875,25262165670.0
2025-12-09,ETH-USD,Ethereum,3124.942626953125,3395.838623046875,3092.87646484375,3321.114990234375,32012553374.0
2025-12-10,ETH-USD,Ethereum,3321.2041015625,3446.622802734375,3290.14697265625,3325.39013671875,30694387989.0
2025-12-11,ETH-USD,Ethereum,3324.38671875,3327.344482421875,3149.034423828125,3237.056884765625,29066243707.0
2025-12-12,ETH-USD,Ethereum,3237.025634765625,3265.37255859375,3050.267333984375,3084.172607421875,24391003174.0
2025-12-13,ETH-USD,Ethereum,3084.129638671875,3134.849365234375,3080.07861328125,3116.6953125,9916869400.0
2025-12-14,ETH-USD,Ethereum,3116.743896484375,3128.622802734375,3034.692626953125,3060.5947265625,15619543350.0
2025-12-15,ETH-USD,Ethereum,3060.4814453125,3175.1181640625,2899.685791015625,2964.18310546875,28765976892.0
2025-12-16,ETH-USD,Ethereum,2964.379638671875,2978.92138671875,2890.01171875,2964.180908203125,22709189818.0
2025-12-17,ETH-USD,Ethereum,2964.01953125,3025.8154296875,2791.333984375,2831.403564453125,26159825528.0
2025-12-18,ETH-USD,Ethereum,2831.48828125,2994.552734375,2777.11962890625,2827.069091796875,29194181349.0
2025-12-19,ETH-USD,Ethereum,2827.410400390625,3014.6123046875,2811.3916015625,2977.970703125,27870687989.0
2025-12-20,ETH-USD,Ethereum,2977.869140625,2992.31005859375,2967.838623046875,2977.58251953125,7612418215.0
2025-12-21,ETH-USD,Ethereum,2977.508544921875,3009.80712890625,2945.394775390625,3001.61376953125,11178096676.0
2025-12-22,ETH-USD,Ethereum,3001.61279296875,3073.353759765625,2965.175048828125,3006.07373046875,20342034264.0
2025-12-23,ETH-USD,Ethereum,3006.073974609375,3033.1962890625,2902.3330078125,2963.3740234375,21453213168.0
2025-12-24,ETH-USD,Ethereum,2962.922607421875,2975.171142578125,2888.988037109375,2945.590576171875,13984770325.0
2025-12-25,ETH-USD,Ethereum,2945.423095703125,2968.705078125,2891.10888671875,2903.57958984375,11828871179.0
2025-12-26,ETH-USD,Ethereum,2903.625,2991.219970703125,2894.15380859375,2925.74560546875,18562196049.0
2025-12-27,ETH-USD,Ethereum,2925.7451171875,2957.300537109375,2917.271240234375,2947.998291015625,7378783299.0
2025-12-28,ETH-USD,Ethereum,2947.898193359375,2957.138671875,2925.745361328125,2948.568115234375,9227601389.0
2025-12-29,ETH-USD,Ethereum,2948.55908203125,3051.94189453125,2908.748046875,2934.538330078125,25957694515.0
2025-12-30,ETH-USD,Ethereum,2934.416259765625,3002.8046875,2916.330078125,2971.416748046875,18816704381.0
2025-12-31,ETH-USD,Ethereum,2971.407470703125,3021.849609375,2959.143798828125,2967.03759765625,16451891101.0
2026-01-01,ETH-USD,Ethereum,2966.997314453125,3006.01025390625,2966.84521484375,3000.394287109375,10268796662.0
2026-01-02,ETH-USD,Ethereum,3000.453125,3146.984375,2989.9013671875,3124.422607421875,25242778003.0
2026-01-03,ETH-USD,Ethereum,3124.310302734375,3135.025634765625,3077.4658203125,3125.91748046875,11460707919.0
2026-01-04,ETH-USD,Ethereum,3125.960205078125,3160.551025390625,3119.427490234375,3140.71044921875,13890479323.0
2026-01-05,ETH-USD,Ethereum,3141.486328125,3261.245849609375,3134.0927734375,3226.13037109375,27211995956.0
2026-01-06,ETH-USD,Ethereum,3226.116455078125,3303.5634765625,3184.0146484375,3295.94677734375,27853981622.0
2026-01-07,ETH-USD,Ethereum,3295.91259765625,3296.394287109375,3126.552001953125,3166.843994140625,22665982583.0
2026-01-08,ETH-USD,Ethereum,3166.924072265625,3179.866455078125,3052.509765625,3104.382568359375,22760237888.0
2026-01-09,ETH-USD,Ethereum,3104.334716796875,3140.709228515625,3058.096923828125,3083.047119140625,18879517395.0
2026-01-10,ETH-USD,Ethereum,3083.16650390625,3099.16748046875,3075.135498046875,3082.39599609375,6960662969.0
2026-01-11,ETH-USD,Ethereum,3082.407470703125,3141.9580078125,3080.747802734375,3118.88525390625,10497219711.0
2026-01-12,ETH-USD,Ethereum,3118.828857421875,3166.219970703125,3068.07275390625,3092.3251953125,21152711365.0
2026-01-13,ETH-USD,Ethereum,3092.008544921875,3352.580078125,3088.512939453125,3322.095458984375,27237310134.0
2026-01-14,ETH-USD,Ethereum,3322.192138671875,3397.897705078125,3280.378662109375,3354.72265625,33926411912.0
2026-01-15,ETH-USD,Ethereum,3354.765869140625,3382.44873046875,3276.820068359375,3317.101318359375,27598686935.0
2026-01-16,ETH-USD,Ethereum,3317.341796875,3325.25048828125,3251.814453125,3295.482177734375,22732887284.0
2026-01-17,ETH-USD,Ethereum,3295.482666015625,3328.283447265625,3282.661865234375,3308.8642578125,11206492253.0
2026-01-18,ETH-USD,Ethereum,3308.90576171875,3367.167724609375,3278.4267578125,3281.15771484375,13557863288.0
2026-01-19,ETH-USD,Ethereum,3282.19921875,3282.65478515625,3166.0166015625,3186.62109375,27956112545.0
2026-01-20,ETH-USD,Ethereum,3186.62109375,3197.391845703125,2925.54345703125,2935.605712890625,32985301273.0
2026-01-21,ETH-USD,Ethereum,2935.882080078125,3064.390625,2867.264404296875,2978.901123046875,35797876195.0
2026-01-22,ETH-USD,Ethereum,2979.307861328125,3034.338134765625,2905.562744140625,2949.63330078125,21993593333.0
2026-01-23,ETH-USD,Ethereum,2949.44580078125,3013.9541015625,2892.52099609375,2953.25634765625,22417700837.0
2026-01-24,ETH-USD,Ethereum,2953.23828125,2965.46875,2942.444580078125,2948.74072265625,8198666763.0
2026-01-25,ETH-USD,Ethereum,2948.534423828125,2955.016845703125,2785.896728515625,2815.90234375,22414089670.0
2026-01-26,ETH-USD,Ethereum,2815.768798828125,2945.99755859375,2811.074951171875,2926.45703125,29668620102.0
2026-01-27,ETH-USD,Ethereum,2926.201171875,3031.03857421875,2898.3115234375,3022.2109375,27976005223.0
2026-01-28,ETH-USD,Ethereum,3022.237548828125,3040.718505859375,2981.589599609375,3006.607421875,21751566455.0
2026-01-29,ETH-USD,Ethereum,3006.26171875,3008.03759765625,2751.64501953125,2818.232666015625,37487198041.0
2026-01-30,ETH-USD,Ethereum,2818.135498046875,2823.91455078125,2633.8388671875,2702.375244140625,41877689970.0
2026-01-31,ETH-USD,Ethereum,2702.301513671875,2709.53369140625,2248.69873046875,2445.091796875,47569532203.0
2026-02-01,ETH-USD,Ethereum,2445.0693359375,2472.646240234375,2224.117919921875,2267.96484375,40358630560.0
2026-02-02,ETH-USD,Ethereum,2267.5625,2393.0634765625,2158.937255859375,2344.356689453125,48844346396.0
2026-02-03,ETH-USD,Ethereum,2344.44580078125,2357.2060546875,2109.05517578125,2227.558837890625,47906083919.0
2026-02-04,ETH-USD,Ethereum,2227.967041015625,2291.13134765625,2074.102783203125,2143.504150390625,45219604814.0
2026-02-05,ETH-USD,Ethereum,2143.618896484375,2167.139892578125,1818.664306640625,1821.68310546875,60381662655.0
2026-02-06,ETH-USD,Ethereum,1821.12939453125,2090.328125,1748.627685546875,2063.386962890625,64998454203.0
2026-02-07,ETH-USD,Ethereum,2063.333740234375,2115.824951171875,1995.9185791015625,2090.54931640625,41145430304.0
2026-02-08,ETH-USD,Ethereum,2090.633544921875,2148.12060546875,2066.3837890625,2088.762939453125,19541713443.0
2026-02-09,ETH-USD,Ethereum,2087.92138671875,2144.97607421875,2008.3623046875,2103.567626953125,26750982266.0
2026-02-10,ETH-USD,Ethereum,2104.181884765625,2122.021484375,1990.1405029296875,2019.4974365234373,23267337087.0
2026-02-11,ETH-USD,Ethereum,2019.580078125,2030.409423828125,1903.6851806640625,1940.621337890625,23922680362.0
2026-02-12,ETH-USD,Ethereum,1940.8411865234373,1999.5028076171875,1897.3348388671875,1946.940673828125,20106364835.0
2026-02-13,ETH-USD,Ethereum,1946.6107177734373,2069.456787109375,1924.136962890625,2048.52734375,20412430639.0
2026-02-14,ETH-USD,Ethereum,2048.330322265625,2105.067626953125,2042.6414794921875,2086.009765625,16925555543.0
2026-02-15,ETH-USD,Ethereum,2085.95361328125,2100.47900390625,1929.3944091796875,1966.04296875,31030538835.0
2026-02-16,ETH-USD,Ethereum,1965.9232177734373,2021.0836181640625,1938.5450439453125,1997.917724609375,19219250473.0
2026-02-17,ETH-USD,Ethereum,1997.9217529296875,2013.8560791015625,1941.7789306640625,1992.1943359375,20929890501.0
2026-02-18,ETH-USD,Ethereum,1992.195068359375,2037.1585693359373,1923.8134765625,1953.97412109375,20187307041.0
2026-02-19,ETH-USD,Ethereum,1953.994140625,1985.8076171875,1906.822021484375,1948.2010498046875,17380103826.0
2026-02-20,ETH-USD,Ethereum,1948.268798828125,1980.2437744140625,1923.622802734375,1969.0223388671875,21682976627.0
2026-02-21,ETH-USD,Ethereum,1968.86181640625,1994.8277587890625,1955.794189453125,1973.7371826171875,11561261802.0
2026-02-22,ETH-USD,Ethereum,1973.57080078125,1982.2142333984373,1934.8607177734373,1957.805908203125,9488829492.0
2026-02-23,ETH-USD,Ethereum,1958.1396484375,1958.1396484375,1838.0416259765625,1855.5028076171875,23731172668.0
2026-02-24,ETH-USD,Ethereum,1855.4727783203125,1868.3206787109373,1804.1136474609373,1852.969482421875,18475122228.0
2026-02-25,ETH-USD,Ethereum,1852.87548828125,2145.506103515625,1847.05419921875,2054.6279296875,27717195805.0
2026-02-26,ETH-USD,Ethereum,2053.78271484375,2082.78662109375,1976.3575439453125,2026.7926025390625,23327720766.0
2026-02-27,ETH-USD,Ethereum,2026.735107421875,2062.627197265625,1888.6287841796875,1930.7618408203125,21136821039.0
2026-02-28,ETH-USD,Ethereum,1930.7469482421875,1983.9927978515625,1837.303466796875,1965.050537109375,21675923669.0
2026-03-01,ETH-USD,Ethereum,1965.3902587890625,2053.28564453125,1909.098388671875,1939.066650390625,23649071468.0
2026-03-02,ETH-USD,Ethereum,1939.0587158203125,2085.427978515625,1922.4390869140625,2027.2689208984373,26235436166.0
2026-03-03,ETH-USD,Ethereum,2027.407958984375,2040.7916259765625,1930.4029541015625,1982.7689208984373,24100196312.0
2026-03-04,ETH-USD,Ethereum,1982.711181640625,2198.65673828125,1946.0396728515625,2126.50537109375,33610946768.0
2026-03-05,ETH-USD,Ethereum,2126.560546875,2163.0361328125,2056.01904296875,2071.60546875,22383576284.0
2026-03-06,ETH-USD,Ethereum,2072.025634765625,2092.51513671875,1957.0150146484373,1978.751220703125,19733648079.0
2026-03-07,ETH-USD,Ethereum,1978.6905517578125,1994.9705810546875,1950.0224609375,1969.4554443359373,10236899078.0
2026-03-08,ETH-USD,Ethereum,1969.4522705078125,1978.7071533203125,1915.301025390625,1936.604736328125,16314032554.0
2026-03-09,ETH-USD,Ethereum,1936.637451171875,2052.327392578125,1930.59912109375,1992.938232421875,24015826480.0
2026-03-10,ETH-USD,Ethereum,1992.986083984375,2087.9853515625,1992.01416015625,2037.1204833984373,23552353781.0
2026-03-11,ETH-USD,Ethereum,2037.1212158203125,2085.286376953125,2008.0386962890625,2051.5732421875,19031715359.0
2026-03-12,ETH-USD,Ethereum,2051.7666015625,2094.32568359375,2019.27783203125,2073.13623046875,20624954899.0
2026-03-13,ETH-USD,Ethereum,2073.289306640625,2206.813232421875,2071.582275390625,2092.5634765625,29345212033.0
2026-03-14,ETH-USD,Ethereum,2092.558349609375,2105.5712890625,2062.659423828125,2097.086669921875,10073411269.0
2026-03-15,ETH-USD,Ethereum,2096.880859375,2201.95556640625,2084.20947265625,2177.476318359375,15333885132.0
2026-03-16,ETH-USD,Ethereum,2177.782958984375,2384.466552734375,2166.00244140625,2351.176025390625,38938369545.0
2026-03-17,ETH-USD,Ethereum,2351.134765625,2375.455078125,2297.668701171875,2318.053466796875,26737564550.0
2026-03-18,ETH-USD,Ethereum,2318.556884765625,2348.904296875,2154.584228515625,2203.671630859375,25617966362.0
2026-03-19,ETH-USD,Ethereum,2203.478759765625,2232.203857421875,2099.88916015625,2137.423828125,24090913749.0
2026-03-20,ETH-USD,Ethereum,2137.394287109375,2175.699462890625,2117.276123046875,2146.4970703125,17970488517.0
2026-03-21,ETH-USD,Ethereum,2146.7099609375,2166.7158203125,2072.38330078125,2076.68994140625,8654913047.0
2026-03-22,ETH-USD,Ethereum,2077.201171875,2125.9765625,2027.0478515625,2053.04833984375,16438149794.0
2026-03-23,ETH-USD,Ethereum,2052.953125,2195.99169921875,2023.2718505859373,2152.14599609375,28509077302.0
2026-03-24,ETH-USD,Ethereum,2152.114501953125,2174.325927734375,2103.3828125,2155.704345703125,18389631713.0
2026-03-25,ETH-USD,Ethereum,2155.719482421875,2198.369873046875,2146.6162109375,2168.021484375,17086301657.0
2026-03-26,ETH-USD,Ethereum,2168.02880859375,2171.156982421875,2033.7310791015625,2059.578369140625,18628112246.0
2026-03-27,ETH-USD,Ethereum,2059.44873046875,2075.17041015625,1971.5067138671875,1991.27197265625,19453998121.0
2026-03-28,ETH-USD,Ethereum,1991.283447265625,2038.7030029296875,1982.1300048828125,1992.694580078125,8641221084.0
2026-03-29,ETH-USD,Ethereum,1992.69384765625,2016.545166015625,1939.5286865234373,1982.5596923828125,9451184647.0
2026-03-30,ETH-USD,Ethereum,1982.5506591796875,2082.064697265625,1979.076904296875,2023.514892578125,17840662425.0
2026-03-31,ETH-USD,Ethereum,2023.5206298828125,2118.796875,2011.7952880859373,2104.708251953125,21278561395.0
2026-04-01,ETH-USD,Ethereum,2104.717529296875,2165.666259765625,2082.291748046875,2138.737060546875,19542997434.0
2026-04-02,ETH-USD,Ethereum,2138.7236328125,2158.15771484375,2016.989990234375,2056.8525390625,18847170816.0
2026-04-03,ETH-USD,Ethereum,2056.704833984375,2075.764404296875,2042.176025390625,2053.38525390625,9609678843.0
2026-04-04,ETH-USD,Ethereum,2053.58447265625,2082.00244140625,2044.87158203125,2065.3515625,6926913517.0
2026-04-05,ETH-USD,Ethereum,2065.37060546875,2120.49951171875,2022.6453857421875,2108.99560546875,9928800793.0
2026-04-06,ETH-USD,Ethereum,2108.935791015625,2172.985107421875,2089.10009765625,2107.761474609375,19097527675.0
2026-04-07,ETH-USD,Ethereum,2107.784912109375,2270.594970703125,2061.467529296875,2241.806640625,22588914083.0
2026-04-08,ETH-USD,Ethereum,2242.276611328125,2269.8798828125,2181.231201171875,2190.33544921875,21469476310.0
2026-04-09,ETH-USD,Ethereum,2190.33251953125,2243.972900390625,2158.017578125,2189.14404296875,17218638798.0
2026-04-10,ETH-USD,Ethereum,2189.380859375,2257.18408203125,2176.851318359375,2245.148681640625,17131968712.0
2026-04-11,ETH-USD,Ethereum,2245.1044921875,2327.457763671875,2230.751953125,2285.39013671875,12620960384.0
2026-04-12,ETH-USD,Ethereum,2285.43017578125,2288.448486328125,2177.485595703125,2192.201171875,15307071617.0
2026-04-13,ETH-USD,Ethereum,2192.33154296875,2393.759033203125,2176.32470703125,2370.71484375,23709131572.0
2026-04-14,ETH-USD,Ethereum,2370.314453125,2415.52734375,2304.412353515625,2323.30859375,25185167270.0
2026-04-15,ETH-USD,Ethereum,2323.34326171875,2384.999267578125,2310.70703125,2359.43701171875,17004367348.0
2026-04-16,ETH-USD,Ethereum,2359.70458984375,2369.17236328125,2285.7099609375,2348.64501953125,20602833116.0
2026-04-17,ETH-USD,Ethereum,2348.85498046875,2464.783447265625,2318.141845703125,2421.07177734375,26467618336.0
2026-04-18,ETH-USD,Ethereum,2421.102294921875,2427.278076171875,2341.125732421875,2351.1005859375,14400085617.0
2026-04-19,ETH-USD,Ethereum,2350.86181640625,2355.783203125,2254.697509765625,2264.9169921875,17083701612.0
2026-04-20,ETH-USD,Ethereum,2264.87353515625,2346.2734375,2262.052978515625,2315.21240234375,19084768822.0
2026-04-21,ETH-USD,Ethereum,2315.178466796875,2338.012451171875,2287.3798828125,2327.970458984375,16107716719.0
2026-04-22,ETH-USD,Ethereum,2327.96484375,2422.8603515625,2314.590087890625,2376.088134765625,22465555335.0
2026-04-23,ETH-USD,Ethereum,2375.115478515625,2378.58349609375,2308.963134765625,2332.159912109375,21465948160.0
2025-10-23,EURUSD=X,EUR/USD,1.1608469486236572,1.1621150970458984,1.1586410999298096,1.1608469486236572,0.0
2025-10-24,EURUSD=X,EUR/USD,1.1618045568466189,1.164768099784851,1.1601735353469849,1.1618045568466189,0.0
2025-10-27,EURUSD=X,EUR/USD,1.1631693840026855,1.164958119392395,1.1618720293045044,1.1631693840026855,0.0
2025-10-28,EURUSD=X,EUR/USD,1.165175199508667,1.1668611764907837,1.1627906560897827,1.165175199508667,0.0
2025-10-29,EURUSD=X,EUR/USD,1.1657865047454834,1.1665889024734497,1.1619800329208374,1.1657865047454834,0.0
2025-10-30,EURUSD=X,EUR/USD,1.1603351831436155,1.1634671688079834,1.1547610759735107,1.1603351831436155,0.0
2025-10-31,EURUSD=X,EUR/USD,1.157246708869934,1.1577826738357544,1.152379035949707,1.157246708869934,0.0
2025-11-03,EURUSD=X,EUR/USD,1.152804255485535,1.1542012691497805,1.1506155729293823,1.152804255485535,0.0
2025-11-04,EURUSD=X,EUR/USD,1.1519144773483276,1.1532961130142212,1.1473548412322998,1.1519144773483276,0.0
2025-11-05,EURUSD=X,EUR/USD,1.1485539674758911,1.149795413017273,1.1470125913619995,1.1485539674758911,0.0
2025-11-06,EURUSD=X,EUR/USD,1.1496764421463013,1.154294490814209,1.149385690689087,1.1496764421463013,0.0
2025-11-07,EURUSD=X,EUR/USD,1.1549211740493774,1.1589902639389038,1.153043508529663,1.1549211740493774,0.0
2025-11-10,EURUSD=X,EUR/USD,1.1554548740386963,1.1582250595092771,1.1543744802474976,1.1543878316879272,0.0
2025-11-11,EURUSD=X,EUR/USD,1.1557353734970093,1.1606314182281494,1.1548144817352295,1.1557220220565796,0.0
2025-11-12,EURUSD=X,EUR/USD,1.1588828563690186,1.1597968339920044,1.1563233137130735,1.1587486267089844,0.0
2025-11-13,EURUSD=X,EUR/USD,1.159245491027832,1.1649309396743774,1.1579837799072266,1.159218668937683,0.0
2025-11-14,EURUSD=X,EUR/USD,1.163074612617493,1.1653653383255005,1.1608065366744995,1.1631964445114136,0.0
2025-11-17,EURUSD=X,EUR/USD,1.16146719455719,1.1617100238800049,1.1583056449890137,1.161534547805786,0.0
2025-11-18,EURUSD=X,EUR/USD,1.159003734588623,1.1606987714767456,1.1573805809020996,1.159057378768921,0.0
2025-11-19,EURUSD=X,EUR/USD,1.158104419708252,1.1597565412521362,1.1535356044769287,1.1581177711486816,0.0
2025-11-20,EURUSD=X,EUR/USD,1.154068112373352,1.1551345586776731,1.1507744789123535,1.154068112373352,0.0
2025-11-21,EURUSD=X,EUR/USD,1.1535356044769287,1.1552013158798218,1.1492139101028442,1.1534557342529297,0.0
2025-11-24,EURUSD=X,EUR/USD,1.1507877111434937,1.1551345586776731,1.1502846479415894,1.1507612466812134,0.0
2025-11-25,EURUSD=X,EUR/USD,1.1520737409591677,1.1583458185195925,1.1512116193771362,1.1520073413848877,0.0
2025-11-26,EURUSD=X,EUR/USD,1.156577467918396,1.1602274179458618,1.154961109161377,1.156483769416809,0.0
2025-11-27,EURUSD=X,EUR/USD,1.1603620052337646,1.1615750789642334,1.1577155590057373,1.1602139472961426,0.0
2025-11-28,EURUSD=X,EUR/USD,1.1600254774093628,1.1606718301773071,1.1557353734970093,1.1599851846694946,0.0
2025-12-01,EURUSD=X,EUR/USD,1.1602139472961426,1.1651887893676758,1.159003734588623,1.1601465940475464,0.0
2025-12-02,EURUSD=X,EUR/USD,1.1607661247253418,1.1623852252960205,1.1592992544174194,1.1607661247253418,0.0
2025-12-03,EURUSD=X,EUR/USD,1.1628988981246948,1.1675832271575928,1.1628177165985107,1.1627906560897827,0.0
2025-12-04,EURUSD=X,EUR/USD,1.166670560836792,1.1682243347167969,1.1653653383255005,1.1666841506958008,0.0
2025-12-05,EURUSD=X,EUR/USD,1.164456129074097,1.167147159576416,1.162858247756958,1.1642799377441406,0.0
2025-12-08,EURUSD=X,EUR/USD,1.1641172170639038,1.1672561168670654,1.1616965532302856,1.164022445678711,0.0
2025-12-09,EURUSD=X,EUR/USD,1.1641442775726318,1.165677785873413,1.1616965532302856,1.1641442775726318,0.0
2025-12-10,EURUSD=X,EUR/USD,1.1628447771072388,1.165745735168457,1.1622366905212402,1.1628313064575195,0.0
2025-12-11,EURUSD=X,EUR/USD,1.170192837715149,1.1759449243545532,1.1683062314987185,1.1701242923736572,0.0
2025-12-12,EURUSD=X,EUR/USD,1.1741361618041992,1.1746740341186523,1.172016978263855,1.1739431619644165,0.0
2025-12-15,EURUSD=X,EUR/USD,1.1737502813339231,1.1769136190414429,1.1727042198181152,1.1737639904022217,0.0
2025-12-16,EURUSD=X,EUR/USD,1.1755025386810305,1.18047034740448,1.1746050119400024,1.1754610538482666,0.0
2025-12-17,EURUSD=X,EUR/USD,1.1749638319015503,1.1757928133010864,1.1704530715942385,1.1749500036239624,0.0
2025-12-18,EURUSD=X,EUR/USD,1.1742188930511477,1.1758896112442017,1.17134428024292,1.1742326021194458,0.0
2025-12-19,EURUSD=X,EUR/USD,1.1725391149520874,1.1737502813339231,1.1704120635986328,1.1725666522979736,0.0
2025-12-22,EURUSD=X,EUR/USD,1.1710835695266724,1.177024483680725,1.1710835695266724,1.1708093881607056,0.0
2025-12-23,EURUSD=X,EUR/USD,1.1764428615570068,1.18035888671875,1.176429033279419,1.1765950918197632,0.0
2025-12-24,EURUSD=X,EUR/USD,1.179565191268921,1.1809163093566897,1.1774264574050903,1.179551362991333,0.0
2025-12-26,EURUSD=X,EUR/USD,1.178383708000183,1.179940938949585,1.1763044595718384,1.1785364151000977,0.0
2025-12-29,EURUSD=X,EUR/USD,1.1774957180023191,1.1788560152053833,1.1754058599472046,1.177273869514465,0.0
2025-12-30,EURUSD=X,EUR/USD,1.1773016452789309,1.178133845329285,1.1746188402175903,1.1772878170013428,0.0
2025-12-31,EURUSD=X,EUR/USD,1.1746463775634766,1.1758756637573242,1.1720856428146362,1.1747292280197144,0.0
2026-01-02,EURUSD=X,EUR/USD,1.1751158237457275,1.176747441291809,1.17134428024292,1.175046682357788,0.0
2026-01-05,EURUSD=X,EUR/USD,1.1706448793411257,1.1718658208847046,1.166003942489624,1.1704667806625366,0.0
2026-01-06,EURUSD=X,EUR/USD,1.1716461181640625,1.1745359897613523,1.1684154272079468,1.1714951992034912,0.0
2026-01-07,EURUSD=X,EUR/USD,1.1687841415405271,1.170548915863037,1.167446851730347,1.1688251495361328,0.0
2026-01-08,EURUSD=X,EUR/USD,1.1677467823028564,1.1684973239898682,1.1652837991714478,1.1676785945892334,0.0
2026-01-09,EURUSD=X,EUR/USD,1.165813684463501,1.16604483127594,1.161926031112671,1.1657865047454834,0.0
2026-01-12,EURUSD=X,EUR/USD,1.162493348121643,1.169864296913147,1.162304162979126,1.1623716354370115,0.0
2026-01-13,EURUSD=X,EUR/USD,1.1667931079864502,1.1675423383712769,1.1635212898254397,1.1666978597640991,0.0
2026-01-14,EURUSD=X,EUR/USD,1.164334058761597,1.1663167476654053,1.1637108325958252,1.164252758026123,0.0
2026-01-15,EURUSD=X,EUR/USD,1.1645103693008425,1.164686679840088,1.1593934297561646,1.1646324396133425,0.0
2026-01-16,EURUSD=X,EUR/USD,1.1609547138214111,1.1626555919647217,1.1585471630096436,1.1609008312225342,0.0
2026-01-19,EURUSD=X,EUR/USD,1.1623852252960205,1.164958119392395,1.1609547138214111,1.162493348121643,0.0
2026-01-20,EURUSD=X,EUR/USD,1.1639952659606934,1.174701690673828,1.1633453369140625,1.1639139652252195,0.0
2026-01-21,EURUSD=X,EUR/USD,1.1726078987121582,1.1742602586746216,1.169700026512146,1.1727865934371948,0.0
2026-01-22,EURUSD=X,EUR/USD,1.167392373085022,1.175074338912964,1.167392373085022,1.1672970056533811,0.0
2026-01-23,EURUSD=X,EUR/USD,1.1753920316696167,1.1775649785995483,1.1728966236114502,1.1754610538482666,0.0
2026-01-26,EURUSD=X,EUR/USD,1.1858175992965698,1.1904903650283811,1.183712124824524,1.1858457326889038,0.0
2026-01-27,EURUSD=X,EUR/USD,1.1874228715896606,1.1989833116531372,1.185185194015503,1.1876484155654907,0.0
2026-01-28,EURUSD=X,EUR/USD,1.2022699117660522,1.2023565769195557,1.1921935081481934,1.2017642259597778,0.0
2026-01-29,EURUSD=X,EUR/USD,1.1976622343063354,1.199457764625549,1.1908447742462158,1.1977769136428833,0.0
2026-01-30,EURUSD=X,EUR/USD,1.1967878341674805,1.1973466873168943,1.187394618988037,1.19657301902771,0.0
2026-02-02,EURUSD=X,EUR/USD,1.185044765472412,1.187507390975952,1.179078459739685,1.1849182844161987,0.0
2026-02-03,EURUSD=X,EUR/USD,1.1799131631851196,1.1824523210525513,1.178078293800354,1.1798714399337769,0.0
2026-02-04,EURUSD=X,EUR/USD,1.1816281080245972,1.1838523149490356,1.1792314052581787,1.1816140413284302,0.0
2026-02-05,EURUSD=X,EUR/USD,1.1802334785461426,1.1820470094680786,1.178050518035889,1.180163860321045,0.0
2026-02-06,EURUSD=X,EUR/USD,1.177745342254639,1.1826481819152832,1.176747441291809,1.177786946296692,0.0
2026-02-09,EURUSD=X,EUR/USD,1.1826202869415283,1.1925204992294312,1.1817816495895386,1.182578206062317,0.0
2026-02-10,EURUSD=X,EUR/USD,1.1904761791229248,1.192847728729248,1.1890182495117188,1.1904053688049316,0.0
2026-02-11,EURUSD=X,EUR/USD,1.188792109489441,1.192733883857727,1.1839083433151243,1.1889617443084717,0.0
2026-02-12,EURUSD=X,EUR/USD,1.1875356435775757,1.1890605688095093,1.1853257417678833,1.1876062154769895,0.0
2026-02-13,EURUSD=X,EUR/USD,1.1869717836380005,1.1879446506500244,1.1848762035369873,1.1868449449539185,0.0
2026-02-16,EURUSD=X,EUR/USD,1.186704158782959,1.1870845556259155,1.1847639083862305,1.1867464780807495,0.0
2026-02-17,EURUSD=X,EUR/USD,1.1850868463516235,1.1852554082870483,1.180553913116455,1.184988498687744,0.0
2026-02-18,EURUSD=X,EUR/USD,1.185157060623169,1.1853959560394287,1.1810418367385864,1.185185194015503,0.0
2026-02-19,EURUSD=X,EUR/USD,1.1791062355041504,1.1807769536972046,1.1743016242980957,1.1788839101791382,0.0
2026-02-20,EURUSD=X,EUR/USD,1.1769136190414429,1.1806097030639648,1.1745498180389404,1.1769136190414429,0.0
2026-02-23,EURUSD=X,EUR/USD,1.1829839944839478,1.183445930480957,1.1775233745574951,1.1834739446640017,0.0
2026-02-24,EURUSD=X,EUR/USD,1.1793148517608645,1.179662585258484,1.1767336130142212,1.1793843507766724,0.0
2026-02-25,EURUSD=X,EUR/USD,1.1775511503219604,1.180790901184082,1.1771352291107178,1.1775233745574951,0.0
2026-02-26,EURUSD=X,EUR/USD,1.181544303894043,1.1830118894577026,1.1782448291778564,1.181516408920288,0.0
2026-02-27,EURUSD=X,EUR/USD,1.1803449392318726,1.182396411895752,1.1790506839752195,1.1803030967712402,0.0
2026-03-02,EURUSD=X,EUR/USD,1.176014065742493,1.1795791387557983,1.1672834157943726,1.1759449243545532,0.0
2026-03-03,EURUSD=X,EUR/USD,1.1694538593292236,1.1707134246826172,1.153203010559082,1.169727444648743,0.0
2026-03-04,EURUSD=X,EUR/USD,1.161089539527893,1.1654876470565796,1.1576753854751587,1.161224365234375,0.0
2026-03-05,EURUSD=X,EUR/USD,1.1635212898254397,1.164686679840088,1.1561896800994873,1.1635618209838867,0.0
2026-03-06,EURUSD=X,EUR/USD,1.1607122421264648,1.16225004196167,1.1547610759735107,1.1608065366744995,0.0
2026-03-09,EURUSD=X,EUR/USD,1.1525650024414062,1.159366488456726,1.150814175605774,1.152325987815857,0.0
2026-03-10,EURUSD=X,EUR/USD,1.1616694927215576,1.1663848161697388,1.1608469486236572,1.161723494529724,0.0
2026-03-11,EURUSD=X,EUR/USD,1.1613187789916992,1.164401888847351,1.1566978693008425,1.1611299514770508,0.0
2026-03-12,EURUSD=X,EUR/USD,1.1541746854782104,1.156738042831421,1.151145339012146,1.1543211936950684,0.0
2026-03-13,EURUSD=X,EUR/USD,1.1522197723388672,1.152923822402954,1.1434844732284546,1.1521666049957275,0.0
2026-03-16,EURUSD=X,EUR/USD,1.1438244581222534,1.1501259803771973,1.1415655612945557,1.1435105800628662,0.0
2026-03-17,EURUSD=X,EUR/USD,1.1497821807861328,1.15421462059021,1.146696925163269,1.1499539613723757,0.0
2026-03-18,EURUSD=X,EUR/USD,1.1539082527160645,1.1556684970855713,1.1492536067962646,1.153948187828064,0.0
2026-03-19,EURUSD=X,EUR/USD,1.1462894678115845,1.1536552906036377,1.144505262374878,1.1464471817016602,0.0
2026-03-20,EURUSD=X,EUR/USD,1.1575682163238523,1.1581177711486816,1.1526447534561155,1.157755732536316,0.0
2026-03-23,EURUSD=X,EUR/USD,1.156376838684082,1.1637920141220093,1.14850115776062,1.1560158729553225,0.0
2026-03-24,EURUSD=X,EUR/USD,1.160779595375061,1.1616560220718384,1.1569254398345947,1.1607122421264648,0.0
2026-03-25,EURUSD=X,EUR/USD,1.161386251449585,1.1631964445114136,1.1563634872436523,1.16146719455719,0.0
2026-03-26,EURUSD=X,EUR/USD,1.1564704179763794,1.1574074029922483,1.1523923873901367,1.1561496257781982,0.0
2026-03-27,EURUSD=X,EUR/USD,1.1535356044769287,1.1547343730926514,1.1502978801727295,1.1535090208053589,0.0
2026-03-30,EURUSD=X,EUR/USD,1.1491875648498535,1.152339220046997,1.1443873643875122,1.149200677871704,0.0
2026-03-31,EURUSD=X,EUR/USD,1.1457903385162354,1.1538816690444946,1.144924521446228,1.1460003852844238,0.0
2026-04-01,EURUSD=X,EUR/USD,1.157112717628479,1.1626555919647217,1.1555883884429932,1.1574207544326782,0.0
2026-04-02,EURUSD=X,EUR/USD,1.159151554107666,1.1598775386810305,1.1510393619537354,1.159057378768921,0.0
2026-04-03,EURUSD=X,EUR/USD,1.1543878316879272,1.1548677682876587,1.1520869731903076,1.1541746854782104,0.0
2026-04-06,EURUSD=X,EUR/USD,1.151185154914856,1.1570056676864624,1.1506949663162231,1.150999665260315,0.0
2026-04-07,EURUSD=X,EUR/USD,1.1540547609329224,1.1583458185195925,1.1525251865386963,1.1541212797164917,0.0
2026-04-08,EURUSD=X,EUR/USD,1.1690436601638794,1.172333002090454,1.1666841506958008,1.1686612367630005,0.0
2026-04-09,EURUSD=X,EUR/USD,1.165813684463501,1.1706311702728271,1.1651073694229126,1.16593599319458,0.0
2026-04-10,EURUSD=X,EUR/USD,1.1691941022872925,1.174122333526611,1.1678149700164795,1.1691256761550903,0.0
2026-04-13,EURUSD=X,EUR/USD,1.1672152280807495,1.1719481945037842,1.167147159576416,1.1675150394439695,0.0
2026-04-14,EURUSD=X,EUR/USD,1.176345944404602,1.1810559034347534,1.1756960153579712,1.176885962486267,0.0
2026-04-15,EURUSD=X,EUR/USD,1.179815649986267,1.1810559034347534,1.177398681640625,1.179940938949585,0.0
2026-04-16,EURUSD=X,EUR/USD,1.1807769536972046,1.182382583618164,1.176955223083496,1.1809163093566897,0.0
2026-04-17,EURUSD=X,EUR/USD,1.1778979301452637,1.1851149797439575,1.1772878170013428,1.178272724151611,0.0
2026-04-20,EURUSD=X,EUR/USD,1.1739156246185305,1.1791062355041504,1.1739156246185305,1.174122333526611,0.0
2026-04-21,EURUSD=X,EUR/USD,1.178383708000183,1.178828239440918,1.174315333366394,1.1784392595291138,0.0
2026-04-22,EURUSD=X,EUR/USD,1.1745774745941162,1.176110863685608,1.1713716983795166,1.174425721168518,0.0
2026-04-23,EURUSD=X,EUR/USD,1.1713716983795166,1.1716461181640625,1.1682243347167969,1.169180393218994,0.0
2025-10-23,GBPUSD=X,GBP/USD,1.335024356842041,1.3357733488082886,1.3311856985092163,1.3351848125457764,0.0
2025-10-24,GBPUSD=X,GBP/USD,1.3327292203903198,1.3358982801437378,1.3293275833129885,1.332746982574463,0.0
2025-10-27,GBPUSD=X,GBP/USD,1.332356333732605,1.335220456123352,1.3311147689819336,1.3322391510009766,0.0
2025-10-28,GBPUSD=X,GBP/USD,1.3339380025863647,1.337005615234375,1.32501220703125,1.3341000080108645,0.0
2025-10-29,GBPUSD=X,GBP/USD,1.3278449773788452,1.3280742168426514,1.3197661638259888,1.3279330730438232,0.0
2025-10-30,GBPUSD=X,GBP/USD,1.319400429725647,1.3219294548034668,1.311785101890564,1.3195397853851318,0.0
2025-10-31,GBPUSD=X,GBP/USD,1.3160146474838257,1.3165291547775269,1.3099464178085327,1.3159106969833374,0.0
2025-11-03,GBPUSD=X,GBP/USD,1.3136461973190308,1.315028190612793,1.3110971450805664,1.3134735822677612,0.0
2025-11-04,GBPUSD=X,GBP/USD,1.3131803274154663,1.3140604496002195,1.3035770654678345,1.3135254383087158,0.0
2025-11-05,GBPUSD=X,GBP/USD,1.30218505859375,1.3051422834396362,1.301168441772461,1.3021697998046875,0.0
2025-11-06,GBPUSD=X,GBP/USD,1.3052785396575928,1.312404751777649,1.3051507472991943,1.3052598237991333,0.0
2025-11-07,GBPUSD=X,GBP/USD,1.3140604496002195,1.3174536228179932,1.3095518350601196,1.3140950202941897,0.0
2025-11-10,GBPUSD=X,GBP/USD,1.3150626420974731,1.319087266921997,1.3138360977172852,1.3142677545547483,0.0
2025-11-11,GBPUSD=X,GBP/USD,1.317314863204956,1.31835675239563,1.3117679357528689,1.3172974586486816,0.0
2025-11-12,GBPUSD=X,GBP/USD,1.3152875900268557,1.315598964691162,1.3085922002792358,1.3152875900268557,0.0
2025-11-13,GBPUSD=X,GBP/USD,1.3130252361297607,1.3213530778884888,1.3104099035263062,1.3127838373184204,0.0
2025-11-14,GBPUSD=X,GBP/USD,1.3153568506240845,1.3192263841629028,1.3108221292495728,1.3152183294296265,0.0
2025-11-17,GBPUSD=X,GBP/USD,1.3157376050949097,1.319330811500549,1.3137152194976809,1.3160146474838257,0.0
2025-11-18,GBPUSD=X,GBP/USD,1.3153740167617798,1.3175750970840454,1.3136979341506958,1.3156163692474363,0.0
2025-11-19,GBPUSD=X,GBP/USD,1.3147515058517456,1.3156682252883911,1.3069674968719482,1.3147515058517456,0.0
2025-11-20,GBPUSD=X,GBP/USD,1.3060967922210691,1.3121638298034668,1.3039339780807495,1.3061821460723877,0.0
2025-11-21,GBPUSD=X,GBP/USD,1.3083696365356443,1.310289740562439,1.304036021232605,1.308489441871643,0.0
2025-11-24,GBPUSD=X,GBP/USD,1.3096890449523926,1.3118194341659546,1.3081300258636477,1.3096375465393066,0.0
2025-11-25,GBPUSD=X,GBP/USD,1.3106160163879397,1.3195570707321167,1.3096497058868408,1.3106160163879397,0.0
2025-11-26,GBPUSD=X,GBP/USD,1.3161011934280396,1.323591709136963,1.312594294548035,1.315870761871338,0.0
2025-11-27,GBPUSD=X,GBP/USD,1.3245033025741575,1.3269639015197754,1.3210737705230713,1.3244997262954712,0.0
2025-11-28,GBPUSD=X,GBP/USD,1.3241350650787354,1.3250824213027954,1.3201842308044434,1.3241175413131714,0.0
2025-12-01,GBPUSD=X,GBP/USD,1.324082374572754,1.3274747133255005,1.3208295106887815,1.32397723197937,0.0
2025-12-02,GBPUSD=X,GBP/USD,1.32098650932312,1.322226643562317,1.3181829452514648,1.320934176445007,0.0
2025-12-03,GBPUSD=X,GBP/USD,1.3220866918563845,1.3347214460372925,1.3218246698379517,1.3219469785690308,0.0
2025-12-04,GBPUSD=X,GBP/USD,1.3346858024597168,1.3384193181991575,1.3324450254440308,1.3348817825317385,0.0
2025-12-05,GBPUSD=X,GBP/USD,1.3323917388916016,1.3362374305725098,1.3318772315979004,1.332178831100464,0.0
2025-12-08,GBPUSD=X,GBP/USD,1.3326581716537476,1.3347214460372925,1.3307782411575315,1.3324593305587769,0.0
2025-12-09,GBPUSD=X,GBP/USD,1.3329778909683228,1.335505723953247,1.32902729511261,1.3326793909072876,0.0
2025-12-10,GBPUSD=X,GBP/USD,1.3303604125976562,1.3340448141098022,1.3297696113586426,1.3303532600402832,0.0
2025-12-11,GBPUSD=X,GBP/USD,1.3389031887054443,1.3437970876693726,1.335594892501831,1.3388315439224243,0.0
2025-12-12,GBPUSD=X,GBP/USD,1.3393874168395996,1.3400335311889648,1.3344007730484009,1.339046597480774,0.0
2025-12-15,GBPUSD=X,GBP/USD,1.336844801902771,1.3401411771774292,1.3354700803756714,1.3367732763290403,0.0
2025-12-16,GBPUSD=X,GBP/USD,1.3379716873168943,1.345406174659729,1.335666298866272,1.3380612134933472,0.0
2025-12-17,GBPUSD=X,GBP/USD,1.342624306678772,1.3426424264907837,1.3313628435134888,1.342499852180481,0.0
2025-12-18,GBPUSD=X,GBP/USD,1.3374526500701904,1.3445378541946411,1.3342405557632446,1.3374598026275637,0.0
2025-12-19,GBPUSD=X,GBP/USD,1.3384193181991575,1.338741898536682,1.3357733488082886,1.3385393619537354,0.0
2025-12-22,GBPUSD=X,GBP/USD,1.3380074501037598,1.346728801727295,1.3380074501037598,1.3377031087875366,0.0
2025-12-23,GBPUSD=X,GBP/USD,1.34689199924469,1.3520638942718506,1.34689199924469,1.346989989280701,0.0
2025-12-24,GBPUSD=X,GBP/USD,1.351387858390808,1.3535462617874146,1.3493820428848269,1.3513604402542114,0.0
2025-12-26,GBPUSD=X,GBP/USD,1.350712537765503,1.3526674509048462,1.347781538963318,1.3508949279785156,0.0
2025-12-29,GBPUSD=X,GBP/USD,1.350074291229248,1.3513513803482056,1.347127914428711,1.349727988243103,0.0
2025-12-30,GBPUSD=X,GBP/USD,1.3509862422943115,1.3530151844024658,1.3451708555221558,1.3510993719100952,0.0
2025-12-31,GBPUSD=X,GBP/USD,1.34678316116333,1.3476543426513672,1.3403388261795044,1.346719741821289,0.0
2026-01-02,GBPUSD=X,GBP/USD,1.347490906715393,1.3501653671264648,1.3435261249542236,1.347363829612732,0.0
2026-01-05,GBPUSD=X,GBP/USD,1.3439414501190186,1.35255765914917,1.3415435552597046,1.3437970876693726,0.0
2026-01-06,GBPUSD=X,GBP/USD,1.3534547090530396,1.356815218925476,1.34929096698761,1.3533997535705566,0.0
2026-01-07,GBPUSD=X,GBP/USD,1.3500378131866455,1.3517532348632812,1.3470189571380615,1.3500559329986572,0.0
2026-01-08,GBPUSD=X,GBP/USD,1.345949411392212,1.3466380834579468,1.3417595624923706,1.3459312915802002,0.0
2026-01-09,GBPUSD=X,GBP/USD,1.3435803651809692,1.3447185754776,1.3394052982330322,1.3438005447387695,0.0
2026-01-12,GBPUSD=X,GBP/USD,1.339441180229187,1.34865403175354,1.3392258882522583,1.3394231796264648,0.0
2026-01-13,GBPUSD=X,GBP/USD,1.346619963645935,1.3488723039627075,1.3426603078842163,1.3465656042099,0.0
2026-01-14,GBPUSD=X,GBP/USD,1.342570185661316,1.3462574481964111,1.342065691947937,1.3426783084869385,0.0
2026-01-15,GBPUSD=X,GBP/USD,1.3440680503845217,1.3446643352508545,1.3365589380264282,1.344266653060913,0.0
2026-01-16,GBPUSD=X,GBP/USD,1.338186502456665,1.3412916660308838,1.3367375135421753,1.3381328582763672,0.0
2026-01-19,GBPUSD=X,GBP/USD,1.3403388261795044,1.3433637619018557,1.3382043838500977,1.3404287099838257,0.0
2026-01-20,GBPUSD=X,GBP/USD,1.3419216871261597,1.34916353225708,1.3410991430282593,1.3418315649032593,0.0
2026-01-21,GBPUSD=X,GBP/USD,1.3439956903457642,1.345858812332153,1.3402490615844729,1.344085931777954,0.0
2026-01-22,GBPUSD=X,GBP/USD,1.3417415618896484,1.349800944328308,1.3410578966140747,1.3419395685195925,0.0
2026-01-23,GBPUSD=X,GBP/USD,1.350001335144043,1.3597116470336914,1.3483449220657349,1.3501288890838623,0.0
2026-01-26,GBPUSD=X,GBP/USD,1.3662508726119995,1.3712530136108398,1.3643310070037842,1.3662508726119995,0.0
2026-01-27,GBPUSD=X,GBP/USD,1.3675214052200315,1.3790820837020874,1.3665122985839844,1.3677457571029663,0.0
2026-01-28,GBPUSD=X,GBP/USD,1.3825522661209106,1.3829345703125,1.3751943111419678,1.3824374675750732,0.0
2026-01-29,GBPUSD=X,GBP/USD,1.382341980934143,1.384677171707153,1.3748350143432615,1.382533073425293,0.0
2026-01-30,GBPUSD=X,GBP/USD,1.3809102773666382,1.3814444541931152,1.371478796005249,1.380643367767334,0.0
2026-02-02,GBPUSD=X,GBP/USD,1.3681013584136963,1.371441125869751,1.36275053024292,1.3679141998291016,0.0
2026-02-03,GBPUSD=X,GBP/USD,1.3674278259277344,1.3707268238067627,1.3652622699737549,1.367315649986267,0.0
2026-02-04,GBPUSD=X,GBP/USD,1.3697504997253418,1.3733245134353638,1.3644241094589231,1.3697504997253418,0.0
2026-02-05,GBPUSD=X,GBP/USD,1.364628791809082,1.3654673099517822,1.3521188497543335,1.3644611835479736,0.0
2026-02-06,GBPUSD=X,GBP/USD,1.3521188497543335,1.3615630865097046,1.3509862422943115,1.3520822525024414,0.0
2026-02-09,GBPUSD=X,GBP/USD,1.360858917236328,1.3691691160202026,1.358861804008484,1.3608959913253784,0.0
2026-02-10,GBPUSD=X,GBP/USD,1.3683072328567505,1.3698630332946775,1.3653740882873535,1.368344783782959,0.0
2026-02-11,GBPUSD=X,GBP/USD,1.3633265495300293,1.371290683746338,1.361952543258667,1.3634566068649292,0.0
2026-02-12,GBPUSD=X,GBP/USD,1.3623793125152588,1.367128849029541,1.360544204711914,1.362399697303772,0.0
2026-02-13,GBPUSD=X,GBP/USD,1.361952543258667,1.364628791809082,1.3592127561569214,1.3620266914367676,0.0
2026-02-16,GBPUSD=X,GBP/USD,1.3647406101226809,1.3662508726119995,1.3627134561538696,1.3647778034210205,0.0
2026-02-17,GBPUSD=X,GBP/USD,1.36286199092865,1.3629549741744995,1.349800944328308,1.3627691268920898,0.0
2026-02-18,GBPUSD=X,GBP/USD,1.3564103841781616,1.3582342863082886,1.3534547090530396,1.3564472198486328,0.0
2026-02-19,GBPUSD=X,GBP/USD,1.349545955657959,1.3517532348632812,1.3435261249542236,1.349582314491272,0.0
2026-02-20,GBPUSD=X,GBP/USD,1.346058011054993,1.3514243364334106,1.3436344861984253,1.3461124897003174,0.0
2026-02-23,GBPUSD=X,GBP/USD,1.352868676185608,1.3535646200180054,1.347781538963318,1.3533265590667725,0.0
2026-02-24,GBPUSD=X,GBP/USD,1.3496370315551758,1.353747844696045,1.3471460342407229,1.34969162940979,0.0
2026-02-25,GBPUSD=X,GBP/USD,1.3496370315551758,1.3551236391067505,1.349199891090393,1.3497462272644043,0.0
2026-02-26,GBPUSD=X,GBP/USD,1.355821967124939,1.3574045896530151,1.3497098684310913,1.3558034896850586,0.0
2026-02-27,GBPUSD=X,GBP/USD,1.3492363691329956,1.350548267364502,1.3441762924194336,1.3491452932357788,0.0
2026-03-02,GBPUSD=X,GBP/USD,1.340752124786377,1.3456594944000244,1.3316820859909058,1.3406623601913452,0.0
2026-03-03,GBPUSD=X,GBP/USD,1.3408960103988647,1.3425161838531494,1.325486421585083,1.3410578966140747,0.0
2026-03-04,GBPUSD=X,GBP/USD,1.335309624671936,1.3404645919799805,1.3305480480194092,1.3353630304336548,0.0
2026-03-05,GBPUSD=X,GBP/USD,1.3369520902633667,1.3386342525482178,1.3301233053207395,1.3369520902633667,0.0
2026-03-06,GBPUSD=X,GBP/USD,1.3356841802597046,1.3408780097961426,1.3313806056976318,1.3357375860214231,0.0
2026-03-09,GBPUSD=X,GBP/USD,1.3307074308395386,1.3398720026016235,1.3284975290298462,1.330105543136597,0.0
2026-03-10,GBPUSD=X,GBP/USD,1.342390060424805,1.3481448888778689,1.3415075540542605,1.3424980640411377,0.0
2026-03-11,GBPUSD=X,GBP/USD,1.3421918153762815,1.3457320928573608,1.3395847082138062,1.3419036865234375,0.0
2026-03-12,GBPUSD=X,GBP/USD,1.3380612134933472,1.3409498929977417,1.3341693878173828,1.338186502456665,0.0
2026-03-13,GBPUSD=X,GBP/USD,1.335238337516785,1.336969971656799,1.323364019393921,1.335250735282898,0.0
2026-03-16,GBPUSD=X,GBP/USD,1.3249244689941406,1.3316465616226196,1.3232413530349731,1.3247665166854858,0.0
2026-03-17,GBPUSD=X,GBP/USD,1.3312742710113523,1.3358982801437378,1.3274219036102295,1.3314337730407717,0.0
2026-03-18,GBPUSD=X,GBP/USD,1.3357912302017212,1.3376137018203735,1.3306366205215454,1.335951805114746,0.0
2026-03-19,GBPUSD=X,GBP/USD,1.326435923576355,1.3388315439224243,1.3249069452285769,1.32650625705719,0.0
2026-03-20,GBPUSD=X,GBP/USD,1.3424620628356934,1.3436344861984253,1.3302825689315796,1.342570185661316,0.0
2026-03-23,GBPUSD=X,GBP/USD,1.3334755897521973,1.347636342048645,1.325996160507202,1.3331555128097534,0.0
2026-03-24,GBPUSD=X,GBP/USD,1.342570185661316,1.3444112539291382,1.3367732763290403,1.342426061630249,0.0
2026-03-25,GBPUSD=X,GBP/USD,1.341471552848816,1.3436164855957031,1.3361302614212036,1.3416335582733154,0.0
2026-03-26,GBPUSD=X,GBP/USD,1.336362361907959,1.337595820426941,1.332356333732605,1.336362361907959,0.0
2026-03-27,GBPUSD=X,GBP/USD,1.3336195945739746,1.3347997665405271,1.327527642250061,1.333564519882202,0.0
2026-03-30,GBPUSD=X,GBP/USD,1.323784351348877,1.3281975984573364,1.3175925016403198,1.3238370418548584,0.0
2026-03-31,GBPUSD=X,GBP/USD,1.3173494338989258,1.326330304145813,1.316118597984314,1.3172800540924072,0.0
2026-04-01,GBPUSD=X,GBP/USD,1.324099898338318,1.3336000442504885,1.3222790956497192,1.324327826499939,0.0
2026-04-02,GBPUSD=X,GBP/USD,1.3302825689315796,1.3314515352249146,1.3183915615081787,1.3302648067474363,0.0
2026-04-03,GBPUSD=X,GBP/USD,1.323364019393921,1.3245033025741575,1.3197835683822632,1.323031306266785,0.0
2026-04-06,GBPUSD=X,GBP/USD,1.318913221359253,1.3268407583236694,1.318913221359253,1.318634867668152,0.0
2026-04-07,GBPUSD=X,GBP/USD,1.323328971862793,1.3285505771636963,1.3212482929229736,1.3234164714813232,0.0
2026-04-08,GBPUSD=X,GBP/USD,1.3402490615844729,1.3484176397323608,1.3380969762802124,1.3401771783828735,0.0
2026-04-09,GBPUSD=X,GBP/USD,1.3394052982330322,1.3443931341171265,1.3382043838500977,1.3394052982330322,0.0
2026-04-10,GBPUSD=X,GBP/USD,1.343021035194397,1.3479087352752686,1.3412736654281616,1.3430029153823853,0.0
2026-04-13,GBPUSD=X,GBP/USD,1.3389569520950315,1.3465473651885986,1.3386881351470947,1.339441180229187,0.0
2026-04-14,GBPUSD=X,GBP/USD,1.351186990737915,1.3588987588882446,1.3504297733306885,1.3515340089797974,0.0
2026-04-15,GBPUSD=X,GBP/USD,1.357478380203247,1.3579576015472412,1.3544628620147705,1.357533574104309,0.0
2026-04-16,GBPUSD=X,GBP/USD,1.3574230670928955,1.3594344854354858,1.351917743682861,1.3573696613311768,0.0
2026-04-17,GBPUSD=X,GBP/USD,1.3522651195526123,1.3598597049713137,1.3505666255950928,1.3526124954223633,0.0
2026-04-20,GBPUSD=X,GBP/USD,1.348435878753662,1.3544628620147705,1.3481813669204712,1.348435878753662,0.0
2026-04-21,GBPUSD=X,GBP/USD,1.3530151844024658,1.3538193702697754,1.348617672920227,1.3531250953674316,0.0
2026-04-22,GBPUSD=X,GBP/USD,1.3512235879898071,1.3535462617874146,1.349345564842224,1.3509680032730105,0.0
2026-04-23,GBPUSD=X,GBP/USD,1.3508037328720093,1.3510611057281494,1.3479976654052734,1.3494857549667358,0.0
2025-10-23,GC=F,Gold Futures,4078.39990234375,4136.7998046875,4070.699951171875,4125.5,354.0
2025-10-24,GC=F,Gold Futures,4117.5,4120.60009765625,4074.89990234375,4118.39990234375,123.0
2025-10-27,GC=F,Gold Futures,4060.0,4078.60009765625,3971.300048828125,4001.89990234375,220.0
2025-10-28,GC=F,Gold Futures,3929.699951171875,3966.199951171875,3923.60009765625,3966.199951171875,219.0
2025-10-29,GC=F,Gold Futures,3983.699951171875,3983.699951171875,3983.699951171875,3983.699951171875,1344.0
2025-10-30,GC=F,Gold Futures,3960.0,4027.199951171875,3913.699951171875,4001.300048828125,935.0
2025-10-31,GC=F,Gold Futures,4034.5,4034.5,3976.60009765625,3982.199951171875,559.0
2025-11-03,GC=F,Gold Futures,3976.199951171875,4020.0,3959.0,4000.300048828125,0.0
2025-11-04,GC=F,Gold Futures,3994.199951171875,3995.39990234375,3927.39990234375,3947.699951171875,657.0
2025-11-05,GC=F,Gold Futures,3929.89990234375,3983.5,3929.89990234375,3980.300048828125,559.0
2025-11-06,GC=F,Gold Futures,4004.0,4007.5,3979.89990234375,3979.89990234375,650.0
2025-11-07,GC=F,Gold Futures,3980.800048828125,3999.39990234375,3980.800048828125,3999.39990234375,245.0
2025-11-10,GC=F,Gold Futures,4060.0,4111.7998046875,4060.0,4111.7998046875,189.0
2025-11-11,GC=F,Gold Futures,4140.10009765625,4140.10009765625,4106.7998046875,4106.7998046875,569.0
2025-11-12,GC=F,Gold Futures,4115.60009765625,4204.39990234375,4102.89990234375,4204.39990234375,396.0
2025-11-13,GC=F,Gold Futures,4228.7001953125,4228.7001953125,4163.7001953125,4186.89990234375,167.0
2025-11-14,GC=F,Gold Futures,4197.7001953125,4197.89990234375,4047.0,4087.60009765625,483.0
2025-11-17,GC=F,Gold Futures,4070.0,4099.5,4019.39990234375,4068.300048828125,1552.0
2025-11-18,GC=F,Gold Futures,4037.39990234375,4063.39990234375,4035.60009765625,4061.300048828125,1375.0
2025-11-19,GC=F,Gold Futures,4086.10009765625,4122.7001953125,4072.0,4077.699951171875,486.0
2025-11-20,GC=F,Gold Futures,4045.0,4090.39990234375,4040.199951171875,4056.5,202.0
2025-11-21,GC=F,Gold Futures,4031.800048828125,4085.199951171875,4031.800048828125,4076.699951171875,171.0
2025-11-24,GC=F,Gold Futures,4060.5,4091.89990234375,4060.5,4091.89990234375,591.0
2025-11-25,GC=F,Gold Futures,4139.2001953125,4139.2001953125,4139.2001953125,4139.2001953125,132704.0
2025-11-26,GC=F,Gold Futures,4128.60009765625,4171.0,4127.5,4165.2001953125,25088.0
2025-11-28,GC=F,Gold Futures,4163.39990234375,4223.89990234375,4140.0,4218.2998046875,3615.0
2025-12-01,GC=F,Gold Futures,4218.5,4262.10009765625,4214.89990234375,4239.2998046875,913.0
2025-12-02,GC=F,Gold Futures,4230.5,4230.5,4167.0,4186.60009765625,366.0
2025-12-03,GC=F,Gold Futures,4215.7001953125,4234.10009765625,4195.7001953125,4199.2998046875,1897.0
2025-12-04,GC=F,Gold Futures,4211.0,4211.7998046875,4175.0,4211.7998046875,616.0
2025-12-05,GC=F,Gold Futures,4204.10009765625,4255.7001953125,4194.5,4212.89990234375,533.0
2025-12-08,GC=F,Gold Futures,4205.5,4215.7998046875,4175.5,4187.2001953125,318.0
2025-12-09,GC=F,Gold Futures,4190.7001953125,4219.7001953125,4177.7001953125,4206.7001953125,660.0
2025-12-10,GC=F,Gold Futures,4209.0,4234.5,4183.60009765625,4196.39990234375,692.0
2025-12-11,GC=F,Gold Futures,4224.0,4286.89990234375,4214.2998046875,4285.5,528.0
2025-12-12,GC=F,Gold Futures,4276.39990234375,4355.0,4260.0,4300.10009765625,1531.0
2025-12-15,GC=F,Gold Futures,4308.2998046875,4349.2001953125,4292.89990234375,4306.7001953125,854.0
2025-12-16,GC=F,Gold Futures,4270.5,4321.39990234375,4270.5,4304.5,1796.0
2025-12-17,GC=F,Gold Futures,4308.5,4351.39990234375,4308.5,4347.5,2169.0
2025-12-18,GC=F,Gold Futures,4331.0,4348.10009765625,4328.2001953125,4339.5,705.0
2025-12-19,GC=F,Gold Futures,4350.10009765625,4361.39990234375,4350.10009765625,4361.39990234375,1065.0
2025-12-22,GC=F,Gold Futures,4371.10009765625,4447.60009765625,4371.10009765625,4444.60009765625,449.0
2025-12-23,GC=F,Gold Futures,4503.2998046875,4503.7998046875,4450.39990234375,4482.7998046875,694.0
2025-12-24,GC=F,Gold Futures,4500.7001953125,4503.39990234375,4468.39990234375,4480.60009765625,500.0
2025-12-26,GC=F,Gold Futures,4512.0,4556.2998046875,4502.0,4529.10009765625,263.0
2025-12-29,GC=F,Gold Futures,4371.5,4379.0,4325.10009765625,4325.10009765625,2044.0
2025-12-30,GC=F,Gold Futures,4346.39990234375,4403.60009765625,4338.0,4370.10009765625,1837.0
2025-12-31,GC=F,Gold Futures,4333.5,4363.7998046875,4285.0,4325.60009765625,785.0
2026-01-02,GC=F,Gold Futures,4350.60009765625,4350.60009765625,4314.39990234375,4314.39990234375,589.0
2026-01-05,GC=F,Gold Futures,4386.7001953125,4443.5,4384.7998046875,4436.89990234375,618.0
2026-01-06,GC=F,Gold Futures,4449.7001953125,4482.2001953125,4449.0,4482.2001953125,459.0
2026-01-07,GC=F,Gold Futures,4450.0,4450.0,4449.2998046875,4449.2998046875,972.0
2026-01-08,GC=F,Gold Futures,4460.2001953125,4461.2998046875,4418.0,4449.7001953125,2423.0
2026-01-09,GC=F,Gold Futures,4473.0,4490.2998046875,4473.0,4490.2998046875,237.0
2026-01-12,GC=F,Gold Futures,4579.10009765625,4620.0,4577.7998046875,4604.2998046875,156.0
2026-01-13,GC=F,Gold Futures,4578.60009765625,4617.10009765625,4578.60009765625,4589.2001953125,239.0
2026-01-14,GC=F,Gold Futures,4610.2998046875,4635.0,4608.2001953125,4626.2998046875,1313.0
2026-01-15,GC=F,Gold Futures,4612.89990234375,4616.2998046875,4612.89990234375,4616.2998046875,4358.0
2026-01-16,GC=F,Gold Futures,4608.0,4608.0,4588.39990234375,4588.39990234375,352.0
2026-01-20,GC=F,Gold Futures,4662.2001953125,4764.0,4661.7998046875,4759.60009765625,175.0
2026-01-21,GC=F,Gold Futures,4863.5,4872.2998046875,4771.5,4831.7998046875,1706.0
2026-01-22,GC=F,Gold Futures,4791.89990234375,4908.7998046875,4791.89990234375,4908.7998046875,1175.0
2026-01-23,GC=F,Gold Futures,4949.60009765625,4976.2001953125,4936.0,4976.2001953125,169.0
2026-01-26,GC=F,Gold Futures,5081.5,5095.60009765625,5052.2001953125,5079.7001953125,180.0
2026-01-27,GC=F,Gold Futures,5079.89990234375,5079.89990234375,5079.89990234375,5079.89990234375,34.0
2026-01-28,GC=F,Gold Futures,5301.60009765625,5301.60009765625,5301.60009765625,5301.60009765625,112054.0
2026-01-29,GC=F,Gold Futures,5415.7001953125,5586.2001953125,5097.5,5318.39990234375,23709.0
2026-01-30,GC=F,Gold Futures,5376.39990234375,5440.5,4700.0,4713.89990234375,8374.0
2026-02-02,GC=F,Gold Futures,4807.7001953125,4855.7998046875,4400.0,4622.5,3588.0
2026-02-03,GC=F,Gold Futures,4680.0,4984.60009765625,4674.2998046875,4903.7001953125,1213.0
2026-02-04,GC=F,Gold Futures,4923.2998046875,5082.2001953125,4897.89990234375,4920.39990234375,3886.0
2026-02-05,GC=F,Gold Futures,5008.7001953125,5012.2998046875,4786.0,4861.39990234375,793.0
2026-02-06,GC=F,Gold Futures,4762.0,4958.5,4655.0,4951.2001953125,1386.0
2026-02-09,GC=F,Gold Futures,5017.39990234375,5065.7001953125,4979.10009765625,5050.89990234375,170.0
2026-02-10,GC=F,Gold Futures,5013.5,5029.0,5002.7001953125,5003.7998046875,281.0
2026-02-11,GC=F,Gold Futures,5049.89990234375,5111.2998046875,5041.2998046875,5071.60009765625,2681.0
2026-02-12,GC=F,Gold Futures,5060.39990234375,5078.10009765625,4892.0,4923.7001953125,484.0
2026-02-13,GC=F,Gold Futures,4953.0,5043.89990234375,4946.2001953125,5022.0,232.0
2026-02-17,GC=F,Gold Futures,5020.0,5020.0,4847.7998046875,4882.89990234375,540.0
2026-02-18,GC=F,Gold Futures,4872.2001953125,4987.0,4869.5,4986.5,544.0
2026-02-19,GC=F,Gold Futures,5014.7001953125,5014.7001953125,4975.89990234375,4975.89990234375,37.0
2026-02-20,GC=F,Gold Futures,5039.5,5072.7001953125,5039.5,5059.2998046875,134.0
2026-02-23,GC=F,Gold Futures,5120.2998046875,5211.60009765625,5120.2998046875,5204.7001953125,779.0
2026-02-24,GC=F,Gold Futures,5158.7998046875,5159.0,5112.7001953125,5155.7998046875,88.0
2026-02-25,GC=F,Gold Futures,5166.0,5206.39990234375,5166.0,5206.39990234375,1772.0
2026-02-26,GC=F,Gold Futures,5177.2001953125,5199.2001953125,5143.89990234375,5176.5,1520.0
2026-02-27,GC=F,Gold Futures,5186.7001953125,5280.0,5176.7001953125,5230.5,354.0
2026-03-02,GC=F,Gold Futures,5346.60009765625,5405.0,5266.2998046875,5294.39990234375,72.0
2026-03-03,GC=F,Gold Futures,5298.7001953125,5303.7998046875,5023.0,5107.39990234375,1776.0
2026-03-04,GC=F,Gold Futures,5130.7001953125,5180.2001953125,5117.2001953125,5120.2001953125,679.0
2026-03-05,GC=F,Gold Futures,5169.5,5169.5,5054.7001953125,5065.2998046875,1701.0
2026-03-06,GC=F,Gold Futures,5121.0,5146.10009765625,5076.10009765625,5146.10009765625,148.0
2026-03-09,GC=F,Gold Futures,5155.0,5160.60009765625,5077.7001953125,5091.5,639.0
2026-03-10,GC=F,Gold Futures,5138.2001953125,5229.7001953125,5137.60009765625,5229.7001953125,4300.0
2026-03-11,GC=F,Gold Futures,5190.7998046875,5191.2998046875,5167.39990234375,5167.39990234375,633.0
2026-03-12,GC=F,Gold Futures,5137.2001953125,5137.2001953125,5115.7998046875,5115.7998046875,410.0
2026-03-13,GC=F,Gold Futures,5089.60009765625,5117.0,5009.5,5052.5,479.0
2026-03-16,GC=F,Gold Futures,5001.60009765625,5010.60009765625,4994.0,4994.0,130.0
2026-03-17,GC=F,Gold Futures,5017.60009765625,5017.60009765625,4994.2001953125,5001.0,239.0
2026-03-18,GC=F,Gold Futures,4949.60009765625,4949.60009765625,4821.7001953125,4889.89990234375,1461.0
2026-03-19,GC=F,Gold Futures,4830.2998046875,4830.2998046875,4554.0,4600.7001953125,627.0
2026-03-20,GC=F,Gold Futures,4686.89990234375,4686.89990234375,4570.39990234375,4570.39990234375,235.0
2026-03-23,GC=F,Gold Futures,4353.0,4480.39990234375,4100.7998046875,4404.10009765625,544.0
2026-03-24,GC=F,Gold Futures,4338.7001953125,4399.2998046875,4325.2001953125,4399.2998046875,378.0
2026-03-25,GC=F,Gold Futures,4549.0,4551.89990234375,4541.7998046875,4549.7998046875,388.0
2026-03-26,GC=F,Gold Futures,4441.5,4443.10009765625,4375.5,4375.5,1070.0
2026-03-27,GC=F,Gold Futures,4492.0,4492.0,4492.0,4492.0,74348.0
2026-03-30,GC=F,Gold Futures,4482.7998046875,4579.10009765625,4413.39990234375,4526.0,10816.0
2026-03-31,GC=F,Gold Futures,4510.0,4684.10009765625,4508.60009765625,4647.60009765625,4264.0
2026-04-01,GC=F,Gold Futures,4668.39990234375,4789.10009765625,4668.0,4783.2001953125,1637.0
2026-04-02,GC=F,Gold Futures,4764.89990234375,4784.39990234375,4558.89990234375,4651.5,0.0
2026-04-06,GC=F,Gold Futures,4656.10009765625,4689.60009765625,4605.0,4656.7998046875,148.0
2026-04-07,GC=F,Gold Futures,4624.89990234375,4676.2998046875,4608.0,4657.10009765625,327.0
2026-04-08,GC=F,Gold Futures,4760.0,4851.0,4738.7998046875,4749.5,405.0
2026-04-09,GC=F,Gold Futures,4711.0,4799.10009765625,4711.0,4792.2001953125,1277.0
2026-04-10,GC=F,Gold Futures,4745.89990234375,4791.0,4744.89990234375,4761.89990234375,812.0
2026-04-13,GC=F,Gold Futures,4704.0,4742.39990234375,4704.0,4742.39990234375,32.0
2026-04-14,GC=F,Gold Futures,4770.10009765625,4841.60009765625,4770.10009765625,4825.0,288.0
2026-04-15,GC=F,Gold Futures,4843.60009765625,4843.60009765625,4798.0,4800.0,182.0
2026-04-16,GC=F,Gold Futures,4810.89990234375,4810.89990234375,4785.39990234375,4785.39990234375,805.0
2026-04-17,GC=F,Gold Futures,4771.60009765625,4879.7001953125,4767.2001953125,4857.60009765625,1902.0
2026-04-20,GC=F,Gold Futures,4793.89990234375,4811.0,4770.0,4806.60009765625,724.0
2026-04-21,GC=F,Gold Futures,4698.39990234375,4705.0,4676.39990234375,4698.39990234375,1197.0
2026-04-22,GC=F,Gold Futures,4754.2001953125,4754.2001953125,4732.5,4732.5,1197.0
2026-04-23,GC=F,Gold Futures,4759.2001953125,4771.2998046875,4700.0,4749.60009765625,76781.0
2025-10-23,GOOGL,Alphabet (NASDAQ),252.6367781341903,254.6939808970836,251.50832156545115,252.7366485595703,19901400.0
2025-10-24,GOOGL,Alphabet (NASDAQ),256.2319174600456,261.32500504033385,254.97364746401067,259.5674133300781,28655100.0
2025-10-27,GOOGL,Alphabet (NASDAQ),264.4607188078389,269.7735083332291,263.9214429072172,268.9046630859375,35235200.0
2025-10-28,GOOGL,Alphabet (NASDAQ),269.3241367489819,270.3627344019799,266.1384619149823,267.1071472167969,29738600.0
2025-10-29,GOOGL,Alphabet (NASDAQ),267.38675485794886,274.96645416764926,267.3068768000952,274.197509765625,43580300.0
2025-10-30,GOOGL,Alphabet (NASDAQ),291.1944142933695,291.1944142933695,279.6800575475708,281.09814453125,74876000.0
2025-10-31,GOOGL,Alphabet (NASDAQ),282.8257813584811,285.6120049046921,276.6541726227251,280.8085327148437,39267900.0
2025-11-03,GOOGL,Alphabet (NASDAQ),281.797163766903,285.14262497278366,279.42038779718166,283.3350830078125,29786000.0
2025-11-04,GOOGL,Alphabet (NASDAQ),276.3745458896769,280.88840284028174,275.88522040271835,277.1634826660156,30078400.0
2025-11-05,GOOGL,Alphabet (NASDAQ),278.4916636746374,286.03143918614273,276.96374058170124,283.9242858886719,31010300.0
2025-11-06,GOOGL,Alphabet (NASDAQ),284.9429082592804,287.9588308357049,280.7586204462715,284.3637084960937,37173600.0
2025-11-07,GOOGL,Alphabet (NASDAQ),282.82575309004056,283.39498707048995,274.816645004158,278.4516906738281,34479600.0
2025-11-10,GOOGL,Alphabet (NASDAQ),284.03413439651047,290.40545290698407,282.47622284552773,289.7064208984375,29557300.0
2025-11-11,GOOGL,Alphabet (NASDAQ),287.3595968518003,291.5239526379353,286.9301875660949,290.9147644042969,19842100.0
2025-11-12,GOOGL,Alphabet (NASDAQ),291.2842728658537,291.613842224268,283.30512258449664,286.3210144042969,24829900.0
2025-11-13,GOOGL,Alphabet (NASDAQ),281.9569519907634,282.45627365196606,276.8638649512614,278.19207763671875,29494000.0
2025-11-14,GOOGL,Alphabet (NASDAQ),271.0417870634884,278.1820807042813,270.3327588398133,276.0350036621094,31647200.0
2025-11-17,GOOGL,Alphabet (NASDAQ),285.392279437324,293.55120856159544,283.1852862901624,284.63330078125,52670200.0
2025-11-18,GOOGL,Alphabet (NASDAQ),287.52939388700526,288.4081743957296,277.8225797399186,283.8943176269531,49158700.0
2025-11-19,GOOGL,Alphabet (NASDAQ),286.77042153983126,303.39782684502376,286.2411417953812,292.4127502441406,68198900.0
2025-11-20,GOOGL,Alphabet (NASDAQ),304.1268355762142,306.0042898345543,288.2783714658303,289.05731201171875,62025200.0
2025-11-21,GOOGL,Alphabet (NASDAQ),296.0178540164301,303.50767860502685,293.4513334764558,299.2534484863281,74137700.0
2025-11-24,GOOGL,Alphabet (NASDAQ),310.70789188393536,319.0465694557707,309.17996886834777,318.14776611328125,85165100.0
2025-11-25,GOOGL,Alphabet (NASDAQ),325.767421144808,328.3838617048627,317.2190369667809,323.0011901855469,88632100.0
2025-11-26,GOOGL,Alphabet (NASDAQ),320.2449508538883,324.0597758686898,316.36024396458464,319.5159606933594,51373400.0
2025-11-28,GOOGL,Alphabet (NASDAQ),322.9312800436979,326.4065697098705,316.3602205188893,319.74560546875,26018600.0
2025-12-01,GOOGL,Alphabet (NASDAQ),317.26898426885936,319.41606123931075,313.46415578589995,314.4627990722656,41183000.0
2025-12-02,GOOGL,Alphabet (NASDAQ),316.3102616947243,317.948051296999,313.4841146313127,315.38153076171875,35854700.0
2025-12-03,GOOGL,Alphabet (NASDAQ),315.4614642178001,321.14371687287894,313.6738840780104,319.1963806152344,41838300.0
2025-12-04,GOOGL,Alphabet (NASDAQ),321.7928484740126,321.92264650582644,314.27306548179905,317.1890869140625,31240900.0
2025-12-05,GOOGL,Alphabet (NASDAQ),319.05652267664885,322.72155681925386,318.73697999805336,320.8341064453125,28851700.0
2025-12-08,GOOGL,Alphabet (NASDAQ),319.82486263347363,320.21460294317257,311.0010871288888,313.49932861328125,33909400.0
2025-12-09,GOOGL,Alphabet (NASDAQ),312.15025542764414,317.7662971049956,311.6805848338384,316.85693359375,30194000.0
2025-12-10,GOOGL,Alphabet (NASDAQ),315.6078174223929,321.0839735202244,314.45863248382005,319.9847412109375,33428900.0
2025-12-11,GOOGL,Alphabet (NASDAQ),319.8548173729065,320.8940942947929,308.3829128168011,312.210205078125,42353700.0
2025-12-12,GOOGL,Alphabet (NASDAQ),313.47935032153816,314.6485102459599,305.34506149685063,309.07244873046875,35940200.0
2025-12-15,GOOGL,Alphabet (NASDAQ),311.1009991314403,311.2009348824072,304.66552711937686,308.003173828125,29151900.0
2025-12-16,GOOGL,Alphabet (NASDAQ),304.7354841263937,310.5513666605185,302.37712849550337,306.3543395996094,30585000.0
2025-12-17,GOOGL,Alphabet (NASDAQ),307.7933270972379,307.87325739956634,295.9116769824828,296.5112609863281,43930400.0
2025-12-18,GOOGL,Alphabet (NASDAQ),301.50775321966603,303.7461677101471,299.0195145942255,302.2472229003906,33518000.0
2025-12-19,GOOGL,Alphabet (NASDAQ),301.5177661333593,307.03387224107576,300.7582909786616,306.9439392089844,59943200.0
2025-12-22,GOOGL,Alphabet (NASDAQ),309.6620085044852,309.9118326328777,305.0852133945127,309.56207275390625,26429900.0
2025-12-23,GOOGL,Alphabet (NASDAQ),309.41219480948,314.7184570357758,309.1024153195162,314.1288757324219,25478700.0
2025-12-24,GOOGL,Alphabet (NASDAQ),314.5485634057752,314.8583428959372,311.70059264113144,313.8690490722656,10097400.0
2025-12-26,GOOGL,Alphabet (NASDAQ),314.25877806497726,314.86833429915043,312.0603135401851,313.2894592285156,10899000.0
2025-12-29,GOOGL,Alphabet (NASDAQ),311.15095467052413,313.79908436732376,310.4014822754237,313.33941650390625,19621800.0
2025-12-30,GOOGL,Alphabet (NASDAQ),312.2801854430232,316.7270674821765,312.24020504037514,313.6292419433594,17380900.0
2025-12-31,GOOGL,Alphabet (NASDAQ),312.62992729269524,314.3586907819443,311.22091551782626,312.7798156738281,16377700.0
2026-01-02,GOOGL,Alphabet (NASDAQ),316.6770832413161,322.2731502440002,310.11169732658084,314.9283142089844,32009400.0
2026-01-05,GOOGL,Alphabet (NASDAQ),317.4365596004392,318.79558832967825,314.4086921415047,316.3173522949219,30195600.0
2026-01-06,GOOGL,Alphabet (NASDAQ),316.17741436833177,320.71422913013345,311.5606693028291,314.1188659667969,31212100.0
2026-01-07,GOOGL,Alphabet (NASDAQ),314.13884430323384,325.9205589972494,313.96898096999803,321.7535095214844,35104400.0
2026-01-08,GOOGL,Alphabet (NASDAQ),328.7385750407063,330.0876314322289,321.2738288701313,325.2110595703125,31896100.0
2026-01-09,GOOGL,Alphabet (NASDAQ),326.8598973489763,330.5972566011106,325.5707962902668,328.3388671875,26214200.0
2026-01-12,GOOGL,Alphabet (NASDAQ),325.57079145505844,333.80501545240315,324.7713664437944,331.62652587890625,33923900.0
2026-01-13,GOOGL,Alphabet (NASDAQ),334.7144015630273,340.25048265726696,333.38532003422745,335.7336730957031,33517600.0
2026-01-14,GOOGL,Alphabet (NASDAQ),334.8243096530742,336.2832741209541,330.2475447349911,335.603759765625,28525600.0
2026-01-15,GOOGL,Alphabet (NASDAQ),337.4124676651339,337.4524480652932,330.507324974913,332.5458984375,28442400.0
2026-01-16,GOOGL,Alphabet (NASDAQ),334.1747541117482,334.4145755186536,327.46948297740045,329.7678527832031,40341600.0
2026-01-20,GOOGL,Alphabet (NASDAQ),320.6442885211675,327.49947891315526,320.2045955865857,321.77349853515625,35361000.0
2026-01-21,GOOGL,Alphabet (NASDAQ),320.6942733516965,332.24613943011235,319.12537039479025,328.1490173339844,35386600.0
2026-01-22,GOOGL,Alphabet (NASDAQ),334.2147483456718,334.9142376434696,328.5187457270175,330.3074951171875,26253600.0
2026-01-23,GOOGL,Alphabet (NASDAQ),332.25610013077164,333.45526818914374,327.219667476274,327.6993103027344,27280000.0
2026-01-26,GOOGL,Alphabet (NASDAQ),327.5793954045391,335.60374537803585,326.7699676491338,333.02557373046875,26042100.0
2026-01-27,GOOGL,Alphabet (NASDAQ),335.1340666902067,337.6722883721735,333.2454121385867,334.31463623046875,21636200.0
2026-01-28,GOOGL,Alphabet (NASDAQ),335.8236037532332,337.30257365930305,331.7065067534381,335.7736511230469,27434400.0
2026-01-29,GOOGL,Alphabet (NASDAQ),340.06060015063264,342.0492210013424,326.3103005061971,338.0120544433594,39785600.0
2026-01-30,GOOGL,Alphabet (NASDAQ),339.76083067041884,339.76083067041884,332.0562627255977,337.7622375488281,31024000.0
2026-02-02,GOOGL,Alphabet (NASDAQ),335.983495554882,344.5874244246442,335.3939142353609,343.4482421875,32006100.0
2026-02-03,GOOGL,Alphabet (NASDAQ),347.09564553860224,348.7544814019383,337.2325938809106,339.47100830078125,36506700.0
2026-02-04,GOOGL,Alphabet (NASDAQ),342.7187296036167,343.0684894885568,328.2888852617291,332.80572509765625,70618400.0
2026-02-05,GOOGL,Alphabet (NASDAQ),312.0003564748562,332.45595718246585,306.2443988387428,331.0169677734375,88205800.0
2026-02-06,GOOGL,Alphabet (NASDAQ),326.94984200428365,330.147603202773,319.694969697787,322.63287353515625,56380500.0
2026-02-09,GOOGL,Alphabet (NASDAQ),320.70422803551696,327.4694850607409,317.036826848448,324.09185791015625,39640100.0
2026-02-10,GOOGL,Alphabet (NASDAQ),320.7441987510988,321.4437184993816,314.38865715458337,318.3558654785156,39170000.0
2026-02-11,GOOGL,Alphabet (NASDAQ),318.7456164455411,320.8341425405983,309.44216816023624,310.7412414550781,45406400.0
2026-02-12,GOOGL,Alphabet (NASDAQ),311.87044586439265,316.0175203045161,306.9839017615506,308.7826232910156,47761300.0
2026-02-13,GOOGL,Alphabet (NASDAQ),307.5135396808651,308.412900480652,303.4963480144474,305.50494384765625,38499700.0
2026-02-17,GOOGL,Alphabet (NASDAQ),299.82893803190484,304.22583664461854,296.0415956615768,301.8075256347656,39247600.0
2026-02-18,GOOGL,Alphabet (NASDAQ),301.87748970860525,305.1651838815364,301.0380842700908,303.1166076660156,28482100.0
2026-02-19,GOOGL,Alphabet (NASDAQ),301.6076886754516,305.25511494304027,299.828942056139,302.636962890625,25834400.0
2026-02-20,GOOGL,Alphabet (NASDAQ),304.1059184917761,316.2773425544253,303.68620054308417,314.7584228515625,53210800.0
2026-02-23,GOOGL,Alphabet (NASDAQ),318.82555353627805,319.29522413676915,309.65201848441603,311.2708740234375,31423000.0
2026-02-24,GOOGL,Alphabet (NASDAQ),310.3015673465962,312.05033638585,305.71479964031533,310.6813049316406,25615600.0
2026-02-25,GOOGL,Alphabet (NASDAQ),311.84046520002283,313.4193707572093,309.22231323387047,312.67987060546875,29963600.0
2026-02-26,GOOGL,Alphabet (NASDAQ),312.42009761480955,312.9197459051382,302.1373272609355,307.1637878417969,36431200.0
2026-02-27,GOOGL,Alphabet (NASDAQ),303.92607541564644,312.1502667227519,303.5862877430576,311.54071044921875,44640600.0
2026-03-02,GOOGL,Alphabet (NASDAQ),303.0166882830762,308.27296712894787,301.088022863519,306.3043518066406,34790200.0
2026-03-03,GOOGL,Alphabet (NASDAQ),298.37994467731505,303.7261871662424,296.5012623376298,303.3664245605469,35497000.0
2026-03-04,GOOGL,Alphabet (NASDAQ),302.6769571429086,305.2551289128473,300.5384478137644,302.9167785644531,29536200.0
2026-03-05,GOOGL,Alphabet (NASDAQ),302.82681905445145,303.08661540637286,297.78035344585857,300.6683349609375,35752300.0
2026-03-06,GOOGL,Alphabet (NASDAQ),295.88171424137005,300.31859339921897,294.97235071392555,298.3099975585937,25576900.0
2026-03-09,GOOGL,Alphabet (NASDAQ),294.3599853515625,306.79998779296875,294.0799865722656,306.3599853515625,29312100.0
2026-03-10,GOOGL,Alphabet (NASDAQ),306.1700134277344,309.510009765625,305.57000732421875,307.0400085449219,23239700.0
2026-03-11,GOOGL,Alphabet (NASDAQ),306.75,311.4200134277344,305.9200134277344,308.70001220703125,24125700.0
2026-03-12,GOOGL,Alphabet (NASDAQ),306.82000732421875,308.94000244140625,301.0299987792969,303.54998779296875,24928300.0
2026-03-13,GOOGL,Alphabet (NASDAQ),307.010009765625,307.69000244140625,300.44000244140625,302.2799987792969,23693100.0
2026-03-16,GOOGL,Alphabet (NASDAQ),304.3500061035156,306.489990234375,303.0199890136719,305.5599975585937,23519700.0
2026-03-17,GOOGL,Alphabet (NASDAQ),305.8599853515625,311.4200134277344,305.5,310.9200134277344,21955200.0
2026-03-18,GOOGL,Alphabet (NASDAQ),309.2699890136719,312.4700012207031,306.92999267578125,307.69000244140625,20009800.0
2026-03-19,GOOGL,Alphabet (NASDAQ),304.010009765625,308.0599975585937,302.3500061035156,307.1300048828125,25075800.0
2026-03-20,GOOGL,Alphabet (NASDAQ),305.4599914550781,306.0,298.2699890136719,301.0,44364100.0
2026-03-23,GOOGL,Alphabet (NASDAQ),302.1099853515625,305.9800109863281,300.92999267578125,302.0599975585937,29326900.0
2026-03-24,GOOGL,Alphabet (NASDAQ),299.20001220703125,299.9200134277344,290.3299865722656,290.44000244140625,36864300.0
2026-03-25,GOOGL,Alphabet (NASDAQ),293.44000244140625,296.0,289.239990234375,290.92999267578125,29460700.0
2026-03-26,GOOGL,Alphabet (NASDAQ),287.9100036621094,287.95001220703125,278.5,280.9200134277344,39080600.0
2026-03-27,GOOGL,Alphabet (NASDAQ),277.2799987792969,279.3699951171875,273.95001220703125,274.3399963378906,35890600.0
2026-03-30,GOOGL,Alphabet (NASDAQ),276.4200134277344,277.0899963378906,272.1099853515625,273.5,35141200.0
2026-03-31,GOOGL,Alphabet (NASDAQ),278.0400085449219,288.0799865722656,277.0899963378906,287.5599975585937,43875400.0
2026-04-01,GOOGL,Alphabet (NASDAQ),290.8399963378906,300.5199890136719,290.4100036621094,297.3900146484375,37684500.0
2026-04-02,GOOGL,Alphabet (NASDAQ),290.69000244140625,298.0799865722656,289.45001220703125,295.7699890136719,21666500.0
2026-04-06,GOOGL,Alphabet (NASDAQ),295.8699951171875,300.6199951171875,295.17999267578125,299.989990234375,16945500.0
2026-04-07,GOOGL,Alphabet (NASDAQ),302.7300109863281,305.6300048828125,297.7200012207031,305.4599914550781,23205400.0
2026-04-08,GOOGL,Alphabet (NASDAQ),320.45001220703125,322.0799865722656,315.0199890136719,317.32000732421875,33547100.0
2026-04-09,GOOGL,Alphabet (NASDAQ),315.9100036621094,319.5400085449219,311.0599975585937,318.489990234375,23739200.0
2026-04-10,GOOGL,Alphabet (NASDAQ),320.0199890136719,321.8299865722656,316.32000732421875,317.239990234375,19152600.0
2026-04-13,GOOGL,Alphabet (NASDAQ),317.1400146484375,321.6300048828125,315.4700012207031,321.3099975585937,18866400.0
2026-04-14,GOOGL,Alphabet (NASDAQ),324.7900085449219,333.2900085449219,323.75,332.9100036621094,27721400.0
2026-04-15,GOOGL,Alphabet (NASDAQ),332.8900146484375,337.4800109863281,330.8999938964844,337.1199951171875,24918800.0
2026-04-16,GOOGL,Alphabet (NASDAQ),338.75,339.8800048828125,334.5199890136719,336.0199890136719,20541500.0
2026-04-17,GOOGL,Alphabet (NASDAQ),337.6499938964844,342.32000732421875,336.239990234375,341.67999267578125,25581900.0
2026-04-20,GOOGL,Alphabet (NASDAQ),340.760009765625,341.3999938964844,336.6099853515625,337.4200134277344,18784200.0
2026-04-21,GOOGL,Alphabet (NASDAQ),337.69000244140625,339.3399963378906,331.3500061035156,332.2900085449219,23123800.0
2026-04-22,GOOGL,Alphabet (NASDAQ),337.0199890136719,339.82000732421875,335.1700134277344,339.32000732421875,20266500.0
2025-10-23,JPM,JPMorgan Chase (NYSE),291.5659521228084,293.53691953831486,289.7138327608809,291.72442626953125,5438800.0
2025-10-24,JPM,JPMorgan Chase (NYSE),293.2496561856281,299.70734860853685,292.6257039619419,297.5679931640625,7228300.0
2025-10-27,JPM,JPMorgan Chase (NYSE),299.2715559358776,301.6188954834183,298.13255521259686,301.2425231933594,5642200.0
2025-10-28,JPM,JPMorgan Chase (NYSE),301.9457586189306,305.0260451309229,300.26202744552563,302.44097900390625,6336000.0
2025-10-29,JPM,JPMorgan Chase (NYSE),300.6086875532579,305.3033671273222,300.1134671686232,302.5895690917969,7520300.0
2025-10-30,JPM,JPMorgan Chase (NYSE),302.8668617019339,309.62164411662417,302.1834552198523,306.4819641113281,7514600.0
2025-10-31,JPM,JPMorgan Chase (NYSE),305.5905808443981,309.8791757592273,304.3129038831637,308.1459045410156,7721300.0
2025-11-03,JPM,JPMorgan Chase (NYSE),308.0270739794024,309.3344630267029,303.28285431242927,306.3928527832031,7770000.0
2025-11-04,JPM,JPMorgan Chase (NYSE),303.7780648320401,309.23540287266394,302.1834697809128,306.2937927246094,7085200.0
2025-11-05,JPM,JPMorgan Chase (NYSE),306.6503419445097,310.107000668758,302.70840715746203,308.7005615234375,6865200.0
2025-11-06,JPM,JPMorgan Chase (NYSE),308.01715622418413,311.83035912038315,307.2941538281452,310.4239501953125,7206100.0
2025-11-07,JPM,JPMorgan Chase (NYSE),308.90856044061366,311.4242580235003,304.6991875199946,311.20635986328125,7302300.0
2025-11-10,JPM,JPMorgan Chase (NYSE),311.9888313123107,316.5052386427636,311.2063746689554,313.8607788085937,5794100.0
2025-11-11,JPM,JPMorgan Chase (NYSE),314.4649387231156,316.0001097981944,312.2661590448994,312.6029052734375,5030200.0
2025-11-12,JPM,JPMorgan Chase (NYSE),313.2367840916445,319.16951418656384,313.1872439213492,317.3471069335937,10578300.0
2025-11-13,JPM,JPMorgan Chase (NYSE),316.1784035137792,317.565014483568,306.1452341336872,306.5216064453125,8973300.0
2025-11-14,JPM,JPMorgan Chase (NYSE),304.57044575573,304.69920788981074,298.3504790333013,300.70770263671875,10327000.0
2025-11-17,JPM,JPMorgan Chase (NYSE),301.0939616708072,302.66875869849656,294.8244855709175,297.4986572265625,8344000.0
2025-11-18,JPM,JPMorgan Chase (NYSE),296.6369875977812,300.05402007948175,294.1806837974681,296.5478515625,8077300.0
2025-11-19,JPM,JPMorgan Chase (NYSE),296.8746866890342,301.5396841634701,296.409178349521,300.3709411621094,5546600.0
2025-11-20,JPM,JPMorgan Chase (NYSE),303.411609711364,306.95740445253,295.3098117912242,295.5277099609375,7501600.0
2025-11-21,JPM,JPMorgan Chase (NYSE),298.4098723352964,298.7961284719156,290.01092472978763,295.1711120605469,11766800.0
2025-11-24,JPM,JPMorgan Chase (NYSE),295.3890327721484,296.9539460474125,291.69470820468445,295.1513366699219,10940200.0
2025-11-25,JPM,JPMorgan Chase (NYSE),297.18170363006027,301.5891765934406,292.7346348034667,300.103515625,8877200.0
2025-11-26,JPM,JPMorgan Chase (NYSE),302.0844103036798,305.5806647286523,300.30162915288383,304.6991882324219,7910900.0
2025-11-28,JPM,JPMorgan Chase (NYSE),306.1452537275728,310.7210853336642,305.2934589321381,310.0871887207031,4322400.0
2025-12-01,JPM,JPMorgan Chase (NYSE),309.958455126882,311.038031953238,305.5906076467962,305.96697998046875,7727300.0
2025-12-02,JPM,JPMorgan Chase (NYSE),305.7886541478843,307.5120415313108,304.1544330268201,304.9368896484375,7249000.0
2025-12-03,JPM,JPMorgan Chase (NYSE),304.26340519365976,309.37405277594195,303.86720471987456,309.1462707519531,8535300.0
2025-12-04,JPM,JPMorgan Chase (NYSE),310.2654601734084,315.44544563675794,310.0079359217761,313.07830810546875,9627800.0
2025-12-05,JPM,JPMorgan Chase (NYSE),312.62274341566774,315.4355916137351,311.6718985008828,312.0284729003906,6518900.0
2025-12-08,JPM,JPMorgan Chase (NYSE),312.0482477999388,313.44477282870224,310.3546026483966,312.1968078613281,7417200.0
2025-12-09,JPM,JPMorgan Chase (NYSE),311.939326475107,315.7524991840304,297.1520230977925,297.6373596191406,18049200.0
2025-12-10,JPM,JPMorgan Chase (NYSE),297.6274181031412,308.2152311685389,295.60691069504315,307.1455383300781,18874100.0
2025-12-11,JPM,JPMorgan Chase (NYSE),306.2838676543348,314.96013772429524,306.2838676543348,314.3460693359375,9721900.0
2025-12-12,JPM,JPMorgan Chase (NYSE),316.6240735225281,317.20842990436694,313.5735294870918,315.47515869140625,8982900.0
2025-12-15,JPM,JPMorgan Chase (NYSE),316.534963668203,319.7935222813264,315.3464528736662,316.9608459472656,10864100.0
2025-12-16,JPM,JPMorgan Chase (NYSE),316.0397072252412,316.46558945571707,311.3945381021762,312.5335388183594,8331300.0
2025-12-17,JPM,JPMorgan Chase (NYSE),315.3860269605939,316.3170436429019,311.6520763778745,311.9690246582031,8718700.0
2025-12-18,JPM,JPMorgan Chase (NYSE),312.979256626897,314.66301788263524,309.2353920446346,310.0079345703125,11444900.0
2025-12-19,JPM,JPMorgan Chase (NYSE),310.79038320864026,315.51477427620307,310.1961127673861,314.1776733398437,24494400.0
2025-12-22,JPM,JPMorgan Chase (NYSE),314.47481933577194,320.14014104266494,314.47481933577194,320.00146484375,8354600.0
2025-12-23,JPM,JPMorgan Chase (NYSE),320.51650136966475,324.6466524002949,320.00148308544306,322.8143310546875,6668300.0
2025-12-24,JPM,JPMorgan Chase (NYSE),323.1213622604756,326.8355148620812,322.3884458193645,326.0233764648437,4289300.0
2025-12-26,JPM,JPMorgan Chase (NYSE),325.9639318748006,327.6972031402456,323.4185221880518,324.7754211425781,4158300.0
2025-12-29,JPM,JPMorgan Chase (NYSE),323.8741142125664,324.6367426827693,320.43728371815735,320.6551818847656,8635300.0
2025-12-30,JPM,JPMorgan Chase (NYSE),321.7050354533748,321.83379757815135,319.40720581728044,320.3283386230469,7904300.0
2025-12-31,JPM,JPMorgan Chase (NYSE),321.2395304565584,321.77437689354394,318.9615289550125,319.1398010253906,5048500.0
2026-01-02,JPM,JPMorgan Chase (NYSE),319.4171281542276,322.61626252061376,317.6739428368343,322.36865234375,8054000.0
2026-01-05,JPM,JPMorgan Chase (NYSE),322.3884599175412,334.026138578159,322.08142570711647,330.8468322753906,10752600.0
2026-01-06,JPM,JPMorgan Chase (NYSE),330.92639220894705,334.1598441675407,328.9664216534041,332.90625,7660800.0
2026-01-07,JPM,JPMorgan Chase (NYSE),329.4539672046419,330.45880399676645,322.947258062395,325.3250732421875,9815200.0
2026-01-08,JPM,JPMorgan Chase (NYSE),324.7281574581884,329.7126277455971,323.99190461809644,328.11083984375,11737100.0
2026-01-09,JPM,JPMorgan Chase (NYSE),327.6631156796267,330.21007865256746,326.4990899011105,327.5138854980469,6738100.0
2026-01-12,JPM,JPMorgan Chase (NYSE),320.2411028663189,324.3600076252465,319.59441851466954,322.8377990722656,12805100.0
2026-01-13,JPM,JPMorgan Chase (NYSE),322.64875130423195,325.1957141371429,308.9886797025588,309.3169860839844,19371200.0
2026-01-14,JPM,JPMorgan Chase (NYSE),306.6307659579143,310.17263725890126,304.5613395847709,306.30242919921875,25951500.0
2026-01-15,JPM,JPMorgan Chase (NYSE),306.8993776774091,311.3466191836246,306.18304245620016,307.68536376953125,14751400.0
2026-01-16,JPM,JPMorgan Chase (NYSE),308.76979706409315,315.5948534301565,308.42157308655703,310.8789978027344,14652500.0
2026-01-20,JPM,JPMorgan Chase (NYSE),304.65088058894946,309.56573031914434,300.323023148028,301.19854736328125,12900600.0
2026-01-21,JPM,JPMorgan Chase (NYSE),301.88504309324475,303.8450138204667,299.61665319654776,300.50213623046875,10270100.0
2026-01-22,JPM,JPMorgan Chase (NYSE),303.3077326815458,306.6307531542374,301.35772089620315,302.0840148925781,10535800.0
2026-01-23,JPM,JPMorgan Chase (NYSE),300.4623078902987,300.8304191049288,295.000271015744,296.2041015625,11107900.0
2026-01-26,JPM,JPMorgan Chase (NYSE),296.2936374196168,300.243424572115,295.9354850066467,299.5072021484375,11752700.0
2026-01-27,JPM,JPMorgan Chase (NYSE),299.7957098597862,300.4324657566407,296.6319086980451,298.7809143066406,11527400.0
2026-01-28,JPM,JPMorgan Chase (NYSE),298.74110176244625,300.3827247331972,296.53240414079806,299.2385559082031,9556700.0
2026-01-29,JPM,JPMorgan Chase (NYSE),300.86028172816947,305.2677184721844,300.6812055104527,304.8598327636719,11580000.0
2026-01-30,JPM,JPMorgan Chase (NYSE),303.6957636347891,306.3621106362864,301.0194578342246,304.33251953125,11953200.0
2026-02-02,JPM,JPMorgan Chase (NYSE),302.9097896135357,307.72514241386267,299.83552643648,306.5710754394531,9839400.0
2026-02-03,JPM,JPMorgan Chase (NYSE),308.15296152215484,314.6397527673971,307.5261644294422,313.24688720703125,12688000.0
2026-02-04,JPM,JPMorgan Chase (NYSE),312.809117891095,317.68416242077944,312.809117891095,315.654541015625,9848800.0
2026-02-05,JPM,JPMorgan Chase (NYSE),313.3961328396234,314.4009999973286,303.9843082722668,308.5807800292969,9388000.0
2026-02-06,JPM,JPMorgan Chase (NYSE),313.10760555212,322.59903993155126,313.10760555212,320.7584533691406,17797400.0
2026-02-09,JPM,JPMorgan Chase (NYSE),319.70385137937853,324.73808529326595,318.4801031561584,320.4599914550781,11477500.0
2026-02-10,JPM,JPMorgan Chase (NYSE),320.9076714905845,324.4694603347238,313.51550984428656,316.659423828125,9902200.0
2026-02-11,JPM,JPMorgan Chase (NYSE),321.5941717066872,323.6237932822943,307.15807190859783,309.2374267578125,8703500.0
2026-02-12,JPM,JPMorgan Chase (NYSE),310.68996020493864,312.0231336727285,298.492374829366,301.0990600585937,13443400.0
2026-02-13,JPM,JPMorgan Chase (NYSE),297.0000117729552,302.740652037527,295.0101951931391,301.0094909667969,9114500.0
2026-02-17,JPM,JPMorgan Chase (NYSE),301.21844819128046,306.6705262718474,300.95976231603305,305.5661926269531,8896800.0
2026-02-18,JPM,JPMorgan Chase (NYSE),306.8894162356143,310.6899733588093,305.6557396172298,307.2077941894531,7209600.0
2026-02-19,JPM,JPMorgan Chase (NYSE),305.6060125002564,307.6057576457843,303.5664321569553,306.48150634765625,6737700.0
2026-02-20,JPM,JPMorgan Chase (NYSE),306.829734990155,309.4165028225248,304.12358301143166,309.20758056640625,7792700.0
2026-02-23,JPM,JPMorgan Chase (NYSE),307.22769310292153,309.4165036660153,293.5974666249826,296.1543884277344,12955400.0
2026-02-24,JPM,JPMorgan Chase (NYSE),295.3086878147805,298.22376183621185,289.89638425356503,295.7862243652344,13554100.0
2026-02-25,JPM,JPMorgan Chase (NYSE),297.1194302945208,302.113859047087,295.4977249020647,301.75567626953125,8095500.0
2026-02-26,JPM,JPMorgan Chase (NYSE),303.02916294815697,307.4366298839601,302.0939770599508,304.5712890625,7007800.0
2026-02-27,JPM,JPMorgan Chase (NYSE),298.4725052158334,301.4074969953331,292.9507760142178,298.7709655761719,18620800.0
2026-03-02,JPM,JPMorgan Chase (NYSE),293.3089239524434,298.45261340621465,291.7170645432447,296.044921875,8508900.0
2026-03-03,JPM,JPMorgan Chase (NYSE),290.80175042735664,300.8503301542204,288.0259478174434,298.7311706542969,10278200.0
2026-03-04,JPM,JPMorgan Chase (NYSE),298.4625518350298,299.4674190034017,294.31380094003714,297.8656311035156,8055700.0
2026-03-05,JPM,JPMorgan Chase (NYSE),296.46279534996694,299.7061758621692,290.9410358965662,292.0553283691406,12732500.0
2026-03-06,JPM,JPMorgan Chase (NYSE),284.88204628210366,288.51345559776433,282.2654325280704,288.0060729980469,13496500.0
2026-03-09,JPM,JPMorgan Chase (NYSE),284.04633930656934,289.61783224456605,279.02206418875625,288.44384765625,12241100.0
2026-03-10,JPM,JPMorgan Chase (NYSE),287.81703392074905,291.25940817695187,285.7177615952499,287.2598876953125,8344900.0
2026-03-11,JPM,JPMorgan Chase (NYSE),287.339470512306,289.00098077209634,283.40957048917664,286.0560302734375,10205000.0
2026-03-12,JPM,JPMorgan Chase (NYSE),281.38992356011664,282.4345955757058,277.6789347371047,281.4496459960937,13760500.0
2026-03-13,JPM,JPMorgan Chase (NYSE),283.2205743771862,285.72773249785536,281.50933079451545,281.996826171875,9091200.0
2026-03-16,JPM,JPMorgan Chase (NYSE),284.88204862524725,287.7971227560318,283.16084627757465,284.7029724121094,8149000.0
2026-03-17,JPM,JPMorgan Chase (NYSE),287.5285022187445,290.2744588762506,284.4940440114858,285.42926025390625,8961200.0
2026-03-18,JPM,JPMorgan Chase (NYSE),285.36953215418885,287.93641255144826,283.6682474755719,286.27490234375,10057000.0
2026-03-19,JPM,JPMorgan Chase (NYSE),285.4193072233837,288.0359209952396,283.1708046765218,286.5037536621094,9846700.0
2026-03-20,JPM,JPMorgan Chase (NYSE),286.61317132501995,289.2297850267638,283.81748141518966,285.1009216308594,22436500.0
2026-03-23,JPM,JPMorgan Chase (NYSE),292.8114588483544,294.24412922690453,286.5037438804951,288.4338684082031,11470800.0
2026-03-24,JPM,JPMorgan Chase (NYSE),284.71293429347423,293.9755285514211,283.9169894005904,290.91119384765625,11092300.0
2026-03-25,JPM,JPMorgan Chase (NYSE),292.6522795072885,296.1245302289603,290.950994762599,293.91583251953125,12188200.0
2026-03-26,JPM,JPMorgan Chase (NYSE),291.0902559049482,293.48798854194115,289.24969984697105,290.1749572753906,8669200.0
2026-03-27,JPM,JPMorgan Chase (NYSE),287.66781259849654,288.63284454259417,280.31542537678433,281.3998718261719,9873300.0
2026-03-30,JPM,JPMorgan Chase (NYSE),283.2901966006573,285.787426299191,280.89246381052374,282.3251342773437,11734400.0
2026-03-31,JPM,JPMorgan Chase (NYSE),287.0012007453536,293.56760164880984,283.4991344325332,292.6622314453125,12956900.0
2026-04-01,JPM,JPMorgan Chase (NYSE),293.8859963972044,297.19902789200404,291.41861272257177,293.87603759765625,11267200.0
2026-04-02,JPM,JPMorgan Chase (NYSE),290.4237002119346,294.1148016905453,287.2499401451481,293.1000061035156,6669300.0
2026-04-06,JPM,JPMorgan Chase (NYSE),294.0599975585937,296.8299865722656,293.20001220703125,295.45001220703125,7142600.0
2026-04-07,JPM,JPMorgan Chase (NYSE),293.1400146484375,298.17999267578125,292.70001220703125,297.3999938964844,7849100.0
2026-04-08,JPM,JPMorgan Chase (NYSE),307.9700012207031,311.260009765625,305.3299865722656,307.9700012207031,10590200.0
2026-04-09,JPM,JPMorgan Chase (NYSE),306.95001220703125,311.260009765625,306.1099853515625,310.3299865722656,6586600.0
2026-04-10,JPM,JPMorgan Chase (NYSE),310.0,310.3500061035156,306.7200012207031,309.8699951171875,6069700.0
2026-04-13,JPM,JPMorgan Chase (NYSE),307.4700012207031,313.739990234375,305.4599914550781,313.67999267578125,8318200.0
2026-04-14,JPM,JPMorgan Chase (NYSE),309.82000732421875,314.32000732421875,308.8699951171875,311.1199951171875,11455500.0
2026-04-15,JPM,JPMorgan Chase (NYSE),313.95001220703125,314.239990234375,304.260009765625,305.92999267578125,9885800.0
2026-04-16,JPM,JPMorgan Chase (NYSE),305.3500061035156,309.95001220703125,305.20001220703125,309.95001220703125,8208600.0
2026-04-17,JPM,JPMorgan Chase (NYSE),312.4700012207031,314.8999938964844,310.0899963378906,310.2900085449219,11082400.0
2026-04-20,JPM,JPMorgan Chase (NYSE),310.8500061035156,317.1300048828125,310.3699951171875,316.989990234375,10772000.0
2026-04-21,JPM,JPMorgan Chase (NYSE),317.489990234375,320.239990234375,312.75,313.0,7084300.0
2026-04-22,JPM,JPMorgan Chase (NYSE),314.8500061035156,315.1499938964844,311.94000244140625,313.0199890136719,5543400.0
2025-10-23,MSFT,Microsoft (NASDAQ),520.2964530626382,521.7802730707533,516.4623598997719,518.404296875,14023500.0
2025-10-24,MSFT,Microsoft (NASDAQ),520.6250388201142,523.1744351060786,518.5536961256696,521.441650390625,15532400.0
2025-10-27,MSFT,Microsoft (NASDAQ),529.577902779321,532.3662956890146,526.819354031342,529.3189697265625,18734700.0
2025-10-28,MSFT,Microsoft (NASDAQ),547.7224103521172,551.4269763883988,538.5306518978505,539.8252563476562,29986700.0
2025-10-29,MSFT,Microsoft (NASDAQ),542.6833492925585,544.0078586434945,534.507325873603,539.307373046875,36023000.0
2025-10-30,MSFT,Microsoft (NASDAQ),528.2831883129468,532.7545848667123,519.9578228356851,523.582763671875,41023100.0
2025-10-31,MSFT,Microsoft (NASDAQ),526.6898137654194,527.1279940743384,512.9668501497666,515.6656494140625,34006400.0
2025-11-03,MSFT,Microsoft (NASDAQ),517.657371934483,522.7860691817526,512.4590180581705,514.888916015625,22374700.0
2025-11-04,MSFT,Microsoft (NASDAQ),509.6407695643784,513.4150529816625,505.73698923396887,512.2001342773438,20958700.0
2025-11-05,MSFT,Microsoft (NASDAQ),511.17434154282535,512.6980347767452,504.4821687767013,505.0597839355469,23024300.0
2025-11-06,MSFT,Microsoft (NASDAQ),503.5659922381216,503.6058351018555,493.75677643867937,495.04144287109375,27406500.0
2025-11-07,MSFT,Microsoft (NASDAQ),494.8920702735404,497.31199999791255,491.2073803526309,494.7626037597656,24019800.0
2025-11-10,MSFT,Microsoft (NASDAQ),497.9692613740871,504.7510576229119,496.7343757501637,503.9045715332031,26101500.0
2025-11-11,MSFT,Microsoft (NASDAQ),502.7095490222416,507.48968986721945,500.2697130079768,506.573486328125,17980000.0
2025-11-12,MSFT,Microsoft (NASDAQ),507.2506574723947,509.5511194130969,497.0530724082431,509.0233154296875,26574900.0
2025-11-13,MSFT,Microsoft (NASDAQ),508.1967287528611,511.3735209246628,499.2140928412288,501.205810546875,25273100.0
2025-11-14,MSFT,Microsoft (NASDAQ),496.166765720741,509.4813936811572,495.3800287197931,508.0672607421875,28505700.0
2025-11-17,MSFT,Microsoft (NASDAQ),506.34444359286346,509.9992285471841,502.8190947602184,505.3883972167969,19092800.0
2025-11-18,MSFT,Microsoft (NASDAQ),493.3186219236693,500.8971240097586,484.7641975590384,491.74517822265625,33815100.0
2025-11-19,MSFT,Microsoft (NASDAQ),488.0704229659532,493.1393408084164,480.8305097576304,485.1027526855469,23245300.0
2025-11-20,MSFT,Microsoft (NASDAQ),491.5879641710541,492.4460215630244,474.417164289732,477.3404846191406,26802500.0
2025-11-21,MSFT,Microsoft (NASDAQ),477.4103368698009,477.8293938228302,467.2036221547232,471.04486083984375,31769200.0
2025-11-24,MSFT,Microsoft (NASDAQ),473.9183160323131,475.8139832068258,466.9542001322548,472.9205932617188,34421000.0
2025-11-25,MSFT,Microsoft (NASDAQ),472.9904142849383,478.0588322743821,463.8313270788984,475.90374755859375,28019800.0
2025-11-26,MSFT,Microsoft (NASDAQ),485.2025316262965,487.1979770584782,480.1041831621511,484.3943786621094,25709100.0
2025-11-28,MSFT,Microsoft (NASDAQ),486.489626354464,491.5081706450152,485.541777548382,490.88958740234375,14386700.0
2025-12-01,MSFT,Microsoft (NASDAQ),487.3277021324389,488.7444513856018,483.5463243869077,485.6315612792969,23964000.0
2025-12-02,MSFT,Microsoft (NASDAQ),485.6116258193264,492.3761849539621,485.2125428025972,488.8841552734375,19562700.0
2025-12-03,MSFT,Microsoft (NASDAQ),475.23529714339696,483.13724409881166,474.1178525596479,476.64208984375,34615100.0
2025-12-04,MSFT,Microsoft (NASDAQ),478.6674679630734,480.2239129901724,475.40489514051177,479.7449951171875,22318200.0
2025-12-05,MSFT,Microsoft (NASDAQ),481.4211657314621,482.299166614698,477.78947078944657,482.0597229003906,22608700.0
2025-12-08,MSFT,Microsoft (NASDAQ),483.7858099301447,491.1789088824645,483.2769615726175,489.9018249511719,21965900.0
2025-12-09,MSFT,Microsoft (NASDAQ),487.9862027558801,490.9993144973556,487.3875630167038,490.8995361328125,14696100.0
2025-12-10,MSFT,Microsoft (NASDAQ),482.9277288439703,483.1472290611573,473.9980982856002,477.4701843261719,35756200.0
2025-12-11,MSFT,Microsoft (NASDAQ),475.5445986070271,484.9231863556336,474.7763326037194,482.3690185546875,24669200.0
2025-12-12,MSFT,Microsoft (NASDAQ),478.72734800157895,481.3513637649093,475.2552617920193,477.4402770996094,21248100.0
2025-12-15,MSFT,Microsoft (NASDAQ),479.0066832317436,479.6252664455081,471.44392797474177,473.73870849609375,23727700.0
2025-12-16,MSFT,Microsoft (NASDAQ),470.8353364785088,476.80172935648005,469.8076832860371,475.3051452636719,20705600.0
2025-12-17,MSFT,Microsoft (NASDAQ),475.8239455574328,478.9069051052783,473.9182915104317,475.0357360839844,24527200.0
2025-12-18,MSFT,Microsoft (NASDAQ),477.1010453906704,488.4850656489584,476.8017407441929,482.87786865234375,28573500.0
2025-12-19,MSFT,Microsoft (NASDAQ),486.2501387748106,486.7390436209232,481.39123391446,484.8134460449219,70836100.0
2025-12-22,MSFT,Microsoft (NASDAQ),485.0129839081317,487.6170561484318,481.5908021440126,483.8157348632813,16963000.0
2025-12-23,MSFT,Microsoft (NASDAQ),483.8755963136496,486.7190818282799,483.6361221459561,485.7413330078125,14683600.0
2025-12-24,MSFT,Microsoft (NASDAQ),484.5739628623746,488.04604888584674,483.7258924615979,486.90863037109375,5855900.0
2025-12-26,MSFT,Microsoft (NASDAQ),485.601642461088,487.0084352251927,484.85335038112265,486.599365234375,8842200.0
2025-12-29,MSFT,Microsoft (NASDAQ),483.7558335295542,487.23790659993216,483.0773893732932,485.9907531738281,10893400.0
2025-12-30,MSFT,Microsoft (NASDAQ),484.8234150126488,488.5648753746365,484.39440153201394,486.3699035644531,13944500.0
2025-12-31,MSFT,Microsoft (NASDAQ),486.7290680267604,487.0284031238816,482.1993981667827,482.5186767578125,15601600.0
2026-01-02,MSFT,Microsoft (NASDAQ),483.2869444224563,483.5563186075122,469.0893385249197,471.8630065917969,25571600.0
2026-01-05,MSFT,Microsoft (NASDAQ),472.98042932285466,474.9858617296903,468.4308161640092,471.773193359375,25250300.0
2026-01-06,MSFT,Microsoft (NASDAQ),472.72102257015473,477.6497753472042,468.6802576477938,477.4203186035156,23037700.0
2026-01-07,MSFT,Microsoft (NASDAQ),478.6674756822987,488.5848422406915,476.86159994291296,482.3690185546875,25564200.0
2026-01-08,MSFT,Microsoft (NASDAQ),480.1440867981463,481.5608665012806,474.7763335277468,477.0212097167969,18162600.0
2026-01-09,MSFT,Microsoft (NASDAQ),472.9804540365218,478.72734693664125,471.1247042989064,478.1885681152344,18491000.0
2026-01-12,MSFT,Microsoft (NASDAQ),475.5845048686955,479.89464390147504,474.5967386659474,476.0933227539063,23519900.0
2026-01-13,MSFT,Microsoft (NASDAQ),473.5990225282599,474.6965236309785,464.888922501957,469.5981750488281,28545800.0
2026-01-14,MSFT,Microsoft (NASDAQ),465.39775666549855,467.13381499707015,456.1289340170423,458.3338928222656,28184300.0
2026-01-15,MSFT,Microsoft (NASDAQ),463.0630900555096,463.1927988881192,454.8618076165624,455.6200866699219,23225800.0
2026-01-16,MSFT,Microsoft (NASDAQ),456.78739866953146,462.13520850615447,455.4404972994736,458.8127746582031,34246700.0
2026-01-20,MSFT,Microsoft (NASDAQ),450.1924514863621,455.7597309230742,448.2568669541529,453.4849243164063,26130000.0
2026-01-21,MSFT,Microsoft (NASDAQ),451.5693196059127,451.6591109990197,437.68100562513575,443.0986328125,37980500.0
2026-01-22,MSFT,Microsoft (NASDAQ),446.600636936346,451.8087507279656,443.6873036586902,450.1126403808594,25349400.0
2026-01-23,MSFT,Microsoft (NASDAQ),450.8409629929935,470.0271819611143,449.50401819491054,464.888916015625,38000200.0
2026-01-26,MSFT,Microsoft (NASDAQ),464.2503622118351,473.1700058760031,460.9479024031912,469.20904541015625,29291200.0
2026-01-27,MSFT,Microsoft (NASDAQ),472.6212886177101,481.7703893732875,472.0825097961169,479.485595703125,29213900.0
2026-01-28,MSFT,Microsoft (NASDAQ),482.10959164059926,482.63838346935967,476.9114647448887,480.533203125,36875400.0
2026-01-29,MSFT,Microsoft (NASDAQ),438.98802836564175,441.4923222419712,420.06122635013605,432.5128173828125,128855300.0
2026-01-30,MSFT,Microsoft (NASDAQ),438.1699022937122,438.5989157576861,425.47886802078926,429.3101196289063,58566800.0
2026-02-02,MSFT,Microsoft (NASDAQ),429.2602343395754,429.7590957240154,421.2884391596101,422.4058837890625,42219900.0
2026-02-03,MSFT,Microsoft (NASDAQ),421.0489834358989,421.0888704228976,407.6296003977664,410.2735595703125,61424100.0
2026-02-04,MSFT,Microsoft (NASDAQ),410.0640575889883,418.84400576689177,408.3080557741746,413.2467956542969,45012400.0
2026-02-05,MSFT,Microsoft (NASDAQ),406.5121603821184,407.37018733348754,391.4265972483441,392.7735290527344,66289200.0
2026-02-06,MSFT,Microsoft (NASDAQ),398.2609865133262,400.87501513504304,392.0252195920243,400.22650146484375,53515300.0
2026-02-09,MSFT,Microsoft (NASDAQ),403.9280678877113,413.9452129833927,399.9571203178888,412.65814208984375,45480500.0
2026-02-10,MSFT,Microsoft (NASDAQ),418.6644027817824,422.7151545880433,411.76017861217,412.328857421875,44857900.0
2026-02-11,MSFT,Microsoft (NASDAQ),415.2322299614449,415.51159110220135,400.096793508188,403.4491271972656,42491000.0
2026-02-12,MSFT,Microsoft (NASDAQ),404.07770370563327,405.2749831551046,397.1036315998776,400.9248962402344,40802400.0
2026-02-13,MSFT,Microsoft (NASDAQ),403.528974460687,404.6164885937556,397.1435245648219,400.4060974121094,34091600.0
2026-02-17,MSFT,Microsoft (NASDAQ),398.31087932693146,399.607906728736,393.6315571718042,395.9562377929688,32078800.0
2026-02-18,MSFT,Microsoft (NASDAQ),397.2233488345012,401.6432531481791,395.41747315874426,398.6900024414063,23223400.0
2026-02-19,MSFT,Microsoft (NASDAQ),400.6900024414063,404.4299926757813,396.6700134277344,398.4599914550781,28234000.0
2026-02-20,MSFT,Microsoft (NASDAQ),396.1099853515625,400.1199951171875,395.1600036621094,397.2300109863281,34015200.0
2026-02-23,MSFT,Microsoft (NASDAQ),395.0,395.3599853515625,383.1000061035156,384.4700012207031,43238300.0
2026-02-24,MSFT,Microsoft (NASDAQ),384.1400146484375,389.3599853515625,381.7099914550781,389.0,33884700.0
2026-02-25,MSFT,Microsoft (NASDAQ),390.5299987792969,401.4700012207031,390.1600036621094,400.6000061035156,43625500.0
2026-02-26,MSFT,Microsoft (NASDAQ),404.7099914550781,407.489990234375,398.739990234375,401.7200012207031,34405900.0
2026-02-27,MSFT,Microsoft (NASDAQ),390.8800048828125,396.8200073242188,389.8800048828125,392.739990234375,51367200.0
2026-03-02,MSFT,Microsoft (NASDAQ),392.8599853515625,401.1900024414063,390.6300048828125,398.5499877929688,35474900.0
2026-03-03,MSFT,Microsoft (NASDAQ),393.1400146484375,406.7000122070313,392.6700134277344,403.9299926757813,38199200.0
2026-03-04,MSFT,Microsoft (NASDAQ),401.2699890136719,411.0299987792969,400.30999755859375,405.2000122070313,35808000.0
2026-03-05,MSFT,Microsoft (NASDAQ),404.4200134277344,411.6099853515625,404.3999938964844,410.6799926757813,39001300.0
2026-03-06,MSFT,Microsoft (NASDAQ),409.2000122070313,413.0499877929688,408.510009765625,408.9599914550781,31123900.0
2026-03-09,MSFT,Microsoft (NASDAQ),404.9200134277344,410.2099914550781,403.5,409.4100036621094,30131900.0
2026-03-10,MSFT,Microsoft (NASDAQ),410.0299987792969,410.2000122070313,402.9299926757813,405.760009765625,31706400.0
2026-03-11,MSFT,Microsoft (NASDAQ),405.5700073242188,409.010009765625,401.5899963378906,404.8800048828125,25512100.0
2026-03-12,MSFT,Microsoft (NASDAQ),404.6300048828125,406.1199951171875,401.7099914550781,401.8599853515625,27263900.0
2026-03-13,MSFT,Microsoft (NASDAQ),401.0,404.7999877929688,394.25,395.5499877929688,26848000.0
2026-03-16,MSFT,Microsoft (NASDAQ),398.0700073242188,400.6300048828125,394.7900085449219,399.9500122070313,27733700.0
2026-03-17,MSFT,Microsoft (NASDAQ),400.2699890136719,404.3999938964844,397.75,399.4100036621094,26228300.0
2026-03-18,MSFT,Microsoft (NASDAQ),397.1300048828125,398.0,391.0,391.7900085449219,25908500.0
2026-03-19,MSFT,Microsoft (NASDAQ),390.1000061035156,392.489990234375,387.05999755859375,389.0199890136719,25138800.0
2026-03-20,MSFT,Microsoft (NASDAQ),386.7900085449219,387.0,380.1199951171875,381.8699951171875,50853200.0
2026-03-23,MSFT,Microsoft (NASDAQ),383.8999938964844,387.2099914550781,381.6799926757813,383.0,29680100.0
2026-03-24,MSFT,Microsoft (NASDAQ),382.3599853515625,382.4700012207031,371.8500061035156,372.739990234375,42733600.0
2026-03-25,MSFT,Microsoft (NASDAQ),376.9200134277344,377.05999755859375,369.6300048828125,371.0400085449219,31181200.0
2026-03-26,MSFT,Microsoft (NASDAQ),370.8200073242188,374.7200012207031,365.1900024414063,365.9700012207031,36836600.0
2026-03-27,MSFT,Microsoft (NASDAQ),361.8999938964844,362.4500122070313,356.510009765625,356.7699890136719,37883400.0
2026-03-30,MSFT,Microsoft (NASDAQ),361.8999938964844,365.3599853515625,356.2799987792969,358.9599914550781,44797000.0
2026-03-31,MSFT,Microsoft (NASDAQ),364.5499877929688,372.8999938964844,363.0700073242188,370.1700134277344,45244400.0
2026-04-01,MSFT,Microsoft (NASDAQ),373.489990234375,373.989990234375,368.2000122070313,369.3699951171875,29417200.0
2026-04-02,MSFT,Microsoft (NASDAQ),367.2099914550781,373.6400146484375,364.1499938964844,373.4599914550781,24099100.0
2026-04-06,MSFT,Microsoft (NASDAQ),373.489990234375,373.7300109863281,369.5,372.8800048828125,16146600.0
2026-04-07,MSFT,Microsoft (NASDAQ),370.3399963378906,372.4500122070313,366.55999755859375,372.2900085449219,21443300.0
2026-04-08,MSFT,Microsoft (NASDAQ),384.9800109863281,385.0,371.4100036621094,374.3299865722656,33064800.0
2026-04-09,MSFT,Microsoft (NASDAQ),372.5,373.5,367.0499877929688,373.0700073242188,30435300.0
2026-04-10,MSFT,Microsoft (NASDAQ),372.9800109863281,375.6400146484375,370.0299987792969,370.8699951171875,28111100.0
2026-04-13,MSFT,Microsoft (NASDAQ),373.6099853515625,384.5400085449219,371.0199890136719,384.3699951171875,35745800.0
2026-04-14,MSFT,Microsoft (NASDAQ),387.9200134277344,394.6900024414063,386.5199890136719,393.1099853515625,37504500.0
2026-04-15,MSFT,Microsoft (NASDAQ),398.0,414.3699951171875,396.7300109863281,411.2200012207031,45063400.0
2026-04-16,MSFT,Microsoft (NASDAQ),419.8599853515625,420.8200073242188,412.1400146484375,420.260009765625,41642400.0
2026-04-17,MSFT,Microsoft (NASDAQ),424.8200073242188,431.5799865722656,420.6900024414063,422.7900085449219,48568200.0
2026-04-20,MSFT,Microsoft (NASDAQ),421.1499938964844,423.3299865722656,416.2999877929688,418.0700073242188,27582200.0
2026-04-21,MSFT,Microsoft (NASDAQ),420.239990234375,427.1799926757813,417.2000122070313,424.1600036621094,32048500.0
2026-04-22,MSFT,Microsoft (NASDAQ),426.1900024414063,433.7000122070313,423.6700134277344,432.9200134277344,29279800.0
2025-10-23,QQQ,NASDAQ 100 ETF,603.3708114071275,609.8143961922938,602.9818500103868,609.0264282226562,42844300.0
2025-10-24,QQQ,NASDAQ 100 ETF,614.4226241256162,616.8464337655934,613.5648269782704,615.52978515625,47632500.0
2025-10-27,QQQ,NASDAQ 100 ETF,622.930958710038,626.9506729134798,622.4422152319877,626.4918823242188,54098600.0
2025-10-28,QQQ,NASDAQ 100 ETF,628.7560864561588,633.0651018787079,627.648925370604,631.3095703125,61195700.0
2025-10-29,QQQ,NASDAQ 100 ETF,633.9728090539653,635.3891789092543,628.6463695521778,634.15234375,67422800.0
2025-10-30,QQQ,NASDAQ 100 ETF,630.5614543099158,631.8880872300178,624.3473257513068,624.45703125,61628600.0
2025-10-31,QQQ,NASDAQ 100 ETF,632.5564207552092,632.5863736464859,625.0954721134605,627.4694213867188,66305100.0
2025-11-03,QQQ,NASDAQ 100 ETF,633.4939381480045,634.2021534587442,628.2473125587718,630.4716796875,37154300.0
2025-11-04,QQQ,NASDAQ 100 ETF,621.6940912807667,625.3547359077402,616.8863484805083,617.67431640625,63830800.0
2025-11-05,QQQ,NASDAQ 100 ETF,616.9163015661201,625.0056518350635,615.6395900613109,621.6941528320312,48688500.0
2025-11-06,QQQ,NASDAQ 100 ETF,620.2078932237561,620.4572571227977,608.7471381645778,610.1136474609375,72115100.0
2025-11-07,QQQ,NASDAQ 100 ETF,606.7621834660789,608.3980251800011,597.1466973484642,608.1885375976562,81835400.0
2025-11-10,QQQ,NASDAQ 100 ETF,617.3451949289606,622.7214951546598,615.3203917446493,621.6442260742188,55919900.0
2025-11-11,QQQ,NASDAQ 100 ETF,618.9910087880348,621.1355017301039,615.9487814833327,619.9884643554688,44868800.0
2025-11-12,QQQ,NASDAQ 100 ETF,623.2501373408774,623.2700450530867,616.2379957742788,619.4996948242188,47444400.0
2025-11-13,QQQ,NASDAQ 100 ETF,615.9686873362173,616.5472286099415,604.5378855310528,606.8519897460938,71333600.0
2025-11-14,QQQ,NASDAQ 100 ETF,598.0244819828539,611.7893568378086,595.6505328274214,607.310791015625,80087300.0
2025-11-17,QQQ,NASDAQ 100 ETF,604.7573208445992,610.9215891749508,598.3436886131177,602.1240234375,63850400.0
2025-11-18,QQQ,NASDAQ 100 ETF,598.0942387152705,600.7773963408275,589.8353391548725,594.7926635742188,83327300.0
2025-11-19,QQQ,NASDAQ 100 ETF,595.5507646962523,604.6176011290698,593.0770945294743,598.3436279296875,73111500.0
2025-11-20,QQQ,NASDAQ 100 ETF,610.0637310644662,612.4676329241026,583.262106516965,584.1797485351562,117743200.0
2025-11-21,QQQ,NASDAQ 100 ETF,585.9751825584982,595.4609945768989,579.2623261905873,588.568603515625,103344200.0
2025-11-24,QQQ,NASDAQ 100 ETF,593.7653733267485,605.1363301511908,593.6456226504143,603.6201782226562,60168100.0
2025-11-25,QQQ,NASDAQ 100 ETF,601.9744432402352,608.7072685888149,595.8001905964915,607.3407592773438,57560900.0
2025-11-26,QQQ,NASDAQ 100 ETF,610.9514997668095,614.6221288317284,608.8368989020178,612.70703125,42393600.0
2025-11-28,QQQ,NASDAQ 100 ETF,614.5422915350683,617.7441455966097,613.8540448070679,617.67431640625,23034400.0
2025-12-01,QQQ,NASDAQ 100 ETF,612.0686387329198,617.8638528985133,610.961477711232,615.599609375,40957600.0
2025-12-02,QQQ,NASDAQ 100 ETF,617.8837824065502,622.1628444217793,616.0185455630003,620.4172973632812,54541800.0
2025-12-03,QQQ,NASDAQ 100 ETF,618.0433708850139,622.6316418245013,616.4574507356939,621.9334716796875,47841600.0
2025-12-04,QQQ,NASDAQ 100 ETF,623.339907329069,623.3498916256304,617.9636071501104,621.35498046875,47067800.0
2025-12-05,QQQ,NASDAQ 100 ETF,622.7913119974152,627.3197383563271,622.1230338136666,623.8884887695312,53614200.0
2025-12-08,QQQ,NASDAQ 100 ETF,625.6140655337878,627.2399228158015,620.1080918729878,622.6915283203125,43462400.0
2025-12-09,QQQ,NASDAQ 100 ETF,621.4247464351753,624.2774544880871,619.4198511857304,623.4595336914062,37156000.0
2025-12-10,QQQ,NASDAQ 100 ETF,622.2626189242517,627.6090269272694,619.4099106697121,626.0130615234375,55031400.0
2025-12-11,QQQ,NASDAQ 100 ETF,622.2327496814814,624.1877845427603,616.148234091509,623.98828125,58272800.0
2025-12-12,QQQ,NASDAQ 100 ETF,620.497150448988,621.9533965533452,609.8043955563878,612.0586547851562,75158700.0
2025-12-15,QQQ,NASDAQ 100 ETF,616.7966055109866,616.8464661142882,607.7696446385382,608.9865112304688,49538200.0
2025-12-16,QQQ,NASDAQ 100 ETF,606.7123103516171,611.9489518835392,605.3657088583533,610.1934204101562,55152800.0
2025-12-17,QQQ,NASDAQ 100 ETF,611.5001003103562,612.0886258751325,598.7526499708691,598.8822631835938,70654300.0
2025-12-18,QQQ,NASDAQ 100 ETF,608.248366375679,611.3704070362718,605.375689596093,607.5601196289062,78875800.0
2025-12-19,QQQ,NASDAQ 100 ETF,610.392981139488,616.0485374798797,610.313167643226,615.47998046875,60369800.0
2025-12-22,QQQ,NASDAQ 100 ETF,620.5674955378034,620.8671665076671,616.9920478025754,618.4302368164062,43703100.0
2025-12-23,QQQ,NASDAQ 100 ETF,617.42148892244,621.6261480926279,617.0020349130734,621.3265380859375,41120400.0
2025-12-24,QQQ,NASDAQ 100 ETF,621.2067276835874,623.4938829346665,620.9370481838333,623.144287109375,18468700.0
2025-12-26,QQQ,NASDAQ 100 ETF,623.873297918951,624.7322611929134,622.3552536061636,623.1043090820312,28959800.0
2025-12-29,QQQ,NASDAQ 100 ETF,619.3190849184411,621.995763643064,617.9508150333834,620.088134765625,32458300.0
2025-12-30,QQQ,NASDAQ 100 ETF,619.0594201394988,621.3964390816567,618.4401448660525,618.64990234375,31226800.0
2025-12-31,QQQ,NASDAQ 100 ETF,618.8696789386981,619.1792861072609,613.2766946262738,613.536376953125,40746500.0
2026-01-02,QQQ,NASDAQ 100 ETF,619.2791633693975,622.0656280105537,609.381669736326,612.347900390625,61859200.0
2026-01-05,QQQ,NASDAQ 100 ETF,618.5400731036631,620.0281869343077,615.9433108116908,617.2117309570312,46828400.0
2026-01-06,QQQ,NASDAQ 100 ETF,618.4501618747352,623.2341686687002,617.7610283782293,622.6348876953125,43137500.0
2026-01-07,QQQ,NASDAQ 100 ETF,622.2553845556755,627.1492383750701,621.7760085257346,623.2341918945312,44880300.0
2026-01-08,QQQ,NASDAQ 100 ETF,622.2454332860368,622.6348958217857,617.0219780933957,619.6885986328125,50435900.0
2026-01-09,QQQ,NASDAQ 100 ETF,620.6273877403378,627.0992684709724,618.280371644388,625.86083984375,49688700.0
2026-01-12,QQQ,NASDAQ 100 ETF,621.5263228144307,628.0580650499223,621.4763979710708,626.3801879882812,37388700.0
2026-01-13,QQQ,NASDAQ 100 ETF,626.4800871429724,628.6772678768714,622.9145755930199,625.4513549804688,44481400.0
2026-01-14,QQQ,NASDAQ 100 ETF,621.4563902550666,622.6648884214621,613.7860691564842,618.769775390625,72598700.0
2026-01-15,QQQ,NASDAQ 100 ETF,625.8108857116995,629.206628407055,619.9682771169513,620.9970092773438,53934900.0
2026-01-16,QQQ,NASDAQ 100 ETF,624.7123119754499,625.2915986535979,618.1006533744517,620.4776611328125,61058100.0
2026-01-20,QQQ,NASDAQ 100 ETF,609.7611716460692,614.2854351912486,606.2855126563834,607.2942504882812,81988900.0
2026-01-21,QQQ,NASDAQ 100 ETF,608.7024240227943,619.6386461402016,607.0944662344775,615.50390625,79837900.0
2026-01-22,QQQ,NASDAQ 100 ETF,621.5662350217955,621.6761428244047,617.0020437780021,619.978271484375,42254800.0
2026-01-23,QQQ,NASDAQ 100 ETF,618.949566020391,624.612469784726,617.8709699342951,621.935791015625,43645800.0
2026-01-26,QQQ,NASDAQ 100 ETF,622.425196766994,626.81961915323,621.3365426117721,624.67236328125,35983000.0
2026-01-27,QQQ,NASDAQ 100 ETF,628.1179690883873,631.2440322678261,626.5499998769385,630.335205078125,38997200.0
2026-01-28,QQQ,NASDAQ 100 ETF,634.6597767228699,635.7982947738302,631.014348844542,632.4225463867188,50691700.0
2026-01-29,QQQ,NASDAQ 100 ETF,631.8533057393616,632.8719797654484,617.4914101080947,628.6373291015625,79944000.0
2026-01-30,QQQ,NASDAQ 100 ETF,624.9220440060533,627.4688205124429,618.5200822009824,621.0868530273438,65650700.0
2026-02-02,QQQ,NASDAQ 100 ETF,617.9208683974972,627.6985176699922,617.8808797571519,625.3515014648438,49020300.0
2026-02-03,QQQ,NASDAQ 100 ETF,627.5087242048245,629.1866011443993,610.1905958568021,615.7435913085938,81234000.0
2026-02-04,QQQ,NASDAQ 100 ETF,614.2455284678144,614.3253838343164,599.7138024298947,604.9871826171875,81850700.0
2026-02-05,QQQ,NASDAQ 100 ETF,599.4541864003901,604.0483693053457,594.0110373128413,596.2781982421875,89354500.0
2026-02-06,QQQ,NASDAQ 100 ETF,599.434154665902,610.6399955270392,598.0159600076653,608.8822631835938,78019300.0
2026-02-09,QQQ,NASDAQ 100 ETF,606.7748955946631,615.6837064208919,604.3080353554789,613.54638671875,56797600.0
2026-02-10,QQQ,NASDAQ 100 ETF,614.5351423104305,616.2430108652889,610.2405694597212,610.699951171875,53938900.0
2026-02-11,QQQ,NASDAQ 100 ETF,615.6037921922693,616.7423712103644,606.9247331463698,612.337890625,58575100.0
2026-02-12,QQQ,NASDAQ 100 ETF,613.9358943887876,615.0344847338599,598.8149461335121,599.8836059570312,81378900.0
2026-02-13,QQQ,NASDAQ 100 ETF,599.673873409497,605.7162424752422,595.6689134343201,601.1619873046875,69237500.0
2026-02-17,QQQ,NASDAQ 100 ETF,597.626419057608,603.1894116444834,592.5927882610704,600.542724609375,69013800.0
2026-02-18,QQQ,NASDAQ 100 ETF,601.3517411914925,609.0021290003773,599.9634770047899,605.027099609375,64250700.0
2026-02-19,QQQ,NASDAQ 100 ETF,602.0508799312083,605.0570991965415,599.993476524114,602.7100219726562,60960800.0
2026-02-20,QQQ,NASDAQ 100 ETF,599.3642756707148,609.581373723881,598.4753818004266,608.0433349609375,74127300.0
2026-02-23,QQQ,NASDAQ 100 ETF,605.8460514657053,607.2443127599432,598.2955745850619,600.652587890625,63859100.0
2026-02-24,QQQ,NASDAQ 100 ETF,601.6414099286677,608.2230768722754,598.9747284234804,607.1044921875,55023700.0
2026-02-25,QQQ,NASDAQ 100 ETF,610.3004608891118,616.053216829597,610.2305417280922,615.9033813476562,55710700.0
2026-02-26,QQQ,NASDAQ 100 ETF,614.8148183820397,614.8148183820397,603.2193924504018,608.4727783203125,96178900.0
2026-02-27,QQQ,NASDAQ 100 ETF,602.2206376135266,607.5539396831472,601.4316544188312,606.5252075195312,68125200.0
2026-03-02,QQQ,NASDAQ 100 ETF,598.1058012495889,609.1518702196468,597.2369017749593,607.32421875,75264600.0
2026-03-03,QQQ,NASDAQ 100 ETF,595.5790600436336,603.1994564784976,591.1246545665933,600.8224487304688,97015500.0
2026-03-04,QQQ,NASDAQ 100 ETF,603.3991678160902,612.108218610738,602.6701065956436,609.9808959960938,70943900.0
2026-03-05,QQQ,NASDAQ 100 ETF,606.6350803018902,611.9883154244911,601.5015388569162,608.1431274414062,89602400.0
2026-03-06,QQQ,NASDAQ 100 ETF,599.5539822531658,605.2368188486739,597.5764953219963,598.9946899414062,86302300.0
2026-03-09,QQQ,NASDAQ 100 ETF,593.4816386137257,608.5027370453225,590.5853272955466,606.99462890625,93068200.0
2026-03-10,QQQ,NASDAQ 100 ETF,607.0146358319374,612.5176457382476,604.65756151405,607.004638671875,64078900.0
2026-03-11,QQQ,NASDAQ 100 ETF,608.1831666985171,611.6587648578186,604.2681201890963,606.9247436523438,60114800.0
2026-03-12,QQQ,NASDAQ 100 ETF,602.0009473234562,603.3792143506387,596.2981160455262,596.5078735351562,71836600.0
2026-03-13,QQQ,NASDAQ 100 ETF,598.9747313072235,602.8398528802119,591.8237748266745,592.9722900390625,63145500.0
2026-03-16,QQQ,NASDAQ 100 ETF,599.2843027330098,603.099499235842,598.3554812666724,599.6239013671875,49077200.0
2026-03-17,QQQ,NASDAQ 100 ETF,602.3804630878033,605.1369970937805,601.1120429286618,602.5502319335938,47106600.0
2026-03-18,QQQ,NASDAQ 100 ETF,600.7325461165636,602.400426051188,593.8112802396884,594.15087890625,56128000.0
2026-03-19,QQQ,NASDAQ 100 ETF,588.7676039624899,595.0496606380132,586.3406715242521,592.273193359375,75597600.0
2026-03-20,QQQ,NASDAQ 100 ETF,590.3156309505814,590.4254777892629,577.8113788279011,581.3269653320312,91964700.0
2026-03-23,QQQ,NASDAQ 100 ETF,590.52001953125,595.0800170898438,585.9600219726562,588.0,89936100.0
2026-03-24,QQQ,NASDAQ 100 ETF,584.8099975585938,587.9299926757812,581.9299926757812,583.97998046875,57750900.0
2026-03-25,QQQ,NASDAQ 100 ETF,589.1400146484375,591.3699951171875,585.6900024414062,587.8200073242188,60475500.0
2026-03-26,QQQ,NASDAQ 100 ETF,582.5999755859375,584.6300048828125,573.4299926757812,573.7899780273438,81492100.0
2026-03-27,QQQ,NASDAQ 100 ETF,570.8099975585938,571.02001953125,561.5700073242188,562.5800170898438,82702200.0
2026-03-30,QQQ,NASDAQ 100 ETF,567.3800048828125,568.0499877929688,555.5999755859375,558.280029296875,70602600.0
2026-03-31,QQQ,NASDAQ 100 ETF,564.2899780273438,578.6400146484375,564.2100219726562,577.1799926757812,95878000.0
2026-04-01,QQQ,NASDAQ 100 ETF,581.47998046875,587.739990234375,580.4199829101562,584.3099975585938,79435100.0
2026-04-02,QQQ,NASDAQ 100 ETF,573.969970703125,586.0499877929688,571.9199829101562,584.97998046875,50941700.0
2026-04-06,QQQ,NASDAQ 100 ETF,586.22998046875,590.6099853515625,584.6900024414062,588.5,35108500.0
2026-04-07,QQQ,NASDAQ 100 ETF,585.6400146484375,588.97998046875,578.4000244140625,588.5900268554688,49948200.0
2026-04-08,QQQ,NASDAQ 100 ETF,608.7100219726562,609.9000244140625,602.1199951171875,606.0900268554688,63086000.0
2026-04-09,QQQ,NASDAQ 100 ETF,605.9299926757812,610.5,603.030029296875,610.1900024414062,37837500.0
2026-04-10,QQQ,NASDAQ 100 ETF,611.8400268554688,613.6699829101562,609.5800170898438,611.0700073242188,34038500.0
2026-04-13,QQQ,NASDAQ 100 ETF,609.47998046875,626.739990234375,608.1099853515625,617.3900146484375,32972100.0
2026-04-14,QQQ,NASDAQ 100 ETF,620.219970703125,628.5999755859375,620.0999755859375,628.5999755859375,49921100.0
2026-04-15,QQQ,NASDAQ 100 ETF,629.0800170898438,637.8300170898438,628.2000122070312,637.4000244140625,50102400.0
2026-04-16,QQQ,NASDAQ 100 ETF,639.2100219726562,642.1799926757812,635.260009765625,640.469970703125,42320600.0
2026-04-17,QQQ,NASDAQ 100 ETF,645.5900268554688,650.0,644.0700073242188,648.8499755859375,53488900.0
2026-04-20,QQQ,NASDAQ 100 ETF,648.0399780273438,648.760009765625,642.52001953125,646.7899780273438,37138500.0
2026-04-21,QQQ,NASDAQ 100 ETF,648.4099731445312,650.2000122070312,642.2100219726562,644.3300170898438,39580500.0
2026-04-22,QQQ,NASDAQ 100 ETF,650.1500244140625,655.3300170898438,648.52001953125,655.1099853515625,37212800.0
2025-10-23,SAP,SAP SE (NYSE-listed),269.9200134277344,281.3699951171875,269.9200134277344,278.5299987792969,2367400.0
2025-10-24,SAP,SAP SE (NYSE-listed),276.5299987792969,276.5400085449219,268.8999938964844,269.54998779296875,2207400.0
2025-10-27,SAP,SAP SE (NYSE-listed),272.5,274.1499938964844,271.2099914550781,272.1600036621094,1970900.0
2025-10-28,SAP,SAP SE (NYSE-listed),271.9100036621094,273.3999938964844,270.0400085449219,270.0599975585937,1463700.0
2025-10-29,SAP,SAP SE (NYSE-listed),264.6199951171875,264.7300109863281,258.92999267578125,259.6400146484375,2019700.0
2025-10-30,SAP,SAP SE (NYSE-listed),259.0599975585937,263.2699890136719,258.8800048828125,259.19000244140625,1445500.0
2025-10-31,SAP,SAP SE (NYSE-listed),259.0400085449219,260.9700012207031,258.1400146484375,260.010009765625,1972100.0
2025-11-03,SAP,SAP SE (NYSE-listed),264.0199890136719,265.8800048828125,261.8500061035156,263.9599914550781,1171900.0
2025-11-04,SAP,SAP SE (NYSE-listed),258.67999267578125,260.3599853515625,258.32000732421875,259.6400146484375,1327500.0
2025-11-05,SAP,SAP SE (NYSE-listed),259.4599914550781,264.1000061035156,259.2300109863281,261.0599975585937,983600.0
2025-11-06,SAP,SAP SE (NYSE-listed),257.8500061035156,258.5,250.9900054931641,253.8800048828125,1290800.0
2025-11-07,SAP,SAP SE (NYSE-listed),250.2100067138672,251.97000122070312,249.0200042724609,251.9600067138672,1127900.0
2025-11-10,SAP,SAP SE (NYSE-listed),251.52999877929688,251.8300018310547,249.44000244140625,251.75999450683597,1028000.0
2025-11-11,SAP,SAP SE (NYSE-listed),252.1100006103516,254.6100006103516,251.2700042724609,254.3800048828125,940700.0
2025-11-12,SAP,SAP SE (NYSE-listed),253.17999267578125,255.1999969482422,252.2899932861328,253.33999633789065,1170300.0
2025-11-13,SAP,SAP SE (NYSE-listed),253.3999938964844,254.6300048828125,251.80999755859372,251.8600006103516,832200.0
2025-11-14,SAP,SAP SE (NYSE-listed),243.6300048828125,247.25999450683597,243.0800018310547,245.02999877929688,2523000.0
2025-11-17,SAP,SAP SE (NYSE-listed),242.6499938964844,242.80999755859372,237.25,238.8999938964844,2410400.0
2025-11-18,SAP,SAP SE (NYSE-listed),238.5500030517578,240.44000244140625,236.30999755859372,237.9900054931641,1399600.0
2025-11-19,SAP,SAP SE (NYSE-listed),239.58999633789065,240.0500030517578,236.63999938964844,237.97000122070312,1183600.0
2025-11-20,SAP,SAP SE (NYSE-listed),240.66000366210935,241.1000061035156,233.50999450683597,233.94000244140625,2092200.0
2025-11-21,SAP,SAP SE (NYSE-listed),237.5,238.8999938964844,234.75,236.6999969482422,1763400.0
2025-11-24,SAP,SAP SE (NYSE-listed),239.3300018310547,239.55999755859372,237.1300048828125,238.2899932861328,1856500.0
2025-11-25,SAP,SAP SE (NYSE-listed),235.72000122070312,238.5399932861328,234.0800018310547,237.8600006103516,2031400.0
2025-11-26,SAP,SAP SE (NYSE-listed),238.6000061035156,240.94000244140625,237.69000244140625,240.0200042724609,1512200.0
2025-11-28,SAP,SAP SE (NYSE-listed),240.33999633789065,242.75,239.9499969482422,241.75,628700.0
2025-12-01,SAP,SAP SE (NYSE-listed),241.5500030517578,244.1000061035156,241.16000366210935,242.0800018310547,1352600.0
2025-12-02,SAP,SAP SE (NYSE-listed),241.33999633789065,243.0200042724609,240.94000244140625,241.72000122070312,1626100.0
2025-12-03,SAP,SAP SE (NYSE-listed),241.0800018310547,244.2100067138672,240.38999938964844,243.82000732421875,1527300.0
2025-12-04,SAP,SAP SE (NYSE-listed),248.6000061035156,248.8600006103516,244.91000366210935,245.47000122070312,1706600.0
2025-12-05,SAP,SAP SE (NYSE-listed),246.82000732421875,250.2899932861328,246.50999450683597,247.25999450683597,1407600.0
2025-12-08,SAP,SAP SE (NYSE-listed),245.32000732421875,245.7700042724609,242.6300048828125,242.97999572753903,1751300.0
2025-12-09,SAP,SAP SE (NYSE-listed),242.80999755859372,244.7700042724609,242.4499969482422,244.1300048828125,840000.0
2025-12-10,SAP,SAP SE (NYSE-listed),243.22999572753903,246.97000122070312,242.1000061035156,245.8800048828125,896900.0
2025-12-11,SAP,SAP SE (NYSE-listed),244.63999938964844,247.8800048828125,244.5,247.38999938964844,1515200.0
2025-12-12,SAP,SAP SE (NYSE-listed),246.57000732421875,247.5200042724609,244.0800018310547,244.8300018310547,1284000.0
2025-12-15,SAP,SAP SE (NYSE-listed),247.6100006103516,247.94000244140625,242.9199981689453,244.4900054931641,2105100.0
2025-12-16,SAP,SAP SE (NYSE-listed),242.4600067138672,244.75,240.1000061035156,243.66000366210935,1785400.0
2025-12-17,SAP,SAP SE (NYSE-listed),241.6000061035156,244.52999877929688,241.0500030517578,241.4199981689453,1152400.0
2025-12-18,SAP,SAP SE (NYSE-listed),243.72999572753903,246.33999633789065,243.44000244140625,244.30999755859372,1263200.0
2025-12-19,SAP,SAP SE (NYSE-listed),243.5800018310547,245.5,242.8600006103516,244.3300018310547,1567400.0
2025-12-22,SAP,SAP SE (NYSE-listed),245.9199981689453,246.4600067138672,244.22000122070312,245.3000030517578,1153200.0
2025-12-23,SAP,SAP SE (NYSE-listed),245.97999572753903,246.25,244.1199951171875,244.9600067138672,869600.0
2025-12-24,SAP,SAP SE (NYSE-listed),246.3500061035156,246.3699951171875,244.02999877929688,245.6000061035156,383400.0
2025-12-26,SAP,SAP SE (NYSE-listed),245.66000366210935,246.58999633789065,244.82000732421875,246.55999755859372,491700.0
2025-12-29,SAP,SAP SE (NYSE-listed),245.6300048828125,246.5500030517578,244.7700042724609,246.0399932861328,821000.0
2025-12-30,SAP,SAP SE (NYSE-listed),244.6100006103516,245.9499969482422,244.50999450683597,244.58999633789065,648600.0
2025-12-31,SAP,SAP SE (NYSE-listed),244.4600067138672,245.50999450683597,242.7700042724609,242.91000366210935,679700.0
2026-01-02,SAP,SAP SE (NYSE-listed),242.4600067138672,242.69000244140625,234.6499938964844,236.9199981689453,1473100.0
2026-01-05,SAP,SAP SE (NYSE-listed),238.07000732421875,242.22999572753903,237.4199981689453,240.44000244140625,1416300.0
2026-01-06,SAP,SAP SE (NYSE-listed),236.50999450683597,238.6300048828125,234.5399932861328,237.97999572753903,1638800.0
2026-01-07,SAP,SAP SE (NYSE-listed),242.3000030517578,245.1499938964844,240.9499969482422,243.42999267578125,1434200.0
2026-01-08,SAP,SAP SE (NYSE-listed),241.25999450683597,242.27999877929688,240.19000244140625,241.02999877929688,1349100.0
2026-01-09,SAP,SAP SE (NYSE-listed),247.6999969482422,248.22000122070312,243.6199951171875,247.1100006103516,1737800.0
2026-01-12,SAP,SAP SE (NYSE-listed),248.55999755859372,249.5500030517578,246.97999572753903,248.83999633789065,1335200.0
2026-01-13,SAP,SAP SE (NYSE-listed),254.8800048828125,255.8999938964844,245.8999938964844,247.1000061035156,2279800.0
2026-01-14,SAP,SAP SE (NYSE-listed),245.25,245.92999267578125,236.67999267578125,238.8800048828125,2206400.0
2026-01-15,SAP,SAP SE (NYSE-listed),237.8800048828125,239.83999633789065,235.41000366210935,235.83999633789065,2080200.0
2026-01-16,SAP,SAP SE (NYSE-listed),234.82000732421875,235.0,231.91000366210935,233.58999633789065,1883300.0
2026-01-20,SAP,SAP SE (NYSE-listed),224.77999877929688,228.5399932861328,224.77999877929688,226.9199981689453,2598600.0
2026-01-21,SAP,SAP SE (NYSE-listed),223.52999877929688,226.4600067138672,221.7100067138672,225.1000061035156,3153900.0
2026-01-22,SAP,SAP SE (NYSE-listed),221.1300048828125,226.6300048828125,220.88999938964844,226.3500061035156,3399000.0
2026-01-23,SAP,SAP SE (NYSE-listed),228.8500061035156,234.83999633789065,228.82000732421875,231.07000732421875,4046100.0
2026-01-26,SAP,SAP SE (NYSE-listed),234.7899932861328,239.9900054931641,234.1199951171875,239.9199981689453,2313800.0
2026-01-27,SAP,SAP SE (NYSE-listed),236.6300048828125,237.9199981689453,232.3300018310547,233.94000244140625,2014500.0
2026-01-28,SAP,SAP SE (NYSE-listed),235.55999755859372,236.83999633789065,233.97000122070312,236.1100006103516,2173000.0
2026-01-29,SAP,SAP SE (NYSE-listed),199.0399932861328,201.44000244140625,195.1199951171875,200.2100067138672,9484800.0
2026-01-30,SAP,SAP SE (NYSE-listed),203.82000732421875,204.38999938964844,200.9600067138672,201.0399932861328,6265400.0
2026-02-02,SAP,SAP SE (NYSE-listed),205.5800018310547,207.5500030517578,203.6300048828125,207.22999572753903,6261500.0
2026-02-03,SAP,SAP SE (NYSE-listed),201.38999938964844,202.1999969482422,195.05999755859372,197.2899932861328,8152400.0
2026-02-04,SAP,SAP SE (NYSE-listed),191.0,200.1999969482422,189.22000122070312,199.67999267578125,6630000.0
2026-02-05,SAP,SAP SE (NYSE-listed),200.6999969482422,203.25999450683597,197.0800018310547,197.41000366210935,4492300.0
2026-02-06,SAP,SAP SE (NYSE-listed),200.4199981689453,203.50999450683597,199.72999572753903,203.33999633789065,3050500.0
2026-02-09,SAP,SAP SE (NYSE-listed),206.8000030517578,210.6699981689453,204.7700042724609,210.41000366210935,3576100.0
2026-02-10,SAP,SAP SE (NYSE-listed),210.52999877929688,212.97999572753903,210.4499969482422,212.2100067138672,3611500.0
2026-02-11,SAP,SAP SE (NYSE-listed),206.42999267578125,207.8300018310547,199.77999877929688,202.6499938964844,3619200.0
2026-02-12,SAP,SAP SE (NYSE-listed),203.25999450683597,204.44000244140625,200.3699951171875,203.7400054931641,3730600.0
2026-02-13,SAP,SAP SE (NYSE-listed),205.9199981689453,206.9199981689453,203.47000122070312,204.52999877929688,2590500.0
2026-02-17,SAP,SAP SE (NYSE-listed),202.1100006103516,203.5399932861328,199.1300048828125,201.47000122070312,1653800.0
2026-02-18,SAP,SAP SE (NYSE-listed),201.82000732421875,205.8000030517578,201.17999267578125,205.1999969482422,1753100.0
2026-02-19,SAP,SAP SE (NYSE-listed),202.6100006103516,203.1999969482422,199.8699951171875,200.25999450683597,1856800.0
2026-02-20,SAP,SAP SE (NYSE-listed),201.1300048828125,205.3300018310547,200.3699951171875,202.58999633789065,1657200.0
2026-02-23,SAP,SAP SE (NYSE-listed),199.1199951171875,199.22000122070312,196.05999755859372,196.7100067138672,2117900.0
2026-02-24,SAP,SAP SE (NYSE-listed),194.8999938964844,198.6699981689453,193.22999572753903,196.4600067138672,2947300.0
2026-02-25,SAP,SAP SE (NYSE-listed),197.4499969482422,198.8300018310547,195.05999755859372,198.25,2799100.0
2026-02-26,SAP,SAP SE (NYSE-listed),202.3600006103516,206.0,201.4199981689453,204.67999267578125,2266100.0
2026-02-27,SAP,SAP SE (NYSE-listed),200.5500030517578,202.8500061035156,198.7100067138672,201.52999877929688,2624700.0
2026-03-02,SAP,SAP SE (NYSE-listed),195.8500061035156,198.1100006103516,194.5500030517578,196.00999450683597,3509400.0
2026-03-03,SAP,SAP SE (NYSE-listed),187.94000244140625,196.91000366210935,187.94000244140625,196.3300018310547,6817400.0
2026-03-04,SAP,SAP SE (NYSE-listed),193.47999572753903,197.1000061035156,193.07000732421875,195.5800018310547,3527600.0
2026-03-05,SAP,SAP SE (NYSE-listed),194.72999572753903,200.4199981689453,194.72999572753903,199.47999572753903,3389300.0
2026-03-06,SAP,SAP SE (NYSE-listed),198.16000366210935,202.25,197.33999633789065,202.25,2427900.0
2026-03-09,SAP,SAP SE (NYSE-listed),199.97999572753903,201.4900054931641,197.4600067138672,200.1000061035156,3059100.0
2026-03-10,SAP,SAP SE (NYSE-listed),199.8999938964844,200.05999755859372,193.6300048828125,195.8300018310547,2648700.0
2026-03-11,SAP,SAP SE (NYSE-listed),194.47999572753903,195.7899932861328,188.75,191.22000122070312,3219100.0
2026-03-12,SAP,SAP SE (NYSE-listed),192.38999938964844,194.7400054931641,190.3300018310547,190.5,2345000.0
2026-03-13,SAP,SAP SE (NYSE-listed),191.8699951171875,193.25,189.13999938964844,189.94000244140625,1731700.0
2026-03-16,SAP,SAP SE (NYSE-listed),190.58999633789065,191.88999938964844,189.6699981689453,191.6300048828125,1812800.0
2026-03-17,SAP,SAP SE (NYSE-listed),190.42999267578125,192.94000244140625,189.22999572753903,190.1199951171875,1793700.0
2026-03-18,SAP,SAP SE (NYSE-listed),189.6699981689453,190.97999572753903,183.69000244140625,183.7400054931641,2312100.0
2026-03-19,SAP,SAP SE (NYSE-listed),184.42999267578125,186.80999755859372,183.19000244140625,185.00999450683597,3329400.0
2026-03-20,SAP,SAP SE (NYSE-listed),177.0399932861328,178.02999877929688,174.5,175.8000030517578,5687000.0
2026-03-23,SAP,SAP SE (NYSE-listed),180.80999755859372,181.47000122070312,177.08999633789062,178.16000366210938,2420100.0
2026-03-24,SAP,SAP SE (NYSE-listed),172.22000122070312,172.64999389648438,169.25999450683594,171.0,3590400.0
2026-03-25,SAP,SAP SE (NYSE-listed),172.9600067138672,173.86000061035156,168.13999938964844,168.9499969482422,2449900.0
2026-03-26,SAP,SAP SE (NYSE-listed),167.72000122070312,170.9499969482422,166.3000030517578,167.0800018310547,3719600.0
2026-03-27,SAP,SAP SE (NYSE-listed),167.2100067138672,167.39999389648438,163.77000427246094,164.02000427246094,2239000.0
2026-03-30,SAP,SAP SE (NYSE-listed),166.8000030517578,170.39999389648438,166.0800018310547,168.2899932861328,2673100.0
2026-03-31,SAP,SAP SE (NYSE-listed),169.41000366210938,172.91000366210938,167.92999267578125,171.2100067138672,2324300.0
2026-04-01,SAP,SAP SE (NYSE-listed),172.97999572753906,173.22000122070312,169.24000549316406,171.36000061035156,2311800.0
2026-04-02,SAP,SAP SE (NYSE-listed),168.27000427246094,172.50999450683594,166.9199981689453,171.77000427246094,2852100.0
2026-04-06,SAP,SAP SE (NYSE-listed),171.89999389648438,172.52999877929688,169.5399932861328,171.1199951171875,1424200.0
2026-04-07,SAP,SAP SE (NYSE-listed),170.22000122070312,170.42999267578125,166.6199951171875,169.47999572753906,2195900.0
2026-04-08,SAP,SAP SE (NYSE-listed),177.72999572753906,177.89999389648438,169.0,169.17999267578125,3642600.0
2026-04-09,SAP,SAP SE (NYSE-listed),166.27000427246094,166.38999938964844,160.66000366210938,164.5,5260900.0
2026-04-10,SAP,SAP SE (NYSE-listed),166.27999877929688,166.27999877929688,161.91000366210938,163.10000610351562,5279900.0
2026-04-13,SAP,SAP SE (NYSE-listed),162.91000366210938,169.80999755859375,162.6699981689453,169.57000732421875,3311300.0
2026-04-14,SAP,SAP SE (NYSE-listed),170.00999450683594,171.75,166.94000244140625,167.80999755859375,3100900.0
2026-04-15,SAP,SAP SE (NYSE-listed),170.97000122070312,173.80999755859375,170.14999389648438,172.89999389648438,2687900.0
2026-04-16,SAP,SAP SE (NYSE-listed),179.5399932861328,179.9499969482422,176.75,177.41000366210938,5150000.0
2026-04-17,SAP,SAP SE (NYSE-listed),187.1999969482422,188.5,180.05999755859375,181.22000122070312,6647500.0
2026-04-20,SAP,SAP SE (NYSE-listed),178.08999633789062,180.32000732421875,177.05999755859375,178.94000244140625,3200900.0
2026-04-21,SAP,SAP SE (NYSE-listed),177.9499969482422,180.6699981689453,176.22000122070312,176.44000244140625,3128400.0
2026-04-22,SAP,SAP SE (NYSE-listed),173.77999877929688,176.89999389648438,173.42999267578125,174.02000427246094,3412100.0
2025-10-23,SHEL.L,Shell (London),2816.4719345288845,2861.5626014910667,2811.9727780839503,2839.967529296875,10191698.0
2025-10-24,SHEL.L,Shell (London),2826.9699812788413,2852.4652012691545,2826.4700750045213,2850.465576171875,7816609.0
2025-10-27,SHEL.L,Shell (London),2851.9653962560965,2854.4649277164435,2817.4718621033057,2831.46923828125,7109771.0
2025-10-28,SHEL.L,Shell (London),2815.472180550653,2841.967213499727,2805.474054909493,2832.468994140625,6681379.0
2025-10-29,SHEL.L,Shell (London),2829.969613852822,2881.459963654419,2829.969613852822,2874.961181640625,11999775.0
2025-10-30,SHEL.L,Shell (London),2902.455968734418,2902.455968734418,2848.8161205499077,2882.459716796875,8804685.0
2025-10-31,SHEL.L,Shell (London),2851.965371471,2874.461154418624,2829.842565480233,2846.96630859375,10109313.0
2025-11-03,SHEL.L,Shell (London),2866.4625045021885,2888.9582862780167,2828.969534875808,2840.96728515625,12938795.0
2025-11-04,SHEL.L,Shell (London),2825.970173250377,2839.967548953722,2787.4773900661776,2837.468017578125,8798137.0
2025-11-05,SHEL.L,Shell (London),2817.471665363901,2873.461166166023,2817.471665363901,2862.963134765625,7483378.0
2025-11-06,SHEL.L,Shell (London),2857.464320860746,2869.462071683114,2829.969475226151,2849.4658203125,10771845.0
2025-11-07,SHEL.L,Shell (London),2839.4677511572045,2859.464002925917,2821.971030859581,2848.466064453125,10823812.0
2025-11-10,SHEL.L,Shell (London),2885.4590655425054,2888.958409523586,2850.9655320147103,2868.962158203125,9743504.0
2025-11-11,SHEL.L,Shell (London),2909.454470001226,2936.949314649004,2891.4578444135896,2930.950439453125,9902024.0
2025-11-12,SHEL.L,Shell (London),2928.950992147551,2935.949680300831,2908.454833984375,2908.454833984375,10376151.0
2025-11-13,SHEL.L,Shell (London),2878.226220216466,2884.725601988711,2859.22802734375,2859.22802734375,10096437.0
2025-11-14,SHEL.L,Shell (London),2861.2276942771664,2876.7262192680087,2829.7306918764216,2857.72802734375,5089214.0
2025-11-17,SHEL.L,Shell (London),2863.727456372463,2866.2272184677604,2848.228931381621,2857.72802734375,22186675.0
2025-11-18,SHEL.L,Shell (London),2837.7299831549467,2841.7296025815217,2799.2336461741625,2817.23193359375,16931602.0
2025-11-19,SHEL.L,Shell (London),2845.7291826863925,2854.728326271838,2778.735558216966,2793.734130859375,19329734.0
2025-11-20,SHEL.L,Shell (London),2818.7318987970943,2836.730186905767,2799.733705793496,2813.232421875,9405920.0
2025-11-21,SHEL.L,Shell (London),2779.735582992033,2790.234584294701,2759.737485272666,2784.735107421875,11519296.0
2025-11-24,SHEL.L,Shell (London),2776.73585252638,2783.735186688312,2759.017567341978,2771.736328125,19348794.0
2025-11-25,SHEL.L,Shell (London),2781.7352940138057,2798.7336764718343,2753.2380057753467,2765.73681640625,16559063.0
2025-11-26,SHEL.L,Shell (London),2756.2377677295603,2776.7358175167747,2748.2385287882084,2766.23681640625,12831725.0
2025-11-27,SHEL.L,Shell (London),2757.237608909953,2765.736800088823,2739.7392741299263,2752.738037109375,4778729.0
2025-11-28,SHEL.L,Shell (London),2763.237010727628,2793.734108186355,2763.237010727628,2783.235107421875,7551151.0
2025-12-01,SHEL.L,Shell (London),2780.735497236124,2820.2317403647926,2779.235639902124,2800.233642578125,15867668.0
2025-12-02,SHEL.L,Shell (London),2806.7328585001737,2812.732287481649,2779.235475668412,2788.234619140625,43519123.0
2025-12-03,SHEL.L,Shell (London),2790.734403871221,2814.7321199919334,2787.734689356132,2798.733642578125,4395505.0
2025-12-04,SHEL.L,Shell (London),2815.732072691552,2819.731692112989,2791.234403735252,2799.233642578125,4394848.0
2025-12-05,SHEL.L,Shell (London),2770.736502827078,2789.2347436434984,2748.238642374675,2759.737548828125,5555202.0
2025-12-08,SHEL.L,Shell (London),2742.238995028409,2766.2367109375,2732.739899147727,2749.73828125,3555701.0
2025-12-09,SHEL.L,Shell (London),2731.240275489192,2751.738326247943,2728.740513201539,2734.239990234375,5743587.0
2025-12-10,SHEL.L,Shell (London),2727.2404268756923,2740.239189680233,2707.7422826688817,2708.7421875,8282468.0
2025-12-11,SHEL.L,Shell (London),2704.2426695131403,2719.2412422780494,2697.2433355561825,2706.742431640625,6872137.0
2025-12-12,SHEL.L,Shell (London),2706.742434230615,2711.7419584903687,2685.2444799136742,2686.244384765625,14881878.0
2025-12-15,SHEL.L,Shell (London),2704.242837682176,2718.7414589232158,2698.081314242591,2698.243408203125,4483219.0
2025-12-16,SHEL.L,Shell (London),2682.744871513153,2699.743254970374,2605.752193501035,2626.250244140625,9614157.0
2025-12-17,SHEL.L,Shell (London),2659.7470767432974,2693.243891431606,2657.0883940184667,2657.247314453125,11097058.0
2025-12-18,SHEL.L,Shell (London),2676.7453995725427,2683.744733826188,2648.548130402768,2661.746826171875,14033747.0
2025-12-19,SHEL.L,Shell (London),2665.74643896105,2702.742919921875,2656.7472949435523,2702.742919921875,22532782.0
2025-12-22,SHEL.L,Shell (London),2690.2440551532177,2714.2417720547887,2690.2440551532177,2704.74267578125,7810023.0
2025-12-23,SHEL.L,Shell (London),2686.744347087372,2706.742444200043,2685.744442231738,2701.742919921875,5162567.0
2025-12-24,SHEL.L,Shell (London),2702.2429802331158,2716.241648770864,2696.743503307572,2697.743408203125,1428260.0
2025-12-29,SHEL.L,Shell (London),2694.74372181466,2718.241487106921,2694.2437693616325,2705.74267578125,3782323.0
2025-12-30,SHEL.L,Shell (London),2709.2423265747984,2740.739330925087,2708.742374124794,2731.240234375,4683155.0
2025-12-31,SHEL.L,Shell (London),2738.2394005545734,2743.238924747662,2729.240257007014,2739.7392578125,1867219.0
2026-01-02,SHEL.L,Shell (London),2741.7392132222208,2781.235456446976,2736.7396887633918,2759.237548828125,5989767.0
2026-01-05,SHEL.L,Shell (London),2783.735125433711,2795.234031303857,2721.7410242207475,2737.739501953125,8432601.0
2026-01-06,SHEL.L,Shell (London),2767.23682005014,2786.235013213989,2746.73876953125,2746.73876953125,6173059.0
2026-01-07,SHEL.L,Shell (London),2685.7444122090355,2704.7426042537013,2628.7498360750387,2655.247314453125,25169697.0
2026-01-08,SHEL.L,Shell (London),2632.74959538599,2632.74959538599,2553.529102817632,2561.75634765625,11393831.0
2026-01-09,SHEL.L,Shell (London),2591.7533469460227,2658.746971269087,2589.253584844416,2639.748779296875,6749403.0
2026-01-12,SHEL.L,Shell (London),2647.74811035248,2663.746588360652,2625.250250653488,2661.246826171875,8386699.0
2026-01-13,SHEL.L,Shell (London),2661.2467241476425,2730.2401579128828,2661.2467241476425,2721.740966796875,6849541.0
2026-01-14,SHEL.L,Shell (London),2699.743211125753,2744.813875354677,2698.2433537862385,2738.739501953125,7143181.0
2026-01-15,SHEL.L,Shell (London),2737.7395779998405,2754.238008619636,2699.243239886987,2746.23876953125,6360308.0
2026-01-16,SHEL.L,Shell (London),2737.7394171137034,2776.735705377924,2719.741130222525,2752.238037109375,6837066.0
2026-01-19,SHEL.L,Shell (London),2749.23837890625,2761.737189503205,2726.2405674078527,2729.740234375,5293624.0
2026-01-20,SHEL.L,Shell (London),2715.241585355222,2735.7396345173584,2701.54293790937,2721.740966796875,7407904.0
2026-01-21,SHEL.L,Shell (London),2714.741749949269,2751.738230519481,2706.242558466924,2733.239990234375,8002211.0
2026-01-22,SHEL.L,Shell (London),2754.237946994642,2756.7377091538306,2671.625689981406,2673.74560546875,11445467.0
2026-01-23,SHEL.L,Shell (London),2685.744527434593,2721.7411033793605,2677.745288335756,2687.244384765625,9909984.0
2026-01-26,SHEL.L,Shell (London),2693.743804994446,2706.7425687156515,2672.085952707381,2672.245849609375,7482122.0
2026-01-27,SHEL.L,Shell (London),2672.245739126011,2699.7480051319467,2665.7463575341235,2696.743408203125,20289832.0
2026-01-28,SHEL.L,Shell (London),2713.241798170531,2747.903538697374,2712.2418933250656,2732.239990234375,7427780.0
2026-01-29,SHEL.L,Shell (London),2752.238167361344,2818.2318890855395,2748.238547862908,2797.23388671875,7390881.0
2026-01-30,SHEL.L,Shell (London),2788.234654223825,2797.733750230684,2768.23655736728,2793.734130859375,7013448.0
2026-02-02,SHEL.L,Shell (London),2741.239210512724,2782.23531032342,2722.241017917524,2779.235595703125,5337281.0
2026-02-03,SHEL.L,Shell (London),2773.736093742998,2792.234333733714,2745.2388051086523,2789.234619140625,5495185.0
2026-02-04,SHEL.L,Shell (London),2839.729863124564,2875.226486413621,2816.7320508527805,2866.727294921875,6390035.0
2026-02-05,SHEL.L,Shell (London),2837.7300567213733,2859.2280116965358,2763.4871191908724,2769.236572265625,20826662.0
2026-02-06,SHEL.L,Shell (London),2758.237605936529,2792.7343242271977,2741.239223010692,2774.236083984375,8064102.0
2026-02-09,SHEL.L,Shell (London),2753.738009348433,2822.7314453125,2753.738009348433,2822.7314453125,7500696.0
2026-02-10,SHEL.L,Shell (London),2824.731378501418,2874.226671682239,2811.232662179376,2831.730712890625,16717649.0
2026-02-11,SHEL.L,Shell (London),2852.2287485807337,2917.7225200205366,2850.478914992648,2913.722900390625,12970027.0
2026-02-12,SHEL.L,Shell (London),2932.221109701986,2941.7202062210545,2879.22615017455,2887.725341796875,13714941.0
2026-02-13,SHEL.L,Shell (London),2879.7260933420366,2889.725142277252,2855.7283758975195,2872.226806640625,25739376.0
2026-02-16,SHEL.L,Shell (London),2872.726581158802,2886.22529638527,2859.5527861791224,2865.227294921875,4132260.0
2026-02-17,SHEL.L,Shell (London),2879.7260583798397,2901.723965770241,2838.729958243182,2866.727294921875,9204439.0
2026-02-18,SHEL.L,Shell (London),2874.726571252054,2938.7204844903604,2867.22728454444,2928.721435546875,21932776.0
2026-02-19,SHEL.L,Shell (London),2942.0,2962.5,2911.40087890625,2944.0,23119148.0
2026-02-20,SHEL.L,Shell (London),2953.5,2960.5,2927.0,2940.5,11355999.0
2026-02-23,SHEL.L,Shell (London),2933.0,2990.14794921875,2920.2080078125,2965.0,13925480.0
2026-02-24,SHEL.L,Shell (London),2985.5,2991.5,2961.0,2971.5,22832124.0
2026-02-25,SHEL.L,Shell (London),2985.0,3011.0,2985.0,3011.0,32480503.0
2026-02-26,SHEL.L,Shell (London),3024.5,3035.5,2975.0,3024.0,14276505.0
2026-02-27,SHEL.L,Shell (London),3018.5,3079.0,3007.5,3073.5,24177053.0
2026-03-02,SHEL.L,Shell (London),3227.0,3227.0,3105.5,3132.0,16645911.0
2026-03-03,SHEL.L,Shell (London),3131.0,3154.0,3071.0,3113.0,13648388.0
2026-03-04,SHEL.L,Shell (London),3084.0,3100.5,3049.0,3063.5,17197744.0
2026-03-05,SHEL.L,Shell (London),3108.0,3121.5,3059.0,3108.0,10576040.0
2026-03-06,SHEL.L,Shell (London),3106.0,3156.0,3096.0,3133.0,16414686.0
2026-03-09,SHEL.L,Shell (London),3201.0,3225.593017578125,3164.0,3207.0,11124987.0
2026-03-10,SHEL.L,Shell (London),3142.0,3198.5,3107.5,3180.5,13067969.0
2026-03-11,SHEL.L,Shell (London),3166.5,3244.0,3158.0,3244.0,11666644.0
2026-03-12,SHEL.L,Shell (London),3250.0,3329.0,3235.0,3328.0,12881194.0
2026-03-13,SHEL.L,Shell (London),3331.0,3378.0,3331.0,3367.5,8283922.0
2026-03-16,SHEL.L,Shell (London),3378.0,3424.5,3372.5,3415.0,12235914.0
2026-03-17,SHEL.L,Shell (London),3410.5,3486.0,3410.5,3474.0,8857035.0
2026-03-18,SHEL.L,Shell (London),3445.0,3477.0,3433.0,3461.5,13785169.0
2026-03-19,SHEL.L,Shell (London),3459.0,3490.0,3409.0,3461.0,20153838.0
2026-03-20,SHEL.L,Shell (London),3413.0,3482.5,3401.5,3434.0,41833875.0
2026-03-23,SHEL.L,Shell (London),3396.0,3421.5,3274.0,3354.5,12521728.0
2026-03-24,SHEL.L,Shell (London),3359.5,3460.0,3358.89990234375,3460.0,8149023.0
2026-03-25,SHEL.L,Shell (London),3390.0,3442.5,3390.0,3433.0,10336558.0
2026-03-26,SHEL.L,Shell (London),3449.5,3474.0,3426.5,3472.5,9423933.0
2026-03-27,SHEL.L,Shell (London),3460.0,3482.0,3426.52001953125,3482.0,9228913.0
2026-03-30,SHEL.L,Shell (London),3490.0,3566.5,3490.0,3553.5,9216771.0
2026-03-31,SHEL.L,Shell (London),3514.5,3592.0,3514.5,3583.0,11764635.0
2026-04-01,SHEL.L,Shell (London),3528.0,3563.5,3432.0,3443.5,14893588.0
2026-04-02,SHEL.L,Shell (London),3509.5,3585.0,3508.0,3543.5,15335522.0
2026-04-07,SHEL.L,Shell (London),3547.5,3589.5,3541.574951171875,3568.0,13331906.0
2026-04-08,SHEL.L,Shell (London),3252.5,3401.0,3244.5,3401.0,21140504.0
2026-04-09,SHEL.L,Shell (London),3444.5,3468.0,3415.5,3448.5,7142295.0
2026-04-10,SHEL.L,Shell (London),3403.5,3449.0,3383.0,3420.5,15550810.0
2026-04-13,SHEL.L,Shell (London),3484.0,3492.303955078125,3449.0,3471.0,7483052.0
2026-04-14,SHEL.L,Shell (London),3448.0,3467.5,3348.5,3375.5,13354235.0
2026-04-15,SHEL.L,Shell (London),3360.0,3389.0,3345.799072265625,3346.0,15622769.0
2026-04-16,SHEL.L,Shell (London),3322.5,3390.5,3318.0,3384.5,8354968.0
2026-04-17,SHEL.L,Shell (London),3385.5,3394.5,3169.738037109375,3196.0,16496783.0
2026-04-20,SHEL.L,Shell (London),3280.5,3295.5,3241.0,3274.5,11508868.0
2026-04-21,SHEL.L,Shell (London),3265.0,3290.5,3264.0,3276.0,9944726.0
2026-04-22,SHEL.L,Shell (London),3270.5,3316.5,3266.5,3299.5,6491430.0
2026-04-23,SHEL.L,Shell (London),3321.0,3333.5,3299.0,3307.0,1421240.0
2025-10-23,SI=F,Silver Futures,48.470001220703125,48.90999984741211,48.459999084472656,48.48199844360352,507.0
2025-10-24,SI=F,Silver Futures,47.42499923706055,48.43000030517578,47.42499923706055,48.37699890136719,270.0
2025-10-27,SI=F,Silver Futures,47.810001373291016,47.810001373291016,45.845001220703125,46.5620002746582,161.0
2025-10-28,SI=F,Silver Futures,46.32500076293945,47.125,46.32500076293945,47.125,59.0
2025-10-29,SI=F,Silver Futures,47.72100067138672,47.72100067138672,47.72100067138672,47.72100067138672,545.0
2025-10-30,SI=F,Silver Futures,47.540000915527344,48.61000061035156,47.1349983215332,48.428001403808594,370.0
2025-10-31,SI=F,Silver Futures,48.43999862670898,48.68000030517578,47.99399948120117,47.99399948120117,484.0
2025-11-03,SI=F,Silver Futures,47.82500076293945,48.34999847412109,47.82500076293945,47.88800048828125,0.0
2025-11-04,SI=F,Silver Futures,46.92499923706055,47.130001068115234,46.80500030517578,47.130001068115234,115.0
2025-11-05,SI=F,Silver Futures,47.560001373291016,47.880001068115234,47.560001373291016,47.86299896240234,23.0
2025-11-06,SI=F,Silver Futures,47.79399871826172,47.79399871826172,47.79399871826172,47.79399871826172,86.0
2025-11-07,SI=F,Silver Futures,48.02999877929688,48.040000915527344,48.01499938964844,48.016998291015625,23.0
2025-11-10,SI=F,Silver Futures,49.5,50.17699813842773,49.5,50.17699813842773,91.0
2025-11-11,SI=F,Silver Futures,50.43000030517578,50.85499954223633,50.43000030517578,50.61800003051758,106.0
2025-11-12,SI=F,Silver Futures,51.25,53.5,51.25,53.33200073242188,20.0
2025-11-13,SI=F,Silver Futures,52.93000030517578,54.20000076293945,52.65999984741211,53.07400131225586,264.0
2025-11-14,SI=F,Silver Futures,53.09999847412109,53.09999847412109,50.244998931884766,50.59000015258789,73.0
2025-11-17,SI=F,Silver Futures,50.75,50.75,49.665000915527344,50.625,71.0
2025-11-18,SI=F,Silver Futures,49.33000183105469,50.91999816894531,49.23500061035156,50.45000076293945,384.0
2025-11-19,SI=F,Silver Futures,51.59999847412109,51.75,50.42499923706055,50.790000915527344,72.0
2025-11-20,SI=F,Silver Futures,50.34999847412109,50.34999847412109,50.005001068115234,50.24700164794922,10.0
2025-11-21,SI=F,Silver Futures,49.84999847412109,49.94499969482422,48.125,49.87300109863281,22.0
2025-11-24,SI=F,Silver Futures,49.595001220703125,50.29499816894531,49.595001220703125,50.29499816894531,35.0
2025-11-25,SI=F,Silver Futures,50.845001220703125,51.130001068115234,50.81499862670898,50.93399810791016,49588.0
2025-11-26,SI=F,Silver Futures,51.10499954223633,53.095001220703125,50.959999084472656,52.91600036621094,14378.0
2025-11-28,SI=F,Silver Futures,53.07500076293945,56.45500183105469,52.54999923706055,56.44599914550781,2541.0
2025-12-01,SI=F,Silver Futures,56.220001220703125,58.47499847412109,56.13999938964844,58.417999267578125,994.0
2025-12-02,SI=F,Silver Futures,57.66999816894531,58.459999084472656,56.58000183105469,57.983001708984375,392.0
2025-12-03,SI=F,Silver Futures,58.78499984741211,58.900001525878906,57.650001525878906,57.92100143432617,264.0
2025-12-04,SI=F,Silver Futures,58.29999923706055,58.29999923706055,56.29999923706055,56.84700012207031,335.0
2025-12-05,SI=F,Silver Futures,56.834999084472656,58.470001220703125,56.834999084472656,58.422000885009766,284.0
2025-12-08,SI=F,Silver Futures,58.209999084472656,58.34000015258789,57.52000045776367,57.77899932861328,518.0
2025-12-09,SI=F,Silver Futures,57.6150016784668,60.52000045776367,57.6150016784668,60.16899871826172,324.0
2025-12-10,SI=F,Silver Futures,60.56999969482422,61.52999877929688,60.1150016784668,60.37900161743164,462.0
2025-12-11,SI=F,Silver Futures,61.97499847412109,63.92900085449219,61.875,63.92900085449219,408.0
2025-12-12,SI=F,Silver Futures,63.06999969482422,63.55500030517578,60.665000915527344,61.36199951171875,435.0
2025-12-15,SI=F,Silver Futures,61.22999954223633,62.95000076293945,61.22999954223633,62.93999862670898,387.0
2025-12-16,SI=F,Silver Futures,62.665000915527344,63.0,62.540000915527344,62.70000076293945,70.0
2025-12-17,SI=F,Silver Futures,65.27999877929688,66.4749984741211,65.08999633789062,66.23699951171875,233.0
2025-12-18,SI=F,Silver Futures,65.7750015258789,65.7750015258789,64.27999877929688,64.59200286865234,118.0
2025-12-19,SI=F,Silver Futures,66.49500274658203,66.84500122070312,66.48500061035156,66.84500122070312,144.0
2025-12-22,SI=F,Silver Futures,67.00499725341797,68.86499786376953,67.00499725341797,67.90599822998047,130.0
2025-12-23,SI=F,Silver Futures,69.08000183105469,70.57499694824219,69.07499694824219,70.48500061035156,40.0
2025-12-24,SI=F,Silver Futures,71.51499938964844,71.51499938964844,71.0,71.03099822998047,35.0
2025-12-26,SI=F,Silver Futures,74.5,78.83999633789062,73.73500061035156,76.48600006103516,140.0
2025-12-29,SI=F,Silver Futures,79.69999694824219,79.69999694824219,69.85600280761719,69.85600280761719,1608.0
2025-12-30,SI=F,Silver Futures,71.33000183105469,77.41000366210938,70.5,77.3740005493164,992.0
2025-12-31,SI=F,Silver Futures,74.6050033569336,74.625,70.13400268554688,70.13400268554688,343.0
2026-01-02,SI=F,Silver Futures,71.375,73.58999633789062,70.55599975585938,70.55599975585938,602.0
2026-01-05,SI=F,Silver Futures,74.17500305175781,76.81999969482422,73.90499877929688,76.16400146484375,883.0
2026-01-06,SI=F,Silver Futures,75.93000030517578,80.8550033569336,75.93000030517578,80.52999877929688,580.0
2026-01-07,SI=F,Silver Futures,80.9000015258789,80.9000015258789,75.875,77.13500213623047,2093.0
2026-01-08,SI=F,Silver Futures,76.56999969482422,76.56999969482422,73.16500091552734,74.71600341796875,1447.0
2026-01-09,SI=F,Silver Futures,76.69999694824219,79.9749984741211,76.69999694824219,78.88400268554688,254.0
2026-01-12,SI=F,Silver Futures,82.0,85.82499694824219,82.0,84.61000061035156,575.0
2026-01-13,SI=F,Silver Futures,84.90499877929688,88.61000061035156,84.58999633789062,85.87699890136719,341.0
2026-01-14,SI=F,Silver Futures,89.3499984741211,93.0,88.70500183105469,90.86900329589844,470.0
2026-01-15,SI=F,Silver Futures,90.8249969482422,92.41999816894533,86.12999725341797,91.8759994506836,390.0
2026-01-16,SI=F,Silver Futures,90.44000244140624,90.9250030517578,86.19499969482422,88.09100341796875,685.0
2026-01-20,SI=F,Silver Futures,92.31999969482422,94.98999786376952,92.05999755859376,94.20600128173828,543.0
2026-01-21,SI=F,Silver Futures,93.88500213623048,94.52999877929688,91.58999633789062,92.20999908447266,231.0
2026-01-22,SI=F,Silver Futures,92.83499908447266,95.9800033569336,92.4800033569336,95.97599792480467,548.0
2026-01-23,SI=F,Silver Futures,98.2699966430664,102.9250030517578,97.7300033569336,100.9250030517578,283.0
2026-01-26,SI=F,Silver Futures,105.04499816894533,117.19499969482422,103.22000122070312,115.08000183105467,537.0
2026-01-27,SI=F,Silver Futures,104.4000015258789,110.5199966430664,103.0999984741211,105.52300262451172,131.0
2026-01-28,SI=F,Silver Futures,114.5749969482422,114.5749969482422,112.73500061035156,113.11100006103516,1436.0
2026-01-29,SI=F,Silver Futures,116.88999938964844,121.3000030517578,107.97000122070312,114.03700256347656,1261.0
2026-01-30,SI=F,Silver Futures,116.86499786376952,117.79000091552734,76.0250015258789,78.29000091552734,841.0
2026-02-02,SI=F,Silver Futures,81.0,84.38999938964844,73.36000061035156,76.77799987792969,388.0
2026-02-03,SI=F,Silver Futures,80.125,88.19499969482422,80.0,83.04199981689453,840.0
2026-02-04,SI=F,Silver Futures,87.11000061035156,90.9749984741211,83.625,84.16500091552734,158.0
2026-02-05,SI=F,Silver Futures,88.44000244140625,88.44000244140625,71.08000183105469,76.52899932861328,422.0
2026-02-06,SI=F,Silver Futures,70.40499877929688,77.31999969482422,68.70999908447266,76.73500061035156,118.0
2026-02-09,SI=F,Silver Futures,80.50499725341797,82.06500244140625,79.9800033569336,82.06500244140625,443.0
2026-02-10,SI=F,Silver Futures,81.67500305175781,81.67500305175781,79.83999633789062,80.21800231933594,112.0
2026-02-11,SI=F,Silver Futures,80.99500274658203,84.47000122070312,80.98500061035156,83.75399780273438,11.0
2026-02-12,SI=F,Silver Futures,82.68499755859375,82.69499969482422,75.5459976196289,75.5459976196289,78.0
2026-02-13,SI=F,Silver Futures,75.11000061035156,78.47000122070312,74.83000183105469,77.85099792480469,63.0
2026-02-17,SI=F,Silver Futures,75.3499984741211,75.3499984741211,72.0,73.4469985961914,61.0
2026-02-18,SI=F,Silver Futures,75.69999694824219,77.50900268554688,75.69999694824219,77.50900268554688,18.0
2026-02-19,SI=F,Silver Futures,76.94000244140625,78.94000244140625,76.94000244140625,77.56500244140625,208.0
2026-02-20,SI=F,Silver Futures,80.45999908447266,84.41500091552734,80.45999908447266,82.28299713134766,30.0
2026-02-23,SI=F,Silver Futures,86.49500274658203,87.91500091552734,86.49500274658203,86.52300262451172,41.0
2026-02-24,SI=F,Silver Futures,86.29000091552734,87.45700073242188,86.29000091552734,87.45700073242188,268.0
2026-02-25,SI=F,Silver Futures,90.93900299072266,90.93900299072266,90.93900299072266,90.93900299072266,36156.0
2026-02-26,SI=F,Silver Futures,88.92500305175781,90.25499725341795,84.9800033569336,86.99800109863281,6626.0
2026-02-27,SI=F,Silver Futures,88.06500244140625,93.87999725341795,87.81999969482422,92.68199920654295,1134.0
2026-03-02,SI=F,Silver Futures,95.86000061035156,95.86000061035156,86.22000122070312,88.28399658203125,1338.0
2026-03-03,SI=F,Silver Futures,89.58999633789062,90.8000030517578,79.0,82.9229965209961,1600.0
2026-03-04,SI=F,Silver Futures,83.08499908447266,85.01499938964844,82.63300323486328,82.63300323486328,502.0
2026-03-05,SI=F,Silver Futures,84.09500122070312,84.1500015258789,80.95500183105469,81.68699645996094,597.0
2026-03-06,SI=F,Silver Futures,82.91999816894531,84.33499908447266,81.42500305175781,83.81600189208984,282.0
2026-03-09,SI=F,Silver Futures,82.49500274658203,86.51000213623047,79.5,84.03199768066406,497.0
2026-03-10,SI=F,Silver Futures,87.12000274658203,89.58999633789062,87.0,89.08300018310547,106.0
2026-03-11,SI=F,Silver Futures,88.54499816894531,88.68000030517578,84.5250015258789,85.06500244140625,1455.0
2026-03-12,SI=F,Silver Futures,86.56500244140625,87.16000366210938,84.66999816894531,84.66999816894531,284.0
2026-03-13,SI=F,Silver Futures,82.0,83.81500244140625,79.44999694824219,80.91400146484375,856.0
2026-03-16,SI=F,Silver Futures,79.0,80.90499877929688,79.0,80.26300048828125,91.0
2026-03-17,SI=F,Silver Futures,80.43000030517578,82.23999786376953,78.58000183105469,79.52999877929688,248.0
2026-03-18,SI=F,Silver Futures,76.5,77.73500061035156,74.80000305175781,77.23799896240234,340.0
2026-03-19,SI=F,Silver Futures,75.70500183105469,76.1050033569336,67.0,70.9020004272461,138.0
2026-03-20,SI=F,Silver Futures,71.91999816894531,71.92500305175781,69.36000061035156,69.36000061035156,45.0
2026-03-23,SI=F,Silver Futures,64.73999786376953,69.51000213623047,61.09000015258789,69.04900360107422,271.0
2026-03-24,SI=F,Silver Futures,69.08999633789062,71.18499755859375,68.55000305175781,69.27400207519531,122.0
2026-03-25,SI=F,Silver Futures,71.38999938964844,73.16999816894531,71.2249984741211,72.36100006103516,211.0
2026-03-26,SI=F,Silver Futures,70.1050033569336,70.1050033569336,67.2300033569336,67.6709976196289,31.0
2026-03-27,SI=F,Silver Futures,67.55000305175781,69.54499816894531,67.54000091552734,69.54499816894531,391.0
2026-03-30,SI=F,Silver Futures,67.90499877929688,70.9800033569336,67.81999969482422,70.3239974975586,482.0
2026-03-31,SI=F,Silver Futures,72.55500030517578,75.16999816894531,72.55500030517578,74.69000244140625,98.0
2026-04-01,SI=F,Silver Futures,74.34500122070312,75.86699676513672,73.9000015258789,75.86699676513672,81.0
2026-04-02,SI=F,Silver Futures,73.71499633789062,73.71499633789062,69.83499908447266,72.73500061035156,0.0
2026-04-06,SI=F,Silver Futures,71.8499984741211,72.66100311279297,71.8499984741211,72.66100311279297,1.0
2026-04-07,SI=F,Silver Futures,71.8949966430664,71.8949966430664,70.0,71.82599639892578,91.0
2026-04-08,SI=F,Silver Futures,76.16999816894531,77.44999694824219,75.2239990234375,75.2239990234375,34.0
2026-04-09,SI=F,Silver Futures,73.77999877929688,76.2770004272461,73.77999877929688,76.2770004272461,4.0
2026-04-10,SI=F,Silver Futures,75.30500030517578,76.6500015258789,75.30500030517578,76.3239974975586,175.0
2026-04-13,SI=F,Silver Futures,72.80000305175781,75.52300262451172,72.79499816894531,75.52300262451172,13.0
2026-04-14,SI=F,Silver Futures,76.81500244140625,79.58999633789062,76.81500244140625,79.39099884033203,590.0
2026-04-15,SI=F,Silver Futures,80.25,80.3499984741211,79.30000305175781,79.49099731445312,473.0
2026-04-16,SI=F,Silver Futures,79.17500305175781,79.17500305175781,78.60600280761719,78.60600280761719,504.0
2026-04-17,SI=F,Silver Futures,82.37999725341797,82.83000183105469,81.73799896240234,81.73799896240234,38.0
2026-04-20,SI=F,Silver Futures,79.5250015258789,79.95099639892578,79.50499725341797,79.95099639892578,24.0
2026-04-21,SI=F,Silver Futures,78.94999694824219,78.94999694824219,76.41100311279297,76.41100311279297,34.0
2026-04-22,SI=F,Silver Futures,76.875,77.89299774169922,76.875,77.89299774169922,34.0
2026-04-23,SI=F,Silver Futures,77.83999633789062,78.40499877929688,74.2300033569336,76.6500015258789,29331.0
2025-10-23,SPY,S&P 500 ETF,664.3372592841532,668.9012985038863,664.019063764971,667.9566650390625,65604500.0
2025-10-24,SPY,S&P 500 ETF,672.6300829996666,674.628651928334,671.8246714345047,673.4155883789062,74356500.0
2025-10-27,SPY,S&P 500 ETF,678.8645527756448,681.658640907831,678.2580209918731,681.3603515625,63339800.0
2025-10-28,SPY,S&P 500 ETF,683.1600908523567,685.0095454543999,680.9526890414517,683.1700439453125,61738100.0
2025-10-29,SPY,S&P 500 ETF,684.8206562449755,685.795149064121,679.0038013689816,683.4982299804688,85657100.0
2025-10-30,SPY,S&P 500 ETF,680.0279821977349,682.0564104652303,675.9810180664062,675.9810180664062,76335800.0
2025-10-31,SPY,S&P 500 ETF,681.1614116072222,681.2012239761448,675.3942622450203,678.1983032226562,87164100.0
2025-11-03,SPY,S&P 500 ETF,681.7878948104295,681.9171636388411,676.0903560257897,679.4711303710938,57315000.0
2025-11-04,SPY,S&P 500 ETF,672.2820616639051,676.1103005794487,670.7607556049009,671.4169921875,78427000.0
2025-11-05,SPY,S&P 500 ETF,671.1583975728993,677.0051112074705,670.3529860359731,673.7437133789062,74402400.0
2025-11-06,SPY,S&P 500 ETF,672.6399897028363,673.5448715272548,664.9338680034818,666.514892578125,85035300.0
2025-11-07,SPY,S&P 500 ETF,664.1284090392404,667.2805048704689,657.4663915648358,667.1710815429688,100592400.0
2025-11-10,SPY,S&P 500 ETF,673.4056154266486,678.3176487268574,671.2081667723378,677.5818481445312,75842900.0
2025-11-11,SPY,S&P 500 ETF,676.1002762110339,679.6997756663966,674.8871520395073,679.1329956054688,58953400.0
2025-11-12,SPY,S&P 500 ETF,680.9129156193362,681.0819968300743,677.0946904605516,679.5109252929688,62312500.0
2025-11-13,SPY,S&P 500 ETF,676.6472315164618,677.0051787486752,666.7237544337754,668.235107421875,103457800.0
2025-11-14,SPY,S&P 500 ETF,661.612768198211,671.8345335183507,659.5147291242073,668.1256713867188,96846700.0
2025-11-17,SPY,S&P 500 ETF,665.9083353081996,669.8956413839408,658.4209391867944,661.901123046875,90456100.0
2025-11-18,SPY,S&P 500 ETF,658.3512953245886,661.354216097308,652.146634691611,656.3427734375,114467500.0
2025-11-19,SPY,S&P 500 ETF,657.0388554539629,663.5617119214406,655.0203196831769,658.8783569335938,94703000.0
2025-11-20,SPY,S&P 500 ETF,669.1001291109939,671.7351497651099,648.1991802397498,648.8355712890625,165293500.0
2025-11-21,SPY,S&P 500 ETF,651.3412595795126,660.7874729698119,647.1650267848305,655.2987670898438,123956200.0
2025-11-24,SPY,S&P 500 ETF,658.9380055466532,666.2662734630499,657.8442577670318,664.9437866210938,80437900.0
2025-11-25,SPY,S&P 500 ETF,664.8444060411854,672.3815071629971,660.717877921785,671.1982421875,81077100.0
2025-11-26,SPY,S&P 500 ETF,673.7934667684052,677.8404309302599,672.8885849296569,675.8318481445312,71879600.0
2025-11-28,SPY,S&P 500 ETF,677.0051081523229,679.7991961322198,676.6471609574353,679.5208129882812,49212000.0
2025-12-01,SPY,S&P 500 ETF,674.9667014318244,679.1230277654502,674.8970904760725,676.41845703125,61201200.0
2025-12-02,SPY,S&P 500 ETF,678.0591325179204,679.9483994968172,675.4838303983408,677.67138671875,62953800.0
2025-12-03,SPY,S&P 500 ETF,676.7167950740063,681.0321891246488,675.8417725523884,680.0180053710938,57238500.0
2025-12-04,SPY,S&P 500 ETF,681.4199577792665,681.4895687361658,677.4824173401821,680.51513671875,61970300.0
2025-12-05,SPY,S&P 500 ETF,681.5890143183475,684.4925257185774,680.7040993957534,681.8078002929688,79241000.0
2025-12-08,SPY,S&P 500 ETF,682.7027235077143,682.7524282821314,677.7111260885928,679.7594604492188,55231500.0
2025-12-09,SPY,S&P 500 ETF,679.2822138612034,681.5095218770947,678.7253868572307,679.1727905273438,58310100.0
2025-12-10,SPY,S&P 500 ETF,678.6955405173951,685.0692222502689,677.4526176554032,683.6771850585938,85671300.0
2025-12-11,SPY,S&P 500 ETF,681.2609148661827,685.3476304583654,678.3076987410943,685.26806640625,86173700.0
2025-12-12,SPY,S&P 500 ETF,684.2737672143002,684.9797692517327,675.3247225627367,677.9000854492188,113160300.0
2025-12-15,SPY,S&P 500 ETF,681.8574988128718,681.8774049984522,675.4042533093998,676.8758544921875,90811000.0
2025-12-16,SPY,S&P 500 ETF,675.3843754405706,677.2239376857725,671.1584377196804,675.0264282226562,122030600.0
2025-12-17,SPY,S&P 500 ETF,676.0406154817738,676.5874893555698,667.3998140691156,667.5986938476562,110625200.0
2025-12-18,SPY,S&P 500 ETF,673.7635606688432,676.8857972779194,671.0788959983324,672.6399536132812,108650100.0
2025-12-19,SPY,S&P 500 ETF,674.747283458469,679.2350273728672,674.6275542880097,678.7363891601562,103599500.0
2025-12-22,SPY,S&P 500 ETF,682.0772531068674,683.4933686131409,678.7364013691785,682.96484375,69556700.0
2025-12-23,SPY,S&P 500 ETF,682.0572680421344,686.325640311278,682.0074163952171,686.0863037109375,64840000.0
2025-12-24,SPY,S&P 500 ETF,686.0763204450832,688.9484813838191,685.9267046355759,688.4996948242188,39445600.0
2025-12-26,SPY,S&P 500 ETF,688.758988861415,689.7761694005526,687.392725060237,688.4298706054688,41613300.0
2025-12-29,SPY,S&P 500 ETF,685.6674092439482,687.322922191004,684.2014421207446,685.9765625,62559500.0
2025-12-30,SPY,S&P 500 ETF,685.5777200962995,686.6846823672308,684.7100944386586,685.138916015625,47160700.0
2025-12-31,SPY,S&P 500 ETF,685.2685588951464,685.4879304984822,679.8533550408816,680.062744140625,74144800.0
2026-01-02,SPY,S&P 500 ETF,683.842447277036,684.999261161205,677.9684744567207,681.309326171875,89377200.0
2026-01-05,SPY,S&P 500 ETF,684.6701449336617,687.5522884526621,684.5106074856512,685.846923828125,71927200.0
2026-01-06,SPY,S&P 500 ETF,686.0563439630641,690.4344019511112,685.9067890249802,689.92578125,69273800.0
2026-01-07,SPY,S&P 500 ETF,690.3047811958188,692.0699799720542,687.4426026835383,687.701904296875,75588300.0
2026-01-08,SPY,S&P 500 ETF,686.9439569075789,688.7390423054183,685.6175622141362,687.632080078125,64019200.0
2026-01-09,SPY,S&P 500 ETF,688.7489932725086,693.4162394407576,687.3029303433501,692.1796264648438,80125500.0
2026-01-12,SPY,S&P 500 ETF,688.7988836287034,694.1941832506386,688.7490319805348,693.2666625976562,63976000.0
2026-01-13,SPY,S&P 500 ETF,693.595779418591,694.194181802135,689.467040360938,691.8804931640625,78309700.0
2026-01-14,SPY,S&P 500 ETF,689.1180078469732,689.8360176539858,684.1714948792828,688.479736328125,94676700.0
2026-01-15,SPY,S&P 500 ETF,692.678285342935,693.5558934557131,689.3673203481677,690.3546142578125,77862000.0
2026-01-16,SPY,S&P 500 ETF,691.7707369284135,692.359156800422,688.22043529661,689.7761840820312,79289200.0
2026-01-20,SPY,S&P 500 ETF,679.6338820353151,682.9049778344743,674.7272992054969,675.7345581054688,111623300.0
2026-01-21,SPY,S&P 500 ETF,677.7989248999835,686.8641332264262,676.2830453044572,683.5332641601562,127844500.0
2026-01-22,SPY,S&P 500 ETF,687.9711412752974,689.2476843606095,685.0491285530771,687.103515625,77112200.0
2026-01-23,SPY,S&P 500 ETF,686.2757685331861,689.0781127396581,685.2884137823622,687.352783203125,63059600.0
2026-01-26,SPY,S&P 500 ETF,688.609372319757,692.2394730275811,688.0409174669724,690.84326171875,60473800.0
2026-01-27,SPY,S&P 500 ETF,692.2893344912051,694.6329705879123,691.6810104865692,693.5957641601562,55506100.0
2026-01-28,SPY,S&P 500 ETF,695.1515053497095,695.9393926651097,692.0499903412962,693.5259399414062,61172200.0
2026-01-29,SPY,S&P 500 ETF,694.4933553961189,695.1615135683285,682.9648421722587,692.1497192382812,97486200.0
2026-01-30,SPY,S&P 500 ETF,689.9058246991844,692.3192774332931,685.2485609149509,690.0853271484375,101835100.0
2026-02-02,SPY,S&P 500 ETF,687.7019133171445,695.0318708971434,687.5423149981101,693.5159912109375,79286500.0
2026-02-03,SPY,S&P 500 ETF,694.3138377504575,695.0617950648859,682.1670182684101,687.6520385742188,107904600.0
2026-02-04,SPY,S&P 500 ETF,688.4697490630058,689.5667896413613,679.9031787408285,684.3211059570312,105204600.0
2026-02-05,SPY,S&P 500 ETF,679.0854402743204,681.8279505601881,673.9494421186707,675.7744750976562,113610800.0
2026-02-06,SPY,S&P 500 ETF,679.6039887472712,690.4244132010324,678.995603890688,688.739013671875,89127600.0
2026-02-09,SPY,S&P 500 ETF,687.5423060693106,693.9747512796714,686.4652913399738,692.0599975585938,73885200.0
2026-02-10,SPY,S&P 500 ETF,693.0572335194393,694.64286887948,689.7761552680904,690.2349243164062,65185700.0
2026-02-11,SPY,S&P 500 ETF,694.4933668556342,695.2413241987686,687.3029816841566,690.075439453125,76353900.0
2026-02-12,SPY,S&P 500 ETF,692.3491972008484,693.4561594586687,678.5169776231163,679.41455078125,118829000.0
2026-02-13,SPY,S&P 500 ETF,679.833354327075,684.410879804094,675.6747287653898,679.8931884765625,96267500.0
2026-02-17,SPY,S&P 500 ETF,678.287593220413,683.074507822494,673.9394826742099,680.9901733398438,81354700.0
2026-02-18,SPY,S&P 500 ETF,682.157061237011,687.2730943282486,680.9702998190471,684.4208374023438,73570300.0
2026-02-19,SPY,S&P 500 ETF,681.9775120282383,684.311104689823,679.6937101433548,682.61572265625,58649400.0
2026-02-20,SPY,S&P 500 ETF,680.4616860592505,688.1805961724377,679.8732661615737,687.5523071289062,100034000.0
2026-02-23,SPY,S&P 500 ETF,685.9566804858357,688.1207533479937,678.5169762252317,680.531494140625,90558100.0
2026-02-24,SPY,S&P 500 ETF,680.0427976196477,686.4751816677359,678.1479481229125,685.4779052734375,73798700.0
2026-02-25,SPY,S&P 500 ETF,688.3002642742074,691.7907319065998,688.2204651135966,691.26220703125,56369500.0
2026-02-26,SPY,S&P 500 ETF,691.391808867856,691.4117130049051,682.486077089091,687.422607421875,71671000.0
2026-02-27,SPY,S&P 500 ETF,681.2295779636313,684.9892686841309,679.7835149777827,684.1216430664062,83308900.0
2026-03-02,SPY,S&P 500 ETF,676.8515442239554,686.744509644098,676.1734035367807,684.5106201171875,87477200.0
2026-03-03,SPY,S&P 500 ETF,673.221445388408,680.7508704958498,667.8361281509542,678.4771118164062,105003100.0
2026-03-04,SPY,S&P 500 ETF,679.7735096903759,685.2186606854194,677.7689744100875,683.2639770507812,79182200.0
2026-03-05,SPY,S&P 500 ETF,680.2223290726917,683.6629449535216,673.7699188745959,679.4544067382812,106606500.0
2026-03-06,SPY,S&P 500 ETF,671.5758690877306,674.2685275228549,667.9358467743081,670.5487060546875,100687000.0
2026-03-09,SPY,S&P 500 ETF,664.5750801817165,678.0681991431876,660.5859743093405,676.4227294921875,102667700.0
2026-03-10,SPY,S&P 500 ETF,675.87413967305,681.4987932365287,672.9222404542279,675.3356323242188,81505300.0
2026-03-11,SPY,S&P 500 ETF,675.7345715953234,678.2277626375325,671.5061293267642,674.4879760742188,68441700.0
2026-03-12,SPY,S&P 500 ETF,669.3319958917509,669.8207124533001,664.0564256954588,664.2459106445312,108882200.0
2026-03-13,SPY,S&P 500 ETF,667.4472371497842,670.5088831921612,659.5587462493693,660.4862060546875,97200200.0
2026-03-16,SPY,S&P 500 ETF,666.5596317087426,670.239584206393,665.3030536555561,667.2078857421875,82023100.0
2026-03-17,SPY,S&P 500 ETF,670.5586914524959,672.60309589337,667.8760155087483,668.9630126953125,87128000.0
2026-03-18,SPY,S&P 500 ETF,666.5396583763402,667.8959397089973,659.3892034355257,659.6285400390625,82062600.0
2026-03-19,SPY,S&P 500 ETF,655.1806813207687,661.1743225351036,653.3855958813168,658.0029907226562,111272500.0
2026-03-20,SPY,S&P 500 ETF,656.510009765625,656.6900024414062,644.719970703125,648.5700073242188,163617500.0
2026-03-23,SPY,S&P 500 ETF,658.0700073242188,662.6199951171875,653.9400024414062,655.3800048828125,134802700.0
2026-03-24,SPY,S&P 500 ETF,651.3200073242188,657.030029296875,649.8800048828125,653.1799926757812,96457500.0
2026-03-25,SPY,S&P 500 ETF,658.6699829101562,660.8900146484375,654.239990234375,656.8200073242188,90653800.0
2026-03-26,SPY,S&P 500 ETF,652.0599975585938,654.8499755859375,644.8200073242188,645.0900268554688,96494400.0
2026-03-27,SPY,S&P 500 ETF,642.5,642.6599731445312,633.1099853515625,634.0900268554688,103649400.0
2026-03-30,SPY,S&P 500 ETF,640.1099853515625,640.3699951171875,629.280029296875,631.969970703125,99275900.0
2026-03-31,SPY,S&P 500 ETF,638.9400024414062,651.5399780273438,637.97998046875,650.3400268554688,152534100.0
2026-04-01,SPY,S&P 500 ETF,653.9000244140625,658.52001953125,653.0,655.239990234375,97841500.0
2026-04-02,SPY,S&P 500 ETF,646.4199829101562,658.2000122070312,645.1099853515625,655.8300170898438,68358700.0
2026-04-06,SPY,S&P 500 ETF,655.8599853515625,659.719970703125,655.52001953125,658.9299926757812,39105800.0
2026-04-07,SPY,S&P 500 ETF,656.6500244140625,659.6099853515625,651.0599975585938,659.219970703125,69980400.0
2026-04-08,SPY,S&P 500 ETF,676.3900146484375,677.0800170898438,671.4600219726562,676.010009765625,93606100.0
2026-04-09,SPY,S&P 500 ETF,674.8400268554688,681.1599731445312,673.77001953125,679.9099731445312,57134400.0
2026-04-10,SPY,S&P 500 ETF,681.3200073242188,682.030029296875,678.4500122070312,679.4600219726562,42253500.0
2026-04-13,SPY,S&P 500 ETF,677.4099731445312,686.2999877929688,676.5800170898438,686.0999755859375,54185800.0
2026-04-14,SPY,S&P 500 ETF,687.6900024414062,694.5800170898438,687.6599731445312,694.4600219726562,63480500.0
2026-04-15,SPY,S&P 500 ETF,695.260009765625,700.280029296875,694.2000122070312,699.9400024414062,58240400.0
2026-04-16,SPY,S&P 500 ETF,701.0599975585938,702.780029296875,698.530029296875,701.6599731445312,49972400.0
2026-04-17,SPY,S&P 500 ETF,706.1400146484375,712.3900146484375,705.760009765625,710.1400146484375,70661900.0
2026-04-20,SPY,S&P 500 ETF,708.780029296875,709.9099731445312,706.1400146484375,708.719970703125,43546800.0
2026-04-21,SPY,S&P 500 ETF,710.280029296875,711.280029296875,702.6400146484375,704.0800170898438,58941400.0
2026-04-22,SPY,S&P 500 ETF,709.1500244140625,711.4500122070312,708.219970703125,711.2100219726562,42473500.0
2025-10-23,TSLA,Tesla (NASDAQ),420.0,449.3999938964844,413.8999938964844,448.9800109863281,126709800.0
2025-10-24,TSLA,Tesla (NASDAQ),446.8299865722656,451.6799926757813,430.1700134277344,433.7200012207031,94727800.0
2025-10-27,TSLA,Tesla (NASDAQ),439.9800109863281,460.1600036621094,438.6900024414063,452.4200134277344,105867500.0
2025-10-28,TSLA,Tesla (NASDAQ),454.7799987792969,467.0,451.6000061035156,460.5499877929688,80185700.0
2025-10-29,TSLA,Tesla (NASDAQ),462.5,465.7000122070313,452.6499938964844,461.510009765625,67983500.0
2025-10-30,TSLA,Tesla (NASDAQ),451.0499877929688,455.05999755859375,439.6099853515625,440.1000061035156,72447900.0
2025-10-31,TSLA,Tesla (NASDAQ),446.75,458.0,443.6900024414063,456.55999755859375,83135800.0
2025-11-03,TSLA,Tesla (NASDAQ),455.989990234375,474.0700073242188,453.7999877929688,468.3699951171875,84595200.0
2025-11-04,TSLA,Tesla (NASDAQ),454.4599914550781,460.2200012207031,443.6000061035156,444.260009765625,87756600.0
2025-11-05,TSLA,Tesla (NASDAQ),452.0499877929688,466.3299865722656,440.7099914550781,462.0700073242188,85573000.0
2025-11-06,TSLA,Tesla (NASDAQ),461.9599914550781,467.4500122070313,435.0899963378906,445.9100036621094,109622900.0
2025-11-07,TSLA,Tesla (NASDAQ),437.9200134277344,439.3599853515625,421.8800048828125,429.5199890136719,103471500.0
2025-11-10,TSLA,Tesla (NASDAQ),439.6000061035156,449.6700134277344,433.3599853515625,445.2300109863281,76515900.0
2025-11-11,TSLA,Tesla (NASDAQ),439.3999938964844,442.489990234375,432.3599853515625,439.6199951171875,60533200.0
2025-11-12,TSLA,Tesla (NASDAQ),442.1499938964844,442.3299865722656,426.55999755859375,430.6000061035156,58513500.0
2025-11-13,TSLA,Tesla (NASDAQ),423.1300048828125,424.5,396.3399963378906,401.989990234375,118948000.0
2025-11-14,TSLA,Tesla (NASDAQ),386.2999877929688,412.1900024414063,382.7799987792969,404.3500061035156,105506700.0
2025-11-17,TSLA,Tesla (NASDAQ),398.739990234375,423.9599914550781,398.739990234375,408.9200134277344,102214300.0
2025-11-18,TSLA,Tesla (NASDAQ),405.3800048828125,408.8999938964844,393.7099914550781,401.25,80688600.0
2025-11-19,TSLA,Tesla (NASDAQ),406.1799926757813,411.7799987792969,398.5,403.989990234375,72047700.0
2025-11-20,TSLA,Tesla (NASDAQ),414.6300048828125,428.9400024414063,394.739990234375,395.2300109863281,113548800.0
2025-11-21,TSLA,Tesla (NASDAQ),402.3200073242188,402.7999877929688,383.760009765625,391.0899963378906,100460600.0
2025-11-24,TSLA,Tesla (NASDAQ),402.1700134277344,421.7200012207031,401.0899963378906,417.7799987792969,96806400.0
2025-11-25,TSLA,Tesla (NASDAQ),414.4200134277344,420.4800109863281,405.9500122070313,419.3999938964844,71915600.0
2025-11-26,TSLA,Tesla (NASDAQ),423.9500122070313,426.9400024414063,416.8900146484375,426.5799865722656,63463000.0
2025-11-28,TSLA,Tesla (NASDAQ),426.5899963378906,432.9299926757813,426.2000122070313,430.1700134277344,36252900.0
2025-12-01,TSLA,Tesla (NASDAQ),425.3200073242188,433.6600036621094,425.2900085449219,430.1400146484375,57463600.0
2025-12-02,TSLA,Tesla (NASDAQ),430.80999755859375,436.7999877929688,422.1199951171875,429.239990234375,69336600.0
2025-12-03,TSLA,Tesla (NASDAQ),432.1000061035156,447.9200134277344,431.1099853515625,446.739990234375,87483000.0
2025-12-04,TSLA,Tesla (NASDAQ),449.9400024414063,454.6300048828125,445.3900146484375,454.5299987792969,71906500.0
2025-12-05,TSLA,Tesla (NASDAQ),453.0299987792969,458.8699951171875,451.6600036621094,455.0,56427500.0
2025-12-08,TSLA,Tesla (NASDAQ),447.4500122070313,449.75,435.25,439.5799865722656,69165800.0
2025-12-09,TSLA,Tesla (NASDAQ),437.5400085449219,452.3900146484375,435.7000122070313,445.1700134277344,62367400.0
2025-12-10,TSLA,Tesla (NASDAQ),446.0700073242188,456.8800048828125,443.6099853515625,451.4500122070313,63257500.0
2025-12-11,TSLA,Tesla (NASDAQ),448.9500122070313,449.2699890136719,440.3299865722656,446.8900146484375,55979500.0
2025-12-12,TSLA,Tesla (NASDAQ),448.0899963378906,463.010009765625,441.6700134277344,458.9599914550781,95656700.0
2025-12-15,TSLA,Tesla (NASDAQ),469.4400024414063,481.7699890136719,467.6600036621094,475.30999755859375,114542200.0
2025-12-16,TSLA,Tesla (NASDAQ),472.2099914550781,491.5,465.8299865722656,489.8800048828125,107608100.0
2025-12-17,TSLA,Tesla (NASDAQ),488.2200012207031,495.2799987792969,466.2000122070313,467.260009765625,106490400.0
2025-12-18,TSLA,Tesla (NASDAQ),478.1600036621094,490.8599853515625,473.1199951171875,483.3699951171875,95168400.0
2025-12-19,TSLA,Tesla (NASDAQ),488.1199951171875,490.489990234375,474.7200012207031,481.2000122070313,103305400.0
2025-12-22,TSLA,Tesla (NASDAQ),489.8800048828125,498.8299865722656,485.3299865722656,488.7300109863281,86916100.0
2025-12-23,TSLA,Tesla (NASDAQ),489.3999938964844,491.9700012207031,482.8399963378906,485.55999755859375,58223600.0
2025-12-24,TSLA,Tesla (NASDAQ),488.4800109863281,490.8999938964844,476.7999877929688,485.3999938964844,41285400.0
2025-12-26,TSLA,Tesla (NASDAQ),485.2300109863281,489.0899963378906,473.8200073242188,475.1900024414063,58780700.0
2025-12-29,TSLA,Tesla (NASDAQ),469.0,469.3999938964844,459.0,459.6400146484375,66263000.0
2025-12-30,TSLA,Tesla (NASDAQ),461.0899963378906,463.1199951171875,453.8299865722656,454.4299926757813,59238500.0
2025-12-31,TSLA,Tesla (NASDAQ),456.1000061035156,456.5499877929688,449.2999877929688,449.7200012207031,49078000.0
2026-01-02,TSLA,Tesla (NASDAQ),457.7999877929688,458.3399963378906,435.2999877929688,438.0700073242188,85535400.0
2026-01-05,TSLA,Tesla (NASDAQ),447.989990234375,457.5499877929688,444.5700073242188,451.6700134277344,67940800.0
2026-01-06,TSLA,Tesla (NASDAQ),446.3800048828125,448.25,428.7799987792969,432.9599914550781,89093800.0
2026-01-07,TSLA,Tesla (NASDAQ),435.8999938964844,438.3699951171875,431.2900085449219,431.4100036621094,59828800.0
2026-01-08,TSLA,Tesla (NASDAQ),427.8900146484375,436.8900146484375,424.3699951171875,435.7999877929688,57041100.0
2026-01-09,TSLA,Tesla (NASDAQ),435.9500122070313,449.0499877929688,430.3900146484375,445.010009765625,67331500.0
2026-01-12,TSLA,Tesla (NASDAQ),441.2300109863281,454.2999877929688,438.0,448.9599914550781,61649600.0
2026-01-13,TSLA,Tesla (NASDAQ),450.2000122070313,451.80999755859375,443.9500122070313,447.2000122070313,53719200.0
2026-01-14,TSLA,Tesla (NASDAQ),442.80999755859375,443.9100036621094,434.2200012207031,439.2000122070313,57259500.0
2026-01-15,TSLA,Tesla (NASDAQ),441.1300048828125,445.3599853515625,437.6499938964844,438.5700073242188,49465800.0
2026-01-16,TSLA,Tesla (NASDAQ),439.5,447.25,435.260009765625,437.5,60220600.0
2026-01-20,TSLA,Tesla (NASDAQ),429.3599853515625,430.7300109863281,417.4400024414063,419.25,63187300.0
2026-01-21,TSLA,Tesla (NASDAQ),421.6600036621094,438.2000122070313,419.6199951171875,431.4400024414063,68124000.0
2026-01-22,TSLA,Tesla (NASDAQ),435.1600036621094,449.5,432.6300048828125,449.3599853515625,71546700.0
2026-01-23,TSLA,Tesla (NASDAQ),447.4299926757813,452.4299926757813,444.0400085449219,449.05999755859375,56771400.0
2026-01-26,TSLA,Tesla (NASDAQ),445.0,445.0400085449219,434.2799987792969,435.2000122070313,49397400.0
2026-01-27,TSLA,Tesla (NASDAQ),437.4100036621094,437.5199890136719,430.6900024414063,430.8999938964844,37733100.0
2026-01-28,TSLA,Tesla (NASDAQ),431.9100036621094,438.260009765625,430.1000061035156,431.4599914550781,54857400.0
2026-01-29,TSLA,Tesla (NASDAQ),437.7999877929688,440.2300109863281,414.6199951171875,416.55999755859375,81686100.0
2026-01-30,TSLA,Tesla (NASDAQ),425.3500061035156,439.8800048828125,422.7000122070313,430.4100036621094,82626100.0
2026-02-02,TSLA,Tesla (NASDAQ),421.2900085449219,427.1499938964844,414.5,421.80999755859375,58739500.0
2026-02-03,TSLA,Tesla (NASDAQ),424.2699890136719,428.55999755859375,413.6900024414063,421.9599914550781,56886500.0
2026-02-04,TSLA,Tesla (NASDAQ),420.4599914550781,423.8999938964844,399.1799926757813,406.010009765625,74606900.0
2026-02-05,TSLA,Tesla (NASDAQ),397.0199890136719,402.1000061035156,387.5299987792969,397.2099914550781,72819800.0
2026-02-06,TSLA,Tesla (NASDAQ),400.8699951171875,414.5499877929688,397.75,411.1099853515625,62677100.0
2026-02-09,TSLA,Tesla (NASDAQ),409.9100036621094,421.25,407.2900085449219,417.3200073242188,54484300.0
2026-02-10,TSLA,Tesla (NASDAQ),418.0799865722656,427.25,417.0,425.2099914550781,64450200.0
2026-02-11,TSLA,Tesla (NASDAQ),427.9599914550781,436.3500061035156,420.0299987792969,428.2699890136719,57362000.0
2026-02-12,TSLA,Tesla (NASDAQ),430.2999877929688,436.2300109863281,414.0,417.0700073242188,61933400.0
2026-02-13,TSLA,Tesla (NASDAQ),414.30999755859375,424.05999755859375,410.8800048828125,417.4400024414063,51434100.0
2026-02-17,TSLA,Tesla (NASDAQ),412.3599853515625,413.7200012207031,400.510009765625,410.6300048828125,59678800.0
2026-02-18,TSLA,Tesla (NASDAQ),411.1099853515625,416.8999938964844,409.5799865722656,411.3200073242188,45921400.0
2026-02-19,TSLA,Tesla (NASDAQ),407.25,415.25,404.1099853515625,411.7099914550781,51019600.0
2026-02-20,TSLA,Tesla (NASDAQ),408.2999877929688,414.7000122070313,405.5,411.8200073242188,57912200.0
2026-02-23,TSLA,Tesla (NASDAQ),407.2900085449219,407.7000122070313,394.0400085449219,399.8299865722656,69680000.0
2026-02-24,TSLA,Tesla (NASDAQ),399.5,410.8200073242188,397.6400146484375,409.3800048828125,58579500.0
2026-02-25,TSLA,Tesla (NASDAQ),412.1499938964844,420.3399963378906,412.1499938964844,417.3999938964844,54809700.0
2026-02-26,TSLA,Tesla (NASDAQ),414.4200134277344,416.80999755859375,403.6600036621094,408.5799865722656,53602500.0
2026-02-27,TSLA,Tesla (NASDAQ),402.9400024414063,407.1199951171875,398.1099853515625,402.510009765625,56890100.0
2026-03-02,TSLA,Tesla (NASDAQ),390.6000061035156,404.5400085449219,388.25,403.3200073242188,55088300.0
2026-03-03,TSLA,Tesla (NASDAQ),395.0899963378906,396.3399963378906,385.3900146484375,392.4299926757813,62617300.0
2026-03-04,TSLA,Tesla (NASDAQ),397.8500061035156,408.3299865722656,394.5799865722656,405.9400024414063,68305500.0
2026-03-05,TSLA,Tesla (NASDAQ),401.5700073242188,408.6199951171875,399.4200134277344,405.5499877929688,51925900.0
2026-03-06,TSLA,Tesla (NASDAQ),398.0899963378906,402.3500061035156,394.2099914550781,396.7300109863281,64054600.0
2026-03-09,TSLA,Tesla (NASDAQ),390.0499877929688,401.5899963378906,381.3999938964844,398.6799926757813,67018900.0
2026-03-10,TSLA,Tesla (NASDAQ),402.2200012207031,406.5899963378906,398.1900024414063,399.239990234375,59258700.0
2026-03-11,TSLA,Tesla (NASDAQ),402.2799987792969,416.3800048828125,402.1499938964844,407.8200073242188,62559900.0
2026-03-12,TSLA,Tesla (NASDAQ),405.1799926757813,406.5,394.6499938964844,395.010009765625,60973800.0
2026-03-13,TSLA,Tesla (NASDAQ),399.1700134277344,400.2000122070313,389.9500122070313,391.2000122070313,58504100.0
2026-03-16,TSLA,Tesla (NASDAQ),396.2200012207031,403.7300109863281,394.4200134277344,395.55999755859375,58068300.0
2026-03-17,TSLA,Tesla (NASDAQ),395.6900024414063,400.1199951171875,393.0,399.2699890136719,46890500.0
2026-03-18,TSLA,Tesla (NASDAQ),399.0,403.0700073242188,392.30999755859375,392.7799987792969,50853100.0
2026-03-19,TSLA,Tesla (NASDAQ),387.2699890136719,387.2699890136719,378.7300109863281,380.2999877929688,67078300.0
2026-03-20,TSLA,Tesla (NASDAQ),379.8500061035156,379.8900146484375,364.4599914550781,367.9599914550781,78628600.0
2026-03-23,TSLA,Tesla (NASDAQ),373.0899963378906,385.3299865722656,372.7300109863281,380.8500061035156,74606000.0
2026-03-24,TSLA,Tesla (NASDAQ),376.55999755859375,387.4800109863281,376.30999755859375,383.0299987792969,60004900.0
2026-03-25,TSLA,Tesla (NASDAQ),389.989990234375,396.2300109863281,385.010009765625,385.9500122070313,55157300.0
2026-03-26,TSLA,Tesla (NASDAQ),381.6000061035156,384.4400024414063,371.8699951171875,372.1099853515625,55522900.0
2026-03-27,TSLA,Tesla (NASDAQ),369.6900024414063,369.8599853515625,359.4700012207031,361.8299865722656,62065700.0
2026-03-30,TSLA,Tesla (NASDAQ),365.8599853515625,367.2900085449219,352.1400146484375,355.2799987792969,67954400.0
2026-03-31,TSLA,Tesla (NASDAQ),361.510009765625,373.3299865722656,361.0,371.75,75534900.0
2026-04-01,TSLA,Tesla (NASDAQ),378.6300048828125,383.1400146484375,374.0799865722656,381.260009765625,58683800.0
2026-04-02,TSLA,Tesla (NASDAQ),364.2000122070313,370.2799987792969,359.0299987792969,360.5899963378906,83031200.0
2026-04-06,TSLA,Tesla (NASDAQ),362.5899963378906,367.7200012207031,346.6400146484375,352.82000732421875,77697600.0
2026-04-07,TSLA,Tesla (NASDAQ),346.44000244140625,348.0199890136719,337.239990234375,346.6499938964844,74515400.0
2026-04-08,TSLA,Tesla (NASDAQ),363.7900085449219,364.5,339.6700134277344,343.25,78838600.0
2026-04-09,TSLA,Tesla (NASDAQ),343.1499938964844,348.8800048828125,337.25,345.6199951171875,62164000.0
2026-04-10,TSLA,Tesla (NASDAQ),346.2900085449219,350.3599853515625,342.739990234375,348.95001220703125,51336000.0
2026-04-13,TSLA,Tesla (NASDAQ),350.07000732421875,356.3500061035156,348.57000732421875,352.4200134277344,53617500.0
2026-04-14,TSLA,Tesla (NASDAQ),357.6700134277344,367.6300048828125,354.7699890136719,364.2000122070313,59979600.0
2026-04-15,TSLA,Tesla (NASDAQ),366.8299865722656,394.6499938964844,362.5,391.9500122070313,113810400.0
2026-04-16,TSLA,Tesla (NASDAQ),393.80999755859375,394.05999755859375,381.7999877929688,388.8999938964844,63515100.0
2026-04-17,TSLA,Tesla (NASDAQ),395.9200134277344,409.2799987792969,391.6499938964844,400.6199951171875,90640000.0
2026-04-20,TSLA,Tesla (NASDAQ),402.5799865722656,406.7999877929688,388.3299865722656,392.5,64603900.0
2026-04-21,TSLA,Tesla (NASDAQ),393.0,393.9500122070313,385.2200012207031,386.4200134277344,50530600.0
2026-04-22,TSLA,Tesla (NASDAQ),387.5700073242188,393.010009765625,385.2999877929688,387.510009765625,58136500.0
2025-10-23,USDJPY=X,USD/JPY,151.95399475097656,152.78599548339844,151.97500610351562,151.95399475097656,0.0
2025-10-24,USDJPY=X,USD/JPY,152.6020050048828,153.05599975585938,152.3470001220703,152.6020050048828,0.0
2025-10-27,USDJPY=X,USD/JPY,153.06100463867188,153.2429962158203,152.57699584960938,153.06100463867188,0.0
2025-10-28,USDJPY=X,USD/JPY,152.69200134277344,152.72900390625,151.75599670410156,152.69200134277344,0.0
2025-10-29,USDJPY=X,USD/JPY,151.7310028076172,152.51400756835938,151.5489959716797,151.7310028076172,0.0
2025-10-30,USDJPY=X,USD/JPY,152.7220001220703,154.4409942626953,152.18499755859375,152.7220001220703,0.0
2025-10-31,USDJPY=X,USD/JPY,153.89999389648438,154.37600708007812,153.656005859375,153.89999389648438,0.0
2025-11-03,USDJPY=X,USD/JPY,154.19500732421875,154.28399658203125,153.94700622558594,154.19500732421875,0.0
2025-11-04,USDJPY=X,USD/JPY,154.20399475097656,154.46200561523438,153.32200622558594,154.20399475097656,0.0
2025-11-05,USDJPY=X,USD/JPY,153.5570068359375,154.3520050048828,152.9810028076172,153.5570068359375,0.0
2025-11-06,USDJPY=X,USD/JPY,154.072998046875,154.1320037841797,152.9770050048828,154.072998046875,0.0
2025-11-07,USDJPY=X,USD/JPY,152.947998046875,153.51699829101562,152.85299682617188,152.947998046875,0.0
2025-11-10,USDJPY=X,USD/JPY,153.5449981689453,154.23500061035156,153.5449981689453,153.81700134277344,0.0
2025-11-11,USDJPY=X,USD/JPY,154.16400146484375,154.46499633789062,153.6699981689453,154.14599609375,0.0
2025-11-12,USDJPY=X,USD/JPY,154.05299377441406,155.0189971923828,154.05299377441406,154.0749969482422,0.0
2025-11-13,USDJPY=X,USD/JPY,154.7030029296875,154.98500061035156,154.1479949951172,154.71299743652344,0.0
2025-11-14,USDJPY=X,USD/JPY,154.62899780273438,154.7469940185547,153.64999389648438,154.63299560546875,0.0
2025-11-17,USDJPY=X,USD/JPY,154.6179962158203,155.2949981689453,154.41400146484375,154.5850067138672,0.0
2025-11-18,USDJPY=X,USD/JPY,155.25,155.4949951171875,154.8350067138672,155.2729949951172,0.0
2025-11-19,USDJPY=X,USD/JPY,155.5240020751953,156.69900512695312,155.22000122070312,155.54800415039062,0.0
2025-11-20,USDJPY=X,USD/JPY,156.99200439453125,157.88699340820312,156.87899780273438,156.99200439453125,0.0
2025-11-21,USDJPY=X,USD/JPY,157.38299560546875,157.52699279785156,156.22500610351562,157.36900329589844,0.0
2025-11-24,USDJPY=X,USD/JPY,156.66200256347656,157.1699981689453,156.49899291992188,156.68800354003906,0.0
2025-11-25,USDJPY=X,USD/JPY,156.8780059814453,156.97000122070312,155.91400146484375,156.93899536132812,0.0
2025-11-26,USDJPY=X,USD/JPY,156.16900634765625,156.7220001220703,155.67100524902344,156.22999572753906,0.0
2025-11-27,USDJPY=X,USD/JPY,156.21200561523438,156.4010009765625,155.7220001220703,156.23899841308594,0.0
2025-11-28,USDJPY=X,USD/JPY,156.28700256347656,156.57400512695312,155.97799682617188,156.28399658203125,0.0
2025-12-01,USDJPY=X,USD/JPY,155.88699340820312,155.91099548339844,154.68600463867188,155.92799377441406,0.0
2025-12-02,USDJPY=X,USD/JPY,155.5469970703125,156.17100524902344,155.45899963378906,155.5570068359375,0.0
2025-12-03,USDJPY=X,USD/JPY,155.74899291992188,155.7949981689453,155.00999450683594,155.8070068359375,0.0
2025-12-04,USDJPY=X,USD/JPY,155.0970001220703,155.52999877929688,154.5189971923828,155.10699462890625,0.0
2025-12-05,USDJPY=X,USD/JPY,155.1020050048828,155.48199462890625,154.3520050048828,155.14199829101562,0.0
2025-12-08,USDJPY=X,USD/JPY,155.30299377441406,155.97500610351562,154.9029998779297,155.33999633789062,0.0
2025-12-09,USDJPY=X,USD/JPY,155.83900451660156,156.9149932861328,155.75,155.843994140625,0.0
2025-12-10,USDJPY=X,USD/JPY,156.79800415039062,156.91799926757812,156.322998046875,156.83799743652344,0.0
2025-12-11,USDJPY=X,USD/JPY,155.74400329589844,156.1439971923828,154.94500732421875,155.7899932861328,0.0
2025-12-12,USDJPY=X,USD/JPY,155.4770050048828,156.1219940185547,155.46099853515625,155.56700134277344,0.0
2025-12-15,USDJPY=X,USD/JPY,155.85899353027344,155.96800231933594,154.85000610351562,155.88800048828125,0.0
2025-12-16,USDJPY=X,USD/JPY,155.0240020751953,155.11099243164062,154.47000122070312,155.01499938964844,0.0
2025-12-17,USDJPY=X,USD/JPY,154.76800537109375,155.6269989013672,154.51400756835938,154.7779998779297,0.0
2025-12-18,USDJPY=X,USD/JPY,155.47999572753906,155.96499633789062,155.28900146484375,155.4949951171875,0.0
2025-12-19,USDJPY=X,USD/JPY,155.5679931640625,157.48699951171875,155.5679931640625,155.58599853515625,0.0
2025-12-22,USDJPY=X,USD/JPY,157.60899353027344,157.6490020751953,156.86500549316406,157.67599487304688,0.0
2025-12-23,USDJPY=X,USD/JPY,156.91099548339844,156.91099548339844,155.66400146484375,156.8769989013672,0.0
2025-12-24,USDJPY=X,USD/JPY,156.1649932861328,156.2519989013672,155.57200622558594,156.17599487304688,0.0
2025-12-26,USDJPY=X,USD/JPY,156.1699981689453,156.63800048828125,155.9949951171875,156.08999633789062,0.0
2025-12-29,USDJPY=X,USD/JPY,156.27499389648438,156.5,155.92799377441406,156.46299743652344,0.0
2025-12-30,USDJPY=X,USD/JPY,155.9320068359375,156.54800415039062,155.74200439453125,156.01300048828125,0.0
2025-12-31,USDJPY=X,USD/JPY,156.36700439453125,156.98899841308594,156.33099365234375,156.41299438476562,0.0
2026-01-02,USDJPY=X,USD/JPY,156.73699951171875,156.99200439453125,156.50999450683594,156.7310028076172,0.0
2026-01-05,USDJPY=X,USD/JPY,156.96600341796875,157.29200744628906,156.31500244140625,156.98899841308594,0.0
2026-01-06,USDJPY=X,USD/JPY,156.58599853515625,156.7830047607422,156.15899658203125,156.62600708007812,0.0
2026-01-07,USDJPY=X,USD/JPY,156.65699768066406,156.79400634765625,156.2989959716797,156.67999267578125,0.0
2026-01-08,USDJPY=X,USD/JPY,156.6929931640625,157.05999755859375,156.4669952392578,156.7310028076172,0.0
2026-01-09,USDJPY=X,USD/JPY,156.89599609375,158.16099548339844,156.88499450683594,156.8800048828125,0.0
2026-01-12,USDJPY=X,USD/JPY,158.1230010986328,158.18800354003906,157.52099609375,158.1490020751953,0.0
2026-01-13,USDJPY=X,USD/JPY,157.99600219726562,159.18699645996094,157.96499633789062,157.98599243164062,0.0
2026-01-14,USDJPY=X,USD/JPY,159.1790008544922,159.43800354003906,158.11000061035156,159.1790008544922,0.0
2026-01-15,USDJPY=X,USD/JPY,158.43600463867188,158.875,158.22300720214844,158.40199279785156,0.0
2026-01-16,USDJPY=X,USD/JPY,158.57200622558594,158.67599487304688,157.8209991455078,158.5959930419922,0.0
2026-01-19,USDJPY=X,USD/JPY,157.56700134277344,158.1479949951172,157.4250030517578,157.53500366210938,0.0
2026-01-20,USDJPY=X,USD/JPY,158.17999267578125,158.5919952392578,157.5659942626953,158.177001953125,0.0
2026-01-21,USDJPY=X,USD/JPY,158.156005859375,158.2969970703125,157.75,158.16200256347656,0.0
2026-01-22,USDJPY=X,USD/JPY,158.45700073242188,158.875,158.2030029296875,158.45599365234375,0.0
2026-01-23,USDJPY=X,USD/JPY,158.48800659179688,159.20700073242188,157.39199829101562,158.50100708007812,0.0
2026-01-26,USDJPY=X,USD/JPY,155.18699645996094,155.3260040283203,153.35299682617188,155.16600036621094,0.0
2026-01-27,USDJPY=X,USD/JPY,154.3489990234375,154.86900329589844,152.89100646972656,154.33599853515625,0.0
2026-01-28,USDJPY=X,USD/JPY,152.5189971923828,153.76600646972656,152.3300018310547,152.4530029296875,0.0
2026-01-29,USDJPY=X,USD/JPY,153.12399291992188,153.50599670410156,152.75900268554688,153.0959930419922,0.0
2026-01-30,USDJPY=X,USD/JPY,153.14700317382812,154.74600219726562,153.0850067138672,153.16200256347656,0.0
2026-02-02,USDJPY=X,USD/JPY,155.13499450683594,155.68499755859375,154.56900024414062,155.20199584960938,0.0
2026-02-03,USDJPY=X,USD/JPY,155.5030059814453,156.07000732421875,155.31199645996094,155.4429931640625,0.0
2026-02-04,USDJPY=X,USD/JPY,155.81500244140625,156.84500122070312,155.81500244140625,155.7989959716797,0.0
2026-02-05,USDJPY=X,USD/JPY,156.9040069580078,157.3280029296875,156.56300354003906,156.91700744628906,0.0
2026-02-06,USDJPY=X,USD/JPY,156.77099609375,157.13099670410156,156.53900146484375,156.78399658203125,0.0
2026-02-09,USDJPY=X,USD/JPY,157.2550048828125,157.2550048828125,155.53199768066406,157.24400329589844,0.0
2026-02-10,USDJPY=X,USD/JPY,156.1219940185547,156.28500366210938,154.07400512695312,156.1320037841797,0.0
2026-02-11,USDJPY=X,USD/JPY,154.5019989013672,154.54600524902344,152.82400512695312,154.48199462890625,0.0
2026-02-12,USDJPY=X,USD/JPY,153.23899841308594,153.73800659179688,152.2779998779297,153.2689971923828,0.0
2026-02-13,USDJPY=X,USD/JPY,152.7570037841797,153.65499877929688,152.7449951171875,152.8209991455078,0.0
2026-02-16,USDJPY=X,USD/JPY,152.78799438476562,153.61900329589844,152.77000427246094,152.7790069580078,0.0
2026-02-17,USDJPY=X,USD/JPY,153.5500030517578,153.88699340820312,152.7010040283203,153.60899353027344,0.0
2026-02-18,USDJPY=X,USD/JPY,153.11599731445312,154.47900390625,153.06300354003906,153.1490020751953,0.0
2026-02-19,USDJPY=X,USD/JPY,154.6840057373047,155.31199645996094,154.53799438476562,154.6929931640625,0.0
2026-02-20,USDJPY=X,USD/JPY,155.1739959716797,155.625,154.718994140625,155.16000366210938,0.0
2026-02-23,USDJPY=X,USD/JPY,154.3560028076172,155.02200317382812,153.9949951171875,154.33900451660156,0.0
2026-02-24,USDJPY=X,USD/JPY,154.63699340820312,156.24200439453125,154.61900329589844,154.63499450683594,0.0
2026-02-25,USDJPY=X,USD/JPY,155.91200256347656,156.80799865722656,155.35699462890625,155.8800048828125,0.0
2026-02-26,USDJPY=X,USD/JPY,156.14300537109375,156.26100158691406,155.74600219726562,156.1999969482422,0.0
2026-02-27,USDJPY=X,USD/JPY,155.87100219726562,156.2169952392578,155.54100036621094,155.85899353027344,0.0
2026-03-02,USDJPY=X,USD/JPY,156.60800170898438,157.74400329589844,156.1479949951172,156.63299560546875,0.0
2026-03-03,USDJPY=X,USD/JPY,157.27200317382812,157.96600341796875,157.1529998779297,157.2570037841797,0.0
2026-03-04,USDJPY=X,USD/JPY,157.781005859375,157.84500122070312,156.88299560546875,157.7729949951172,0.0
2026-03-05,USDJPY=X,USD/JPY,156.9709930419922,157.76800537109375,156.4739990234375,156.98300170898438,0.0
2026-03-06,USDJPY=X,USD/JPY,157.52200317382812,158.07400512695312,157.41200256347656,157.53399658203125,0.0
2026-03-09,USDJPY=X,USD/JPY,158.38400268554688,158.8939971923828,158.0030059814453,158.427001953125,0.0
2026-03-10,USDJPY=X,USD/JPY,157.8560028076172,157.95899963378906,157.27699279785156,157.84800720214844,0.0
2026-03-11,USDJPY=X,USD/JPY,158.0679931640625,158.83900451660156,157.8699951171875,158.11399841308594,0.0
2026-03-12,USDJPY=X,USD/JPY,159.09300231933594,159.28399658203125,158.572998046875,159.0749969482422,0.0
2026-03-13,USDJPY=X,USD/JPY,159.2100067138672,159.63099670410156,159.00399780273438,159.20599365234375,0.0
2026-03-16,USDJPY=X,USD/JPY,159.51199340820312,159.62100219726562,158.85400390625,159.5679931640625,0.0
2026-03-17,USDJPY=X,USD/JPY,159.13900756835938,159.48699951171875,158.72500610351562,159.10499572753906,0.0
2026-03-18,USDJPY=X,USD/JPY,158.88999938964844,159.5659942626953,158.56700134277344,158.88900756835938,0.0
2026-03-19,USDJPY=X,USD/JPY,159.8159942626953,159.8159942626953,158.07400512695312,159.7949981689453,0.0
2026-03-20,USDJPY=X,USD/JPY,157.9149932861328,159.2570037841797,157.73699951171875,157.9239959716797,0.0
2026-03-23,USDJPY=X,USD/JPY,159.13999938964844,159.64999389648438,158.22500610351562,159.23399353027344,0.0
2026-03-24,USDJPY=X,USD/JPY,158.49000549316406,158.93699645996094,158.40899658203125,158.47900390625,0.0
2026-03-25,USDJPY=X,USD/JPY,158.7100067138672,159.22500610351562,158.57699584960938,158.71800231933594,0.0
2026-03-26,USDJPY=X,USD/JPY,159.4010009765625,159.68899536132812,159.28700256347656,159.38400268554688,0.0
2026-03-27,USDJPY=X,USD/JPY,159.71499633789062,160.1580047607422,159.45599365234375,159.70399475097656,0.0
2026-03-30,USDJPY=X,USD/JPY,160.2310028076172,160.2310028076172,159.3209991455078,160.23399353027344,0.0
2026-03-31,USDJPY=X,USD/JPY,159.75399780273438,159.95899963378906,158.89199829101562,159.84100341796875,0.0
2026-04-01,USDJPY=X,USD/JPY,158.5679931640625,158.99000549316406,158.2790069580078,158.57899475097656,0.0
2026-04-02,USDJPY=X,USD/JPY,158.69900512695312,159.74200439453125,158.6009979248047,158.68800354003906,0.0
2026-04-03,USDJPY=X,USD/JPY,159.45599365234375,159.69500732421875,159.427001953125,159.49099731445312,0.0
2026-04-06,USDJPY=X,USD/JPY,159.75,159.79299926757812,159.31700134277344,159.77999877929688,0.0
2026-04-07,USDJPY=X,USD/JPY,159.70599365234375,160.01499938964844,159.47300720214844,159.68299865722656,0.0
2026-04-08,USDJPY=X,USD/JPY,158.6479949951172,158.7469940185547,157.89300537109375,158.71600341796875,0.0
2026-04-09,USDJPY=X,USD/JPY,158.63400268554688,159.27999877929688,158.63400268554688,158.64199829101562,0.0
2026-04-10,USDJPY=X,USD/JPY,159.08900451660156,159.36399841308594,159.00900268554688,159.11199951171875,0.0
2026-04-13,USDJPY=X,USD/JPY,159.69700622558594,159.85000610351562,159.51699829101562,159.67999267578125,0.0
2026-04-14,USDJPY=X,USD/JPY,159.26199340820312,159.32400512695312,158.60299682617188,159.21400451660156,0.0
2026-04-15,USDJPY=X,USD/JPY,158.76300048828125,159.1529998779297,158.65199279785156,158.79200744628906,0.0
2026-04-16,USDJPY=X,USD/JPY,158.7830047607422,159.28700256347656,158.2779998779297,158.8090057373047,0.0
2026-04-17,USDJPY=X,USD/JPY,159.2239990234375,159.51499938964844,157.61199951171875,159.19500732421875,0.0
2026-04-20,USDJPY=X,USD/JPY,159.1529998779297,159.177001953125,158.55099487304688,159.16099548339844,0.0
2026-04-21,USDJPY=X,USD/JPY,158.85400390625,159.43099975585938,158.80299377441406,158.843994140625,0.0
2026-04-22,USDJPY=X,USD/JPY,159.33799743652344,159.50399780273438,159.10400390625,159.3730010986328,0.0
2026-04-23,USDJPY=X,USD/JPY,159.3780059814453,159.7790069580078,159.27200317382812,159.50599670410156,0.0
