Region,Product_Category,Campaign_Type,Product_Age_Months,Product_Price,Competitor_Price_Index,Advertising_Expenditure,Discount_Percentage,Campaign_Engagement_Score,Inventory_Level,Num_Reviews,Avg_Customer_Rating,Return_Rate,Length_Product_Description,Popularity,Sales
South,Tablet,Search Ad,19,1904.04,1.053,425.33,32.95,31.66,1123,370,3.89,2.702,272,Moderate,12265.79
West,Tablet,Email,36,1325.95,1.034,600.7,30.97,41.23,480,600,3.99,3.046,311,High,20426.45
West,Mobile,Influencer,2,1445.79,1.076,716.22,28.42,51.97,1019,5,4.04,2.856,212,High,29827.18
East,Tablet,Search Ad,9,831.62,1.112,705.51,24.39,64.86,692,168,3.99,3.124,202,Moderate,28211.95
North,Mobile,Email,30,1582.2,0.85,753.36,27.0,57.0,722,832,3.89,3.215,374,High,29794.8
North,Tablet,Influencer,7,2000.0,0.813,739.07,16.86,88.97,1134,139,3.99,2.533,359,Very High,39186.76
North,Tablet,Search Ad,13,1824.49,1.137,707.82,34.07,49.59,955,235,3.94,2.757,215,Very High,24159.83
West,Mobile,Email,7,1347.21,0.893,504.87,27.14,35.77,843,330,3.73,2.521,319,Low,12546.33
East,Tablet,Search Ad,10,2000.0,0.913,766.75,37.97,73.68,1246,150,3.92,2.136,385,Very High,37316.59
East,Mobile,Social Media,6,434.13,0.977,718.94,19.86,61.16,1144,172,3.97,3.464,330,Moderate,28335.49
North,Mobile,Influencer,1,432.13,0.868,623.14,32.56,47.08,626,205,4.18,3.359,201,Low,28062.3
West,Mobile,Influencer,6,1653.18,0.969,733.9,36.94,72.76,204,49,4.03,1.935,254,High,35281.31
West,Mobile,Influencer,8,948.97,0.924,710.36,35.83,69.31,891,833,4.09,2.336,139,Very High,40000.0
South,Mobile,Search Ad,19,117.88,0.981,713.21,29.59,30.22,1261,1056,4.21,3.023,188,Very High,30321.36
North,Tablet,Social Media,33,502.57,1.022,606.97,30.75,45.62,917,602,4.06,2.661,247,Moderate,24863.77
North,Mobile,Search Ad,24,1335.22,0.973,562.68,38.7,51.79,1316,314,4.06,3.324,262,Moderate,22510.29
South,Tablet,Email,10,399.83,0.968,547.6,21.34,58.58,566,338,3.94,2.973,205,High,19355.24
East,Mobile,Search Ad,3,1569.73,1.021,699.28,29.89,62.07,826,25,3.81,2.723,77,High,30050.07
South,Mobile,Search Ad,12,194.3,1.084,443.68,29.44,34.04,833,326,3.96,3.405,260,Low,9376.88
South,Tablet,Email,30,408.29,1.128,347.22,26.94,23.12,810,421,4.13,2.936,293,Low,3207.8
East,Mobile,Social Media,7,800.88,0.983,697.16,30.65,68.48,1083,467,4.21,2.326,295,Very High,38062.01
North,Mobile,Influencer,7,165.83,1.146,668.63,32.47,29.8,1333,214,3.98,2.959,235,Low,21833.7
South,Tablet,Influencer,4,2000.0,1.07,688.48,25.07,49.66,1274,214,3.87,2.823,240,Low,17504.89
South,Mobile,Email,7,1751.05,0.901,512.08,31.56,59.36,1343,48,3.77,2.75,263,High,19886.37
East,Mobile,Email,6,1074.59,0.899,464.85,17.93,38.96,1054,240,3.83,3.008,273,Low,10109.42
West,Mobile,Social Media,5,912.87,0.954,577.32,23.65,40.9,761,101,3.94,2.817,242,Low,19081.11
North,Tablet,Influencer,21,634.39,1.116,685.89,30.49,45.94,806,1018,3.98,1.644,104,High,25120.85
East,Tablet,Email,10,100.38,0.96,533.35,27.09,51.66,930,355,4.09,2.474,335,High,27075.24
East,Tablet,Search Ad,13,714.62,0.849,680.73,33.19,54.1,779,226,3.79,2.622,219,High,32541.69
North,Tablet,Email,10,556.11,0.982,513.91,28.71,37.48,475,277,3.91,3.056,172,Moderate,14323.62
East,Mobile,Search Ad,1,1899.99,0.842,593.25,31.01,53.4,726,5,3.84,2.534,224,Moderate,21459.6
North,Mobile,Social Media,9,353.84,0.916,672.04,25.82,57.77,1112,360,4.11,3.204,255,Very High,34148.94
North,Tablet,Search Ad,3,841.11,0.953,581.35,29.06,48.6,669,113,4.0,2.859,210,Low,25649.2
West,Mobile,Social Media,19,1691.36,1.012,619.02,33.18,38.09,867,367,3.84,2.951,215,High,20913.83
West,Mobile,Search Ad,4,632.46,1.082,555.44,28.67,32.84,837,190,4.01,2.451,228,Very Low,16627.23
West,Mobile,Social Media,3,1908.58,1.056,583.67,29.26,62.35,601,397,3.81,2.381,270,Moderate,22672.05
South,Mobile,Search Ad,12,1010.05,0.906,643.56,33.16,58.67,810,288,3.77,2.352,198,Very High,32472.8
North,Tablet,Influencer,21,902.08,0.97,701.54,39.34,69.71,607,820,3.97,3.711,269,Very High,33691.58
East,Mobile,Email,4,486.71,1.006,606.88,34.75,38.57,659,882,3.77,2.97,162,Moderate,21517.2
South,Mobile,Influencer,9,1597.37,0.979,628.85,23.97,67.12,553,1045,4.08,3.238,372,Very High,27460.81
North,Mobile,Search Ad,7,308.54,0.978,583.67,20.63,40.38,831,208,3.92,2.914,314,Low,14484.45
East,Tablet,Email,6,649.28,0.862,719.96,24.9,65.45,919,521,3.98,3.101,231,Moderate,34458.33
North,Mobile,Social Media,7,1846.54,0.908,534.94,29.75,40.85,1185,205,3.99,2.49,269,Moderate,18960.1
West,Mobile,Email,16,716.82,0.968,744.64,31.12,44.55,456,388,3.87,2.731,176,High,26037.75
South,Tablet,Search Ad,10,268.5,0.78,606.88,31.5,47.32,1206,727,3.85,3.155,283,Very High,29460.09
East,Tablet,Search Ad,15,1109.97,1.051,603.01,38.18,62.0,825,184,3.88,2.426,300,Moderate,30783.41
South,Mobile,Email,12,1064.96,0.89,677.7,30.19,47.65,533,286,3.81,2.481,265,Moderate,25858.72
East,Mobile,Search Ad,17,270.57,1.055,433.57,29.42,41.4,743,496,3.89,3.213,304,Low,16126.6
East,Mobile,Influencer,3,572.02,1.048,766.01,31.12,60.25,316,95,4.04,2.417,248,Low,33165.61
North,Mobile,Influencer,9,818.94,0.957,809.63,34.94,71.86,390,708,3.86,2.792,242,High,40000.0
West,Mobile,Search Ad,5,818.03,1.08,698.03,34.16,53.22,1359,206,3.92,2.413,207,High,34387.17
West,Mobile,Influencer,8,1736.43,1.059,513.02,29.78,43.39,657,355,4.07,2.849,282,Moderate,18657.46
West,Mobile,Search Ad,12,1005.2,0.975,676.25,27.1,52.83,1016,841,4.16,2.377,196,Very High,31957.48
West,Mobile,Social Media,6,1215.36,0.966,766.42,23.53,61.2,828,388,3.92,3.279,274,High,34056.42
East,Tablet,Influencer,23,214.42,1.088,771.14,31.11,96.12,745,924,4.42,2.838,267,Very High,40000.0
West,Tablet,Social Media,12,500.7,1.019,506.37,28.78,41.06,847,204,3.8,3.254,331,Moderate,19556.77
North,Mobile,Social Media,10,813.35,1.084,707.2,35.97,49.14,256,350,3.94,3.253,284,Very High,31338.15
North,Mobile,Social Media,7,555.79,0.809,763.87,35.02,65.97,1242,357,3.87,2.568,139,High,37895.79
North,Mobile,Influencer,8,241.9,1.008,650.68,33.84,48.01,831,463,4.03,2.987,207,High,29815.38
South,Tablet,Influencer,4,854.48,0.874,545.58,20.35,38.46,594,123,4.25,2.23,205,Low,21328.14
South,Mobile,Social Media,1,213.85,0.998,679.0,27.2,37.65,996,351,4.16,3.11,203,Moderate,29056.71
South,Mobile,Social Media,8,1260.09,1.057,720.03,34.14,50.05,651,100,4.04,2.365,308,High,31079.12
West,Mobile,Social Media,2,1229.09,1.139,623.9,30.49,45.02,920,5,3.84,3.034,111,Low,20607.0
South,Tablet,Search Ad,24,1839.87,0.925,538.22,26.68,28.17,692,425,3.9,2.704,336,Moderate,11638.5
South,Tablet,Social Media,10,161.06,0.958,690.09,32.52,55.07,946,417,4.12,3.36,310,High,32529.25
East,Mobile,Search Ad,5,1092.71,0.992,555.53,25.96,14.67,798,908,4.04,2.876,260,High,18429.9
North,Mobile,Social Media,4,1020.31,0.922,662.23,17.76,59.33,561,344,4.0,2.471,270,High,27801.11
West,Tablet,Social Media,10,81.75,1.078,734.45,27.9,51.78,845,411,4.0,2.892,253,Very High,33995.34
North,Mobile,Email,16,1659.71,0.994,481.81,29.69,33.83,782,220,4.04,2.507,258,Moderate,16584.09
West,Tablet,Social Media,36,1685.96,1.01,717.71,42.0,69.85,212,438,4.19,2.52,318,Very High,36869.2
West,Tablet,Influencer,26,521.24,1.05,637.94,33.63,65.12,797,614,3.86,2.865,234,Very High,32362.22
North,Mobile,Social Media,2,553.4,0.994,605.72,26.83,44.74,704,135,3.96,2.834,285,Low,22437.75
North,Mobile,Email,8,620.66,0.935,632.8,28.46,51.48,960,479,4.06,2.597,194,Moderate,26762.92
West,Mobile,Social Media,12,564.29,0.995,558.7,29.12,71.59,612,218,3.94,2.454,281,Very High,32894.27
East,Mobile,Social Media,9,762.72,0.932,530.78,40.71,40.29,510,264,4.09,2.382,231,Moderate,29529.37
West,Tablet,Email,3,1634.38,1.009,471.22,30.42,48.68,1082,411,3.94,2.873,275,High,16843.31
West,Tablet,Social Media,36,2000.0,1.08,750.54,28.44,45.43,985,890,4.18,2.296,194,Very High,25528.49
North,Mobile,Search Ad,9,596.67,0.906,576.39,28.4,62.33,858,267,3.95,2.881,276,Moderate,24039.93
South,Mobile,Search Ad,12,1629.56,0.877,674.45,30.04,42.67,987,169,3.96,2.886,245,Moderate,22351.66
North,Tablet,Social Media,20,1263.8,1.004,597.0,24.56,42.15,975,1089,4.07,3.138,345,Very High,21441.72
West,Tablet,Social Media,11,128.36,0.939,517.88,16.57,61.04,737,573,4.22,2.828,264,Very High,31828.54
East,Tablet,Influencer,8,592.11,1.003,708.21,30.92,72.07,390,597,4.14,2.438,279,Very High,40000.0
South,Mobile,Social Media,7,990.09,1.026,656.02,25.24,45.92,947,115,3.87,1.932,221,Low,20189.85
North,Mobile,Social Media,7,1567.97,0.829,623.54,35.5,57.82,1151,199,3.94,2.362,267,High,29872.8
South,Tablet,Social Media,15,514.99,1.055,643.48,28.74,45.93,912,240,3.91,2.878,277,Low,22976.3
South,Tablet,Social Media,32,189.79,0.906,535.34,26.89,29.07,757,456,3.93,3.376,226,Moderate,17189.87
West,Mobile,Search Ad,13,678.33,0.998,692.77,18.26,51.91,1024,266,3.85,3.388,221,Moderate,20264.78
East,Mobile,Social Media,25,524.97,0.947,722.94,38.61,56.87,795,441,3.99,2.86,198,High,37401.79
West,Mobile,Search Ad,4,669.28,0.956,668.47,30.19,39.4,1163,1732,4.27,2.808,243,Very High,35475.96
East,Mobile,Email,30,1129.79,1.136,573.1,33.66,61.34,1251,474,4.17,2.282,208,Very High,26687.54
North,Mobile,Social Media,27,387.33,1.026,621.27,25.41,41.38,484,699,3.8,2.871,266,Moderate,20965.35
East,Tablet,Search Ad,18,441.85,1.072,728.23,37.24,58.23,1064,913,3.85,3.17,199,High,29720.88
West,Mobile,Social Media,6,624.78,1.012,724.24,23.76,71.44,1509,191,3.93,2.481,240,Moderate,28955.82
East,Tablet,Search Ad,10,118.43,1.05,755.11,23.46,50.38,892,204,3.74,3.031,189,High,29638.86
West,Mobile,Social Media,14,1316.84,1.033,574.53,33.37,43.81,1145,206,3.78,2.88,319,High,21952.47
East,Tablet,Search Ad,6,440.91,1.02,533.08,31.83,49.93,552,711,4.05,2.7,250,Very High,27452.47
East,Tablet,Email,26,1259.98,1.089,616.47,32.6,51.95,594,579,4.0,2.939,249,High,26756.83
South,Mobile,Influencer,3,780.58,1.013,692.72,24.87,71.69,799,244,3.8,2.65,285,Very High,30708.12
North,Mobile,Email,14,698.44,1.183,581.98,32.49,68.77,743,689,4.2,2.494,358,Very High,32473.53
North,Mobile,Influencer,6,1950.89,1.077,654.74,36.1,55.79,480,108,3.9,2.755,253,Moderate,26438.91
North,Mobile,Social Media,3,756.73,0.909,726.04,34.19,62.95,810,153,3.92,2.543,156,High,39027.97
East,Tablet,Search Ad,36,1491.12,0.986,618.55,26.1,31.8,983,627,4.08,3.037,321,Very High,17531.78
South,Tablet,Social Media,5,517.2,1.032,522.16,27.97,58.15,363,537,4.06,2.046,164,High,25478.68
East,Mobile,Influencer,19,1892.27,1.004,596.65,24.25,58.19,912,272,3.97,3.12,217,High,19909.69
West,Mobile,Email,27,1025.48,1.055,620.33,39.78,45.89,903,350,3.9,2.599,322,High,27375.26
South,Mobile,Email,7,1544.45,1.064,820.0,33.87,47.51,773,224,4.02,2.958,227,Moderate,34639.79
South,Tablet,Social Media,16,2000.0,0.891,573.92,24.77,46.39,884,192,3.89,2.797,213,Moderate,17245.47
West,Mobile,Email,16,1987.52,1.102,596.54,41.05,50.57,977,538,3.96,2.976,265,High,25532.95
South,Mobile,Email,1,1683.66,0.96,807.42,29.86,41.29,752,213,3.79,2.756,249,Moderate,30634.64
North,Mobile,Influencer,4,617.0,0.952,617.83,29.85,54.33,1168,289,4.11,2.656,205,Moderate,29167.05
South,Tablet,Influencer,8,1425.38,0.952,710.8,27.04,61.93,903,632,4.22,2.88,302,Very High,37007.27
North,Mobile,Social Media,5,56.94,1.065,759.33,28.36,40.26,1316,469,3.98,3.198,324,High,26205.11
West,Tablet,Influencer,31,1115.78,0.979,591.43,30.17,43.56,721,457,3.91,3.179,334,Very High,27038.86
West,Mobile,Search Ad,16,529.7,0.947,579.91,27.17,38.28,767,385,4.06,2.731,282,Low,20692.17
East,Mobile,Social Media,5,1810.44,0.966,609.08,35.05,75.77,800,129,4.08,2.338,205,High,38195.09
West,Tablet,Search Ad,15,785.7,0.856,488.85,26.74,31.85,1082,674,3.91,2.589,170,Moderate,15668.31
West,Tablet,Search Ad,3,1954.07,0.933,761.54,24.41,53.54,697,351,4.12,2.877,104,High,33640.55
North,Mobile,Influencer,20,353.21,0.901,603.94,27.95,43.64,835,459,3.91,2.779,312,Moderate,24456.5
West,Mobile,Social Media,3,662.91,0.978,552.48,35.66,42.91,1429,562,3.82,3.054,260,High,18905.35
East,Mobile,Search Ad,3,1689.23,1.053,594.61,36.7,31.46,470,144,3.89,2.599,222,Moderate,23937.04
West,Mobile,Email,9,530.73,1.044,663.98,27.65,55.5,963,604,4.14,2.101,128,Moderate,32069.4
West,Mobile,Email,1,307.86,1.101,593.8,33.81,28.12,842,61,3.89,3.3,175,Moderate,17794.22
South,Mobile,Email,3,924.63,1.083,535.01,31.58,53.87,787,116,3.81,2.538,139,High,22131.25
North,Mobile,Influencer,18,1079.81,0.958,699.49,27.02,67.29,584,571,3.99,2.457,337,High,31847.97
South,Tablet,Influencer,5,562.17,1.002,720.38,25.02,60.6,547,134,4.11,2.354,287,High,34654.89
South,Mobile,Search Ad,7,694.0,0.997,606.37,36.13,62.78,742,446,4.04,2.662,167,High,29810.93
West,Tablet,Search Ad,14,1893.05,0.828,615.87,39.43,92.26,884,488,4.09,2.451,349,Very High,39695.52
West,Mobile,Social Media,13,863.46,0.903,708.27,31.94,65.18,1107,500,4.01,2.78,203,Very High,38511.28
North,Tablet,Email,5,1646.34,0.987,599.88,24.57,28.47,224,497,4.06,2.962,270,Low,17722.65
East,Tablet,Social Media,7,179.73,0.986,740.61,24.14,77.6,392,325,4.16,3.228,270,Very High,40000.0
South,Tablet,Social Media,9,1074.62,1.041,571.03,24.31,53.08,899,785,3.86,3.38,242,Moderate,19494.04
South,Tablet,Search Ad,22,1196.67,1.037,556.85,27.38,73.33,923,460,4.15,3.263,229,Very High,27310.22
North,Tablet,Search Ad,16,1388.17,0.858,551.24,25.8,38.61,316,351,4.0,2.548,250,Low,15247.73
South,Mobile,Email,7,1989.38,1.041,602.66,28.86,61.03,1114,243,4.17,2.128,231,Moderate,25074.63
West,Mobile,Email,1,1311.72,1.014,607.06,28.78,44.53,856,653,3.98,2.563,263,Moderate,21797.55
South,Mobile,Email,4,486.79,1.05,482.66,27.98,73.25,1077,166,4.14,2.593,266,Very High,25832.04
East,Tablet,Social Media,3,397.36,1.085,624.48,25.43,49.72,493,409,4.03,3.908,215,High,20934.88
East,Tablet,Influencer,11,431.88,0.989,697.73,29.28,99.0,337,250,3.95,3.054,316,Very High,40000.0
South,Mobile,Search Ad,3,1634.8,1.1,511.73,29.89,50.27,770,23,4.05,2.712,196,Moderate,20240.96
West,Mobile,Influencer,3,1134.22,0.929,626.26,27.71,69.11,783,857,4.17,2.293,272,Very High,38161.37
West,Mobile,Social Media,20,1915.2,0.924,695.53,30.72,80.16,767,239,3.95,2.564,227,Very High,35446.75
South,Tablet,Social Media,15,36.46,1.034,521.65,33.92,40.89,627,545,4.0,2.725,194,Moderate,19655.33
East,Mobile,Email,17,821.71,0.97,570.8,28.6,55.45,1351,399,4.24,1.97,231,High,28323.06
South,Mobile,Influencer,9,1460.14,1.021,762.18,32.6,61.78,367,576,3.97,3.147,207,High,30580.17
South,Mobile,Search Ad,6,1431.31,1.159,768.1,27.84,57.48,615,447,4.09,2.96,289,High,34961.72
North,Mobile,Email,4,1315.95,1.031,642.14,30.47,47.67,739,51,3.8,2.661,242,Low,19255.64
East,Tablet,Search Ad,24,2000.0,1.017,623.46,33.55,58.05,747,425,3.93,3.071,333,High,23492.99
East,Tablet,Social Media,5,522.18,0.93,579.38,32.82,60.31,946,108,4.06,2.151,189,Moderate,32720.08
North,Tablet,Search Ad,15,296.56,0.864,672.38,24.28,42.74,991,377,3.98,3.103,112,Moderate,25644.6
South,Mobile,Influencer,2,191.46,0.994,737.88,19.79,62.53,1172,401,3.98,3.225,272,Moderate,33067.51
West,Tablet,Search Ad,13,90.22,1.085,502.47,24.42,12.26,880,270,4.07,3.544,355,Low,9907.18
South,Mobile,Search Ad,5,919.3,0.974,686.06,33.72,66.35,358,565,3.92,2.775,278,High,32794.37
North,Tablet,Email,9,134.41,1.032,532.39,35.53,65.09,257,163,3.97,3.362,190,Very High,29597.3
East,Mobile,Email,11,559.03,1.114,521.53,36.65,45.37,1193,182,4.0,2.486,185,Low,14998.42
West,Mobile,Email,12,1598.7,1.112,600.88,26.35,22.7,1174,112,3.77,2.903,374,Low,9953.49
South,Tablet,Email,4,1159.15,1.034,682.83,31.22,58.29,924,100,4.02,3.079,224,High,28959.43
East,Tablet,Search Ad,23,1248.86,1.014,645.23,25.92,39.52,502,412,4.08,2.028,185,High,25215.98
West,Mobile,Search Ad,6,939.92,0.879,636.26,27.33,51.81,766,144,3.93,3.097,322,Low,24079.24
South,Tablet,Email,19,423.62,0.95,615.51,27.86,53.57,624,1872,4.08,3.021,239,Very High,29808.94
West,Mobile,Influencer,6,107.95,0.978,682.79,27.86,67.79,563,2277,4.21,2.511,122,Very High,39079.08
South,Mobile,Email,9,1222.7,0.932,595.77,29.95,58.41,935,273,3.66,2.795,377,Moderate,23356.28
East,Mobile,Social Media,18,780.54,1.02,675.72,28.23,58.37,1485,491,4.13,3.011,284,High,34998.72
East,Mobile,Social Media,8,294.32,1.153,561.7,34.24,55.28,716,868,4.08,2.925,154,Very High,25734.01
East,Mobile,Social Media,8,978.37,1.121,681.6,29.3,66.61,1236,467,4.0,2.755,335,High,30843.43
North,Mobile,Social Media,1,643.96,1.02,690.73,34.45,57.96,603,103,3.76,2.253,183,Low,29995.26
West,Mobile,Social Media,10,1308.4,1.062,692.72,25.5,47.53,414,520,4.12,1.927,179,High,28003.23
South,Tablet,Social Media,5,888.93,0.942,687.64,28.48,62.95,1026,174,3.93,2.322,193,High,33124.49
North,Mobile,Influencer,7,780.23,1.117,697.35,25.63,46.04,797,282,4.02,2.99,368,High,25747.31
North,Tablet,Email,33,881.75,0.875,691.27,28.27,47.13,1109,649,4.0,2.632,375,Very High,26691.59
East,Mobile,Email,5,1736.18,1.073,434.47,28.83,18.87,1287,373,3.7,3.245,214,Very Low,2500.0
East,Tablet,Email,7,1996.04,1.04,690.21,35.36,42.91,659,90,4.07,3.006,354,High,22858.97
North,Mobile,Search Ad,1,1203.38,0.94,777.51,34.72,51.2,1249,5,4.06,2.343,106,Moderate,34672.88
East,Mobile,Email,17,526.74,0.983,539.84,35.43,30.58,606,807,4.07,3.149,305,Very High,24143.36
South,Mobile,Influencer,6,913.46,0.909,604.4,29.25,71.85,601,603,4.09,2.396,333,High,30495.62
East,Mobile,Search Ad,10,1177.85,0.913,721.82,30.74,67.48,1171,287,3.86,3.098,341,High,31804.92
North,Mobile,Search Ad,13,1769.02,0.873,557.78,36.67,65.61,411,420,4.12,2.902,253,High,24856.64
East,Tablet,Search Ad,31,1366.15,1.061,569.72,38.09,47.02,740,688,4.27,2.484,283,Very High,29507.72
South,Tablet,Email,24,791.78,1.096,609.02,33.41,40.28,1102,509,3.98,2.687,204,Moderate,20826.22
West,Tablet,Email,6,777.34,0.827,531.19,35.01,53.31,1122,195,3.97,2.783,250,Very High,31347.0
North,Tablet,Social Media,21,827.76,1.147,696.21,36.85,61.48,615,476,3.88,2.774,238,Very High,30573.5
South,Mobile,Search Ad,15,1447.96,0.999,561.59,31.91,48.97,1153,983,3.79,2.66,234,Very High,19514.18
North,Mobile,Social Media,6,1969.66,1.023,680.18,26.79,23.2,534,541,3.88,2.567,318,High,18027.45
West,Mobile,Email,2,595.54,0.882,613.86,25.61,53.79,666,239,4.14,2.418,261,High,34056.49
West,Mobile,Influencer,8,913.98,1.106,796.22,30.26,74.57,927,208,4.17,2.957,353,Very High,40000.0
South,Mobile,Email,2,493.87,1.016,682.09,30.64,48.36,970,681,4.0,2.094,263,Moderate,26228.18
East,Mobile,Influencer,5,239.98,1.091,605.92,32.58,69.15,556,385,4.07,2.927,384,Very High,35848.45
West,Mobile,Search Ad,9,1430.86,1.098,523.32,24.9,51.5,1400,213,3.81,2.669,324,Low,12264.1
East,Mobile,Social Media,1,900.52,1.107,694.85,20.95,46.24,316,85,3.94,2.612,243,Moderate,22762.84
East,Tablet,Email,6,1684.18,0.948,562.78,22.82,38.02,756,422,3.88,2.838,259,High,18532.84
South,Tablet,Email,16,1691.36,0.983,588.36,27.34,30.19,797,259,3.91,2.241,196,Low,16434.93
North,Mobile,Search Ad,13,1950.23,0.951,551.12,36.32,67.14,353,377,3.98,3.023,258,Very High,24662.92
West,Tablet,Search Ad,11,1789.91,1.072,686.7,29.58,65.05,1124,328,3.97,2.981,187,High,30606.71
West,Tablet,Search Ad,16,1286.45,1.027,569.58,30.65,36.79,525,489,4.07,2.837,330,High,25053.11
East,Mobile,Influencer,5,1746.68,1.086,678.62,33.49,70.12,889,236,4.24,2.409,227,High,36459.49
South,Mobile,Search Ad,11,202.01,1.089,595.88,24.36,50.42,955,451,3.96,2.92,270,High,21424.17
South,Mobile,Email,3,1807.02,0.862,632.44,35.84,38.74,438,20,4.07,2.487,107,High,26476.74
West,Tablet,Social Media,6,1013.68,1.108,683.23,26.76,58.01,429,338,3.84,2.783,231,Very High,31447.17
West,Tablet,Influencer,4,718.42,1.076,639.38,37.52,72.6,1193,148,3.99,2.89,225,High,38516.54
West,Mobile,Social Media,2,1049.08,0.97,571.77,27.73,63.87,841,123,3.82,2.748,305,High,23136.76
West,Mobile,Email,2,1039.58,1.028,452.11,26.67,67.29,78,185,3.95,2.811,280,Moderate,20542.81
East,Mobile,Search Ad,2,1641.31,0.99,637.32,22.81,49.45,772,309,4.05,2.463,311,Moderate,25289.26
North,Mobile,Social Media,6,649.38,1.049,609.73,30.07,50.93,850,492,4.12,2.666,275,High,24578.4
North,Mobile,Influencer,5,1865.05,0.97,627.19,40.17,68.94,924,362,3.92,2.619,324,High,32690.0
West,Tablet,Search Ad,32,565.57,1.038,610.45,34.33,47.86,160,452,4.03,2.723,274,High,31517.41
East,Tablet,Email,13,1336.2,1.005,675.88,30.19,40.42,732,253,4.08,1.976,163,High,29859.54
North,Tablet,Influencer,9,662.13,0.965,746.52,24.79,50.66,499,240,4.09,2.757,242,High,33863.34
North,Tablet,Social Media,13,1858.86,1.015,526.08,31.8,6.18,804,258,3.88,2.923,246,Very Low,5144.43
East,Tablet,Social Media,20,947.74,1.217,599.98,33.39,64.06,887,571,3.96,2.863,46,Very High,26587.32
North,Mobile,Social Media,9,335.43,0.945,692.26,26.31,35.38,976,208,3.83,2.923,185,Low,20734.64
North,Mobile,Email,6,34.98,0.98,706.45,28.55,37.51,1267,307,3.83,3.02,375,Moderate,23386.86
East,Mobile,Social Media,9,331.83,0.947,549.92,17.54,51.62,1495,753,4.02,2.832,231,High,22235.95
East,Tablet,Email,10,1557.33,0.955,722.53,27.8,45.28,411,448,3.87,2.856,241,High,27811.32
East,Mobile,Social Media,6,1436.3,1.065,531.59,25.59,77.19,749,394,4.12,2.796,113,Very High,25969.58
South,Tablet,Social Media,5,140.03,1.057,702.94,27.04,37.74,955,629,4.0,2.906,164,Moderate,26705.88
East,Mobile,Search Ad,10,379.08,1.0,578.8,23.18,74.8,823,303,4.05,3.575,278,High,28568.91
South,Mobile,Influencer,6,522.21,1.082,779.51,28.3,83.11,70,511,3.85,3.211,219,Very High,33572.05
South,Mobile,Email,4,1331.66,1.063,570.17,24.55,53.51,804,25,3.94,2.74,179,High,22918.45
West,Mobile,Social Media,3,359.4,0.987,591.12,31.12,72.19,1218,92,3.94,3.322,328,High,31454.95
East,Tablet,Social Media,12,718.6,0.877,613.14,25.27,58.09,336,297,4.24,1.894,205,High,33320.14
West,Tablet,Email,36,878.56,1.066,474.36,32.36,17.42,804,533,3.75,2.64,167,High,13267.05
East,Mobile,Search Ad,24,616.25,1.014,465.56,39.97,51.99,307,533,3.97,2.233,251,High,25312.11
East,Mobile,Search Ad,8,523.5,1.002,645.33,32.28,31.99,1112,193,3.95,2.367,197,High,27773.66
North,Mobile,Email,4,886.73,0.963,676.59,18.55,37.93,930,1127,3.91,2.893,197,High,22512.57
South,Mobile,Social Media,1,981.17,1.06,678.19,37.61,58.19,695,505,4.24,2.747,244,Very High,36701.25
South,Mobile,Email,3,1260.36,1.028,505.41,36.78,30.36,739,1129,4.25,2.754,208,High,20948.58
South,Tablet,Search Ad,24,138.66,0.981,634.47,35.59,63.97,305,790,3.95,3.27,145,Very High,30403.45
West,Mobile,Email,9,1916.56,0.902,540.95,32.96,39.95,1152,913,3.94,2.875,283,High,21501.25
South,Mobile,Influencer,5,850.2,1.085,694.32,25.89,65.97,628,229,4.25,1.919,302,Very High,37303.22
West,Mobile,Search Ad,24,1883.23,1.048,724.93,32.07,54.64,1005,441,4.16,2.087,232,Moderate,30244.98
East,Mobile,Social Media,6,626.14,1.02,651.17,21.84,55.22,581,189,3.92,2.633,286,High,23937.09
West,Mobile,Search Ad,15,1182.5,0.787,736.5,26.37,42.16,1498,423,4.01,2.852,225,Moderate,23672.97
East,Mobile,Influencer,1,1838.5,0.997,671.45,22.63,43.45,1312,407,3.79,2.64,130,Low,19594.39
East,Mobile,Search Ad,7,596.29,0.981,588.79,26.12,44.97,1461,317,4.22,2.02,304,Moderate,22869.46
East,Mobile,Email,4,1183.95,0.951,609.44,29.54,32.3,1495,106,3.9,2.478,242,Moderate,21731.45
North,Mobile,Social Media,15,450.17,1.06,510.49,30.98,67.92,676,418,4.09,2.26,257,Very High,31920.03
West,Mobile,Influencer,5,1044.84,1.057,633.75,28.96,40.89,604,38,3.8,2.186,241,Moderate,23704.31
South,Mobile,Search Ad,18,356.47,1.035,575.63,26.79,76.95,1448,614,3.93,3.978,237,High,24674.02
North,Tablet,Search Ad,18,1131.65,1.083,595.18,39.74,55.0,699,424,4.04,3.054,257,High,24622.34
East,Mobile,Influencer,5,1485.49,0.918,697.14,39.72,65.55,1102,660,4.27,1.77,258,Very High,40000.0
North,Mobile,Influencer,3,947.0,0.964,545.41,26.29,47.04,680,795,3.95,2.012,326,Very High,24337.53
West,Mobile,Influencer,4,658.42,1.006,565.84,30.4,64.67,685,126,3.86,2.466,275,Moderate,28852.86
West,Mobile,Email,6,473.28,0.95,678.98,24.87,44.02,1101,1666,4.15,2.024,321,Very High,33312.21
West,Mobile,Search Ad,12,1044.95,1.058,455.41,36.5,47.78,289,1084,4.25,3.309,341,Very High,23747.77
South,Tablet,Search Ad,5,886.71,0.958,661.82,25.02,60.89,967,376,3.92,2.425,148,High,30844.99
North,Tablet,Search Ad,8,273.6,1.104,569.13,23.88,54.16,892,625,3.98,3.291,327,High,25686.4
West,Mobile,Search Ad,19,1174.02,0.926,631.64,41.43,69.3,706,193,4.1,2.403,288,Very High,37549.8
South,Mobile,Email,7,478.08,1.171,713.17,24.98,55.24,867,1109,4.19,2.108,278,Very High,33505.05
West,Mobile,Search Ad,3,687.48,1.162,597.63,18.78,32.95,912,247,3.88,3.101,309,Moderate,12508.45
West,Tablet,Search Ad,36,375.11,0.992,651.28,33.65,24.85,809,1145,4.13,3.288,232,High,22681.82
West,Tablet,Email,27,594.35,1.092,595.76,32.02,47.68,940,500,4.04,2.601,285,Very High,23926.29
South,Mobile,Social Media,14,655.61,0.968,613.67,27.29,56.35,624,643,4.02,3.47,182,High,25734.22
South,Mobile,Email,9,1477.52,1.081,591.85,42.0,72.59,1642,220,4.12,2.648,160,Very High,31278.53
West,Mobile,Social Media,3,718.76,0.986,679.9,32.19,56.26,800,202,4.06,2.448,281,High,32976.39
South,Mobile,Email,6,307.93,0.897,526.25,25.79,44.93,822,933,3.9,3.89,244,Very High,19805.59
North,Mobile,Social Media,1,295.17,0.78,523.93,21.64,57.9,1424,388,4.17,3.172,248,High,25186.31
East,Mobile,Search Ad,2,35.92,0.979,599.75,27.59,54.55,330,577,4.05,3.685,199,Very High,25937.6
West,Tablet,Search Ad,5,1549.44,1.022,642.51,18.74,58.29,1301,239,4.14,2.538,272,High,27792.67
East,Mobile,Search Ad,1,259.06,1.106,452.77,25.1,29.93,887,753,3.97,2.116,222,Very High,19724.63
East,Mobile,Influencer,5,743.72,1.003,658.52,28.71,47.14,706,477,4.01,2.097,245,Moderate,28571.55
North,Tablet,Social Media,16,1058.01,1.08,533.13,32.95,47.73,415,253,4.0,3.029,218,Low,18898.66
East,Mobile,Email,3,1165.82,0.964,653.8,27.83,18.11,492,404,3.96,2.472,198,Moderate,21612.53
West,Mobile,Influencer,8,529.37,0.973,510.35,25.97,51.88,761,141,4.13,2.648,235,Low,23266.11
North,Mobile,Email,4,708.77,1.084,747.6,35.82,44.26,941,583,4.04,3.019,322,Very High,34862.35
East,Mobile,Influencer,2,1167.97,0.803,641.64,20.1,60.85,1041,97,3.96,2.741,219,Moderate,29941.49
West,Tablet,Influencer,31,700.81,1.001,589.22,30.69,53.82,817,667,4.14,2.251,240,High,32094.56
West,Mobile,Search Ad,2,1718.78,0.968,608.18,25.77,34.54,712,371,3.98,2.66,232,High,17777.13
East,Mobile,Influencer,17,1643.32,1.109,723.65,38.62,82.58,1248,448,4.42,2.393,208,Very High,40000.0
East,Mobile,Email,12,525.02,0.958,660.79,27.87,47.77,1635,496,4.02,2.493,324,Moderate,24888.83
South,Tablet,Social Media,3,987.72,1.041,607.78,29.23,64.91,1173,701,4.2,2.025,164,Very High,36592.46
South,Tablet,Search Ad,19,2000.0,1.074,521.9,34.09,48.58,636,319,4.07,2.477,243,Moderate,19201.89
West,Mobile,Social Media,10,1126.48,0.881,535.8,20.62,54.08,1006,302,3.73,2.807,196,High,19982.7
West,Mobile,Influencer,8,1651.84,0.989,702.25,29.11,44.22,1024,110,3.84,2.257,283,Moderate,26034.58
West,Tablet,Email,27,384.08,0.965,665.44,19.65,61.22,1205,540,3.97,2.85,256,Very High,29706.82
West,Mobile,Search Ad,7,608.05,1.076,695.78,33.52,65.28,762,170,3.81,2.532,321,High,35807.63
East,Tablet,Search Ad,13,1328.98,1.054,635.68,27.69,49.27,460,397,3.92,2.055,294,Very High,29484.01
East,Tablet,Search Ad,30,872.8,0.981,689.59,37.83,58.53,1069,510,3.84,2.807,253,High,33954.11
West,Tablet,Social Media,12,1198.55,0.916,787.36,27.76,74.4,858,653,3.93,2.782,294,High,37238.79
East,Mobile,Social Media,5,306.34,1.083,709.97,24.55,52.15,538,218,3.99,2.966,300,Low,22526.49
East,Mobile,Influencer,9,1593.64,0.995,751.82,35.62,45.39,1065,163,4.16,2.059,191,High,36532.94
West,Tablet,Email,12,488.52,0.871,524.22,24.3,34.96,1273,373,3.77,2.953,296,Low,13323.81
West,Mobile,Influencer,5,108.72,0.877,722.4,30.37,65.15,659,154,3.84,3.453,266,Moderate,33432.39
South,Mobile,Search Ad,7,1808.73,1.035,669.69,31.6,51.72,602,108,3.88,2.769,278,Low,22157.49
South,Tablet,Search Ad,8,537.38,0.898,656.87,26.11,67.16,749,564,4.02,2.651,223,Very High,34181.51
North,Tablet,Search Ad,18,114.31,1.149,696.4,22.56,38.34,937,449,3.77,3.519,195,Moderate,20806.0
East,Mobile,Social Media,8,257.07,0.925,642.34,32.65,45.37,838,201,3.85,3.222,184,High,26190.42
North,Mobile,Search Ad,21,1620.45,1.0,620.45,34.28,36.92,1189,221,3.82,2.455,40,Very Low,17066.98
East,Mobile,Influencer,3,1470.59,1.013,589.76,24.68,61.18,936,172,4.01,2.618,204,Moderate,23917.99
East,Tablet,Social Media,32,459.55,0.942,594.39,30.48,33.6,1033,804,4.03,2.992,399,High,28958.91
South,Tablet,Influencer,4,652.72,0.821,674.39,32.25,71.21,531,209,3.99,2.632,299,Moderate,32338.94
East,Mobile,Social Media,16,300.57,1.015,636.82,28.44,42.65,504,312,3.9,3.529,268,High,24673.65
North,Mobile,Email,11,1113.77,0.94,622.01,31.17,35.83,761,233,3.83,2.348,308,Low,20333.49
North,Tablet,Social Media,10,135.48,1.009,687.74,30.46,80.65,350,1055,4.14,3.114,232,Very High,38130.48
West,Mobile,Influencer,3,850.34,0.99,730.94,36.23,81.22,979,230,3.92,2.268,224,Very High,40000.0
South,Mobile,Social Media,15,247.0,1.021,608.47,27.1,54.68,275,304,4.16,2.717,230,Moderate,29837.95
North,Tablet,Influencer,8,1831.19,1.125,615.51,23.75,39.46,609,292,3.75,3.376,202,Low,14504.62
East,Mobile,Influencer,2,1453.31,0.956,705.64,21.85,86.22,777,450,3.99,2.817,207,High,32614.63
West,Tablet,Social Media,8,785.41,0.962,804.99,24.49,58.69,436,142,4.07,2.657,247,High,34234.25
South,Mobile,Email,1,51.61,0.867,604.83,20.51,45.34,771,281,3.9,2.64,252,Low,23257.96
East,Mobile,Search Ad,8,1966.22,0.984,612.58,21.03,58.47,861,563,4.1,2.497,330,High,25115.28
North,Tablet,Social Media,36,1346.8,1.033,680.5,42.0,35.02,1108,460,4.15,1.82,312,Moderate,28814.66
North,Mobile,Search Ad,4,219.31,0.961,645.48,28.36,41.83,558,801,4.1,3.093,156,Moderate,26324.35
East,Tablet,Social Media,5,189.32,1.033,658.94,21.78,53.03,844,341,3.83,2.833,230,Low,25855.56
East,Mobile,Social Media,3,327.6,0.986,725.04,25.38,59.59,1021,280,3.85,3.45,179,Moderate,32936.51
East,Mobile,Search Ad,7,1526.49,0.896,657.47,20.33,31.49,854,972,3.97,2.727,86,High,25025.35
West,Mobile,Social Media,11,1066.8,1.025,737.5,35.77,65.61,716,131,4.03,2.203,253,Moderate,33818.94
West,Mobile,Social Media,21,758.34,0.984,643.1,22.03,53.71,530,669,4.16,2.672,284,Very High,34722.84
East,Mobile,Social Media,1,583.48,1.01,741.84,30.73,81.82,1411,530,3.98,3.397,252,Very High,40000.0
South,Mobile,Social Media,19,583.54,0.955,717.38,22.23,69.67,881,456,3.97,2.6,275,Very High,30178.48
West,Mobile,Search Ad,8,1948.83,0.948,709.62,27.37,49.26,768,58,3.9,3.028,227,Low,24584.27
South,Mobile,Influencer,14,456.4,1.013,716.18,36.73,62.12,1475,416,3.97,1.935,184,High,36693.91
South,Tablet,Social Media,23,1164.05,0.982,817.73,22.47,74.44,804,283,4.2,2.674,225,Very High,39014.84
North,Tablet,Search Ad,20,1420.98,1.138,710.39,31.86,57.74,1478,432,3.99,2.458,333,High,27994.89
North,Tablet,Search Ad,15,164.01,1.064,528.66,31.84,28.04,329,596,3.96,3.084,271,Moderate,18946.86
West,Mobile,Social Media,10,629.17,1.044,641.51,32.12,83.24,791,372,4.16,2.746,154,Very High,39618.1
West,Mobile,Social Media,6,1442.89,0.986,618.57,29.43,41.37,463,311,4.13,2.474,256,High,25558.76
East,Tablet,Influencer,4,840.06,0.838,820.0,29.7,99.0,705,119,4.06,2.042,327,Very High,40000.0
South,Mobile,Search Ad,11,1720.26,0.935,730.96,26.93,59.16,823,121,4.12,3.101,295,Very High,31159.13
North,Mobile,Search Ad,3,760.88,0.948,772.3,38.2,50.35,727,609,4.22,1.988,328,Very High,40000.0
North,Tablet,Search Ad,14,2000.0,0.978,576.2,20.97,14.19,756,142,3.84,2.468,156,Very Low,8695.03
South,Tablet,Email,15,1723.68,0.997,704.05,35.01,60.74,621,234,3.91,2.758,256,High,32399.07
East,Mobile,Search Ad,5,1205.96,1.052,510.37,32.35,25.03,828,797,4.22,2.544,226,High,20176.2
East,Mobile,Search Ad,11,780.03,1.022,482.79,33.07,48.79,641,344,4.1,2.73,285,High,25247.34
East,Tablet,Search Ad,19,1880.61,1.093,602.62,36.39,75.6,1158,502,4.05,2.662,195,Very High,31839.95
South,Mobile,Social Media,4,46.02,0.975,730.0,28.5,44.2,538,158,4.01,3.545,194,Low,28672.96
West,Tablet,Email,4,794.48,1.021,516.07,23.16,48.46,802,176,3.82,2.948,248,Very Low,18646.62
West,Tablet,Email,25,559.85,1.028,588.97,29.57,33.39,394,539,4.08,2.179,191,High,24820.41
East,Tablet,Influencer,12,209.75,1.02,742.72,18.4,75.47,498,469,3.83,2.36,264,Very High,35005.45
East,Mobile,Social Media,2,580.68,1.103,688.49,29.37,58.22,649,969,4.19,2.57,122,Very High,37091.8
South,Mobile,Social Media,10,630.58,1.064,799.17,33.91,63.37,822,399,3.92,3.219,321,Moderate,31536.67
South,Tablet,Email,3,2000.0,0.894,622.27,30.08,61.28,791,24,3.76,2.38,75,High,25087.7
South,Tablet,Email,15,1761.24,0.991,581.42,31.16,52.18,419,268,3.72,2.479,304,Low,17933.86
West,Tablet,Search Ad,32,851.37,0.999,524.17,23.48,32.86,620,502,3.89,2.851,212,High,17114.61
North,Mobile,Search Ad,4,1673.78,1.172,600.38,28.41,71.36,573,90,4.08,2.763,158,Very High,27645.66
North,Mobile,Search Ad,6,444.93,0.974,514.5,22.77,22.72,560,309,3.73,3.732,259,Low,6005.44
North,Tablet,Social Media,16,891.96,0.921,483.91,22.83,49.91,1069,339,3.82,3.35,303,Moderate,12705.86
North,Tablet,Search Ad,5,1947.96,1.035,792.93,23.22,44.65,336,116,3.87,2.824,320,Moderate,23978.2
West,Tablet,Email,1,64.84,1.04,583.34,23.69,22.71,762,1016,4.08,2.77,318,Moderate,21840.03
East,Tablet,Email,36,1861.09,0.994,820.0,40.05,42.53,1232,638,4.1,2.266,195,Very High,32990.22
East,Mobile,Social Media,6,443.17,0.982,550.61,21.31,48.26,1210,197,3.96,2.988,261,Low,22028.1
North,Tablet,Social Media,9,147.62,1.076,576.94,21.98,54.82,863,238,4.08,3.455,138,Moderate,23226.36
East,Tablet,Social Media,14,458.71,0.932,556.06,23.02,63.39,735,675,4.12,2.891,253,Very High,29853.9
East,Mobile,Search Ad,17,1263.1,0.973,569.53,32.75,67.15,1074,773,4.01,2.98,269,Very High,28109.17
North,Tablet,Search Ad,9,1290.47,0.958,691.28,34.24,57.46,847,386,4.1,2.046,225,High,30496.28
South,Mobile,Influencer,22,1426.69,1.088,719.69,34.03,58.31,1273,382,3.84,2.863,134,High,28292.44
South,Mobile,Social Media,2,1470.22,1.023,710.38,21.13,69.55,821,389,4.08,2.331,211,Very High,34447.39
East,Tablet,Email,21,708.98,0.915,700.98,24.11,39.46,1030,1068,3.89,2.91,366,High,25441.51
East,Mobile,Social Media,8,1709.62,0.923,734.2,30.38,38.96,766,107,3.93,2.609,272,Low,27632.78
North,Mobile,Influencer,5,829.6,1.15,580.57,36.38,70.68,1409,654,4.2,2.789,218,Very High,32608.85
South,Mobile,Search Ad,7,150.44,1.087,554.4,37.84,65.91,813,653,4.07,2.949,238,High,31693.66
East,Mobile,Search Ad,11,1136.54,1.067,627.72,26.57,38.16,391,220,3.92,2.697,272,Moderate,20031.62
East,Mobile,Email,13,388.76,1.001,820.0,28.04,79.4,883,293,4.06,3.391,152,Very High,40000.0
West,Mobile,Search Ad,7,195.53,1.121,659.09,23.61,57.01,1082,357,4.07,3.065,155,Moderate,29426.93
East,Tablet,Email,14,1662.86,0.912,623.12,24.53,49.71,1212,217,4.21,2.523,202,Moderate,23216.45
North,Mobile,Search Ad,3,1031.93,1.06,669.56,26.12,43.89,571,40,3.99,2.923,216,Very Low,21625.06
North,Mobile,Influencer,13,1838.57,0.965,635.2,28.67,72.0,354,973,4.04,2.595,359,Very High,32365.63
East,Mobile,Influencer,19,710.28,0.98,679.62,27.01,40.49,1004,457,3.93,2.144,252,High,31753.02
North,Tablet,Search Ad,14,804.97,1.058,687.08,42.0,51.42,875,387,3.87,2.541,216,High,31107.23
East,Mobile,Social Media,4,1861.02,0.989,646.62,26.42,45.12,451,46,3.77,2.138,252,Low,15344.91
West,Tablet,Influencer,14,1565.96,0.965,616.93,33.96,42.41,644,324,3.65,2.808,122,High,18792.05
East,Tablet,Search Ad,8,720.18,0.96,602.61,24.64,58.4,657,516,3.95,2.85,192,High,25009.79
South,Tablet,Email,18,1937.46,0.841,595.06,40.91,51.83,979,256,3.79,2.841,202,High,27772.11
East,Mobile,Social Media,13,1956.03,1.061,542.46,34.54,62.7,740,245,4.0,3.138,185,Moderate,26322.3
East,Tablet,Social Media,22,615.73,0.919,575.82,34.64,50.15,614,359,3.91,3.162,325,High,25203.55
East,Mobile,Social Media,7,1812.26,1.149,536.44,28.8,63.17,893,167,3.85,2.845,289,High,20073.93
West,Tablet,Social Media,28,919.76,0.977,529.29,36.42,53.18,340,929,3.79,1.96,173,Very High,20106.78
South,Tablet,Search Ad,15,949.21,1.105,522.61,33.37,39.88,1291,296,3.89,2.962,169,High,20131.71
West,Mobile,Social Media,6,189.84,0.855,688.45,24.19,47.61,1131,120,3.72,3.076,170,Very Low,23945.22
West,Mobile,Email,10,1708.68,1.059,734.72,26.9,23.98,656,295,3.98,2.972,236,Very Low,18079.8
North,Mobile,Search Ad,16,1245.84,1.079,497.52,32.19,59.7,536,395,4.03,2.738,260,High,18910.6
North,Tablet,Influencer,9,1324.45,1.104,798.55,29.0,79.88,438,180,4.0,2.88,274,High,36001.44
North,Mobile,Search Ad,5,1670.38,0.878,539.62,33.25,84.81,1030,307,4.23,2.665,185,Very High,30599.47
North,Mobile,Social Media,15,89.39,0.944,669.72,26.54,51.38,567,231,3.96,4.015,237,Moderate,23614.75
North,Mobile,Influencer,9,493.92,1.046,674.55,20.01,49.45,788,265,4.0,2.832,245,High,23103.47
East,Tablet,Influencer,22,872.78,1.012,713.07,33.69,41.56,250,348,4.03,2.181,322,High,29305.14
North,Tablet,Social Media,17,753.79,1.023,531.32,36.03,64.64,897,317,3.94,3.067,296,Very High,24508.4
South,Tablet,Email,36,1320.54,0.971,462.06,24.65,46.34,908,527,3.92,2.555,159,Moderate,13619.76
West,Tablet,Search Ad,18,914.89,1.124,548.89,41.26,69.59,686,446,4.03,3.1,131,Very High,28444.96
North,Mobile,Influencer,5,1754.95,1.209,715.76,38.38,53.2,916,47,3.78,3.344,241,High,25852.99
West,Mobile,Influencer,2,553.59,1.008,811.73,25.21,75.06,1091,94,4.22,2.714,208,Moderate,38831.09
South,Tablet,Influencer,20,910.6,1.036,580.66,24.51,48.37,788,594,4.01,2.196,188,Very High,22614.14
North,Mobile,Search Ad,8,426.84,1.004,594.48,31.7,66.26,1086,281,3.98,3.003,201,High,26287.49
East,Mobile,Search Ad,1,1570.71,1.103,567.63,23.83,52.35,521,26,4.19,2.986,284,High,25082.93
East,Mobile,Email,3,62.98,1.066,578.01,24.7,21.86,970,151,3.74,4.032,155,Low,12152.16
West,Mobile,Social Media,9,24.69,0.915,454.08,20.04,42.5,916,504,4.15,3.067,363,Moderate,17612.82
West,Mobile,Social Media,10,1340.55,0.951,757.34,29.83,35.27,1209,95,4.0,2.554,204,Very Low,23659.63
West,Tablet,Search Ad,27,1918.29,0.919,637.13,38.69,37.54,749,483,4.09,2.174,287,Very High,26374.12
South,Mobile,Search Ad,11,1941.43,1.216,709.08,34.35,40.35,832,217,3.91,2.305,207,Low,19578.53
North,Mobile,Search Ad,6,231.46,1.051,579.52,33.67,40.33,698,579,3.98,3.245,154,High,20912.61
West,Mobile,Social Media,8,479.77,0.952,633.81,27.68,51.02,1292,573,3.96,2.923,239,Very High,29099.08
West,Tablet,Search Ad,8,1476.12,0.946,715.78,28.43,55.47,57,383,4.11,2.052,170,Very High,33925.86
West,Mobile,Email,5,1194.62,1.064,614.82,25.27,45.39,1008,156,3.98,2.954,257,Low,18390.95
South,Tablet,Social Media,15,1232.98,1.072,648.54,31.22,55.78,734,419,3.92,3.186,246,Moderate,27028.77
South,Tablet,Search Ad,17,489.5,1.064,540.25,28.33,49.72,687,530,3.93,2.92,205,Low,18033.37
West,Mobile,Search Ad,9,112.42,0.966,552.72,25.82,29.01,764,261,3.9,3.799,257,Low,15962.42
South,Tablet,Influencer,8,155.7,1.024,565.4,23.79,55.22,724,730,3.99,3.281,312,Very High,29204.47
West,Tablet,Social Media,6,2000.0,1.009,592.96,26.01,70.77,879,1205,4.3,2.568,241,Very High,29194.7
West,Tablet,Social Media,19,52.24,0.925,709.25,37.46,58.41,509,374,4.09,3.208,203,High,36851.99
South,Tablet,Social Media,23,1868.43,0.926,793.79,39.48,71.37,779,688,4.16,3.014,273,Very High,37624.61
West,Mobile,Social Media,12,207.27,1.033,512.78,34.24,56.04,962,379,4.02,3.324,275,High,26001.1
West,Mobile,Influencer,6,1609.55,1.016,710.02,38.06,75.98,583,206,3.92,2.521,230,Very High,39069.37
North,Mobile,Search Ad,12,89.16,1.044,569.55,34.26,52.12,1006,321,4.05,3.263,333,High,21237.95
West,Mobile,Influencer,7,596.47,1.063,767.88,31.65,76.57,964,221,3.77,2.963,229,Very High,39670.93
East,Tablet,Social Media,4,386.01,1.12,627.28,26.1,60.29,508,793,4.07,3.027,340,Very High,31549.26
West,Mobile,Influencer,5,1492.34,0.938,675.23,30.08,69.51,515,398,3.93,3.057,207,High,31997.79
South,Tablet,Email,28,1853.6,1.05,559.2,30.49,48.61,504,459,3.87,2.773,301,High,15190.28
West,Tablet,Influencer,10,46.64,1.06,521.48,22.6,38.87,779,550,3.91,3.46,234,High,21218.68
South,Tablet,Social Media,1,2000.0,0.975,712.88,28.16,42.9,718,327,3.94,2.87,265,High,30216.78
North,Tablet,Social Media,11,978.99,1.01,657.78,20.65,48.95,1144,259,3.95,2.431,122,High,23635.58
West,Mobile,Search Ad,10,1675.16,0.977,660.05,30.49,71.57,754,134,4.09,2.244,382,High,32147.09
North,Mobile,Influencer,11,1430.04,1.169,626.51,27.51,55.82,602,599,3.99,2.407,268,High,23845.27
South,Mobile,Email,3,1673.46,1.008,603.15,28.13,48.2,1051,463,3.97,2.643,311,Very High,23479.96
West,Mobile,Social Media,3,133.41,1.036,674.22,26.5,30.34,576,1690,3.91,3.77,163,Very High,26031.91
West,Mobile,Influencer,11,198.89,0.979,725.94,25.22,64.41,631,177,3.83,3.252,259,High,34544.93
East,Mobile,Social Media,2,1301.42,0.962,542.35,20.16,49.33,634,202,3.98,2.795,237,Low,17430.66
East,Tablet,Email,20,830.44,0.896,545.6,24.16,5.72,50,618,3.96,2.984,182,Very Low,10392.07
South,Mobile,Social Media,14,916.44,1.088,516.97,35.31,55.09,1024,453,3.96,2.552,328,High,27288.34
South,Mobile,Social Media,13,1667.95,1.061,660.8,30.05,34.85,1133,463,4.06,2.463,257,Moderate,25294.89
South,Tablet,Influencer,12,743.57,0.976,730.11,31.46,54.39,1006,225,3.8,3.158,245,Moderate,27039.91
East,Mobile,Search Ad,26,1813.24,0.928,610.59,32.73,62.73,1407,272,4.04,2.821,287,Moderate,28922.67
West,Mobile,Search Ad,30,1779.1,1.014,579.11,32.41,50.34,1297,347,3.87,2.544,195,Low,20789.0
West,Tablet,Influencer,15,2000.0,0.96,660.18,30.94,54.7,643,274,3.86,2.604,258,High,30213.54
West,Tablet,Social Media,17,716.1,0.982,808.26,26.19,54.92,1062,356,3.89,2.757,254,Low,29934.26
North,Tablet,Email,11,694.91,0.899,688.64,30.48,43.25,712,752,3.99,2.772,256,Very High,31143.8
East,Mobile,Social Media,2,486.57,1.017,677.18,26.26,58.08,736,88,4.01,3.078,312,Low,26994.57
North,Tablet,Social Media,30,723.75,1.019,649.53,42.0,43.54,521,564,4.02,2.822,222,Very High,30402.18
East,Mobile,Email,8,248.87,1.088,582.46,23.27,56.5,782,1022,4.03,2.785,215,Very High,30279.26
South,Mobile,Influencer,11,482.55,0.988,581.09,28.19,41.28,955,368,4.02,2.361,210,High,25221.98
West,Tablet,Search Ad,13,846.3,0.973,526.68,27.26,22.04,1199,236,4.09,2.695,207,Moderate,14523.64
South,Tablet,Social Media,7,961.42,0.875,583.72,21.0,63.19,951,220,3.97,2.721,316,Moderate,23982.36
North,Mobile,Search Ad,2,1068.66,1.088,540.21,34.49,41.45,636,260,3.95,2.39,244,High,20174.75
North,Mobile,Search Ad,3,715.84,1.071,560.12,28.9,47.37,557,79,3.86,3.117,311,Low,21340.43
West,Tablet,Influencer,7,777.52,1.002,651.95,15.86,64.45,905,1089,4.05,1.828,265,Very High,30171.57
East,Tablet,Influencer,18,1773.06,0.894,679.98,33.22,52.71,1002,410,4.13,2.676,194,High,30904.97
North,Mobile,Search Ad,2,1675.61,0.903,580.23,25.18,48.1,1216,325,4.11,2.032,155,Low,20624.28
North,Tablet,Search Ad,26,683.61,0.956,647.66,30.66,59.32,662,546,3.99,2.965,158,Very High,33119.78
East,Mobile,Search Ad,10,1771.47,1.077,616.85,35.68,72.27,996,967,4.16,2.445,193,Very High,34954.18
North,Mobile,Search Ad,2,264.47,1.023,615.99,23.54,40.83,1108,313,4.05,3.377,311,Low,21856.52
West,Mobile,Email,8,624.62,0.881,532.17,27.58,34.81,468,440,3.89,2.59,329,High,21630.45
East,Tablet,Email,8,1544.31,1.032,667.4,40.26,57.79,821,608,3.86,3.212,254,High,30013.28
North,Tablet,Search Ad,11,2000.0,0.933,594.21,17.71,47.57,1002,646,4.08,1.941,305,Moderate,19723.88
North,Mobile,Social Media,11,1968.21,0.958,779.98,23.55,58.07,1008,100,4.07,2.909,214,High,34487.57
West,Mobile,Email,5,1085.64,1.078,583.88,25.94,63.4,837,113,4.06,2.395,209,Moderate,22689.8
South,Mobile,Search Ad,7,1557.08,1.061,619.68,40.71,30.57,1617,123,3.85,2.886,296,Very Low,11885.95
South,Tablet,Email,27,2000.0,1.087,669.49,30.64,29.38,1300,286,4.09,2.733,258,High,21925.08
West,Tablet,Search Ad,4,522.04,0.998,669.43,28.42,29.52,743,674,3.99,2.17,293,High,31112.79
West,Tablet,Search Ad,29,1451.0,1.071,698.49,31.85,69.13,685,415,3.89,3.076,251,High,29650.72
West,Tablet,Influencer,25,940.77,0.953,805.74,34.02,74.64,943,459,3.85,2.893,225,Very High,35963.11
West,Tablet,Social Media,9,141.74,0.979,664.07,25.06,37.24,723,177,3.88,3.275,235,Moderate,26344.72
South,Mobile,Email,17,567.31,0.974,585.12,32.33,42.94,1229,1526,4.12,2.701,267,Very High,25071.1
North,Mobile,Search Ad,2,1991.89,1.002,594.45,34.8,49.29,492,474,3.95,2.729,263,High,20742.86
West,Mobile,Influencer,18,1618.29,0.897,667.9,33.44,32.86,790,414,4.17,2.823,190,High,26268.43
East,Tablet,Influencer,6,2000.0,0.982,805.72,23.9,67.56,939,446,4.07,2.436,240,High,32570.1
South,Tablet,Social Media,24,193.75,1.116,501.31,31.88,34.34,1031,748,3.86,3.541,154,Moderate,15301.64
West,Mobile,Social Media,9,662.24,0.913,557.05,41.71,64.09,431,447,3.74,3.032,226,Very High,29219.16
North,Tablet,Influencer,6,62.46,0.894,626.86,27.4,43.13,463,166,3.96,3.118,191,Moderate,23496.92
East,Mobile,Email,6,224.12,0.9,516.35,26.84,42.76,374,469,4.08,3.74,59,Moderate,26149.75
North,Mobile,Search Ad,19,1618.97,1.213,595.92,27.07,64.39,607,424,4.24,2.64,385,Very High,24462.03
East,Tablet,Social Media,14,1033.65,1.037,775.24,32.64,74.85,370,569,4.03,2.697,200,High,38489.4
North,Tablet,Email,10,1963.81,0.978,597.36,32.66,51.78,896,300,4.17,2.732,190,Moderate,27524.5
North,Tablet,Social Media,16,23.47,1.005,641.45,27.94,53.79,806,1109,3.91,3.176,349,Very High,30180.71
North,Mobile,Social Media,9,552.63,1.018,487.5,30.19,29.05,815,424,3.88,3.154,175,Moderate,18129.93
East,Mobile,Search Ad,2,1250.99,0.949,532.33,42.0,43.17,868,223,3.81,2.776,158,Low,19448.87
West,Tablet,Influencer,21,377.01,0.959,725.91,31.56,60.72,1086,810,4.15,3.332,235,Very High,40000.0
East,Mobile,Social Media,16,506.61,0.987,752.59,37.08,58.54,558,366,3.84,2.388,217,Very High,37821.66
West,Mobile,Influencer,13,273.78,0.942,666.74,27.67,39.98,300,302,3.99,2.528,208,Low,28477.88
South,Tablet,Email,27,1470.74,0.968,585.87,30.7,49.77,946,480,3.83,2.91,191,High,22232.06
South,Mobile,Search Ad,6,1270.09,1.028,660.63,32.24,36.56,747,278,4.14,2.418,236,Low,22839.91
West,Tablet,Email,5,1199.25,0.92,396.59,26.74,54.59,445,90,3.9,2.653,349,Moderate,22217.33
South,Tablet,Influencer,36,1591.93,1.209,696.35,35.23,65.28,901,713,4.1,1.761,148,Very High,27520.65
West,Mobile,Search Ad,8,1826.41,1.06,549.49,34.26,60.21,289,510,3.8,3.385,300,Very High,21111.29
North,Mobile,Search Ad,5,1911.54,0.898,698.58,26.34,64.43,611,261,3.81,2.82,343,Low,25533.37
West,Tablet,Influencer,17,1491.43,0.802,500.43,30.66,80.28,50,371,3.95,3.152,209,Very High,29922.41
North,Mobile,Search Ad,13,912.18,0.945,562.8,30.74,49.46,935,294,4.06,2.121,271,Very High,27037.75
West,Tablet,Influencer,14,979.14,1.055,661.26,36.36,57.03,1196,881,4.13,2.594,240,Very High,36790.83
East,Tablet,Search Ad,6,1506.51,1.039,565.2,24.52,40.64,574,425,4.08,2.737,141,Moderate,18008.31
West,Tablet,Influencer,23,499.85,0.991,623.96,17.64,74.63,510,499,3.87,3.288,324,Very High,29900.18
North,Tablet,Search Ad,16,211.39,0.952,670.01,24.83,33.1,1258,533,4.01,3.225,250,Low,21675.93
East,Mobile,Email,8,1775.24,0.928,615.1,31.43,34.22,1042,171,3.84,2.276,216,Moderate,23171.73
West,Mobile,Search Ad,9,420.91,0.968,527.81,31.44,48.8,1550,165,3.85,3.366,154,Moderate,20543.21
East,Mobile,Email,3,1220.62,0.919,680.09,25.08,44.8,907,60,3.86,2.453,280,Low,24192.24
East,Mobile,Search Ad,13,1189.39,0.968,639.25,33.05,63.76,926,139,3.96,2.462,257,High,31498.09
East,Mobile,Social Media,3,750.85,1.106,647.92,36.72,40.19,1279,275,4.01,2.649,286,Moderate,29008.77
East,Mobile,Search Ad,5,1770.03,0.938,560.54,32.66,46.66,817,292,4.09,2.464,282,High,25097.25
East,Tablet,Email,12,2000.0,1.049,418.19,24.71,32.47,812,238,3.97,2.568,198,Moderate,8572.91
East,Mobile,Email,26,789.99,1.061,522.89,31.76,27.64,158,563,4.01,3.036,40,Moderate,13808.36
West,Mobile,Social Media,9,1028.12,0.914,549.99,31.8,63.24,1364,93,4.19,2.462,241,High,31664.52
North,Mobile,Influencer,3,1750.33,0.933,632.44,36.67,59.69,973,407,4.08,2.455,237,Very High,28571.79
South,Mobile,Social Media,9,506.33,1.086,551.79,32.19,50.26,829,157,3.92,2.663,258,High,24227.72
West,Mobile,Social Media,11,439.31,0.926,626.68,26.15,42.96,1123,454,4.03,2.74,342,High,28332.05
West,Mobile,Search Ad,17,163.82,0.995,667.07,21.21,44.31,517,403,4.17,3.088,245,High,32082.04
East,Mobile,Search Ad,7,123.61,1.163,681.81,26.94,38.1,700,181,3.81,3.536,291,Very Low,17568.34
East,Mobile,Social Media,4,107.87,1.078,677.35,24.64,66.77,1020,295,3.95,3.295,271,Moderate,29777.46
South,Tablet,Social Media,21,1882.31,1.007,577.6,30.42,66.1,753,637,4.22,2.509,162,Very High,29278.16
North,Tablet,Social Media,36,805.93,1.067,630.44,27.92,76.19,870,621,4.03,2.84,168,Very High,27112.66
East,Tablet,Influencer,20,1401.51,0.996,799.05,28.46,71.73,812,328,4.11,2.379,320,Very High,39755.89
South,Mobile,Email,7,524.35,1.081,462.76,26.72,33.06,1043,167,4.06,2.622,193,Moderate,12347.58
East,Tablet,Social Media,30,548.12,0.836,727.92,36.6,55.07,357,653,3.87,3.23,271,High,35569.34
North,Tablet,Email,6,1380.06,0.989,528.67,23.28,45.85,1111,525,3.93,2.596,185,High,19456.09
West,Mobile,Social Media,11,1715.03,0.833,669.23,27.12,58.48,720,323,4.13,2.772,294,Moderate,30642.29
West,Tablet,Search Ad,18,648.86,1.013,640.3,31.15,48.43,757,307,3.94,2.914,263,High,26233.33
East,Mobile,Social Media,16,697.29,0.981,638.53,28.61,51.5,686,535,3.75,2.56,230,Moderate,26607.34
East,Tablet,Email,28,1536.29,1.109,790.08,42.0,71.7,657,305,3.96,2.919,289,Very High,35550.58
South,Tablet,Social Media,5,926.73,1.057,604.32,34.55,49.41,806,610,4.09,2.375,264,High,29098.22
West,Mobile,Email,4,415.86,0.958,455.99,25.81,54.41,1073,800,4.19,3.167,203,Very High,22476.79
East,Tablet,Email,23,667.9,0.968,621.21,32.48,48.58,1001,570,4.0,2.432,249,High,27437.33
North,Tablet,Influencer,15,1535.29,1.03,663.17,17.42,52.1,865,738,4.08,2.692,289,High,26442.78
West,Tablet,Search Ad,9,452.98,0.954,647.35,31.28,40.84,567,173,3.88,3.279,317,Low,25397.61
West,Mobile,Influencer,1,1918.44,0.997,755.77,30.74,62.77,967,45,4.07,2.64,240,High,33235.33
West,Tablet,Influencer,2,1170.66,1.105,666.06,28.99,66.79,810,91,4.15,2.64,359,Moderate,31112.84
West,Mobile,Search Ad,2,1935.55,0.934,670.49,31.19,47.16,877,399,4.06,2.422,202,Moderate,27003.03
East,Mobile,Email,8,476.53,0.964,600.02,32.88,56.42,1015,321,3.97,2.263,151,High,27868.49
South,Mobile,Search Ad,5,480.01,0.975,746.91,26.82,48.73,490,220,4.0,2.679,161,Low,29691.51
West,Tablet,Influencer,7,865.07,1.25,632.39,32.16,58.0,152,172,4.08,2.98,247,High,33737.94
West,Tablet,Search Ad,8,925.41,1.049,558.39,33.18,30.85,1085,602,3.95,2.889,249,Low,17657.23
North,Tablet,Search Ad,21,1275.44,1.091,691.52,35.05,61.37,702,218,4.08,2.751,256,Very High,36172.4
North,Tablet,Social Media,6,1241.13,1.061,560.97,28.82,48.0,861,147,3.98,2.485,207,High,22342.32
South,Mobile,Influencer,30,1766.42,1.067,713.23,37.38,85.25,608,398,4.23,2.554,386,Very High,39138.25
West,Mobile,Search Ad,6,1885.82,1.038,620.92,35.99,60.34,1226,71,4.04,2.331,342,Very High,31496.24
West,Mobile,Influencer,6,1505.57,1.029,668.02,33.0,62.56,962,85,3.91,2.565,177,High,27094.37
North,Mobile,Email,15,609.88,0.884,786.4,24.88,67.44,808,411,4.19,2.642,242,High,38425.77
East,Mobile,Social Media,13,1012.94,1.029,729.01,33.27,65.55,943,271,4.05,1.979,251,Moderate,29300.68
South,Mobile,Social Media,2,311.74,0.991,696.58,27.63,70.35,355,269,3.99,3.762,291,High,33488.52
West,Mobile,Search Ad,8,1242.37,1.044,662.78,35.26,41.65,968,420,3.79,2.33,153,Low,23579.44
West,Mobile,Email,5,619.63,0.994,536.31,29.06,47.43,1291,724,4.03,3.29,142,Very High,21835.35
West,Mobile,Email,5,1649.14,1.061,635.2,29.55,52.55,951,55,4.16,2.244,172,Moderate,27009.99
East,Mobile,Influencer,8,534.55,1.075,701.43,25.1,40.67,914,160,3.59,2.64,341,Moderate,21257.0
South,Tablet,Email,36,1013.31,0.78,616.21,29.51,64.74,648,500,3.7,2.721,207,High,24724.12
South,Tablet,Influencer,3,1087.14,0.965,674.5,33.08,46.69,1054,217,4.04,2.468,298,High,31172.53
North,Tablet,Social Media,31,2000.0,0.851,620.2,33.07,38.44,1097,361,3.97,2.459,285,Moderate,19705.1
West,Mobile,Influencer,1,1016.85,1.019,687.25,27.68,23.8,735,324,3.98,2.534,237,Low,22990.49
West,Mobile,Search Ad,15,378.05,0.976,559.27,34.18,54.06,964,447,3.93,3.231,299,High,28072.64
West,Tablet,Influencer,33,54.87,1.108,700.48,37.39,42.79,807,822,3.75,3.011,172,Very High,29214.97
West,Mobile,Influencer,14,1043.1,1.017,504.69,26.84,45.67,977,252,3.85,3.049,219,High,18158.07
East,Mobile,Email,8,1747.75,0.961,725.15,35.44,62.61,636,200,4.17,3.025,111,High,36098.31
West,Mobile,Email,5,1500.65,1.075,506.08,23.11,40.9,1191,481,3.91,2.032,254,Moderate,20022.05
West,Mobile,Social Media,4,765.57,0.975,539.46,31.02,43.01,1024,175,3.88,3.383,199,Low,18718.41
West,Mobile,Search Ad,3,21.98,0.96,626.19,27.25,28.29,1209,210,3.58,3.714,384,Low,13473.62
South,Mobile,Influencer,7,457.24,1.031,696.25,35.01,61.9,537,128,3.76,2.908,252,Moderate,28144.94
East,Tablet,Social Media,7,1021.11,1.129,796.73,32.17,74.14,434,351,4.16,2.337,299,Very High,40000.0
North,Mobile,Search Ad,4,304.57,1.068,623.4,27.0,57.88,1457,622,3.99,3.215,288,Very High,31374.52
West,Mobile,Email,17,72.3,1.045,576.35,27.23,65.95,1193,252,4.12,3.38,243,High,26348.32
East,Tablet,Influencer,17,995.9,1.22,680.21,42.0,56.03,504,510,3.91,3.626,310,High,29439.78
South,Mobile,Influencer,9,1633.82,0.941,806.18,30.03,49.73,1112,591,3.82,3.543,250,High,30216.99
East,Mobile,Social Media,10,593.1,0.94,815.0,32.79,68.05,725,351,3.98,2.129,277,Very High,40000.0
East,Tablet,Social Media,17,1808.52,1.012,633.0,19.45,54.84,247,269,3.9,2.647,394,Low,21974.96
South,Mobile,Email,3,1389.66,1.121,651.99,26.9,45.97,251,1586,4.01,2.67,260,Very High,27881.07
North,Mobile,Search Ad,14,739.69,0.925,603.32,33.11,39.88,854,227,3.83,3.239,215,Low,20077.68
East,Mobile,Search Ad,8,1075.56,1.14,609.12,23.87,12.76,1313,122,3.83,2.74,204,Very Low,8990.59
East,Mobile,Email,30,1768.42,0.885,767.23,36.15,40.72,1301,926,3.95,2.421,243,High,31987.68
West,Mobile,Social Media,17,22.07,0.99,534.43,24.43,56.29,1225,343,3.87,3.26,255,High,23722.96
East,Tablet,Social Media,2,73.01,1.014,422.86,18.69,46.11,981,544,4.2,2.875,252,Very High,20679.02
West,Mobile,Search Ad,1,683.41,0.929,633.43,24.54,61.08,952,165,4.03,2.974,150,Low,29256.8
East,Mobile,Search Ad,4,1568.45,0.95,723.59,36.36,60.39,1194,476,4.03,3.465,108,Very High,35856.02
East,Mobile,Email,2,727.28,1.064,611.59,32.53,55.36,277,388,3.98,2.983,188,High,24263.36
West,Mobile,Search Ad,1,919.12,1.115,653.4,26.13,59.82,1147,229,4.06,2.941,252,Very High,28469.6
South,Tablet,Search Ad,11,1440.01,0.831,684.87,32.36,53.31,415,299,4.03,3.061,252,Moderate,26848.25
North,Mobile,Social Media,13,29.01,1.014,617.51,31.49,55.12,595,251,3.85,3.414,276,High,28246.53
North,Mobile,Email,3,1044.24,0.991,645.48,26.63,7.85,1062,30,3.64,2.762,271,Very Low,8497.14
West,Mobile,Search Ad,1,602.16,1.009,649.42,32.98,43.08,1129,405,3.68,2.769,217,High,27310.53
East,Mobile,Influencer,3,1993.11,0.975,530.16,33.57,47.44,683,525,4.2,2.894,185,Moderate,27675.33
East,Mobile,Social Media,6,229.56,0.897,622.16,30.34,53.24,1047,470,3.94,3.293,280,Moderate,29599.14
South,Tablet,Social Media,33,922.76,1.123,502.48,31.57,37.52,903,1119,4.1,2.236,262,Very High,19348.21
North,Mobile,Email,7,830.23,1.093,593.21,25.86,55.28,770,742,4.05,3.073,180,Very High,23345.91
North,Mobile,Search Ad,10,995.95,0.992,575.29,21.34,33.56,905,502,4.05,2.344,287,High,18679.82
South,Mobile,Email,7,111.03,0.961,663.16,22.98,59.77,1463,764,4.03,2.734,307,High,28067.83
East,Tablet,Social Media,35,2000.0,0.951,671.55,30.96,44.55,658,431,3.8,2.483,297,Moderate,18752.37
South,Mobile,Search Ad,3,1666.52,0.793,667.52,27.11,42.94,788,364,3.83,2.876,308,High,23343.75
South,Tablet,Search Ad,19,1100.35,1.028,601.89,29.68,39.72,784,580,3.93,3.039,201,Low,19452.74
West,Tablet,Social Media,9,943.4,1.062,712.93,39.28,54.79,687,195,3.77,2.9,301,High,30933.07
South,Tablet,Social Media,36,1362.85,1.011,510.2,31.28,65.2,969,1065,3.99,2.462,238,Very High,23027.72
East,Mobile,Search Ad,25,1495.56,0.993,554.26,32.26,42.88,1286,262,3.8,2.507,375,Moderate,18251.95
West,Mobile,Email,3,625.9,1.011,694.67,19.45,41.94,788,236,3.89,2.997,303,Low,23585.93
South,Tablet,Email,14,2000.0,0.932,587.15,40.16,37.18,492,134,3.85,2.723,275,Moderate,16536.96
East,Tablet,Influencer,11,1692.52,0.96,508.57,21.9,47.8,1313,299,3.97,2.79,354,High,14931.55
West,Tablet,Email,24,1193.16,0.987,720.46,27.29,52.04,775,397,4.08,2.545,217,High,29730.27
West,Mobile,Search Ad,16,858.72,1.056,698.05,36.86,52.1,366,505,3.96,2.783,282,Very High,30447.11
North,Mobile,Influencer,7,1148.27,1.11,725.14,32.99,62.07,1400,451,3.83,2.906,387,High,31608.61
West,Mobile,Social Media,9,749.03,0.982,632.03,37.84,70.4,1187,558,3.8,3.639,298,Very High,31442.96
East,Tablet,Social Media,17,582.48,0.916,753.67,33.16,64.92,1204,603,4.06,2.749,257,Very High,40000.0
South,Mobile,Search Ad,5,36.44,1.003,694.49,25.49,36.59,1276,130,3.83,3.133,231,Moderate,23142.89
East,Mobile,Influencer,1,308.28,1.161,773.61,32.9,65.08,1627,203,3.97,3.232,188,Very High,38797.23
West,Tablet,Influencer,25,2000.0,0.923,742.64,36.81,58.89,439,734,4.08,2.262,230,Very High,35517.89
East,Mobile,Search Ad,3,834.32,1.071,621.18,27.74,55.65,629,373,4.16,2.203,197,Very High,32263.86
South,Tablet,Email,36,808.27,1.107,563.85,40.3,47.16,597,792,3.8,3.227,234,Very High,23008.36
East,Mobile,Search Ad,14,863.68,0.971,510.49,29.41,59.06,709,280,3.86,2.854,241,Moderate,22262.77
South,Mobile,Social Media,1,500.23,0.944,659.17,27.66,45.95,896,162,3.93,3.091,309,High,27488.72
North,Mobile,Social Media,30,1246.87,1.046,682.26,34.11,55.91,718,1193,3.95,2.116,223,Very High,31865.82
North,Tablet,Email,6,2000.0,1.028,594.02,25.68,29.25,395,558,3.76,2.477,211,Low,12723.85
North,Mobile,Email,7,842.94,1.056,645.64,29.59,45.96,606,174,4.09,2.691,303,Moderate,23643.83
North,Mobile,Search Ad,9,1722.06,1.166,604.31,37.04,30.75,775,288,3.79,2.508,291,Moderate,15180.43
North,Tablet,Social Media,7,917.99,1.013,697.59,20.12,59.36,1072,313,3.83,2.271,233,Moderate,27154.9
East,Mobile,Social Media,5,1060.92,0.905,560.77,23.59,49.28,693,184,3.81,2.405,285,Low,21580.13
North,Mobile,Social Media,16,1243.91,1.005,550.96,34.25,54.56,1095,330,4.11,2.461,232,High,22864.99
South,Mobile,Influencer,13,632.16,1.019,637.66,29.98,69.49,477,484,3.95,2.83,235,High,31846.22
West,Mobile,Search Ad,6,1025.61,1.101,681.87,36.54,57.0,50,988,3.9,3.32,344,Very High,28347.92
East,Tablet,Social Media,23,610.14,0.984,528.72,32.43,34.43,701,899,3.89,2.359,239,High,19564.74
East,Mobile,Email,8,642.45,0.967,676.11,22.77,38.73,683,719,3.98,2.314,223,Very High,28793.15
North,Mobile,Social Media,11,1849.52,0.89,517.28,30.29,48.88,604,432,4.08,2.086,249,High,20345.09
North,Mobile,Influencer,12,1756.57,1.044,661.9,32.83,56.87,570,109,4.05,2.816,126,High,30727.79
North,Tablet,Search Ad,30,860.9,1.25,498.89,35.57,42.89,535,563,3.88,2.778,238,High,17001.16
North,Mobile,Search Ad,5,969.75,0.982,405.54,26.56,59.92,574,220,3.91,2.375,264,Very High,16446.98
South,Mobile,Search Ad,8,956.4,1.036,643.36,28.07,51.28,600,574,4.25,2.184,371,High,31442.56
North,Mobile,Social Media,15,928.33,0.956,614.2,27.9,58.58,466,937,4.18,2.481,254,Very High,27498.96
North,Mobile,Influencer,30,744.35,0.897,547.61,26.77,28.18,242,568,3.91,2.689,275,High,17148.0
North,Mobile,Search Ad,8,1430.81,1.035,583.15,22.13,55.3,219,156,3.68,2.51,269,Low,16661.97
East,Mobile,Email,5,696.45,1.002,628.67,30.85,83.16,1574,215,3.98,2.726,389,High,35033.23
North,Tablet,Email,27,386.64,0.809,557.05,24.0,58.44,722,606,3.86,2.766,310,High,22949.61
South,Mobile,Search Ad,12,1346.22,1.129,606.72,35.54,44.69,1302,194,3.83,2.786,158,Moderate,19470.99
East,Tablet,Influencer,22,1191.06,1.033,637.33,27.48,88.19,688,901,4.01,2.581,324,Very High,31656.47
East,Tablet,Social Media,29,611.38,1.006,574.87,25.15,51.43,698,540,3.97,2.811,189,High,23283.18
North,Mobile,Influencer,12,1299.33,0.966,623.96,28.12,62.1,949,1395,4.13,2.983,207,Very High,31389.7
West,Mobile,Search Ad,5,140.37,1.032,546.11,36.37,44.44,1046,132,3.84,3.132,167,High,29111.08
East,Mobile,Social Media,9,600.17,1.036,560.95,29.14,47.75,498,206,3.79,2.797,361,Moderate,19401.09
North,Tablet,Email,8,2000.0,1.032,540.62,31.17,12.99,630,257,3.84,2.069,322,Very Low,10306.58
West,Mobile,Email,2,1910.71,1.085,589.66,31.7,54.81,948,552,3.94,3.382,324,Moderate,22898.22
West,Mobile,Search Ad,11,933.24,1.104,562.34,25.45,41.73,299,294,3.71,2.202,312,Low,14189.09
North,Mobile,Email,10,492.2,1.16,503.09,39.54,40.43,1236,669,4.06,2.579,291,High,23429.32
South,Tablet,Social Media,13,1150.53,0.933,694.59,27.6,60.7,1048,271,3.9,1.828,228,High,29508.43
West,Tablet,Search Ad,9,645.4,0.954,705.81,21.57,45.57,130,685,3.96,2.389,261,Very High,31423.95
West,Mobile,Search Ad,7,330.69,1.029,600.27,23.7,50.24,605,215,3.93,3.806,216,High,23142.71
North,Tablet,Email,36,1016.21,0.938,605.67,31.95,61.0,770,651,4.03,3.03,195,Very High,28138.12
North,Mobile,Social Media,16,1883.33,0.951,594.03,34.63,59.85,1104,243,4.0,2.995,208,High,26144.49
South,Mobile,Social Media,13,226.44,1.038,698.34,23.94,54.29,1303,264,3.81,3.216,394,Moderate,24000.99
East,Tablet,Search Ad,17,229.18,1.072,737.1,42.0,56.48,555,397,4.03,3.707,224,High,36139.1
East,Mobile,Influencer,3,414.17,1.102,639.01,23.35,60.06,1538,190,3.93,3.289,310,High,26718.98
South,Mobile,Email,9,522.46,0.985,547.78,32.68,32.14,846,581,4.08,2.835,377,High,20349.1
East,Mobile,Influencer,7,580.21,1.037,683.08,19.39,61.03,795,510,4.11,3.499,296,Moderate,27169.74
West,Tablet,Search Ad,2,647.14,1.019,617.55,26.24,57.2,903,188,4.13,2.941,199,Moderate,27522.14
North,Tablet,Search Ad,6,733.38,1.001,569.12,29.42,48.15,830,1474,3.99,2.634,202,Very High,23639.43
South,Tablet,Search Ad,14,1399.15,0.935,661.48,23.42,43.97,814,1148,4.2,2.689,255,Very High,26782.95
East,Tablet,Social Media,12,409.73,0.925,692.07,33.16,54.86,1319,884,4.06,3.599,388,Very High,34658.51
West,Mobile,Email,5,880.07,1.053,534.5,33.57,51.09,932,347,4.05,2.833,336,High,25183.07
East,Mobile,Search Ad,3,1691.13,0.933,820.0,26.95,43.3,575,145,4.01,2.917,281,Low,26707.25
East,Mobile,Search Ad,8,1341.72,0.858,499.88,31.56,33.88,616,161,3.96,3.129,235,Low,18734.51
North,Mobile,Search Ad,20,1509.11,0.997,558.07,28.63,25.4,1287,204,3.76,3.704,272,Moderate,11710.37
South,Mobile,Social Media,6,824.63,1.116,644.86,37.84,58.22,1058,392,4.11,2.246,260,High,32256.97
East,Tablet,Influencer,7,352.96,0.78,820.0,29.84,78.62,289,350,4.08,3.34,259,High,40000.0
South,Mobile,Search Ad,6,1658.53,0.977,584.48,30.95,65.44,394,310,3.83,2.93,194,High,23780.55
South,Mobile,Email,7,1131.13,1.054,517.63,34.82,62.34,867,284,3.93,2.564,193,Moderate,21753.47
South,Mobile,Social Media,14,258.74,0.854,657.63,20.13,44.41,1039,249,3.8,3.063,268,Moderate,20284.56
North,Mobile,Search Ad,3,623.35,0.983,586.83,35.87,52.86,663,409,3.81,3.361,176,High,22594.74
South,Tablet,Search Ad,16,2000.0,0.909,690.22,28.88,47.08,253,277,4.05,2.257,209,High,29499.23
South,Mobile,Social Media,16,324.09,0.919,609.47,33.01,76.25,534,435,3.87,2.748,250,Very High,32416.83
South,Mobile,Influencer,5,724.42,0.968,590.36,32.65,74.81,1337,227,3.86,2.551,269,Moderate,30885.3
North,Tablet,Social Media,15,772.7,0.91,812.91,34.25,66.52,884,226,4.23,1.865,317,Very High,40000.0
West,Mobile,Social Media,30,1906.73,0.903,413.6,28.16,36.61,1150,906,3.95,2.389,170,High,14243.48
East,Mobile,Influencer,13,1253.14,0.995,816.19,25.74,21.27,1198,161,3.95,2.317,170,Very Low,25195.62
East,Mobile,Influencer,3,1809.8,1.178,757.48,42.0,49.37,678,240,4.09,2.617,329,Moderate,33724.04
West,Mobile,Search Ad,17,486.57,1.061,544.06,25.96,20.83,752,845,4.05,3.121,352,Moderate,18539.57
East,Tablet,Influencer,26,51.65,1.081,793.93,25.19,46.14,691,422,3.99,2.951,183,Moderate,30996.52
North,Tablet,Email,17,778.18,1.064,485.41,32.28,64.47,861,393,4.01,2.946,196,High,19199.63
East,Mobile,Influencer,3,995.43,0.944,745.55,28.76,46.93,1176,129,4.0,2.913,282,Moderate,28152.78
East,Tablet,Social Media,14,1766.42,1.025,480.25,26.32,33.35,1282,154,3.88,1.957,251,Very Low,8984.79
West,Mobile,Email,30,1127.93,1.088,511.14,38.98,31.11,1096,474,4.02,2.443,252,High,20694.18
South,Mobile,Social Media,14,590.34,1.066,529.12,37.53,86.26,1098,391,4.03,2.497,200,Very High,32105.36
North,Mobile,Social Media,15,1432.84,1.016,579.47,30.61,52.0,1419,148,3.93,2.833,293,Low,19222.51
South,Mobile,Social Media,6,898.17,1.042,628.69,27.74,67.14,801,300,4.23,2.689,233,High,32719.04
South,Mobile,Social Media,16,73.04,1.197,543.53,30.27,53.37,1205,260,3.91,3.329,231,Moderate,20118.64
East,Mobile,Email,4,836.43,1.067,433.49,28.73,10.91,1028,712,3.92,2.393,178,Low,3483.38
East,Tablet,Social Media,4,806.36,0.975,662.82,18.73,73.16,918,382,4.08,2.372,297,Very High,31462.85
South,Mobile,Search Ad,14,973.45,0.994,618.33,32.02,55.16,798,144,4.02,2.11,226,Moderate,30445.16
West,Mobile,Social Media,13,933.34,0.916,661.25,34.17,55.9,456,687,4.06,2.631,245,High,33499.04
East,Mobile,Social Media,2,1493.29,1.188,654.61,30.09,78.92,960,110,3.86,2.619,322,Very High,25030.67
South,Mobile,Search Ad,26,527.08,1.128,680.93,23.85,45.97,961,424,3.99,2.843,183,High,23971.91
North,Mobile,Influencer,3,593.74,1.007,650.02,25.68,56.72,693,158,3.99,2.901,243,Moderate,30568.3
North,Mobile,Search Ad,30,235.78,1.174,679.19,37.43,49.72,832,655,4.14,2.935,151,Very High,31439.45
South,Tablet,Social Media,15,270.12,1.051,551.89,21.51,63.01,484,244,4.08,3.193,216,Moderate,23207.79
North,Mobile,Search Ad,13,904.41,0.966,555.4,33.82,58.2,607,213,4.12,2.49,328,High,23483.89
North,Mobile,Email,3,432.64,1.073,697.6,25.81,51.4,721,353,3.85,2.865,152,Moderate,24582.48
South,Mobile,Email,5,874.98,1.032,705.7,28.81,35.31,475,1223,3.92,2.426,263,Very High,24345.94
North,Mobile,Social Media,25,1497.57,1.067,686.85,31.57,53.09,691,445,4.03,1.835,347,High,25010.04
West,Mobile,Influencer,22,1673.77,0.89,608.69,26.28,43.23,1067,373,4.09,2.448,282,High,21605.12
North,Tablet,Social Media,12,1413.05,0.935,561.52,35.83,68.55,1162,928,4.06,2.4,212,Very High,34604.08
East,Mobile,Email,6,372.7,1.119,692.44,32.66,28.99,1462,189,3.81,2.9,179,Low,23208.52
South,Mobile,Email,6,695.16,1.135,695.11,34.8,70.91,744,189,3.81,3.07,128,High,33745.01
West,Mobile,Influencer,17,923.07,1.113,658.22,38.1,79.19,1208,903,4.15,2.729,345,Very High,35291.35
North,Mobile,Search Ad,16,1429.13,1.177,811.79,35.89,47.8,957,444,3.96,2.872,222,Very High,32390.75
South,Mobile,Social Media,10,218.35,1.046,649.52,31.52,50.8,791,175,3.9,3.462,136,Moderate,23576.7
West,Tablet,Search Ad,22,744.59,1.041,520.81,27.14,34.93,857,618,4.07,2.6,185,High,18202.18
West,Mobile,Search Ad,6,1578.37,0.927,605.67,35.97,56.08,1180,512,3.99,2.653,181,Moderate,28528.62
West,Tablet,Search Ad,6,784.83,0.954,610.7,34.02,68.53,595,202,4.0,2.941,217,Very High,34658.79
South,Mobile,Social Media,2,1989.17,0.841,658.67,30.26,71.69,709,119,4.1,2.814,396,Very High,34773.73
North,Tablet,Influencer,15,976.65,0.974,764.49,27.76,58.71,621,282,4.24,2.842,305,Very High,34693.8
East,Mobile,Social Media,9,826.52,0.835,549.68,23.5,65.79,678,429,3.96,2.663,278,Moderate,25333.28
West,Tablet,Search Ad,17,1151.82,1.086,511.82,33.2,60.72,1088,470,3.9,2.375,322,High,24084.7
East,Mobile,Email,4,770.11,1.031,643.13,37.14,46.05,638,108,3.81,2.866,362,Low,22751.66
East,Tablet,Social Media,23,615.64,0.838,580.99,24.84,51.14,570,633,4.06,2.406,281,Very High,27973.69
South,Mobile,Social Media,15,77.49,0.985,803.59,32.79,83.55,950,521,3.94,3.421,337,Very High,38649.76
West,Mobile,Search Ad,4,1190.95,1.157,694.66,28.86,66.26,927,18,3.92,2.807,208,Moderate,23843.39
North,Mobile,Email,4,1348.95,0.99,565.65,26.79,58.04,741,235,3.94,2.71,195,High,26674.02
South,Tablet,Search Ad,22,1603.52,0.92,725.31,24.58,86.29,1228,490,4.26,2.331,184,High,37719.03
South,Mobile,Social Media,5,1655.29,0.857,702.85,25.14,63.94,677,177,4.13,2.909,266,Low,28416.94
East,Tablet,Search Ad,19,764.65,0.86,660.52,33.15,56.4,690,916,3.87,3.064,85,High,31916.87
South,Mobile,Influencer,10,933.89,1.043,653.77,33.66,78.66,301,271,4.22,2.3,330,Very High,36402.22
North,Mobile,Search Ad,5,228.68,0.965,631.67,27.08,75.01,772,119,3.86,2.818,217,Moderate,29050.65
East,Mobile,Search Ad,3,1618.58,0.972,460.37,26.04,33.22,476,308,3.94,2.755,299,Moderate,15455.44
South,Tablet,Search Ad,13,933.59,0.966,718.91,23.32,49.42,474,456,3.88,3.149,162,Moderate,23034.57
East,Tablet,Social Media,7,1745.56,0.989,371.52,28.07,29.5,173,1308,3.98,2.222,317,Very High,12586.13
North,Tablet,Influencer,12,1862.84,0.902,648.61,26.84,63.32,481,178,3.86,2.913,334,High,23154.29
East,Mobile,Social Media,9,1177.05,1.025,506.24,30.68,61.09,838,209,4.18,2.237,254,Very High,29539.37
East,Mobile,Search Ad,8,583.95,0.886,565.78,27.83,34.08,789,309,3.91,2.357,281,Moderate,21846.65
North,Tablet,Search Ad,34,668.41,0.94,601.78,31.14,63.7,620,1002,4.11,2.899,184,Very High,32119.77
South,Mobile,Social Media,22,549.41,1.081,524.34,35.25,45.73,766,454,3.84,2.99,251,High,21690.53
North,Tablet,Social Media,10,736.53,1.03,402.25,30.06,37.73,594,574,3.79,2.744,308,Low,9527.44
North,Tablet,Social Media,3,1935.24,1.055,667.14,35.66,72.86,730,44,3.94,2.968,229,High,31448.49
West,Tablet,Influencer,25,185.34,1.172,813.99,28.82,58.73,708,488,4.07,3.34,343,Very High,38319.48
South,Tablet,Influencer,17,2000.0,0.995,658.9,32.29,42.61,820,211,3.92,2.186,137,High,26550.49
West,Mobile,Search Ad,14,1818.21,1.002,709.75,39.54,65.84,802,965,4.2,2.539,228,Very High,40000.0
South,Mobile,Search Ad,12,1163.96,0.979,738.96,33.02,53.95,734,159,3.97,3.165,129,Moderate,27350.7
East,Tablet,Influencer,32,854.38,0.965,509.79,38.08,71.34,966,576,4.05,2.781,268,Very High,26001.6
West,Mobile,Email,9,738.45,0.919,557.66,26.52,52.51,1035,172,4.02,1.72,235,Moderate,23112.88
East,Tablet,Social Media,7,531.79,1.007,517.59,24.16,25.49,731,836,3.98,2.289,237,High,19951.2
East,Tablet,Search Ad,11,498.73,1.028,539.47,24.68,61.45,1087,446,4.12,3.415,294,High,26286.99
South,Tablet,Influencer,16,919.24,1.033,799.38,29.12,90.98,764,1151,4.23,2.294,230,Very High,40000.0
South,Tablet,Influencer,10,246.79,1.005,666.32,30.65,74.16,693,172,4.12,3.458,422,High,34959.35
West,Mobile,Social Media,7,1820.49,1.074,711.16,28.11,71.99,840,98,4.08,3.31,298,Very High,31443.3
West,Mobile,Email,3,907.01,1.002,594.44,28.1,40.56,908,210,4.09,2.504,250,High,25472.23
West,Mobile,Social Media,9,26.39,0.967,511.74,31.99,43.95,594,420,4.06,2.892,206,Moderate,22637.46
North,Mobile,Social Media,4,787.16,0.926,679.57,29.8,59.85,317,200,4.18,2.172,192,High,37888.2
West,Mobile,Social Media,9,1769.76,0.876,747.14,29.57,72.02,942,416,3.97,2.936,275,Very High,39326.47
West,Mobile,Search Ad,4,1649.71,1.117,654.68,32.41,63.33,1102,59,4.07,2.39,215,High,31935.88
North,Tablet,Email,17,744.48,0.944,633.51,23.92,38.67,450,501,3.79,2.656,309,Moderate,19400.69
North,Tablet,Influencer,36,1178.8,0.926,570.15,27.26,48.44,1051,534,4.1,2.192,243,High,25630.71
West,Mobile,Social Media,15,1551.8,0.967,698.69,22.76,36.6,383,339,3.94,2.541,243,Very Low,19787.41
East,Mobile,Search Ad,12,1329.79,0.978,729.94,31.19,63.15,698,340,4.11,2.326,255,High,35115.31
West,Tablet,Email,17,254.9,1.131,615.97,33.65,41.23,1235,261,4.14,2.358,239,High,24999.08
North,Mobile,Social Media,1,1672.09,0.974,501.04,32.01,45.76,963,694,4.09,2.293,265,Very High,23774.68
West,Mobile,Email,5,761.59,1.211,725.61,37.12,74.67,772,532,4.0,2.911,376,Very High,34724.7
North,Mobile,Influencer,4,1739.7,1.005,605.69,35.99,67.27,933,172,3.86,3.22,282,Moderate,24234.03
North,Mobile,Influencer,13,869.02,1.165,693.14,33.56,66.95,1207,418,4.08,2.557,274,Very High,34184.55
North,Mobile,Social Media,8,1108.41,1.072,708.62,31.62,69.69,441,65,3.95,2.697,297,High,29845.17
West,Tablet,Social Media,14,1578.68,1.029,729.1,36.4,79.63,1122,321,4.12,2.666,241,High,39710.97
East,Mobile,Influencer,3,146.59,1.126,502.22,24.53,30.6,718,232,3.84,3.949,188,Low,14287.1
East,Mobile,Social Media,19,1791.6,1.09,656.79,28.03,48.21,1065,319,3.85,2.402,61,Moderate,18967.34
South,Mobile,Email,9,205.92,1.051,586.61,27.43,40.22,682,621,3.95,2.743,121,Moderate,21470.3
West,Mobile,Search Ad,3,304.32,1.185,714.82,25.76,39.82,1348,132,3.98,3.146,294,Low,21773.75
South,Tablet,Influencer,16,844.85,0.96,698.28,29.62,58.43,731,286,4.0,2.788,271,Moderate,27945.8
West,Tablet,Email,10,1113.72,0.92,718.35,24.05,28.05,355,286,3.81,2.771,239,Low,21916.97
South,Tablet,Social Media,10,1044.69,0.946,674.18,30.15,68.93,876,485,4.25,1.997,394,Very High,39698.7
South,Mobile,Influencer,4,1225.33,1.14,664.02,28.37,53.26,1237,14,3.92,3.016,246,Moderate,20887.9
East,Tablet,Email,18,1599.64,1.116,628.7,38.38,50.81,1085,397,3.7,2.812,102,Low,24217.27
South,Tablet,Email,13,1457.15,0.958,731.95,22.87,49.17,767,215,4.06,2.802,295,Low,24230.65
West,Tablet,Search Ad,18,1227.03,0.812,516.24,29.04,51.77,976,572,4.0,3.193,320,Moderate,22409.68
East,Mobile,Influencer,22,518.65,0.984,726.89,30.29,31.36,738,481,3.92,2.194,293,Low,24371.69
South,Mobile,Social Media,10,750.59,0.919,574.3,30.95,58.52,1031,663,4.0,2.049,321,High,27894.27
West,Mobile,Influencer,2,299.65,0.96,582.19,29.99,53.18,965,206,3.94,3.39,139,Low,28046.8
South,Tablet,Search Ad,20,1553.51,0.916,709.05,31.43,59.16,50,691,4.23,1.777,254,Very High,39530.24
East,Mobile,Email,20,426.5,0.871,516.74,27.96,24.91,570,633,3.99,3.017,197,High,14973.94
West,Mobile,Influencer,7,732.0,1.151,689.27,35.22,68.42,920,617,4.08,2.394,280,Very High,36145.39
East,Tablet,Social Media,10,1738.23,0.945,607.13,32.52,71.47,788,549,4.01,2.769,342,High,36366.91
North,Tablet,Social Media,11,959.47,1.113,440.55,32.33,49.5,732,359,4.18,2.291,225,Moderate,18464.31
West,Tablet,Search Ad,11,1647.01,0.982,667.45,30.42,42.39,766,221,4.03,2.801,288,Low,25084.55
East,Mobile,Social Media,30,842.68,0.91,636.64,36.63,48.31,1210,806,4.14,2.179,194,High,33384.4
South,Tablet,Email,9,353.47,1.041,432.97,16.9,40.87,843,274,3.97,2.736,247,Very Low,11209.44
North,Mobile,Email,6,473.82,0.969,532.54,27.33,48.18,184,138,4.06,2.615,216,Moderate,15830.05
West,Mobile,Social Media,7,724.92,0.983,479.39,31.14,53.09,1425,672,4.06,2.645,360,Very High,26420.51
East,Mobile,Influencer,27,1198.34,1.012,727.9,31.4,63.22,307,426,3.97,2.774,181,High,35279.17
East,Mobile,Search Ad,13,621.16,0.935,717.7,28.9,56.19,1138,236,4.01,3.161,253,Low,29235.22
West,Mobile,Influencer,11,622.19,0.87,724.65,31.85,62.84,406,463,4.27,2.909,333,Very High,39054.47
West,Tablet,Social Media,19,2000.0,0.996,731.13,31.91,55.04,1153,805,4.06,2.766,127,Very High,30598.67
North,Mobile,Social Media,7,1727.64,1.077,604.58,34.1,64.76,779,596,4.19,2.8,275,Very High,29527.73
South,Tablet,Email,6,2000.0,0.928,665.75,23.62,49.76,851,258,4.1,2.672,255,Moderate,26104.19
South,Mobile,Email,11,1345.66,1.012,606.88,22.89,59.66,284,118,4.03,3.042,206,High,29505.97
West,Mobile,Social Media,17,1312.32,1.12,651.7,37.58,72.53,1072,498,4.24,2.609,323,High,34187.1
North,Mobile,Search Ad,30,783.54,0.993,686.83,29.69,55.99,981,663,3.76,2.625,354,Very High,27876.24
East,Mobile,Influencer,5,1199.48,1.007,763.43,24.84,71.21,1039,86,3.77,2.548,289,Low,26429.52
West,Mobile,Influencer,2,787.18,1.004,629.14,23.85,44.71,1135,710,4.21,2.906,230,High,25017.04
West,Mobile,Social Media,6,858.14,0.945,514.27,34.84,50.05,912,137,3.87,2.677,158,High,23212.49
South,Mobile,Influencer,16,792.91,0.921,645.45,31.94,64.6,799,363,4.02,3.307,259,Very High,33306.8
West,Mobile,Social Media,3,758.06,0.921,607.14,30.25,33.38,625,104,4.11,2.186,238,High,27892.41
North,Mobile,Email,7,229.58,1.029,605.82,29.71,50.32,731,804,4.05,3.553,242,Very High,27360.94
West,Tablet,Influencer,10,429.87,1.061,719.1,27.59,49.77,1090,170,4.15,2.896,217,High,33153.22
North,Mobile,Search Ad,5,208.39,1.064,444.42,33.46,31.48,617,255,3.86,3.391,212,Low,12146.22
South,Tablet,Email,8,2000.0,0.97,568.33,21.96,34.0,206,610,4.03,2.173,250,Moderate,16097.97
West,Tablet,Social Media,32,1404.43,1.087,561.79,29.33,51.26,454,425,3.99,2.014,172,High,19449.47
North,Tablet,Social Media,7,1770.22,1.025,747.02,22.06,40.69,916,75,4.09,3.105,312,Very Low,18473.73
South,Tablet,Search Ad,10,1537.82,1.006,610.16,30.41,60.27,652,118,3.93,2.545,201,Moderate,27516.29
West,Mobile,Social Media,9,248.35,0.78,572.43,29.15,54.39,1035,293,3.86,3.593,255,Moderate,24060.37
West,Tablet,Influencer,17,2000.0,0.935,730.06,27.2,87.65,160,321,4.0,2.42,228,Very High,37395.37
East,Tablet,Email,6,897.9,0.878,550.31,26.42,45.22,50,467,3.92,3.051,288,Moderate,23758.39
East,Mobile,Social Media,15,305.71,1.05,613.51,34.04,62.72,937,296,3.92,3.056,285,Very High,30110.28
East,Mobile,Social Media,5,175.94,1.008,757.0,22.43,47.41,1151,439,3.89,2.803,279,Low,29569.29
South,Mobile,Search Ad,3,945.86,0.914,756.71,30.02,40.25,364,2004,4.28,2.68,176,Very High,34590.44
South,Tablet,Social Media,5,415.86,1.024,584.56,20.97,58.39,893,659,4.2,3.341,236,High,30336.59
North,Tablet,Search Ad,6,660.74,0.886,592.95,33.06,34.89,1085,395,3.98,2.888,347,Moderate,24287.21
West,Mobile,Influencer,13,175.14,0.916,597.33,30.48,65.92,859,983,4.01,3.092,227,Very High,33208.73
East,Mobile,Influencer,12,920.24,0.943,509.18,23.17,73.75,1121,1506,4.1,1.968,313,Very High,28538.22
South,Mobile,Influencer,23,678.01,1.043,740.81,30.84,76.43,915,552,3.81,2.409,247,High,35255.06
East,Mobile,Influencer,6,1045.49,1.112,820.0,21.18,72.41,784,122,4.04,2.376,229,High,37024.2
West,Tablet,Search Ad,11,932.44,0.953,578.04,32.98,51.91,978,862,3.95,2.595,260,Very High,22151.85
North,Mobile,Influencer,8,887.25,1.106,597.18,42.0,55.8,1415,657,4.2,2.906,196,Very High,31540.86
East,Mobile,Social Media,26,1109.32,1.004,610.58,21.78,50.25,698,297,3.8,2.749,304,Moderate,18925.32
East,Mobile,Social Media,8,1978.19,1.019,658.32,22.3,46.68,835,827,3.95,1.948,195,Very High,23025.68
East,Tablet,Social Media,22,865.18,0.995,536.19,31.3,33.95,453,432,3.93,1.792,282,High,20299.06
North,Mobile,Social Media,2,1888.22,0.984,612.86,28.27,54.11,905,93,4.0,2.407,315,Low,20903.82
West,Tablet,Social Media,8,639.52,1.035,703.26,25.89,71.46,695,254,4.23,2.309,274,Very High,40000.0
West,Mobile,Influencer,15,155.8,1.059,656.62,21.51,40.98,1196,328,3.78,3.428,213,Low,20649.16
East,Mobile,Social Media,8,487.42,0.929,720.35,31.06,77.45,1272,339,4.0,2.142,260,Very High,40000.0
East,Mobile,Email,7,1061.4,0.985,630.53,33.7,62.79,1089,287,3.82,2.292,202,High,26458.94
West,Mobile,Search Ad,17,699.0,1.134,521.26,42.0,53.54,1164,399,4.08,2.753,235,Very High,26685.67
East,Mobile,Email,15,1875.18,1.014,573.17,37.24,50.65,656,289,3.88,3.201,216,Moderate,22118.76
North,Tablet,Email,8,989.09,1.023,619.63,21.45,40.63,463,510,3.95,1.998,201,High,23378.54
East,Tablet,Social Media,13,2000.0,1.093,562.19,31.28,52.76,867,117,3.93,2.43,287,Low,15750.98
East,Tablet,Social Media,16,843.03,0.96,526.36,32.34,44.87,746,1054,4.05,3.004,309,Very High,28230.26
South,Mobile,Social Media,10,715.68,0.997,528.37,26.36,49.73,1440,511,3.97,2.998,313,Moderate,17909.29
West,Tablet,Search Ad,9,2000.0,1.065,678.26,34.52,55.17,183,412,3.87,2.417,263,Moderate,27466.92
West,Mobile,Search Ad,10,1437.34,1.099,595.32,35.82,74.44,1040,233,4.03,3.035,339,Moderate,33907.39
West,Mobile,Social Media,17,933.59,0.811,723.13,37.25,68.48,1035,1189,4.02,2.652,206,Very High,39379.16
East,Mobile,Social Media,7,1341.72,0.941,565.8,33.27,50.21,639,44,4.03,2.86,328,Moderate,24657.15
North,Mobile,Social Media,3,1618.14,0.92,447.01,29.97,45.38,579,18,3.92,2.46,304,Low,13005.45
West,Tablet,Search Ad,9,510.54,0.99,593.78,24.93,37.59,642,604,3.84,2.864,250,Low,19668.07
West,Mobile,Email,10,1605.89,0.926,745.13,23.33,42.09,384,456,4.25,2.067,262,Very High,36127.46
North,Mobile,Email,1,1490.29,1.053,613.55,31.78,57.51,1283,61,4.15,2.353,312,Moderate,26092.47
West,Mobile,Search Ad,12,870.53,1.014,502.38,28.14,37.22,1643,437,4.24,2.378,289,High,21964.76
West,Mobile,Social Media,25,79.26,1.071,479.8,30.46,40.25,761,553,3.93,3.248,264,Moderate,19179.03
East,Mobile,Email,4,681.43,1.076,688.82,36.83,42.77,675,298,3.84,3.604,220,High,24754.74
East,Mobile,Social Media,6,319.32,1.054,550.43,35.42,43.37,480,365,4.05,4.011,191,High,24757.58
South,Tablet,Influencer,36,661.3,0.973,780.89,26.8,79.46,422,1892,4.36,2.262,255,Very High,40000.0
North,Tablet,Influencer,11,892.27,1.008,714.96,27.43,63.87,569,1396,4.15,3.063,177,Very High,34444.45
South,Mobile,Search Ad,5,1919.37,0.963,573.66,26.73,42.79,1211,1140,3.79,2.409,293,Very High,18159.73
West,Mobile,Social Media,16,74.79,0.891,703.02,29.45,58.42,1786,455,3.88,3.374,138,High,29522.45
North,Mobile,Search Ad,5,1949.38,1.076,561.97,20.07,46.89,650,127,3.98,2.424,267,Moderate,10833.97
South,Tablet,Influencer,5,1086.06,0.993,551.11,20.1,42.87,478,330,3.87,2.583,231,Moderate,16724.38
South,Mobile,Influencer,12,557.12,0.88,585.92,29.57,38.74,521,457,3.79,3.728,221,High,21950.94
East,Mobile,Social Media,17,1781.96,1.043,708.7,34.99,77.25,991,268,4.0,2.515,231,High,35543.85
West,Mobile,Influencer,4,1118.99,0.982,758.66,29.1,77.29,960,288,3.64,2.675,69,Moderate,29871.81
South,Mobile,Email,9,821.21,0.835,564.38,32.98,48.7,889,420,3.9,2.37,221,High,26122.64
South,Mobile,Social Media,6,702.0,0.89,473.98,30.07,59.86,731,767,3.99,2.388,194,Very High,27210.93
West,Tablet,Search Ad,13,468.96,0.944,478.78,35.22,69.45,1134,272,4.05,2.117,195,Moderate,29061.48
East,Mobile,Social Media,3,1339.85,1.017,552.07,35.97,46.11,1082,331,4.02,2.714,442,Moderate,24039.58
South,Mobile,Influencer,12,611.65,1.063,552.94,28.86,40.56,1069,352,3.99,2.729,162,Low,14191.98
East,Tablet,Email,22,1177.35,1.06,625.14,37.38,56.36,847,263,4.08,2.712,273,High,28890.38
North,Tablet,Search Ad,15,1336.78,1.048,777.46,31.74,37.96,685,246,3.91,2.709,199,Very Low,23523.7
North,Mobile,Influencer,12,220.95,0.997,711.52,39.68,65.78,653,201,3.82,3.077,191,Very High,37253.22
East,Mobile,Influencer,15,924.92,1.138,573.09,29.21,52.25,1011,328,3.98,2.434,164,Low,23602.88
South,Mobile,Email,9,541.23,1.056,534.36,31.54,50.8,983,168,3.84,2.818,318,Moderate,19347.44
West,Tablet,Social Media,23,692.43,1.018,583.29,25.48,45.27,904,1043,3.88,2.716,323,High,21380.67
South,Mobile,Search Ad,4,557.58,1.045,636.4,23.86,64.08,406,118,4.05,2.392,210,High,29656.48
East,Tablet,Email,10,1000.22,0.968,725.71,30.23,40.57,838,636,3.81,2.683,305,High,28057.87
East,Tablet,Influencer,5,2000.0,0.995,649.61,28.43,68.53,650,682,4.14,3.091,184,Very High,33260.05
North,Mobile,Influencer,18,364.74,0.833,774.13,30.95,57.0,605,433,3.84,3.952,223,Very High,35519.67
East,Mobile,Email,2,1249.65,0.969,773.81,30.96,59.78,1071,5,3.92,2.629,290,High,33965.58
North,Mobile,Email,11,542.18,1.141,561.94,31.3,30.02,911,426,3.86,2.491,186,Low,15955.25
West,Mobile,Email,4,641.15,1.012,562.05,27.51,41.84,1543,163,4.06,2.593,202,High,23914.06
North,Mobile,Influencer,22,1967.41,1.009,657.43,27.11,76.52,1000,278,4.1,2.978,250,High,25284.89
South,Tablet,Email,3,2000.0,1.08,627.0,26.03,46.16,654,230,3.85,2.74,250,Moderate,16437.69
North,Tablet,Social Media,6,992.78,1.029,601.19,27.3,68.24,709,235,3.98,2.788,181,Moderate,21140.98
West,Mobile,Social Media,1,1093.62,0.937,702.79,29.17,57.61,520,339,4.15,2.315,386,High,38799.66
East,Tablet,Search Ad,9,1555.09,1.002,503.31,31.67,38.11,1097,319,4.11,2.165,196,Moderate,22820.68
East,Mobile,Email,2,1168.22,0.909,560.93,31.4,45.43,951,479,3.81,3.05,307,Very High,25904.15
North,Mobile,Social Media,11,366.88,1.015,642.41,34.77,64.84,956,189,4.14,3.12,285,High,32383.72
West,Mobile,Influencer,7,1551.88,0.933,746.75,24.4,37.82,551,119,4.06,2.838,198,Moderate,29784.21
North,Mobile,Influencer,5,1593.26,1.074,820.0,30.24,74.32,1086,254,4.04,2.023,277,Very High,40000.0
West,Tablet,Search Ad,2,1556.45,0.959,524.12,22.43,30.81,469,579,3.94,3.333,196,Low,10371.75
North,Tablet,Email,6,1289.96,0.934,554.22,33.97,28.16,579,502,3.87,2.829,252,Low,14664.51
North,Mobile,Social Media,2,1568.87,0.991,461.2,25.85,53.15,896,303,3.82,2.143,299,High,17714.75
North,Mobile,Search Ad,6,608.16,1.029,517.59,34.86,63.61,692,351,4.04,2.967,213,High,25087.29
East,Mobile,Social Media,14,446.01,0.903,476.3,34.78,52.15,630,487,3.97,3.04,274,High,22413.94
East,Mobile,Influencer,10,581.4,0.958,614.09,31.87,41.1,845,227,3.98,2.675,212,Low,25996.04
North,Tablet,Search Ad,3,290.61,1.008,581.12,25.51,37.74,1033,329,3.99,2.99,259,Low,18080.57
West,Tablet,Email,15,790.0,1.107,632.94,31.89,41.13,1000,411,4.26,2.434,255,High,34391.83
East,Mobile,Influencer,17,1522.49,0.798,652.61,29.47,62.33,1065,300,4.14,2.535,225,Very High,37423.66
East,Mobile,Influencer,9,558.74,1.049,692.89,27.43,60.09,1001,760,4.11,1.988,134,High,33570.37
South,Mobile,Email,10,1687.93,0.969,624.26,29.06,51.83,722,575,3.74,3.135,296,High,23628.35
South,Mobile,Search Ad,2,969.75,0.96,531.67,37.48,60.58,1185,6,4.0,2.69,371,High,28125.35
East,Mobile,Social Media,8,833.54,0.946,491.44,24.23,51.54,357,1326,4.28,2.61,257,Very High,25123.6
North,Mobile,Social Media,14,1058.04,0.971,677.97,31.54,69.17,986,201,3.95,2.971,210,High,34782.18
North,Tablet,Email,22,88.71,1.05,711.67,31.02,46.36,984,372,4.22,3.038,261,Very High,34144.36
West,Tablet,Search Ad,10,1969.51,0.957,820.0,26.88,99.0,714,886,4.22,2.612,319,Very High,40000.0
West,Mobile,Influencer,11,1622.36,1.133,753.53,34.56,72.94,651,257,4.05,2.1,327,Very High,39236.39
South,Mobile,Search Ad,9,487.16,1.05,720.32,22.1,60.66,849,606,3.91,2.422,305,Very High,34755.08
South,Mobile,Email,7,615.52,1.016,628.46,35.89,70.34,640,219,4.18,2.554,276,Very High,36145.91
East,Mobile,Search Ad,14,697.79,0.987,632.51,36.18,52.9,1009,786,3.93,2.764,290,Very High,31039.75
South,Tablet,Social Media,36,2000.0,1.095,660.88,34.99,49.31,1014,892,3.96,2.818,255,Very High,24167.41
North,Mobile,Influencer,2,1289.57,1.107,662.91,26.46,76.38,990,189,3.79,3.289,189,Very High,29111.9
North,Mobile,Social Media,22,581.51,0.907,669.36,35.92,76.09,972,646,4.18,2.491,225,Very High,36638.12
East,Mobile,Email,4,1191.55,0.944,562.57,22.98,42.91,1080,939,4.09,2.714,228,High,20655.42
East,Tablet,Email,20,167.17,1.051,569.88,24.58,64.56,994,448,4.02,3.157,266,Very High,26597.94
North,Mobile,Search Ad,12,508.94,1.075,509.96,32.39,44.09,634,375,4.05,2.528,139,Moderate,20452.43
South,Mobile,Social Media,24,1940.64,0.976,688.69,39.91,72.45,414,607,4.13,2.485,280,Very High,38120.14
South,Mobile,Search Ad,12,102.32,0.941,518.52,30.36,64.7,941,321,3.96,2.904,123,Very High,27530.51
East,Tablet,Social Media,2,2000.0,1.006,654.7,23.63,55.52,1008,894,3.95,2.644,274,Very High,28891.25
North,Tablet,Social Media,12,2000.0,1.118,692.04,22.75,61.61,282,116,3.76,2.741,321,High,21390.56
North,Mobile,Social Media,2,1405.47,1.003,685.79,28.57,70.36,880,129,3.97,2.618,303,Moderate,30670.25
West,Tablet,Influencer,17,189.97,0.899,708.9,27.82,57.09,1067,594,3.86,2.638,192,Very High,37435.81
North,Tablet,Influencer,19,359.81,1.009,633.85,26.56,47.54,706,425,3.99,3.122,287,Low,22410.7
East,Tablet,Social Media,23,361.34,1.063,654.83,39.17,75.92,1181,400,4.02,2.829,292,Very High,37997.62
South,Tablet,Social Media,5,1455.37,0.992,601.09,26.74,56.68,1127,169,3.92,2.684,354,High,23552.91
North,Tablet,Email,24,1560.06,1.101,454.65,21.91,29.18,687,845,4.1,2.197,271,High,12195.07
South,Mobile,Search Ad,6,10.11,1.069,635.65,26.54,50.42,753,334,3.85,3.272,312,High,19300.94
West,Tablet,Social Media,10,1611.23,0.995,667.33,30.57,63.36,639,194,3.76,2.714,221,High,24708.54
West,Mobile,Influencer,7,867.67,1.003,743.15,31.19,43.93,899,436,3.94,2.473,195,Moderate,31953.71
West,Tablet,Influencer,15,375.73,0.853,649.24,25.32,67.77,400,485,3.94,3.293,302,High,28806.49
South,Mobile,Social Media,10,758.42,1.097,496.43,30.59,54.37,466,390,4.0,2.781,302,High,20384.26
East,Tablet,Social Media,25,322.46,0.974,607.76,18.0,72.07,81,479,3.93,3.182,209,High,29028.23
North,Tablet,Influencer,17,601.89,0.968,727.17,29.99,60.43,734,265,4.03,2.828,173,High,35502.6
South,Mobile,Influencer,1,802.8,0.956,698.74,26.49,78.92,1451,323,3.92,2.561,256,Very High,40000.0
West,Tablet,Email,18,2000.0,1.037,610.26,30.99,44.72,163,328,3.83,2.909,251,Moderate,19206.65
North,Mobile,Social Media,6,1525.45,0.91,508.48,31.54,51.68,807,189,4.03,2.614,263,High,22179.55
North,Tablet,Social Media,4,831.41,0.921,544.21,33.43,55.66,678,163,3.95,2.335,303,High,27017.37
North,Mobile,Social Media,2,1146.49,0.996,671.4,23.58,82.19,816,64,3.87,2.461,312,High,28703.31
North,Mobile,Email,8,1636.92,0.95,480.8,22.97,21.11,1224,490,3.8,3.198,248,Very Low,3588.6
North,Tablet,Email,22,974.97,1.027,573.99,27.59,49.15,482,487,3.94,3.244,186,Very High,19031.93
East,Mobile,Search Ad,7,1096.45,0.953,620.2,25.58,48.78,296,76,3.8,3.04,203,Low,22332.05
South,Tablet,Social Media,3,1245.94,1.128,727.41,25.41,57.64,585,9,3.91,2.509,211,High,30646.36
West,Mobile,Email,14,1269.18,1.055,655.08,40.24,57.48,666,199,3.94,3.192,241,High,27132.14
West,Mobile,Social Media,11,1119.81,1.054,709.66,33.22,73.77,213,279,3.91,2.927,216,Very High,33763.89
South,Mobile,Influencer,12,1066.18,0.952,690.6,40.02,71.35,931,373,4.1,2.697,233,High,38321.81
South,Mobile,Influencer,5,652.94,1.192,589.73,31.38,73.54,516,143,3.88,3.379,253,Very High,28696.19
South,Mobile,Social Media,5,1174.52,0.965,584.75,23.04,47.66,836,179,4.09,2.286,208,High,22072.13
East,Mobile,Social Media,9,289.29,0.943,539.75,22.58,48.14,755,169,3.92,3.477,268,High,21493.72
South,Mobile,Influencer,15,1855.03,1.057,731.07,38.32,52.78,549,151,3.87,2.456,361,Moderate,29523.5
East,Mobile,Social Media,2,535.36,1.016,564.26,22.69,75.68,1118,621,4.13,2.347,238,Very High,33131.56
South,Tablet,Social Media,15,324.49,0.935,583.62,28.99,50.11,658,521,3.99,4.068,206,High,28418.54
East,Tablet,Social Media,7,1733.65,1.176,647.94,28.48,51.43,756,469,4.08,2.77,267,High,26251.41
South,Mobile,Email,8,620.33,1.078,722.95,27.29,57.22,1030,192,3.73,3.486,199,High,23842.98
South,Tablet,Social Media,3,1488.51,1.0,693.32,33.97,73.26,824,105,4.06,2.798,239,Very High,34347.34
West,Mobile,Influencer,4,722.42,1.192,597.06,28.28,47.95,902,252,3.89,2.868,206,Low,23065.56
West,Tablet,Search Ad,11,2000.0,1.065,649.15,26.84,65.31,501,392,4.02,2.417,182,High,31302.84
North,Tablet,Social Media,14,852.12,0.999,758.85,28.63,56.38,417,422,3.98,3.006,194,High,31958.52
West,Tablet,Influencer,8,28.83,1.183,692.85,24.9,78.91,786,360,4.2,3.019,207,Very High,39325.94
East,Mobile,Email,4,836.88,1.053,468.55,42.0,34.97,581,136,3.68,2.902,183,High,17795.82
West,Tablet,Social Media,12,1331.97,1.049,564.08,33.96,62.61,970,284,4.19,2.426,327,Very High,30816.36
West,Mobile,Search Ad,2,1976.84,0.969,557.14,25.41,45.9,822,470,4.06,2.573,275,Moderate,17303.73
South,Tablet,Search Ad,33,2000.0,1.004,752.26,30.06,40.79,928,555,3.99,2.666,306,High,26777.56
North,Mobile,Email,12,1285.51,0.967,706.78,20.06,28.17,574,166,3.72,2.889,164,Very Low,17259.9
South,Mobile,Social Media,4,1319.72,1.115,587.03,31.91,43.85,529,157,3.73,2.821,230,Low,16996.72
East,Tablet,Search Ad,15,1665.55,0.871,577.92,25.46,59.2,1227,534,3.95,2.14,274,Moderate,23115.98
East,Tablet,Search Ad,17,133.08,1.109,599.5,29.5,23.14,697,285,3.97,3.361,350,Very Low,15194.6
South,Mobile,Search Ad,6,199.61,0.93,603.36,16.25,49.2,1125,355,3.97,3.128,201,Low,21202.77
North,Tablet,Social Media,6,1049.89,0.995,554.11,27.45,53.99,331,1053,4.13,1.398,168,Very High,31047.71
West,Mobile,Email,14,267.57,0.976,563.96,36.01,22.75,778,342,3.72,2.79,260,Low,18098.79
West,Tablet,Social Media,6,538.77,0.958,503.56,27.85,38.26,1118,124,3.92,2.54,206,Low,14794.17
East,Mobile,Email,17,625.06,1.055,693.54,29.69,38.3,406,525,4.09,3.035,354,High,31092.03
North,Mobile,Influencer,11,1685.22,1.0,539.25,29.88,55.48,1520,106,4.13,2.772,282,Moderate,23426.01
South,Mobile,Social Media,12,1651.19,0.947,502.61,29.84,68.2,919,164,3.84,2.521,230,High,21268.38
North,Mobile,Social Media,3,1484.25,1.012,675.46,39.5,73.59,623,10,3.94,2.625,230,Moderate,31030.93
West,Mobile,Search Ad,7,1689.98,0.944,531.23,27.6,40.11,962,96,3.87,3.128,240,Very Low,12649.89
North,Mobile,Social Media,8,260.68,0.957,573.66,20.42,38.91,1182,677,3.9,3.004,135,High,21640.53
East,Mobile,Social Media,10,740.0,0.88,629.33,29.91,34.6,621,532,4.06,2.228,251,Moderate,22194.39
South,Tablet,Influencer,20,844.3,0.964,715.6,31.08,58.14,542,397,4.34,2.72,218,Very High,39114.29
East,Tablet,Influencer,21,394.1,1.04,633.98,30.09,47.43,812,929,3.9,3.611,287,High,26110.9
East,Mobile,Search Ad,11,834.87,1.003,753.7,33.76,56.06,994,478,4.05,2.403,192,High,36127.08
West,Mobile,Email,9,1696.95,1.145,615.3,41.9,48.6,802,234,3.99,2.828,290,Moderate,22490.39
North,Mobile,Search Ad,9,735.57,1.209,704.45,29.14,46.84,977,168,3.98,2.65,282,Low,19819.05
North,Mobile,Search Ad,4,1048.2,0.963,638.34,25.29,43.06,1108,375,4.11,2.366,258,Moderate,29393.07
North,Tablet,Email,7,1902.43,0.933,790.35,18.49,40.88,790,176,3.97,3.08,326,Low,23014.5
West,Mobile,Social Media,10,93.79,1.09,694.73,32.61,51.89,659,261,3.71,3.121,131,Moderate,31340.93
West,Mobile,Influencer,5,845.26,1.027,665.07,24.46,77.6,854,195,3.85,3.02,276,High,32812.19
East,Mobile,Email,4,1209.8,1.091,654.92,35.68,55.35,1369,10,3.81,2.807,245,Low,24380.42
East,Mobile,Search Ad,12,821.29,1.032,590.2,27.7,54.38,957,564,3.92,2.646,243,High,24956.3
East,Tablet,Social Media,5,662.65,0.984,600.91,36.03,68.44,1100,144,3.97,2.477,187,Very High,36876.93
North,Tablet,Social Media,36,591.03,0.985,516.73,25.81,60.65,591,678,4.01,2.298,160,High,24423.22
West,Mobile,Email,12,909.68,1.035,533.35,35.27,61.56,936,189,3.76,2.731,303,Moderate,23132.36
South,Mobile,Influencer,4,126.5,0.983,810.66,30.24,74.76,1090,365,3.84,3.083,297,Very High,40000.0
South,Tablet,Social Media,36,2000.0,1.098,555.68,38.11,56.5,1174,521,3.75,2.857,360,High,21048.65
East,Tablet,Search Ad,12,398.81,0.896,549.33,20.07,35.82,1096,463,3.76,2.899,370,High,18994.16
North,Mobile,Search Ad,4,925.89,1.097,605.87,33.88,39.2,535,114,4.03,2.576,152,Low,20124.52
North,Mobile,Search Ad,5,258.99,0.85,593.87,26.53,58.78,1194,187,3.94,3.334,238,Low,25233.18
West,Mobile,Influencer,12,1815.81,1.012,713.65,21.01,58.71,1349,137,3.85,2.519,264,Moderate,23399.57
North,Mobile,Search Ad,1,47.51,0.974,556.52,32.97,29.76,693,343,3.69,3.626,308,Moderate,16610.88
East,Mobile,Social Media,1,650.17,0.879,657.93,26.45,27.96,601,84,3.76,3.115,336,Very Low,19599.05
South,Mobile,Influencer,9,1490.32,0.835,767.18,37.03,94.97,853,337,4.15,2.122,184,Very High,40000.0
South,Mobile,Search Ad,8,892.56,0.912,713.97,29.1,40.62,912,177,3.98,2.399,214,High,32399.02
South,Mobile,Social Media,9,543.69,1.004,598.56,34.53,45.84,758,952,4.0,2.181,333,Very High,27997.17
South,Tablet,Email,5,689.38,0.952,642.07,23.1,60.49,396,251,3.95,2.833,144,High,23522.09
East,Mobile,Influencer,11,1585.25,0.917,586.18,31.05,41.52,1287,130,3.71,2.898,181,Moderate,21703.08
South,Mobile,Social Media,18,1589.94,1.108,585.24,34.46,61.05,611,188,3.88,2.174,275,Low,21074.63
East,Mobile,Search Ad,8,873.65,0.901,518.32,27.82,67.96,713,248,4.07,2.373,375,High,27864.44
East,Mobile,Social Media,2,360.92,1.054,612.28,23.51,79.78,892,686,4.0,3.258,144,Very High,30380.63
East,Tablet,Email,6,126.45,0.929,512.04,9.25,28.97,313,155,4.09,3.127,252,Low,9362.55
West,Mobile,Search Ad,6,1720.03,0.91,509.19,24.85,42.88,411,470,4.11,2.997,282,Moderate,16907.84
West,Mobile,Email,6,1773.01,0.952,586.13,32.58,39.51,735,183,3.87,2.338,339,Low,20618.06
South,Tablet,Social Media,9,1711.1,1.05,507.36,21.14,46.68,979,523,3.95,2.682,276,Moderate,14259.33
North,Mobile,Search Ad,1,1699.38,0.89,736.56,22.24,69.41,915,553,4.31,2.082,134,Very High,36804.4
South,Tablet,Social Media,29,1039.21,1.023,586.26,24.55,33.22,143,2024,4.23,2.528,168,Very High,19523.48
East,Mobile,Search Ad,24,1414.14,0.923,702.94,33.36,62.56,1263,268,4.0,2.587,333,High,35648.8
North,Mobile,Influencer,10,1809.09,0.938,643.43,25.33,55.67,1091,526,4.03,2.724,275,High,25421.62
East,Mobile,Search Ad,10,625.71,1.032,511.17,35.9,64.01,915,180,4.0,2.507,178,High,32041.47
East,Mobile,Email,7,854.78,1.174,690.85,35.43,67.27,908,230,4.0,2.917,279,Very High,34520.87
South,Tablet,Email,9,993.68,0.927,606.96,29.12,39.33,935,439,3.82,2.526,267,High,26116.74
West,Tablet,Search Ad,36,795.89,1.058,761.46,37.0,56.35,1415,638,3.97,2.316,93,High,32802.66
North,Mobile,Influencer,2,1740.03,0.975,643.96,24.55,69.62,1115,217,3.83,2.848,118,Moderate,21119.21
North,Mobile,Influencer,28,317.35,0.962,614.39,26.23,69.94,946,1324,4.22,3.645,267,Very High,30661.8
West,Tablet,Influencer,3,1206.67,1.086,749.93,33.1,33.03,384,474,3.92,2.174,374,High,31906.07
East,Tablet,Social Media,7,890.81,0.933,708.54,32.33,70.66,788,251,4.1,2.179,264,Very High,40000.0
East,Mobile,Social Media,3,1761.9,0.908,659.04,32.05,78.2,1084,253,3.87,2.822,96,High,32866.84
South,Mobile,Social Media,8,490.76,1.037,820.0,27.09,65.97,827,150,4.16,2.933,148,Moderate,40000.0
South,Mobile,Email,13,454.79,1.128,565.56,30.88,55.61,708,365,4.14,2.659,287,High,26784.99
West,Tablet,Email,7,205.79,1.06,480.97,22.6,53.76,901,387,3.79,3.084,294,High,18042.96
West,Mobile,Influencer,3,1993.44,0.887,606.65,32.38,61.41,573,347,3.94,2.839,236,High,27867.22
East,Mobile,Social Media,3,475.23,0.951,596.48,18.73,60.83,1112,725,3.99,2.838,218,Very High,26249.88
South,Tablet,Social Media,9,722.06,1.078,745.39,19.6,57.36,614,241,3.8,2.552,297,Low,25588.2
East,Mobile,Email,9,397.6,1.126,571.84,19.1,39.56,244,799,3.96,3.467,317,Moderate,18615.04
South,Mobile,Influencer,24,1903.61,1.018,810.16,21.61,56.07,728,551,4.07,2.589,291,High,33058.42
North,Mobile,Search Ad,5,164.95,0.954,631.38,32.69,52.97,843,123,3.89,2.615,189,Low,25528.56
West,Mobile,Search Ad,23,1541.88,1.132,713.59,38.57,80.6,1020,370,3.84,2.715,304,Very High,34256.69
North,Mobile,Influencer,10,871.14,0.994,693.14,23.81,48.29,987,341,4.06,2.409,226,Moderate,25493.0
West,Mobile,Social Media,3,577.42,0.952,651.04,28.01,63.32,486,198,3.89,3.184,211,Moderate,31038.47
South,Mobile,Search Ad,7,1213.42,0.938,679.91,36.59,58.17,895,79,3.87,2.276,208,Low,25865.21
North,Mobile,Email,2,627.63,0.904,546.47,30.86,61.56,705,289,4.19,2.348,249,High,28258.66
East,Tablet,Email,8,1730.44,1.227,571.61,41.01,67.98,636,96,4.03,2.719,283,Moderate,17352.64
West,Tablet,Influencer,15,516.7,1.114,682.33,31.13,49.57,451,910,3.94,3.539,123,High,26189.71
West,Mobile,Search Ad,8,1918.73,0.947,790.5,26.16,48.59,845,617,3.85,3.439,203,Low,24215.89
West,Mobile,Social Media,12,1535.14,1.139,518.51,27.25,42.37,1768,285,4.06,2.592,219,Low,14620.95
East,Mobile,Social Media,7,1502.83,1.043,478.73,29.38,41.63,1398,64,4.02,2.758,312,High,15339.21
East,Mobile,Search Ad,3,19.6,1.038,572.33,30.22,42.2,570,301,3.88,3.445,194,Moderate,19711.88
West,Mobile,Email,20,643.94,0.943,674.63,32.1,53.02,879,531,3.85,2.401,227,Very High,33590.59
South,Tablet,Social Media,6,2000.0,0.959,656.11,25.79,43.84,649,646,4.03,2.633,298,High,23193.38
East,Mobile,Social Media,6,1282.84,0.997,542.68,35.36,43.24,901,52,3.99,3.132,250,High,19269.49
South,Mobile,Social Media,10,54.35,0.843,615.52,29.44,43.82,1126,490,3.92,3.256,343,Low,21950.5
West,Mobile,Influencer,6,753.85,0.961,520.95,28.51,59.99,822,344,3.86,3.43,239,High,21404.68
West,Tablet,Social Media,4,886.21,1.0,677.81,23.39,54.38,533,142,3.96,2.522,365,Moderate,28031.85
North,Mobile,Email,9,1502.0,1.105,586.32,30.85,41.05,1195,104,3.97,2.64,376,Moderate,19199.31
East,Tablet,Search Ad,13,763.37,0.951,603.23,31.2,38.1,382,528,3.9,2.692,276,Moderate,20247.87
West,Mobile,Influencer,6,580.33,1.065,689.94,27.68,40.1,915,228,3.96,2.223,274,Low,26653.63
North,Tablet,Social Media,19,369.03,0.835,632.57,20.75,73.65,309,2989,4.39,3.264,283,Very High,38619.83
East,Tablet,Email,12,1027.75,1.093,557.31,28.76,38.54,442,812,4.13,2.442,299,Moderate,23217.91
West,Mobile,Social Media,6,387.48,0.928,699.21,25.83,92.09,1076,346,4.02,3.226,256,Very High,40000.0
North,Mobile,Search Ad,9,1164.12,1.01,682.37,36.44,64.12,663,355,3.87,2.532,320,Moderate,30100.17
East,Mobile,Search Ad,6,176.52,1.033,454.94,20.28,63.09,316,160,3.97,3.775,279,High,18549.7
South,Mobile,Influencer,12,1646.16,1.017,660.8,31.29,73.57,650,732,4.28,2.885,334,Very High,38106.35
West,Tablet,Influencer,23,830.94,0.991,574.86,29.25,58.28,499,488,3.79,2.817,158,Moderate,23695.63
West,Tablet,Search Ad,22,543.25,0.901,503.51,29.32,36.26,374,510,3.68,2.446,261,High,16421.33
West,Tablet,Search Ad,20,688.47,0.929,650.96,37.8,40.34,900,858,3.99,2.917,311,High,29541.17
East,Tablet,Social Media,10,1345.09,1.08,604.05,31.21,68.64,291,82,3.94,3.071,177,Very High,27477.92
West,Mobile,Email,19,1484.47,0.952,599.24,26.85,47.09,689,379,3.94,2.367,275,Low,19430.3
West,Mobile,Influencer,9,679.65,0.992,604.38,34.06,66.91,899,424,3.99,2.607,286,Very High,36138.08
South,Tablet,Social Media,7,411.29,0.881,646.66,28.84,65.93,641,173,4.11,3.1,355,Moderate,32180.83
West,Mobile,Email,6,1189.7,1.069,658.44,26.57,50.86,743,52,3.93,3.079,227,Low,20606.92
North,Tablet,Search Ad,12,1682.09,0.894,803.63,22.7,49.55,530,318,4.06,2.555,261,Moderate,32275.26
East,Mobile,Social Media,6,800.11,1.073,611.12,33.63,68.24,507,334,3.72,3.183,214,High,29528.1
South,Mobile,Search Ad,23,1284.66,0.915,505.39,31.98,42.28,675,348,3.89,2.456,239,Moderate,15480.81
North,Tablet,Search Ad,26,792.89,1.081,570.13,31.33,48.77,931,951,3.94,2.323,348,Very High,26753.57
North,Mobile,Social Media,5,793.46,1.001,693.22,34.18,68.25,734,200,3.72,3.487,246,Very High,33260.84
East,Tablet,Influencer,30,338.5,0.955,588.64,25.94,55.15,788,603,4.02,2.677,204,High,25454.26
South,Tablet,Social Media,14,743.77,1.128,505.79,33.63,26.7,1064,266,3.89,2.464,237,Low,16706.81
West,Tablet,Social Media,20,2000.0,0.994,591.85,35.97,68.39,914,203,3.94,2.967,216,High,24696.3
North,Tablet,Search Ad,10,244.79,0.971,555.72,23.6,61.09,370,315,3.98,2.978,221,High,23923.72
South,Mobile,Search Ad,17,1607.49,1.073,541.75,24.41,20.57,990,374,3.91,2.518,215,Very Low,5487.3
East,Tablet,Search Ad,11,1948.53,0.882,653.27,26.46,36.4,1044,497,4.07,2.532,217,High,23091.53
West,Mobile,Social Media,13,178.94,0.798,605.61,28.29,79.64,691,363,4.12,2.311,174,Very High,40000.0
South,Mobile,Search Ad,16,319.35,1.093,663.2,35.4,55.93,400,323,4.02,3.528,252,High,29506.05
East,Mobile,Email,6,1222.28,0.933,569.22,26.47,42.23,732,292,4.22,2.558,187,High,22765.78
West,Mobile,Influencer,2,780.69,1.069,704.82,39.48,59.39,915,198,3.89,2.443,319,Very High,35532.21
East,Mobile,Social Media,9,389.59,1.004,577.19,20.13,36.37,1032,222,3.76,2.717,229,Moderate,15591.38
South,Mobile,Search Ad,17,925.69,0.907,523.0,31.88,43.09,709,919,4.16,2.06,273,Very High,26670.96
North,Mobile,Email,1,668.03,1.049,549.26,26.98,54.1,270,267,4.19,1.959,273,High,31147.75
West,Tablet,Social Media,9,1739.3,0.967,516.8,34.86,50.97,370,131,3.87,2.821,134,Moderate,21208.75
North,Mobile,Social Media,4,1174.07,0.914,776.89,21.35,67.03,964,319,4.17,2.614,231,High,36144.29
West,Tablet,Influencer,15,1014.76,0.916,676.72,31.33,84.34,1317,675,4.03,2.843,355,Very High,40000.0
East,Tablet,Search Ad,9,759.76,0.861,546.08,26.9,37.72,734,546,4.03,2.885,200,High,22311.14
West,Tablet,Influencer,4,2000.0,1.032,656.79,34.87,65.42,1121,264,4.07,2.821,389,Very High,36600.34
West,Mobile,Social Media,12,51.32,0.925,413.09,23.02,56.25,553,389,3.91,3.751,282,Low,14188.03
West,Tablet,Social Media,10,465.35,0.997,732.99,27.38,46.68,552,581,4.21,3.421,280,High,33141.75
South,Mobile,Email,4,1905.79,0.985,726.85,24.53,51.05,181,353,4.21,2.838,263,Moderate,27169.45
West,Tablet,Influencer,3,1363.98,0.925,681.61,27.98,85.01,847,233,3.92,2.789,313,Very High,37043.79
South,Mobile,Social Media,2,39.33,0.878,634.42,23.51,48.87,601,364,3.99,3.409,316,Moderate,26110.82
East,Tablet,Influencer,11,181.44,1.203,545.58,26.05,67.89,914,224,4.11,2.929,247,High,27923.02
East,Tablet,Influencer,7,944.93,0.996,568.19,17.82,50.88,594,130,3.72,2.769,221,Low,15417.43
West,Mobile,Influencer,9,56.83,1.146,508.47,31.19,77.17,1446,897,4.11,3.675,160,Very High,30366.61
West,Mobile,Search Ad,9,1714.6,1.093,617.84,26.71,27.05,1380,835,3.77,2.616,298,Moderate,11963.78
West,Tablet,Search Ad,4,231.15,0.974,682.97,18.64,49.96,72,522,4.07,2.88,252,High,31766.23
South,Mobile,Search Ad,2,105.06,1.014,564.65,17.58,24.27,1031,194,3.89,3.1,196,Very Low,14391.19
South,Tablet,Email,15,503.58,1.012,616.89,23.92,34.51,524,266,3.87,2.549,212,Moderate,20039.8
West,Mobile,Search Ad,14,982.35,1.148,692.92,35.52,45.1,1048,252,3.76,2.655,244,Low,24820.52
South,Mobile,Email,10,682.44,1.066,463.09,34.56,36.21,470,523,3.88,2.819,187,High,15008.91
North,Tablet,Social Media,16,554.55,0.935,767.85,32.7,46.42,1158,346,4.02,2.732,251,High,37217.06
South,Tablet,Email,10,1793.66,1.028,710.05,23.17,46.67,1039,525,3.98,2.983,148,Moderate,23452.52
South,Tablet,Email,29,629.45,1.064,632.96,35.29,53.51,330,701,4.16,3.304,215,High,25056.08
South,Mobile,Social Media,6,617.81,0.906,695.52,26.0,36.82,807,390,4.08,2.465,176,Low,29006.81
South,Tablet,Social Media,4,868.05,1.04,704.78,31.99,50.58,787,834,4.16,2.515,260,High,35098.74
North,Mobile,Search Ad,7,26.21,1.108,616.99,30.89,82.61,1069,751,4.03,2.486,187,Very High,38719.52
North,Mobile,Email,8,833.28,0.931,710.59,26.16,52.74,857,484,4.03,2.177,213,Very High,35658.42
West,Tablet,Search Ad,3,825.34,0.942,574.94,32.24,24.43,968,138,3.76,2.767,388,Low,20883.19
South,Mobile,Email,5,907.47,1.093,634.91,33.94,29.03,839,883,3.83,2.931,302,Moderate,20852.05
South,Mobile,Search Ad,3,274.97,0.972,704.78,18.6,53.02,1037,148,4.09,3.259,285,Moderate,29531.28
East,Mobile,Search Ad,11,941.36,0.921,398.41,21.62,38.45,463,303,3.79,3.013,328,Moderate,7237.88
South,Tablet,Search Ad,8,871.35,1.071,647.21,23.7,41.28,732,627,3.82,3.216,280,Very High,22217.3
West,Mobile,Search Ad,5,42.66,1.046,651.91,34.15,80.57,1194,166,4.04,3.719,161,High,40000.0
West,Tablet,Social Media,36,381.46,1.008,479.72,24.9,80.76,1149,757,4.06,3.023,166,Very High,22815.13
North,Mobile,Search Ad,21,1736.24,1.09,653.74,42.0,50.9,910,383,3.95,2.404,80,High,27284.2
South,Tablet,Social Media,5,1014.45,1.096,566.82,24.56,61.89,711,374,4.28,2.683,261,High,27526.04
West,Tablet,Social Media,35,213.99,0.993,644.45,23.93,65.86,1137,1348,4.01,3.47,182,Very High,31668.15
West,Mobile,Search Ad,7,1269.17,1.158,613.32,36.16,64.61,831,507,4.08,2.642,213,Very High,31923.8
East,Mobile,Email,9,188.85,1.127,506.45,33.75,33.08,1192,246,3.92,3.143,228,Low,18547.69
East,Mobile,Search Ad,28,1515.96,0.841,715.12,35.82,80.58,829,313,4.16,2.362,210,High,38625.71
North,Mobile,Search Ad,27,1400.59,0.918,590.34,36.24,48.98,872,1240,3.98,2.649,246,Very High,27203.09
West,Tablet,Social Media,9,1969.16,0.82,672.92,24.11,60.68,420,314,3.96,2.92,230,Very High,31340.8
South,Mobile,Email,5,1398.94,0.974,713.9,33.07,50.57,498,73,3.95,2.451,224,Low,26596.67
West,Tablet,Email,7,162.24,0.903,508.23,25.96,37.48,1024,400,3.77,3.031,152,Moderate,17346.75
East,Mobile,Influencer,8,1224.02,0.935,670.57,27.61,63.69,1360,68,3.75,3.035,263,Moderate,29103.16
East,Mobile,Search Ad,2,280.07,1.087,559.54,28.33,30.86,891,122,3.89,2.93,383,Low,18615.42
East,Tablet,Email,13,630.88,0.86,570.1,34.14,18.75,692,476,4.06,2.661,265,High,25813.97
South,Mobile,Social Media,5,1245.65,1.01,807.89,30.86,60.38,1157,164,3.93,2.733,389,High,37561.1
North,Mobile,Search Ad,15,938.18,1.01,650.18,19.91,36.55,958,330,3.91,2.713,213,Moderate,17250.54
South,Mobile,Influencer,3,1333.75,0.993,697.43,33.0,69.9,164,294,4.15,2.32,232,Very High,37194.78
North,Mobile,Email,5,205.1,1.01,624.44,29.97,51.29,1148,664,3.99,3.764,247,High,25529.99
West,Mobile,Social Media,21,634.44,0.821,656.38,29.88,56.24,472,610,4.11,2.712,237,Very High,36499.47
South,Mobile,Influencer,10,304.79,0.935,503.64,27.38,71.75,857,334,4.34,2.732,320,Very High,32609.28
North,Tablet,Email,36,1256.19,1.123,789.38,36.04,54.69,612,693,3.95,2.801,112,Very High,32124.15
West,Mobile,Social Media,16,179.81,0.904,494.81,17.98,26.5,674,565,3.91,3.854,220,Moderate,10505.16
West,Mobile,Influencer,6,284.93,1.133,787.88,26.57,62.15,874,530,4.07,3.132,351,Very High,39656.49
West,Mobile,Search Ad,22,580.26,0.887,655.21,30.15,66.31,1119,407,4.2,3.047,217,Very High,37537.3
West,Mobile,Social Media,13,1087.75,0.878,646.39,29.55,31.03,869,150,3.88,2.332,306,Moderate,24644.61
North,Tablet,Email,21,290.43,0.924,559.95,24.65,40.04,1149,613,4.06,2.81,285,Moderate,20887.19
South,Tablet,Email,30,2000.0,1.09,820.0,37.71,64.1,1185,356,4.05,1.866,243,High,37957.71
West,Mobile,Social Media,12,395.89,0.956,665.07,23.11,89.04,1302,358,4.06,3.8,268,Very High,35974.71
East,Tablet,Influencer,23,142.52,1.028,647.55,32.19,76.02,724,389,3.99,2.561,243,High,37670.4
North,Mobile,Social Media,11,669.54,1.006,579.91,33.06,55.24,721,285,3.9,2.781,116,Moderate,25210.42
West,Mobile,Search Ad,3,1004.41,0.996,562.69,35.34,55.15,850,174,4.33,3.027,277,Moderate,27020.14
South,Mobile,Influencer,17,115.93,1.102,649.6,39.23,37.71,1186,878,3.82,3.616,210,Moderate,23717.1
South,Mobile,Social Media,28,350.94,1.062,541.27,41.24,40.42,1169,695,3.81,3.415,163,High,21387.72
East,Mobile,Email,1,1373.7,0.909,662.59,22.25,53.67,107,25,3.97,3.12,272,High,24907.02
East,Mobile,Search Ad,5,901.22,0.978,561.18,30.62,49.08,949,692,4.03,2.395,268,High,28205.75
East,Mobile,Influencer,4,1671.03,1.139,760.16,27.63,67.86,173,202,4.05,2.796,309,Very High,30464.04
North,Tablet,Influencer,20,436.75,1.026,731.22,42.0,67.27,734,344,3.91,3.174,232,High,37981.53
West,Mobile,Email,9,792.34,0.879,591.0,32.69,44.84,707,358,3.83,2.722,301,High,26938.82
South,Mobile,Search Ad,5,582.92,0.885,652.25,35.98,53.92,617,159,3.92,2.773,249,High,27412.98
North,Tablet,Search Ad,30,798.05,1.071,660.99,36.58,39.42,986,528,4.07,3.012,269,High,26322.06
West,Mobile,Influencer,5,970.0,1.056,547.35,18.22,48.92,672,478,3.86,3.296,275,Low,14422.54
West,Mobile,Email,12,1929.24,0.926,758.98,26.24,34.49,857,405,3.95,2.592,166,Low,26628.54
West,Tablet,Search Ad,26,870.59,1.06,591.69,30.25,40.2,470,534,3.9,2.339,271,Very High,22149.5
West,Tablet,Influencer,16,1705.82,1.128,736.17,29.93,79.21,761,224,3.84,2.475,254,Moderate,32994.07
East,Tablet,Social Media,7,973.53,1.117,687.31,32.06,55.72,1018,217,3.81,3.465,231,Moderate,28233.01
East,Tablet,Social Media,10,921.13,1.128,429.1,33.31,54.54,485,1232,4.19,3.035,255,Very High,22462.15
North,Tablet,Email,17,1196.0,1.044,551.76,16.42,40.09,926,282,3.86,2.366,406,Moderate,15633.68
South,Tablet,Social Media,3,1458.58,0.986,707.32,25.86,52.23,756,264,4.11,3.154,129,High,29012.61
South,Mobile,Social Media,16,110.59,0.968,615.41,25.45,39.87,874,426,3.95,2.936,240,Moderate,25235.44
South,Mobile,Influencer,2,1970.2,0.999,741.46,35.27,60.2,758,5,3.79,3.03,298,High,35954.13
West,Mobile,Social Media,3,827.05,0.93,633.58,31.5,57.87,1084,886,4.11,2.324,171,Very High,36724.44
East,Mobile,Social Media,2,1509.34,0.971,739.56,27.44,66.67,1055,10,3.87,3.498,271,Moderate,30827.48
North,Tablet,Search Ad,33,1185.22,1.102,628.2,36.06,53.12,701,657,3.97,2.471,267,Moderate,22495.41
South,Tablet,Email,11,1954.32,0.871,734.92,20.04,56.29,799,559,4.15,2.178,149,Moderate,33008.71
East,Mobile,Social Media,5,342.15,0.877,537.13,29.21,30.75,1075,487,3.78,3.144,212,Low,19029.28
North,Mobile,Search Ad,18,1901.54,1.066,624.62,31.76,61.43,1017,640,3.98,3.583,359,High,21958.65
West,Tablet,Influencer,20,1673.08,0.972,632.34,26.06,43.24,651,577,3.85,2.846,149,High,25353.21
East,Mobile,Search Ad,7,544.56,0.846,636.07,35.83,64.6,1198,289,3.85,2.395,221,Very High,35109.03
East,Tablet,Search Ad,2,916.7,0.995,590.87,28.23,54.18,991,698,3.96,2.402,238,Very High,30140.58
East,Mobile,Email,6,1994.73,0.984,603.52,25.75,19.22,1472,714,3.83,2.157,248,Low,12184.18
West,Mobile,Influencer,7,727.52,0.966,602.62,26.24,66.21,405,285,3.97,2.86,222,High,27319.83
South,Mobile,Email,1,523.21,1.055,552.65,32.51,56.07,1064,238,4.05,2.177,253,High,25609.04
East,Mobile,Search Ad,10,388.22,0.893,600.72,28.24,64.45,1194,346,3.91,3.6,246,Very High,28814.54
East,Tablet,Social Media,3,1829.35,1.001,486.54,27.19,37.68,1031,88,3.73,3.116,292,Moderate,13516.48
South,Tablet,Influencer,4,1113.59,0.983,483.36,21.2,52.18,667,42,4.01,2.608,300,Moderate,17870.43
West,Tablet,Search Ad,6,2000.0,1.003,641.73,22.3,57.31,345,117,3.87,3.174,275,Moderate,20090.12
West,Mobile,Search Ad,10,624.48,0.861,385.2,26.06,47.36,1306,680,4.22,2.82,263,High,18482.44
East,Mobile,Social Media,21,1928.46,0.958,634.97,30.8,60.68,720,431,3.96,2.733,151,Very High,30273.18
West,Tablet,Social Media,19,1325.74,1.002,606.99,29.71,48.25,654,720,3.99,2.388,255,Moderate,23854.28
West,Tablet,Search Ad,14,1822.77,1.043,676.46,28.22,64.35,1339,511,3.75,2.97,317,Moderate,20227.37
East,Mobile,Search Ad,5,112.47,1.148,541.71,27.83,58.25,491,220,3.83,3.412,148,Moderate,20657.52
West,Mobile,Email,2,1550.62,1.064,737.67,40.27,51.63,1097,41,3.66,3.06,166,High,28496.82
East,Tablet,Influencer,29,851.97,1.037,729.6,35.97,54.88,521,623,4.05,2.643,340,High,34191.28
East,Mobile,Influencer,16,275.7,1.102,528.08,36.32,46.63,635,1001,4.03,3.244,155,Very High,24644.67
East,Mobile,Social Media,1,861.44,0.976,604.2,30.5,71.63,909,564,4.12,2.672,242,Very High,37073.43
West,Mobile,Influencer,9,1791.76,1.124,804.59,32.48,79.82,1056,472,4.16,3.015,214,Very High,40000.0
North,Mobile,Search Ad,2,512.2,1.09,548.46,32.91,46.79,1136,469,4.09,2.141,337,High,25166.82
West,Tablet,Social Media,16,1950.19,0.964,646.67,30.51,53.21,1054,362,3.95,2.334,267,High,26485.63
West,Tablet,Social Media,7,405.63,1.154,729.25,31.3,36.75,535,176,3.92,3.232,297,Moderate,28399.1
North,Mobile,Search Ad,17,1365.84,1.036,579.8,26.18,45.48,528,258,4.02,2.37,251,High,21402.4
West,Mobile,Search Ad,9,102.35,1.175,685.09,32.74,37.67,761,389,3.85,3.329,372,Low,22386.61
North,Mobile,Social Media,3,586.31,1.024,548.1,29.38,53.12,961,182,3.84,2.372,202,Moderate,21640.19
South,Mobile,Search Ad,5,1375.66,0.955,392.26,19.86,51.78,800,446,4.17,2.197,269,High,15979.47
West,Mobile,Search Ad,15,1636.77,0.939,727.29,31.13,41.86,50,271,3.72,3.567,326,Low,23434.17
North,Mobile,Search Ad,1,1718.58,0.972,665.91,21.65,52.29,330,6,3.99,2.577,340,Low,18968.99
West,Mobile,Email,5,1761.87,0.954,657.13,26.23,59.05,790,447,4.04,2.212,231,High,28263.59
West,Mobile,Influencer,4,1722.56,1.102,593.46,30.42,60.25,1108,343,3.86,2.708,122,High,24062.37
East,Mobile,Social Media,7,1253.62,0.998,554.51,21.72,42.38,598,126,3.84,3.125,224,Very Low,15960.65
North,Mobile,Social Media,12,612.31,0.871,713.51,29.89,58.77,1073,1295,4.06,3.03,356,Very High,37345.38
South,Mobile,Social Media,17,659.44,1.017,641.96,31.4,68.28,426,389,4.05,2.104,201,Very High,34366.01
East,Mobile,Social Media,2,246.87,1.01,604.03,29.14,56.91,934,383,4.03,2.861,266,High,27582.46
West,Tablet,Influencer,16,724.78,0.963,676.62,27.11,60.15,816,908,4.06,2.686,229,High,32789.41
East,Mobile,Social Media,2,1221.17,1.021,755.55,29.73,75.51,996,31,4.02,2.624,244,Very High,40000.0
South,Mobile,Search Ad,7,296.95,0.996,657.43,25.78,56.66,568,715,4.11,2.513,329,High,30656.13
East,Tablet,Email,12,494.05,1.051,550.9,26.07,25.61,291,525,4.0,2.647,264,Low,16564.04
East,Tablet,Social Media,14,271.73,1.046,501.7,17.67,53.89,951,259,4.15,2.671,375,Moderate,20990.58
West,Mobile,Influencer,19,1146.01,1.029,715.26,30.86,75.33,417,494,4.17,1.911,309,High,35869.79
North,Tablet,Search Ad,21,607.38,0.896,532.44,34.0,30.55,516,873,3.98,2.504,256,Moderate,18273.34
West,Mobile,Social Media,3,68.64,1.17,514.92,23.37,18.38,1264,525,3.99,3.575,242,Low,10477.51
East,Mobile,Search Ad,23,1531.33,0.876,731.95,31.05,41.25,909,636,4.03,2.396,269,Very High,30514.44
West,Mobile,Social Media,9,1914.98,0.99,719.92,29.27,57.42,967,117,3.98,3.043,172,Moderate,29100.9
South,Tablet,Social Media,1,956.34,0.912,659.89,32.19,70.0,921,111,3.89,2.737,182,Moderate,32089.66
East,Tablet,Search Ad,14,1362.1,1.032,523.89,29.17,33.32,911,350,3.95,2.621,295,High,19146.88
West,Mobile,Search Ad,6,398.21,1.011,744.9,27.52,61.6,854,355,3.75,2.742,305,Moderate,35312.55
North,Mobile,Social Media,12,1324.58,0.986,719.45,30.12,21.37,599,909,4.09,2.996,166,High,30109.83
West,Tablet,Influencer,7,718.07,1.121,634.49,27.8,60.84,1518,301,4.03,2.67,301,Moderate,28763.69
East,Mobile,Search Ad,3,1346.74,1.089,581.41,25.37,41.14,775,97,3.9,2.16,237,Low,19485.2
North,Mobile,Social Media,12,1464.96,0.974,646.51,28.73,82.58,956,163,3.98,2.798,196,High,31902.01
South,Tablet,Search Ad,6,1845.13,1.064,595.32,32.05,24.33,868,48,3.95,2.479,228,Low,18469.85
East,Tablet,Search Ad,2,149.35,1.125,773.23,26.98,55.32,585,84,4.17,3.052,303,Moderate,37150.92
North,Tablet,Search Ad,7,766.12,1.088,579.01,37.66,25.08,617,363,3.95,2.769,286,High,20575.14
East,Tablet,Social Media,3,504.05,0.989,533.66,28.77,43.08,1172,130,4.15,3.471,266,Low,26093.57
South,Mobile,Search Ad,5,1080.19,0.873,743.84,35.1,34.35,646,554,4.05,2.22,271,High,36152.9
East,Tablet,Email,33,1953.4,1.026,575.45,22.28,71.2,860,610,3.96,2.878,177,High,22878.84
North,Mobile,Influencer,5,1791.64,1.053,745.33,39.3,62.08,1120,580,4.08,3.059,282,Very High,37381.66
West,Mobile,Search Ad,6,974.11,0.938,668.46,30.41,49.01,798,188,3.99,3.539,220,Low,26667.34
West,Mobile,Email,3,895.31,1.002,593.01,30.58,43.85,833,330,3.85,3.122,373,High,23808.04
West,Mobile,Search Ad,12,920.67,0.993,535.41,34.64,32.23,1138,393,3.88,2.86,224,High,22060.97
West,Mobile,Influencer,10,697.9,1.111,654.5,32.41,74.41,820,1369,4.1,2.676,386,Very High,36658.06
North,Mobile,Influencer,10,627.29,1.148,563.21,26.95,63.37,258,606,4.04,3.165,238,Very High,26378.2
West,Tablet,Social Media,9,1902.45,1.094,647.96,37.86,69.85,1176,321,3.98,2.564,242,Very High,33195.11
North,Mobile,Email,10,1157.97,0.993,665.3,25.96,30.53,577,341,3.95,2.964,230,High,20942.63
North,Mobile,Search Ad,27,1714.38,1.092,768.14,30.43,71.01,922,364,4.07,3.369,170,Very High,36243.42
South,Tablet,Email,16,1114.28,1.052,515.49,30.71,54.21,358,524,4.15,2.507,330,Moderate,22464.28
East,Mobile,Influencer,4,1786.17,0.994,662.26,26.79,56.44,712,1146,4.15,1.84,254,Very High,31589.1
West,Mobile,Email,4,681.29,1.167,551.0,31.24,54.34,733,127,3.87,2.44,287,High,24040.26
East,Mobile,Social Media,8,497.92,0.941,640.85,28.95,58.65,911,420,4.25,2.578,348,High,31633.87
South,Mobile,Social Media,3,1231.69,1.048,513.35,35.28,30.42,606,200,3.82,2.483,240,Moderate,18621.73
South,Mobile,Social Media,11,537.47,1.067,545.53,34.78,50.07,1435,704,3.96,2.556,242,High,24914.17
West,Mobile,Search Ad,1,353.41,0.977,465.41,20.89,33.69,867,52,3.96,3.075,257,Low,13386.97
South,Mobile,Social Media,14,761.54,1.045,509.69,26.92,49.74,1116,249,4.3,2.636,168,Low,20209.61
East,Mobile,Email,10,1992.95,1.076,569.01,30.36,56.54,857,91,4.0,2.319,135,Moderate,18150.85
North,Mobile,Social Media,26,132.11,1.02,744.58,27.76,38.1,1149,402,3.87,3.037,155,High,30575.56
West,Mobile,Search Ad,3,1544.8,1.038,654.79,25.97,44.13,251,341,3.76,3.31,325,Low,19257.23
East,Tablet,Email,11,1411.55,1.008,614.25,22.97,32.55,536,134,3.69,2.698,228,Very Low,16459.31
South,Tablet,Search Ad,25,1670.5,1.064,737.5,34.95,46.01,589,533,3.98,2.918,297,High,27722.25
North,Mobile,Search Ad,6,1080.18,0.982,647.45,26.8,39.1,706,599,4.04,2.627,232,Very High,27426.81
East,Mobile,Search Ad,3,1750.66,0.975,669.72,23.78,50.84,1010,6,3.76,2.81,150,Low,21958.9
East,Tablet,Influencer,20,873.98,1.002,624.39,32.53,66.17,910,288,4.03,2.887,302,High,32237.19
South,Mobile,Influencer,5,98.58,1.095,594.18,32.64,62.57,839,1385,3.97,2.519,193,Very High,30835.55
West,Mobile,Influencer,2,1340.28,0.86,567.6,27.13,57.71,846,297,3.87,2.896,284,Moderate,20695.6
North,Mobile,Social Media,10,856.45,0.927,578.75,38.71,63.13,1568,202,4.06,2.801,305,Very High,37056.12
South,Tablet,Email,14,1188.75,1.182,581.71,42.0,78.04,834,231,3.94,2.989,245,Very High,29510.17
West,Tablet,Social Media,15,987.31,1.022,657.3,31.68,58.38,95,1396,4.27,2.33,277,Very High,40000.0
South,Mobile,Influencer,4,202.37,0.967,644.51,23.38,70.98,1083,160,3.93,3.199,160,Moderate,28057.65
East,Tablet,Influencer,21,2000.0,1.064,657.79,34.12,73.85,902,603,4.19,1.659,429,Very High,38805.57
South,Mobile,Influencer,19,1629.41,0.937,605.91,25.3,79.62,1196,265,4.3,2.206,275,High,33529.44
South,Tablet,Email,12,42.46,0.832,610.86,21.3,49.9,914,326,3.88,3.295,296,Low,23734.69
West,Mobile,Influencer,3,1517.5,1.028,636.56,20.13,45.47,598,591,4.28,2.969,306,High,25374.05
South,Mobile,Social Media,8,1904.96,0.942,678.21,26.3,60.01,1118,64,3.96,3.324,239,Low,22890.23
West,Tablet,Email,2,935.44,1.008,445.52,20.7,38.27,769,167,3.84,2.642,253,Low,10928.48
South,Mobile,Social Media,6,1125.26,1.026,659.67,32.2,67.46,1163,219,3.96,2.984,315,High,30998.21
South,Mobile,Email,12,414.75,1.011,646.88,23.41,33.47,1309,459,3.89,3.175,225,High,21005.41
North,Tablet,Search Ad,12,2000.0,0.863,686.56,30.04,68.93,705,112,4.16,1.972,272,High,32978.51
East,Mobile,Social Media,3,269.9,1.002,598.2,29.28,53.35,1114,224,4.12,3.278,277,High,27513.77
South,Mobile,Social Media,8,780.89,1.036,698.41,35.3,70.38,1160,254,4.16,3.179,202,High,34491.55
West,Mobile,Search Ad,12,1044.73,0.888,514.15,28.39,48.27,906,112,3.78,2.67,276,Low,18490.69
East,Tablet,Influencer,9,1658.38,0.878,672.35,29.67,62.32,1308,191,4.0,2.332,143,High,30876.83
West,Tablet,Search Ad,11,1736.06,0.914,615.72,30.19,52.36,1043,843,3.85,2.779,305,Very High,24411.6
North,Mobile,Social Media,9,734.76,1.06,707.08,38.48,69.49,690,238,4.13,2.516,345,High,37271.72
West,Tablet,Influencer,29,1955.18,0.84,524.37,35.64,81.2,815,555,4.01,3.557,304,Very High,24779.15
West,Mobile,Influencer,16,1913.51,1.066,600.45,39.9,34.13,1109,251,3.98,3.016,341,Low,19861.36
West,Tablet,Email,6,1628.81,1.031,753.61,19.26,55.49,1297,64,3.89,2.772,201,Low,24924.19
West,Mobile,Search Ad,6,156.16,0.979,401.99,22.76,38.19,1040,208,3.71,2.34,234,Very Low,10397.78
West,Mobile,Social Media,19,1330.56,0.882,702.43,36.58,57.71,944,366,4.1,2.53,256,High,35700.08
East,Tablet,Email,27,1904.22,0.936,563.87,34.26,13.4,1107,382,4.0,3.298,256,Moderate,11497.59
North,Mobile,Search Ad,7,1174.13,1.063,639.21,31.13,58.18,796,318,4.0,2.678,221,High,26784.48
North,Mobile,Influencer,4,1800.47,1.101,795.71,28.85,64.42,573,842,3.81,3.071,191,Very High,33074.54
West,Mobile,Email,10,831.99,0.917,619.76,33.74,35.65,1064,180,4.0,2.787,355,High,27524.62
East,Tablet,Influencer,13,969.0,1.091,779.08,21.44,63.77,630,469,3.93,2.529,196,High,30723.36
West,Mobile,Influencer,17,692.61,1.055,618.85,37.52,56.71,1648,244,4.03,3.221,351,High,30938.71
East,Mobile,Influencer,7,15.92,0.999,614.54,26.71,34.64,933,124,3.84,3.328,279,Very Low,20728.55
North,Mobile,Social Media,3,1317.14,0.941,699.92,26.1,58.11,1066,36,3.9,2.473,261,Moderate,25341.55
North,Mobile,Influencer,4,1736.34,0.953,646.05,31.23,67.52,678,191,4.05,2.623,282,Very High,27821.96
East,Mobile,Social Media,10,884.63,1.146,675.25,30.37,49.91,1227,174,3.85,3.255,342,High,29064.99
South,Tablet,Search Ad,36,453.76,1.014,697.69,30.13,56.39,732,831,4.02,2.618,85,Very High,32166.94
North,Tablet,Email,16,45.92,1.106,648.48,28.65,47.77,704,240,4.01,3.238,270,Low,22163.71
East,Mobile,Email,7,720.0,1.019,467.53,32.98,53.02,831,316,4.23,2.515,257,Moderate,22542.23
North,Mobile,Search Ad,21,21.32,0.964,566.16,29.58,45.57,485,608,3.98,2.625,260,Very High,25756.01
East,Mobile,Social Media,8,68.96,1.047,632.06,16.89,61.75,787,212,4.08,3.362,306,Very High,30915.15
South,Mobile,Social Media,12,720.1,1.173,604.33,25.7,48.48,1018,426,3.83,2.859,210,High,17219.55
West,Tablet,Email,36,1564.9,0.948,618.78,27.56,70.3,292,477,4.24,2.789,177,High,28535.82
South,Mobile,Search Ad,5,1316.44,1.073,645.57,33.68,45.96,1156,87,3.83,3.167,162,Low,24252.2
East,Mobile,Email,13,586.57,1.015,548.78,33.12,34.22,782,674,3.95,2.666,192,Very High,24888.03
North,Tablet,Influencer,22,1774.32,0.884,666.56,38.81,61.72,811,337,4.06,2.414,291,High,34150.83
North,Mobile,Email,1,1561.28,0.882,517.87,23.11,29.47,212,443,3.83,2.27,279,Very Low,11178.95
South,Tablet,Email,13,1010.31,0.964,562.0,35.39,28.13,805,264,4.03,2.403,303,Moderate,21866.36
East,Mobile,Social Media,2,623.04,1.028,499.57,18.67,55.33,557,187,3.88,2.738,219,Low,15264.97
East,Tablet,Social Media,21,1079.77,1.07,641.07,32.87,16.4,638,322,3.98,2.327,222,Very Low,16037.12
South,Tablet,Social Media,12,1059.69,0.874,615.86,29.89,44.91,285,376,4.09,2.791,351,Moderate,27915.04
East,Tablet,Social Media,14,1080.06,1.052,558.5,32.73,35.01,484,343,4.0,2.334,311,High,21396.57
West,Tablet,Influencer,11,1037.84,0.991,808.65,26.93,67.94,693,174,4.08,1.977,295,Moderate,39144.13
West,Mobile,Search Ad,5,897.42,1.0,593.11,29.49,19.65,781,275,4.19,2.315,135,Moderate,22844.1
North,Mobile,Email,2,1635.72,1.047,636.91,22.18,51.15,1117,6,3.98,2.728,369,Low,23709.57
East,Mobile,Social Media,3,525.73,1.14,568.48,35.37,62.17,318,584,4.04,2.181,242,Very High,31018.71
North,Mobile,Influencer,8,1291.79,1.024,638.27,30.69,38.25,845,247,3.97,2.36,259,High,26778.72
South,Mobile,Social Media,6,1101.74,0.891,658.19,30.89,58.91,831,360,4.14,2.331,276,High,34517.88
West,Mobile,Email,9,1219.56,0.985,578.25,28.22,49.79,727,550,4.27,2.286,258,Very High,29096.77
North,Mobile,Search Ad,8,788.77,1.068,610.62,30.3,61.35,595,151,3.95,2.789,237,Moderate,22236.66
East,Mobile,Search Ad,3,1562.27,1.071,691.92,33.66,34.63,1180,111,3.79,3.02,257,Low,20607.84
East,Mobile,Search Ad,4,1308.54,1.053,580.35,39.17,29.32,1454,15,4.02,2.47,287,Low,22884.72
East,Tablet,Email,36,2000.0,0.959,515.43,26.01,59.17,243,406,3.83,2.405,301,Very High,15912.18
East,Mobile,Email,3,1987.97,0.891,499.63,21.32,26.93,592,7,3.9,2.768,324,Low,11741.15
North,Mobile,Search Ad,21,27.79,1.047,708.69,30.11,46.63,569,474,4.01,3.324,180,Low,28407.0
South,Mobile,Social Media,2,1690.31,0.903,719.68,26.7,66.25,778,152,3.97,3.236,214,Moderate,29846.85
East,Mobile,Search Ad,14,162.32,1.055,649.04,30.64,35.75,1224,226,3.91,3.614,301,High,26197.84
North,Tablet,Search Ad,16,1230.18,1.055,585.18,31.76,44.93,893,237,3.74,2.391,151,Low,17351.44
South,Mobile,Social Media,3,673.11,0.963,516.16,31.65,61.84,815,155,3.87,2.692,258,Moderate,24551.85
North,Mobile,Influencer,8,777.91,0.991,637.53,28.01,40.22,865,235,4.04,2.782,199,Low,25770.7
North,Tablet,Influencer,32,2000.0,1.016,679.53,26.22,53.58,647,631,3.77,2.513,282,Moderate,16728.75
South,Mobile,Search Ad,4,1314.99,0.951,531.41,24.77,29.36,1074,342,3.9,2.597,196,Low,11966.64
North,Mobile,Email,5,593.68,0.889,473.49,28.1,28.27,1109,216,3.86,2.984,226,Moderate,16655.16
East,Mobile,Email,13,1428.22,0.997,471.0,24.07,52.51,1031,551,3.76,2.905,230,Very High,18971.46
East,Tablet,Social Media,26,2000.0,1.005,704.59,31.0,76.81,103,423,4.25,2.476,263,Very High,33484.68
West,Mobile,Email,9,147.45,1.109,484.82,29.42,42.57,864,355,3.83,3.04,307,High,21566.57
North,Mobile,Influencer,13,21.38,0.937,668.22,25.55,66.3,806,240,4.06,2.602,312,High,27669.01
North,Mobile,Email,8,1372.14,1.085,576.36,32.99,50.9,1147,130,3.89,2.618,261,Low,19942.18
North,Mobile,Social Media,10,310.26,0.908,662.0,18.73,44.45,929,524,3.87,3.209,179,High,23970.86
East,Mobile,Social Media,7,502.92,0.892,645.93,24.49,57.18,1021,1181,4.06,2.094,408,Very High,31631.66
East,Mobile,Search Ad,11,15.89,0.976,574.79,21.27,28.14,716,513,3.89,3.244,243,Low,14474.17
North,Mobile,Email,2,654.1,0.925,602.83,32.76,33.0,1132,80,3.87,2.878,265,Moderate,20275.39
West,Tablet,Social Media,26,2000.0,0.891,643.17,42.0,57.73,1098,315,3.89,2.485,263,Very High,31172.28
North,Tablet,Social Media,6,668.59,1.156,573.48,25.68,37.36,268,277,3.81,2.924,270,Very Low,17551.4
East,Mobile,Influencer,7,188.6,0.964,725.56,25.08,45.29,484,493,4.09,3.183,195,Very High,35463.03
East,Tablet,Email,22,611.85,1.185,557.61,29.49,33.25,961,355,3.93,2.592,275,Moderate,19971.42
West,Mobile,Influencer,5,488.08,0.92,646.79,30.01,74.57,810,489,4.04,2.476,361,Very High,37150.94
East,Mobile,Influencer,9,351.94,0.863,537.53,23.58,73.19,1158,375,3.92,3.09,123,High,27994.56
West,Tablet,Social Media,4,2000.0,1.103,673.92,31.13,56.78,810,425,4.18,2.224,250,Very High,30584.6
South,Tablet,Search Ad,14,1671.11,0.942,580.92,32.35,55.93,941,356,3.97,2.792,178,Very High,25816.62
West,Tablet,Email,23,238.91,1.011,545.11,21.52,32.39,523,574,3.72,3.05,309,Very Low,9873.36
North,Mobile,Influencer,2,859.32,0.892,594.74,29.72,30.39,959,144,3.93,2.426,319,Low,21469.03
West,Tablet,Search Ad,2,658.7,0.997,597.57,17.89,33.44,839,421,3.84,2.936,240,Moderate,16752.88
East,Mobile,Social Media,5,604.33,0.89,460.78,27.62,42.62,660,620,4.09,2.502,252,Moderate,18947.19
West,Tablet,Social Media,30,1160.44,0.994,688.12,30.28,59.44,1030,894,4.18,2.546,193,Very High,34749.44
East,Tablet,Email,5,757.67,0.962,591.58,26.25,41.82,190,108,4.03,2.03,102,High,25931.47
East,Mobile,Influencer,10,863.83,1.018,624.62,28.24,54.51,920,434,3.93,2.516,231,High,25721.0
East,Tablet,Email,2,1995.15,1.05,498.03,24.39,30.93,365,1261,4.02,3.224,235,High,12433.98
West,Mobile,Search Ad,13,372.69,1.019,635.84,26.01,53.53,564,444,4.02,2.513,251,Very High,28646.32
North,Mobile,Social Media,6,1915.44,1.036,599.39,30.27,35.88,1146,85,4.01,3.255,45,Moderate,19735.09
North,Mobile,Influencer,19,908.17,0.991,767.47,32.75,76.29,541,856,3.97,2.762,141,Very High,38848.2
South,Mobile,Social Media,25,898.39,0.965,666.67,33.08,49.8,529,426,3.99,2.47,156,High,26844.69
North,Tablet,Search Ad,18,1775.5,1.038,754.83,26.87,81.52,908,189,4.25,2.403,253,High,34774.34
West,Tablet,Social Media,6,1260.4,0.991,646.69,32.98,52.4,418,190,3.89,3.158,284,Low,22851.01
South,Mobile,Search Ad,14,859.31,0.994,698.13,38.15,49.02,1155,238,3.95,1.888,176,Moderate,29825.24
West,Tablet,Email,9,2000.0,1.032,659.02,21.68,37.57,927,102,4.22,2.991,231,Low,21002.44
South,Tablet,Email,1,1349.2,0.917,571.6,27.5,36.47,514,146,3.88,2.827,212,Moderate,17334.57
North,Mobile,Social Media,25,1118.06,1.114,647.57,32.66,64.34,1144,526,3.84,3.116,374,Moderate,27725.08
West,Tablet,Search Ad,14,1181.79,0.98,552.28,33.65,46.89,178,788,4.01,2.031,224,Very High,28742.02
East,Mobile,Email,6,1249.85,1.01,771.0,29.02,64.81,997,374,4.21,2.423,222,Very High,38666.71
East,Tablet,Search Ad,21,252.32,0.996,590.48,27.55,53.48,379,810,4.16,2.223,197,Very High,30863.5
East,Mobile,Social Media,15,844.09,1.052,628.67,35.67,56.85,708,369,3.87,3.16,130,Very High,25816.01
East,Mobile,Influencer,30,422.76,1.027,683.5,28.91,65.86,727,507,4.08,2.75,288,Very High,31172.81
South,Mobile,Influencer,2,407.28,0.996,565.0,33.75,72.59,1232,316,4.0,2.801,231,Very High,35698.29
West,Tablet,Search Ad,9,1002.56,1.116,720.77,33.17,63.42,595,481,4.12,1.889,224,Very High,40000.0
West,Mobile,Social Media,13,1830.19,0.78,566.24,35.0,57.09,837,351,3.91,2.869,259,Moderate,20463.45
East,Mobile,Social Media,18,573.89,1.099,520.51,32.64,56.22,733,342,4.04,2.647,150,High,25237.24
North,Mobile,Email,14,1975.96,1.074,608.15,32.41,30.62,575,257,4.14,2.29,358,Moderate,22069.17
East,Tablet,Social Media,27,1009.71,0.853,527.87,35.42,85.26,441,531,3.77,2.903,135,Very High,29167.5
North,Mobile,Search Ad,2,484.8,1.074,728.62,34.42,62.45,950,68,4.04,2.349,358,High,38765.39
North,Mobile,Search Ad,6,759.45,1.085,591.25,25.34,55.02,852,705,4.18,1.908,247,Very High,30012.35
South,Mobile,Influencer,13,467.87,1.045,395.6,30.98,48.26,1081,397,3.78,2.677,224,High,16283.49
East,Mobile,Social Media,4,713.17,0.875,639.69,31.09,25.78,790,477,3.84,3.338,290,Low,20226.0
West,Tablet,Search Ad,8,1388.6,1.055,667.83,29.79,48.1,679,109,3.89,3.067,227,Moderate,24832.95
West,Tablet,Social Media,1,319.6,1.081,581.32,28.07,53.17,962,280,3.88,3.393,306,Very High,26093.94
West,Mobile,Search Ad,4,147.31,0.954,487.77,25.28,31.49,752,818,3.88,3.319,267,High,18530.82
South,Mobile,Social Media,11,1993.35,1.035,643.59,18.75,41.56,443,160,3.88,2.607,292,Moderate,17185.42
South,Tablet,Social Media,17,973.33,0.972,590.88,23.01,46.78,986,363,4.06,2.866,312,Moderate,20696.31
South,Mobile,Social Media,5,918.42,1.071,550.16,36.27,63.1,664,238,4.17,2.729,237,High,25149.23
West,Tablet,Search Ad,22,412.09,0.975,516.96,26.24,60.1,759,439,4.16,3.009,308,High,25544.77
North,Tablet,Influencer,4,546.89,0.954,667.53,28.17,62.31,558,345,4.12,2.636,280,Moderate,30194.53
West,Tablet,Social Media,25,1795.81,0.997,719.75,30.98,51.85,458,400,4.2,1.948,331,Very High,31758.69
East,Mobile,Email,11,1984.44,0.893,658.58,25.85,41.32,309,406,4.2,2.342,225,Moderate,23676.18
South,Mobile,Social Media,19,1870.44,0.989,510.91,29.08,50.59,958,374,3.99,2.239,333,Moderate,19408.3
West,Tablet,Search Ad,36,460.52,1.029,652.37,31.62,54.2,50,520,4.17,2.607,200,Very High,29962.35
East,Mobile,Email,8,1520.15,1.07,673.24,34.09,54.66,1237,887,4.1,2.745,124,Very High,29405.19
West,Mobile,Search Ad,30,598.37,1.02,717.66,42.0,51.5,1159,477,3.96,2.235,163,High,35512.3
West,Mobile,Influencer,5,631.18,0.885,580.89,26.51,62.6,596,331,3.99,2.926,227,Very High,29211.62
South,Tablet,Influencer,15,269.17,1.108,644.39,37.05,67.38,1201,238,4.12,3.427,264,Very High,32905.36
South,Mobile,Email,4,1779.28,1.115,662.55,26.92,41.38,1458,710,4.17,2.509,249,Very High,27855.0
East,Mobile,Influencer,10,976.22,1.009,622.27,32.24,36.84,781,817,4.06,2.396,297,Very High,27989.12
West,Mobile,Search Ad,3,1940.86,0.94,679.85,29.43,40.49,979,123,3.87,3.102,174,Moderate,23343.62
South,Mobile,Social Media,3,1023.57,0.957,628.6,27.91,74.64,900,32,3.93,2.892,355,High,29686.24
East,Tablet,Search Ad,20,552.61,0.984,537.44,30.07,23.75,1179,691,3.72,3.264,331,Low,13574.62
East,Mobile,Influencer,1,804.27,1.022,599.79,25.07,73.3,456,137,4.04,2.243,306,Moderate,30964.22
West,Mobile,Social Media,9,1462.05,0.976,740.11,34.14,38.55,794,406,3.98,2.573,326,High,30437.01
North,Tablet,Social Media,16,1178.14,0.931,554.21,25.17,40.1,1007,843,3.88,2.658,152,Moderate,14214.16
East,Mobile,Social Media,11,1190.7,1.082,540.76,34.07,47.16,1096,342,4.02,2.709,291,Very High,25134.79
West,Mobile,Search Ad,14,895.18,1.021,640.24,34.3,74.74,848,761,4.13,2.778,294,Very High,35209.56
North,Mobile,Email,6,1042.25,0.916,598.48,36.0,46.51,1264,103,3.75,2.873,308,Low,22433.68
South,Mobile,Influencer,18,911.64,1.023,558.13,36.1,54.6,928,932,4.01,3.11,301,Very High,24985.7
West,Mobile,Search Ad,17,1295.55,1.013,579.95,33.92,36.6,893,236,4.09,2.456,276,High,23454.43
North,Mobile,Search Ad,3,596.29,0.943,540.78,25.35,51.38,1062,148,3.87,2.374,273,High,19165.66
West,Mobile,Email,7,1065.64,1.096,550.11,27.83,35.04,842,637,3.97,2.438,322,High,21394.83
East,Mobile,Search Ad,1,92.93,1.011,797.04,19.49,51.51,875,279,3.98,2.887,209,High,36020.11
South,Mobile,Email,18,1376.92,0.983,584.09,25.07,37.81,632,626,3.97,2.511,271,Low,15042.23
West,Mobile,Email,14,1567.14,0.993,541.98,30.51,51.45,1711,582,4.08,2.5,214,Very High,24531.28
South,Mobile,Search Ad,21,133.3,1.036,757.68,25.14,64.2,723,584,4.14,2.973,239,Very High,34296.51
East,Tablet,Social Media,10,265.3,0.994,684.9,31.3,46.17,951,219,4.09,3.168,82,High,30589.3
South,Mobile,Search Ad,11,1657.68,0.994,687.46,27.09,43.53,1414,422,3.92,2.545,194,Low,22919.09
East,Mobile,Email,5,333.13,1.085,518.68,28.87,31.15,471,118,3.96,3.545,221,Moderate,15509.48
North,Mobile,Social Media,1,82.46,0.887,705.13,23.86,58.96,1037,115,4.06,2.43,222,Very High,36763.98
South,Mobile,Email,15,1854.32,0.9,684.1,23.68,58.36,867,428,3.98,1.885,227,Moderate,25811.73
West,Mobile,Influencer,2,1016.73,1.062,677.14,36.31,65.35,1380,651,3.96,3.028,175,Very High,36717.79
South,Mobile,Search Ad,10,503.3,1.193,466.77,35.78,15.7,596,574,3.93,3.022,227,Low,9542.89
East,Tablet,Search Ad,6,1649.66,1.07,627.7,34.13,60.84,522,145,3.9,3.154,315,Moderate,27686.27
South,Mobile,Social Media,8,556.1,1.149,758.63,34.91,44.54,846,622,3.9,2.943,229,High,34564.01
West,Tablet,Email,20,1527.06,0.965,629.23,26.3,35.54,597,1152,4.05,2.616,328,Very High,20946.04
North,Mobile,Influencer,9,1967.37,0.949,656.16,25.92,61.52,727,181,3.95,2.595,324,Low,22921.37
West,Mobile,Social Media,3,1533.22,1.037,623.45,30.8,53.75,1448,54,3.96,2.117,212,High,27412.79
East,Mobile,Social Media,28,80.14,1.076,597.02,40.25,67.64,897,438,3.84,3.314,283,Very High,28954.9
South,Mobile,Search Ad,6,1659.43,0.895,565.54,31.01,39.35,632,175,3.9,2.217,167,Low,19575.75
North,Mobile,Email,4,330.13,0.983,581.96,30.61,31.35,747,103,3.62,4.279,183,Very Low,14280.46
North,Tablet,Influencer,21,267.72,0.998,764.31,24.65,59.4,857,479,3.88,2.873,255,High,27608.64
East,Mobile,Search Ad,2,1708.29,0.946,736.94,33.85,68.5,958,353,4.0,2.624,280,Very High,32706.21
South,Tablet,Social Media,19,289.94,0.955,554.03,24.82,58.23,573,480,4.15,3.572,348,Moderate,27759.52
West,Tablet,Email,10,1131.95,1.067,704.97,32.0,50.98,268,1062,4.12,2.438,238,Very High,33367.78
South,Mobile,Email,9,1594.77,1.038,673.98,27.79,64.51,845,241,4.0,2.524,259,Moderate,26912.0
South,Mobile,Influencer,8,660.22,1.064,708.19,36.39,79.1,837,140,3.97,1.766,254,High,36193.67
East,Mobile,Search Ad,11,73.13,1.027,629.16,31.49,60.54,673,350,3.96,2.72,359,Very High,32212.62
East,Mobile,Social Media,7,1208.47,0.93,560.16,21.88,34.18,1231,788,4.14,2.749,331,Moderate,22595.28
North,Mobile,Email,16,1221.1,1.034,572.42,37.51,55.6,1027,180,3.83,3.354,272,Low,20120.57
North,Mobile,Search Ad,12,1966.23,0.924,702.89,42.0,53.92,899,175,3.87,2.429,297,Moderate,29292.45
North,Mobile,Search Ad,10,1881.78,0.975,537.85,28.02,40.07,755,432,4.08,2.663,270,Moderate,13609.8
West,Mobile,Social Media,18,844.75,0.917,543.32,30.61,42.31,1363,354,3.91,3.661,315,High,22641.63
East,Tablet,Social Media,9,397.46,0.951,641.24,31.32,53.55,405,554,4.23,3.187,301,Very High,34884.78
East,Tablet,Social Media,36,1302.65,1.007,573.5,33.31,45.16,596,544,4.06,2.95,229,Very High,22920.17
West,Tablet,Search Ad,31,534.25,0.963,670.67,32.06,54.52,609,857,4.18,2.256,254,Very High,36240.06
West,Mobile,Influencer,9,1140.26,0.929,607.75,39.1,58.21,947,293,3.79,3.34,258,Moderate,25244.78
East,Mobile,Email,7,895.29,1.091,617.25,24.99,46.8,1052,148,4.06,2.366,257,High,25998.56
West,Mobile,Search Ad,5,945.47,0.99,640.05,24.96,56.14,472,237,3.87,2.437,217,Low,26571.72
North,Mobile,Social Media,9,1557.75,0.958,603.7,31.71,50.38,661,181,4.03,3.147,269,Moderate,23279.84
North,Mobile,Social Media,10,1221.9,0.913,615.71,21.7,42.36,990,545,3.93,2.476,216,Moderate,19192.52
South,Tablet,Social Media,13,2000.0,0.85,597.6,26.97,26.52,547,391,3.94,2.691,212,Low,15038.18
North,Tablet,Influencer,23,1905.6,0.982,683.43,28.73,70.98,623,657,3.93,3.268,241,Very High,29915.05
East,Mobile,Social Media,9,1056.0,0.89,554.3,34.43,53.77,910,198,3.75,2.505,265,Low,20785.14
West,Mobile,Search Ad,7,1626.35,1.057,610.9,35.22,48.22,576,374,3.98,2.581,324,High,30985.75
North,Mobile,Social Media,15,1707.93,1.002,705.45,22.28,71.38,941,159,3.96,2.464,292,High,25157.65
North,Mobile,Email,4,1701.62,1.125,524.5,27.75,23.78,1038,18,3.75,2.71,317,Low,7391.86
East,Mobile,Email,1,1709.3,1.018,576.64,24.73,42.76,871,67,3.71,2.867,358,Low,14652.47
West,Mobile,Search Ad,11,424.21,0.942,643.79,25.9,36.85,1273,588,3.64,3.871,212,Low,18052.37
South,Mobile,Email,6,759.73,0.85,428.5,23.59,43.58,1070,326,4.01,3.218,292,Moderate,14088.61
East,Tablet,Search Ad,20,211.91,1.065,746.11,31.86,26.72,728,427,3.89,3.282,295,Moderate,28290.34
North,Mobile,Social Media,3,18.24,0.896,692.02,22.07,65.93,767,711,3.98,2.91,264,High,34043.53
North,Tablet,Social Media,14,789.38,0.967,502.3,31.96,59.63,1249,401,4.02,2.873,303,High,25702.98
West,Mobile,Social Media,2,154.93,1.134,443.07,27.85,33.9,668,330,4.05,3.117,253,Low,13444.17
West,Mobile,Social Media,11,1852.76,1.049,651.13,25.11,55.35,781,1284,4.13,2.572,290,Very High,27542.04
North,Mobile,Email,7,1345.95,1.031,517.99,36.2,30.89,741,251,3.85,2.394,160,Low,15420.37
West,Mobile,Social Media,21,241.7,1.076,690.24,38.37,65.52,975,720,4.31,2.367,248,Very High,38483.62
East,Mobile,Search Ad,15,453.88,1.073,634.51,34.65,62.08,1514,370,3.92,2.699,292,High,31209.09
West,Tablet,Search Ad,18,1500.13,1.126,635.87,31.04,37.4,812,186,3.75,2.451,312,Moderate,18917.52
East,Tablet,Social Media,26,1397.77,0.952,593.13,25.9,35.25,647,776,3.99,2.471,195,Very High,24526.42
East,Mobile,Social Media,10,1544.75,0.97,769.99,35.16,76.91,915,889,4.07,3.12,243,Very High,38964.88
East,Mobile,Email,7,1032.89,0.926,661.0,33.37,73.48,479,204,4.12,2.541,182,High,39481.98
East,Tablet,Social Media,12,2000.0,0.997,700.25,24.59,62.98,686,300,3.93,3.086,224,Moderate,26744.04
North,Mobile,Email,4,750.12,0.989,690.51,25.29,54.7,1354,243,3.95,2.789,268,High,29161.3
North,Mobile,Influencer,8,738.32,0.86,577.73,31.72,52.72,1052,1754,4.04,2.826,312,Very High,27965.52
South,Mobile,Social Media,7,1873.24,0.948,751.99,23.38,60.89,1217,698,4.13,2.366,304,Very High,34213.0
East,Tablet,Social Media,25,578.88,1.115,599.57,30.37,58.2,1034,352,4.01,3.047,262,Very High,26385.19
North,Tablet,Social Media,28,1262.22,1.02,662.55,26.34,52.98,534,719,3.99,2.766,208,Very High,22904.94
East,Mobile,Email,5,917.73,1.057,585.67,26.36,60.44,1414,357,3.98,2.571,239,High,25170.22
West,Tablet,Search Ad,27,1150.38,0.99,468.08,27.76,44.29,225,291,3.94,2.801,405,High,19474.43
North,Tablet,Email,30,561.62,0.849,666.94,36.43,53.35,836,565,3.83,2.519,161,High,29298.34
East,Mobile,Email,2,771.08,0.99,449.01,19.59,32.75,263,109,4.04,2.519,173,Very Low,10166.44
South,Mobile,Search Ad,10,1992.92,1.083,559.52,34.47,47.21,363,658,4.13,2.54,259,High,22081.3
West,Mobile,Social Media,5,1407.22,0.905,602.73,30.19,69.58,1131,24,3.98,2.48,292,Moderate,33773.29
North,Tablet,Search Ad,11,898.92,1.06,456.49,35.82,45.63,540,750,4.0,3.196,302,High,20412.22
East,Mobile,Search Ad,10,1679.92,0.864,541.91,31.09,48.45,1221,872,3.91,2.568,266,Very High,20606.58
West,Tablet,Social Media,18,1327.75,1.002,656.8,27.85,57.88,109,197,4.18,3.253,154,High,28626.71
West,Mobile,Search Ad,9,1929.47,1.044,607.72,25.54,42.92,834,424,4.14,2.576,234,High,22224.52
East,Tablet,Email,16,1560.47,0.975,591.2,34.33,27.07,387,375,3.96,2.596,139,Low,16673.68
East,Mobile,Search Ad,2,1240.07,1.198,547.08,33.34,67.56,765,848,4.17,2.354,272,Very High,29642.64
East,Mobile,Social Media,5,741.02,0.961,628.0,26.43,67.71,1309,548,4.18,2.672,276,High,31497.64
West,Tablet,Social Media,13,352.16,0.954,589.73,30.38,69.44,1260,528,4.16,3.351,240,High,31703.89
East,Tablet,Search Ad,36,1778.66,1.016,500.85,30.75,30.37,889,1119,3.91,1.825,175,Very High,16643.01
North,Tablet,Influencer,7,1568.97,0.94,661.44,27.76,78.48,278,93,3.97,2.673,197,Very High,30093.59
West,Mobile,Influencer,7,49.89,0.885,544.74,23.24,78.75,510,256,4.09,2.391,147,High,28205.4
East,Tablet,Search Ad,1,1390.01,0.912,695.4,29.35,66.25,786,490,4.05,2.959,245,Very High,38143.18
East,Mobile,Social Media,9,842.42,1.061,595.21,27.15,73.97,626,178,4.1,2.93,444,High,31373.13
South,Mobile,Social Media,9,70.16,0.976,811.27,25.13,72.08,1051,915,4.17,3.045,242,Very High,40000.0
East,Mobile,Social Media,15,464.42,1.136,695.57,29.93,46.84,1346,603,4.02,2.709,222,Very High,31027.05
South,Mobile,Social Media,8,905.38,0.965,617.5,30.76,61.16,575,298,3.68,2.374,261,High,25478.89
East,Mobile,Social Media,9,157.37,1.057,657.82,31.06,43.19,600,264,4.08,2.902,177,Moderate,34494.87
North,Tablet,Influencer,14,641.42,1.041,489.93,23.5,43.02,398,253,4.04,2.408,179,Moderate,17928.07
East,Mobile,Social Media,4,1992.47,0.964,728.82,30.75,63.68,786,36,4.21,2.346,210,Moderate,39276.38
West,Tablet,Social Media,1,309.34,0.93,549.18,16.3,49.8,755,206,3.89,3.532,303,Moderate,24498.53
North,Mobile,Social Media,2,592.53,0.861,628.21,39.32,63.46,866,583,3.81,3.232,269,Very High,33989.64
West,Mobile,Influencer,8,761.83,1.044,601.55,26.88,33.46,1120,349,3.9,2.934,238,Moderate,19949.24
South,Mobile,Search Ad,8,238.53,1.096,548.54,34.19,45.41,974,304,4.01,3.03,294,High,24196.55
West,Tablet,Search Ad,8,487.52,0.873,589.23,25.95,54.08,723,244,3.91,2.952,354,Low,23524.56
West,Tablet,Social Media,2,329.84,0.97,621.4,25.07,62.87,752,112,4.14,3.084,294,Very High,34910.76
East,Tablet,Influencer,9,333.35,0.947,648.18,19.29,67.31,765,1440,4.06,3.212,185,Very High,33866.21
West,Tablet,Email,13,2000.0,1.044,621.84,33.06,49.67,723,123,3.93,2.622,131,Low,18882.6
West,Mobile,Influencer,10,785.49,0.974,530.23,30.04,49.5,664,265,3.93,2.468,140,Moderate,28170.69
South,Mobile,Search Ad,20,140.11,1.106,782.65,33.45,64.26,511,691,4.38,3.099,302,Very High,39774.56
South,Tablet,Social Media,10,14.96,0.969,626.89,24.85,49.43,781,366,3.86,3.498,201,High,19851.88
East,Mobile,Social Media,2,749.34,0.901,659.49,29.01,67.67,715,169,4.06,2.149,299,Moderate,33430.37
West,Mobile,Search Ad,6,1878.62,0.962,607.13,24.64,52.94,1012,1411,3.96,2.544,220,Very High,22897.88
West,Mobile,Email,6,858.2,0.971,526.95,28.32,40.0,881,382,3.99,2.929,272,Low,18198.99
West,Mobile,Influencer,18,373.39,1.042,663.3,26.14,49.33,864,354,3.85,3.601,291,Moderate,24070.59
South,Mobile,Social Media,10,940.71,0.97,651.84,26.27,69.4,1145,687,4.19,2.54,199,Very High,34994.03
West,Mobile,Social Media,3,1127.75,1.035,736.96,29.21,66.77,453,42,4.08,2.722,299,Very High,39170.53
North,Mobile,Email,5,357.08,0.937,752.07,27.72,78.1,1373,274,4.06,3.196,207,Very High,36852.5
East,Mobile,Social Media,13,1065.62,0.976,749.61,31.59,67.58,226,628,3.88,3.068,204,Very High,34308.83
North,Mobile,Social Media,9,709.79,0.937,482.29,29.11,55.94,1281,1300,4.09,2.199,299,Very High,26866.31
South,Mobile,Social Media,7,169.33,0.932,574.89,28.32,32.91,918,259,3.88,3.328,287,High,20334.88
South,Tablet,Search Ad,25,1225.24,1.102,646.82,34.71,56.02,588,302,4.08,2.283,277,High,24643.01
South,Mobile,Social Media,13,1208.18,0.943,602.56,30.83,49.79,433,350,3.86,3.129,180,Moderate,23122.88
East,Mobile,Influencer,5,1551.3,0.972,673.62,29.73,71.54,686,827,4.22,2.126,224,Very High,36057.35
South,Tablet,Search Ad,22,548.67,1.084,433.46,38.88,47.9,693,611,4.11,2.716,291,Very High,21688.1
South,Mobile,Influencer,14,701.1,1.06,731.56,26.99,75.45,917,466,3.88,2.425,390,High,33574.57
South,Mobile,Email,1,814.35,1.131,445.88,29.09,65.09,1279,156,3.96,2.941,360,Moderate,18399.21
South,Tablet,Social Media,6,1198.9,1.039,508.58,29.27,38.86,761,293,3.93,2.853,219,Moderate,19156.86
South,Mobile,Social Media,4,1229.24,0.952,553.87,20.81,61.22,953,613,4.15,2.629,207,High,22317.17
North,Tablet,Search Ad,14,316.64,1.165,592.16,35.43,58.61,842,340,3.91,3.899,355,Moderate,28039.41
East,Tablet,Influencer,8,1634.21,1.047,549.13,29.21,80.78,645,134,4.04,2.376,285,Very High,27474.47
East,Mobile,Email,2,1569.85,0.988,527.71,33.14,51.36,804,168,4.08,2.918,219,High,22980.3
East,Mobile,Email,2,722.68,1.005,685.81,33.96,57.35,829,196,4.0,3.06,256,Moderate,29054.74
East,Mobile,Influencer,15,1838.3,1.014,674.45,32.76,72.75,1042,318,3.8,3.114,171,Very High,30210.43
South,Mobile,Social Media,2,1980.3,0.981,686.25,17.2,65.83,595,12,3.91,2.476,311,Low,22666.53
West,Mobile,Search Ad,4,263.91,0.89,499.91,26.46,61.97,713,203,4.09,3.005,335,High,27591.64
East,Mobile,Search Ad,5,968.75,1.13,610.01,32.46,39.05,963,511,4.05,2.403,343,Very High,27210.36
East,Mobile,Influencer,11,845.68,0.998,650.74,24.55,53.22,548,315,3.7,2.756,318,Low,23888.06
North,Mobile,Email,5,1150.17,1.015,539.68,19.95,61.59,893,983,4.1,2.286,228,High,22772.6
South,Mobile,Email,2,1320.8,1.166,602.97,33.17,20.12,702,329,4.0,2.523,303,Low,19171.75
South,Mobile,Search Ad,12,533.61,0.945,453.37,23.91,39.15,1007,312,4.0,3.164,339,Low,9619.88
South,Mobile,Influencer,11,791.48,1.052,695.5,42.0,67.16,1258,253,4.08,2.482,307,High,32739.76
East,Tablet,Social Media,5,2000.0,0.937,620.04,28.72,51.8,582,344,4.22,2.533,301,Very High,30601.51
East,Mobile,Social Media,9,485.85,1.026,598.11,36.38,75.81,1080,249,4.02,2.382,260,High,34679.86
East,Mobile,Search Ad,21,875.07,1.016,680.39,31.94,58.91,918,1024,4.11,2.568,192,Very High,32087.5
West,Tablet,Influencer,3,964.09,1.063,698.77,33.3,57.89,629,111,3.85,3.044,363,High,31721.74
West,Mobile,Influencer,14,1284.08,1.097,645.78,33.29,52.29,862,136,3.87,2.912,246,Moderate,26891.84
East,Mobile,Influencer,20,1458.75,0.954,585.77,36.63,62.44,1236,270,3.95,3.181,323,Very High,29970.85
West,Mobile,Email,8,806.7,1.113,702.04,21.75,62.0,810,397,4.11,2.15,402,High,30449.5
North,Tablet,Email,14,1524.08,1.119,504.32,35.96,43.72,1120,632,3.9,2.455,304,Very High,19908.21
North,Mobile,Search Ad,9,458.27,0.98,653.43,32.96,50.05,825,200,4.1,2.435,321,Moderate,30987.62
North,Mobile,Influencer,10,1295.8,0.999,543.72,29.03,45.72,450,326,3.82,3.31,190,High,15624.03
East,Mobile,Social Media,15,959.41,0.96,702.54,28.65,62.66,817,184,4.06,2.713,203,Very High,32494.87
West,Tablet,Social Media,4,464.93,0.976,699.08,22.72,60.12,308,320,4.06,2.612,326,Moderate,34081.63
South,Mobile,Search Ad,8,113.63,0.904,442.49,27.85,31.46,768,141,3.93,3.581,214,Moderate,11077.19
West,Mobile,Email,5,126.16,1.062,616.72,34.47,59.91,757,328,4.11,3.111,165,Very High,31490.1
North,Tablet,Social Media,14,75.59,0.836,638.98,23.35,75.63,1267,415,3.95,3.497,145,Very High,30388.26
West,Mobile,Search Ad,3,1465.07,0.944,681.48,20.03,50.07,1327,8,3.87,3.295,235,High,26325.9
South,Tablet,Search Ad,23,909.41,0.996,642.23,42.0,57.75,765,643,3.91,2.371,234,Very High,30220.2
North,Mobile,Search Ad,3,1055.74,1.104,539.24,34.4,32.69,1211,234,3.91,3.267,310,Moderate,18197.96
East,Tablet,Social Media,30,1644.5,0.956,626.8,29.94,64.33,625,593,4.02,2.61,187,Very High,28252.43
South,Mobile,Search Ad,12,973.49,1.034,747.59,36.1,62.94,446,315,4.1,2.435,333,Moderate,38580.47
South,Tablet,Search Ad,10,526.67,0.994,515.96,29.97,40.53,893,518,4.01,3.197,173,High,21613.92
South,Tablet,Search Ad,34,1701.27,1.076,656.26,37.58,43.55,845,576,4.06,2.191,174,Moderate,26614.75
West,Mobile,Search Ad,3,1684.68,1.03,722.16,26.15,77.0,588,711,4.06,2.601,257,Very High,36669.77
East,Mobile,Social Media,7,1445.95,1.066,560.55,35.1,58.19,601,849,4.1,2.495,251,Very High,27734.41
South,Mobile,Email,17,1903.01,0.956,506.52,36.51,30.25,1132,527,4.16,2.21,284,High,19716.43
East,Mobile,Email,16,182.17,0.919,480.72,19.28,47.31,372,912,3.87,3.015,175,Very High,18751.26
East,Mobile,Social Media,22,234.05,1.029,644.75,30.08,58.58,1022,1022,3.85,3.653,270,Very High,27171.62
South,Mobile,Search Ad,14,1680.05,0.961,527.99,32.01,46.65,769,213,4.02,2.574,144,Moderate,21382.61
South,Mobile,Influencer,9,1496.59,1.002,665.1,30.95,73.48,1022,1497,4.06,2.265,112,Very High,39666.76
North,Mobile,Search Ad,13,1148.8,1.025,727.98,30.57,20.51,1147,203,3.71,3.01,361,Moderate,19111.62
North,Mobile,Search Ad,2,587.93,1.099,601.83,36.79,27.05,606,69,3.94,2.96,313,Moderate,22465.57
East,Mobile,Social Media,13,1046.91,1.063,568.81,31.78,70.58,529,1033,3.98,2.663,248,Very High,30071.89
North,Mobile,Social Media,14,555.95,0.946,630.26,30.51,53.39,1285,279,4.15,2.113,123,Very High,26664.46
East,Mobile,Social Media,7,475.29,0.908,612.96,30.84,48.83,843,370,3.99,1.766,220,Very High,32906.73
East,Mobile,Email,8,708.49,1.137,629.8,31.05,28.8,955,1124,3.98,2.349,276,Very High,25496.32
North,Mobile,Email,6,205.83,0.873,712.06,19.15,49.08,1124,126,3.84,3.631,219,Very Low,18986.73
East,Mobile,Search Ad,7,721.44,0.964,640.61,30.33,54.6,581,212,3.99,2.994,345,Moderate,23916.37
South,Mobile,Influencer,8,1304.61,1.052,820.0,33.07,87.05,1122,319,3.87,2.462,287,Very High,40000.0
West,Mobile,Email,9,1183.13,1.131,640.45,30.29,51.3,1046,471,3.69,2.784,191,High,25926.87
East,Tablet,Email,24,1943.91,0.985,559.38,30.16,38.84,1166,709,3.8,3.034,149,Very High,17078.35
West,Mobile,Search Ad,4,1676.54,1.002,812.95,12.82,58.61,1281,611,4.16,2.49,302,Very High,33086.42
East,Tablet,Social Media,12,686.82,0.93,613.12,34.7,69.89,758,236,3.89,3.055,300,Moderate,34936.27
North,Tablet,Influencer,3,1710.88,1.01,596.25,31.55,69.41,958,125,3.82,2.742,295,Very High,29575.93
East,Tablet,Search Ad,23,1831.11,0.908,819.18,23.95,64.81,753,587,4.02,2.805,352,Very High,32930.54
West,Tablet,Influencer,15,1649.15,0.94,620.63,25.82,60.89,782,492,4.28,2.341,276,Very High,31170.6
East,Mobile,Social Media,24,1599.47,1.061,581.4,42.0,48.53,533,351,4.1,2.306,254,High,31374.32
West,Mobile,Search Ad,1,270.93,0.965,554.84,19.41,30.14,795,154,3.8,3.698,295,Low,12686.99
West,Tablet,Social Media,6,290.7,1.073,627.57,29.47,39.17,220,220,3.83,2.743,325,Low,21392.81
South,Mobile,Search Ad,30,200.86,0.988,671.89,27.94,56.34,820,1023,3.97,2.961,291,Very High,30952.17
South,Mobile,Social Media,3,1693.89,0.89,433.36,30.59,52.7,1243,669,3.9,2.687,250,Very High,19149.29
East,Tablet,Email,14,943.95,1.093,672.89,31.77,62.56,966,212,4.05,2.916,308,Moderate,30245.77
South,Tablet,Search Ad,25,1419.51,0.895,579.87,29.58,54.84,773,370,3.94,2.384,254,Low,21751.55
West,Tablet,Search Ad,10,593.56,0.952,573.03,30.24,61.07,681,299,3.86,2.792,218,Moderate,25722.45
West,Tablet,Influencer,11,1319.52,0.984,809.24,26.01,64.16,583,1223,3.95,2.2,256,Very High,40000.0
South,Tablet,Search Ad,18,449.03,1.08,619.94,20.32,56.77,474,1064,4.35,3.059,228,Very High,26826.87
South,Mobile,Search Ad,13,460.25,0.958,638.94,25.7,36.09,1097,473,4.04,3.26,243,Moderate,22990.08
West,Tablet,Email,16,618.63,0.926,587.73,24.14,41.58,295,245,3.83,2.083,196,Low,18765.46
South,Mobile,Search Ad,3,1178.3,1.013,680.01,20.52,25.7,408,55,4.02,2.381,310,Low,22658.01
West,Mobile,Search Ad,8,177.08,0.983,726.34,28.29,54.18,1122,295,3.83,3.562,261,Moderate,29005.28
South,Tablet,Influencer,16,1393.88,0.963,475.66,28.52,67.47,800,1047,4.08,3.624,292,Very High,27781.54
East,Mobile,Influencer,24,915.7,1.017,749.91,34.09,66.36,873,356,3.98,2.87,278,High,33888.04
North,Mobile,Email,9,1152.36,0.904,727.11,32.22,60.29,920,507,4.03,2.374,192,Very High,35352.84
East,Mobile,Influencer,5,221.02,0.862,687.95,29.68,64.98,1443,159,3.87,3.189,330,Moderate,34973.72
East,Tablet,Email,12,1385.08,1.171,554.28,33.19,35.98,756,303,3.94,2.263,234,Low,14717.75
East,Mobile,Social Media,16,864.48,1.008,534.84,25.98,47.08,945,640,3.79,3.079,226,Very High,22958.87
North,Tablet,Search Ad,32,1803.95,1.014,820.0,35.16,75.24,1337,674,4.03,2.995,261,Very High,37476.0
West,Mobile,Email,2,576.38,0.937,518.28,29.47,50.05,842,483,4.14,3.044,263,Very High,28379.79
West,Tablet,Search Ad,11,1813.81,1.072,754.32,41.93,50.82,1241,562,4.12,2.45,409,High,36992.08
South,Tablet,Email,27,1269.29,0.957,637.17,31.4,28.59,129,386,3.83,2.486,285,Moderate,18729.51
North,Mobile,Email,13,322.36,0.78,748.76,29.25,53.73,523,323,3.79,3.82,218,Moderate,27528.78
North,Mobile,Search Ad,1,325.49,0.955,574.7,24.71,38.38,666,526,3.7,3.843,366,Moderate,16655.44
East,Mobile,Search Ad,5,1158.27,0.977,489.88,29.14,41.06,1029,31,3.98,2.318,147,Low,12869.05
East,Tablet,Influencer,22,1954.1,0.986,686.16,30.37,42.63,1254,426,3.99,2.526,218,High,23443.62
East,Tablet,Search Ad,13,893.9,0.984,493.75,26.67,56.38,569,905,4.1,2.856,214,Very High,24370.71
South,Tablet,Search Ad,6,479.11,0.948,817.71,28.47,56.67,1024,718,4.23,2.401,248,Very High,40000.0
South,Mobile,Social Media,15,54.91,0.941,659.57,30.81,57.18,1509,677,4.04,3.133,269,High,34814.46
East,Tablet,Email,28,406.57,0.976,649.19,26.44,34.95,1194,382,3.96,2.664,275,High,26149.35
East,Tablet,Email,12,935.16,0.868,660.88,32.84,44.49,623,796,3.84,2.369,274,Very High,26931.48
West,Tablet,Search Ad,9,2000.0,0.843,581.51,31.69,49.79,992,747,4.21,2.471,287,High,29317.05
North,Tablet,Search Ad,33,779.5,1.008,599.59,28.04,40.02,838,741,3.97,2.426,244,Moderate,17920.62
East,Mobile,Social Media,3,1608.4,1.009,652.21,23.72,51.34,669,95,3.84,2.36,328,Moderate,22556.93
South,Mobile,Search Ad,15,1882.76,1.07,789.93,35.44,76.65,984,328,4.06,2.498,148,Very High,40000.0
South,Tablet,Search Ad,36,735.57,0.98,516.62,30.04,22.07,603,875,4.2,2.203,90,High,20326.41
East,Tablet,Email,13,1748.69,0.905,558.18,23.61,43.29,776,586,4.24,2.492,294,High,25966.42
East,Mobile,Email,8,1547.69,0.845,583.01,38.02,35.83,460,174,3.79,3.144,227,High,19397.95
West,Mobile,Influencer,2,123.86,0.929,591.83,20.53,71.92,349,174,4.14,2.947,354,Moderate,28615.2
North,Mobile,Search Ad,11,930.48,1.034,496.76,22.36,39.43,777,545,4.01,2.494,313,Moderate,17983.85
North,Mobile,Influencer,3,1002.95,1.115,448.69,27.12,36.33,952,321,4.05,2.991,285,Low,15456.3
West,Mobile,Email,8,1879.39,1.004,473.2,30.6,36.22,533,258,3.96,2.935,218,High,15692.49
East,Tablet,Influencer,2,972.31,0.903,752.31,27.23,68.18,893,217,4.07,2.88,290,Moderate,36458.07
South,Tablet,Social Media,17,268.34,0.93,613.25,36.0,91.92,752,544,4.26,2.086,223,Very High,40000.0
North,Mobile,Email,10,807.97,0.932,662.62,25.96,18.82,1049,169,3.66,2.731,252,Low,15800.74
North,Mobile,Influencer,7,813.23,0.968,614.29,30.44,42.74,1134,146,3.97,2.471,228,Moderate,25531.72
West,Mobile,Social Media,2,479.51,1.09,610.68,36.5,72.83,1250,302,3.88,2.445,264,Very High,32347.42
North,Mobile,Search Ad,4,1707.28,1.096,759.61,27.92,35.54,1035,74,3.84,3.131,232,Low,22870.1
South,Tablet,Email,12,1548.91,0.986,736.29,32.18,51.43,654,521,3.99,2.467,310,High,30496.76
South,Tablet,Search Ad,36,536.21,1.015,680.15,23.82,44.15,795,886,3.9,2.233,276,Very High,22815.59
South,Mobile,Influencer,20,1609.6,0.936,694.6,40.39,56.4,1535,547,3.94,2.778,216,Very High,31223.45
North,Tablet,Social Media,2,269.07,0.863,655.36,28.83,53.49,1026,719,3.85,3.252,220,Very High,29837.12
East,Tablet,Search Ad,4,22.71,1.143,623.15,23.32,43.41,761,131,3.85,2.932,169,High,26666.84
North,Tablet,Email,17,698.53,0.814,580.01,33.71,58.44,696,328,4.05,2.971,127,Very High,29082.04
West,Mobile,Search Ad,15,357.09,0.853,568.51,34.27,65.61,687,301,4.11,3.259,306,Very High,34370.62
South,Tablet,Social Media,14,1031.52,1.144,720.48,25.08,63.15,396,635,3.94,2.877,226,Very High,25821.08
East,Mobile,Social Media,11,1035.32,1.001,527.13,26.98,46.37,1355,298,4.11,2.742,173,Moderate,22877.69
West,Mobile,Social Media,9,914.66,0.91,747.11,36.35,65.32,999,230,4.06,2.989,276,Very High,38463.72
East,Mobile,Email,18,1598.51,1.055,591.13,34.08,55.77,492,217,4.14,2.498,203,Moderate,25698.48
East,Mobile,Influencer,16,827.35,1.062,556.08,35.56,70.16,824,858,3.87,2.306,244,High,28722.62
South,Mobile,Social Media,2,336.0,0.893,571.75,25.71,55.9,1228,394,4.03,3.056,168,Very High,30153.53
South,Mobile,Social Media,1,1496.32,0.957,570.97,32.64,72.85,730,183,4.08,2.015,288,Very High,33094.55
East,Mobile,Social Media,6,1141.64,1.07,587.06,34.14,46.12,624,974,3.83,2.397,253,High,27811.5
West,Tablet,Social Media,6,585.12,0.935,573.36,28.11,66.65,843,642,4.34,2.979,279,Very High,35765.5
East,Tablet,Search Ad,11,1635.92,1.023,578.29,17.97,53.37,931,147,3.88,2.349,221,High,24387.19
East,Mobile,Influencer,5,1344.0,1.114,647.93,34.6,53.07,731,219,4.03,2.218,263,Moderate,29483.66
West,Tablet,Social Media,36,1224.34,0.809,629.75,36.63,59.78,566,578,4.13,2.793,158,High,32971.92
East,Tablet,Influencer,27,412.79,0.973,713.19,22.16,64.38,874,885,4.08,3.396,389,Very High,35126.16
North,Tablet,Search Ad,3,1663.01,1.021,609.99,21.18,44.69,414,41,4.08,2.011,274,Low,20211.62
East,Mobile,Email,8,740.42,0.857,620.37,32.03,44.06,704,304,4.19,2.604,354,High,31586.66
West,Tablet,Search Ad,34,1136.65,0.958,618.61,33.59,30.58,705,651,3.82,2.584,232,Low,19072.74
North,Tablet,Search Ad,16,731.25,1.084,652.33,22.01,39.72,954,1045,4.04,2.738,183,Very High,24805.92
East,Tablet,Search Ad,24,213.98,0.944,601.44,23.71,43.76,616,971,4.14,2.946,218,Very High,31879.43
North,Mobile,Influencer,2,1977.21,0.881,634.75,29.93,51.66,1023,198,3.76,2.34,245,High,29148.61
East,Mobile,Social Media,25,906.86,1.09,554.49,38.38,42.73,1198,601,4.11,2.405,241,High,25528.2
North,Tablet,Influencer,7,886.53,1.036,679.32,24.84,73.48,593,660,4.27,2.68,363,Very High,38970.0
East,Mobile,Search Ad,19,1169.84,0.994,720.61,30.68,52.83,1795,570,4.16,3.218,195,High,33825.84
West,Mobile,Social Media,3,1114.26,0.992,614.18,24.14,80.72,1272,588,4.13,2.695,211,High,34739.36
South,Mobile,Search Ad,4,768.46,1.082,553.84,37.84,51.57,939,722,4.2,2.373,292,Very High,31529.74
East,Tablet,Social Media,12,1036.0,1.024,610.3,29.53,67.41,687,684,4.1,2.167,150,Very High,34119.75
West,Tablet,Influencer,14,796.85,1.052,615.62,28.18,55.05,579,211,3.81,2.728,245,High,26928.66
West,Mobile,Search Ad,8,662.54,0.945,554.22,23.66,36.12,1342,240,3.86,2.616,257,Moderate,17173.4
South,Tablet,Email,20,1792.39,0.847,501.95,23.77,41.82,801,345,3.92,2.813,275,Moderate,14277.82
South,Mobile,Social Media,1,1629.81,1.05,624.3,37.24,73.52,443,289,4.01,2.622,270,High,29080.4
North,Tablet,Search Ad,9,601.85,1.088,625.1,29.75,48.46,243,251,3.94,2.86,371,High,26359.54
West,Tablet,Email,14,662.85,0.982,506.03,27.02,45.31,773,317,3.91,2.587,193,High,21678.27
West,Tablet,Email,22,1279.85,1.071,535.89,31.89,45.55,779,367,3.99,3.255,208,Moderate,20181.33
East,Tablet,Social Media,6,2000.0,0.973,576.16,24.43,49.65,474,902,4.21,2.707,286,High,22862.43
West,Mobile,Social Media,28,1448.95,0.993,528.94,32.5,50.45,421,457,4.01,2.396,262,High,24131.18
East,Tablet,Social Media,8,115.2,1.14,534.09,27.61,36.94,171,178,3.99,3.507,270,Very Low,16959.81
East,Mobile,Social Media,8,167.9,0.977,595.87,26.52,52.26,640,138,3.69,2.962,161,High,28406.15
North,Tablet,Email,6,538.22,0.972,482.48,21.27,45.32,635,188,3.95,2.386,383,Moderate,18573.99
West,Tablet,Search Ad,9,581.61,0.85,594.79,32.58,52.89,941,930,4.18,2.244,276,Very High,33658.96
North,Tablet,Search Ad,14,316.42,1.055,543.68,25.76,47.23,702,1076,4.2,3.475,150,Very High,21681.88
West,Mobile,Social Media,1,1239.51,0.943,560.95,24.89,59.8,1169,183,4.11,2.51,286,Moderate,26319.27
West,Tablet,Social Media,12,1022.44,1.012,660.67,25.14,57.46,915,475,4.04,2.402,180,High,27709.51
East,Mobile,Search Ad,8,1548.66,0.975,575.86,24.18,46.03,1009,501,4.03,2.686,306,Very High,21765.17
North,Mobile,Email,6,260.61,0.964,546.13,27.42,50.97,1144,128,3.86,3.438,166,Low,16417.38
South,Tablet,Email,8,154.03,0.991,685.23,29.41,50.01,338,267,4.06,3.664,310,Low,26333.01
South,Mobile,Email,8,751.97,0.997,520.94,25.83,36.76,704,424,3.86,2.224,172,Low,18066.58
South,Tablet,Influencer,8,336.68,1.094,775.68,18.22,68.25,1436,776,4.15,3.487,188,Very High,34009.43
North,Mobile,Search Ad,8,1880.17,1.122,606.54,26.8,47.5,307,419,3.98,1.94,257,Low,17133.14
West,Mobile,Search Ad,7,131.61,1.052,505.0,26.52,39.65,774,245,3.93,3.516,210,Low,13335.84
East,Tablet,Search Ad,23,817.76,1.102,566.67,26.98,48.24,878,990,4.16,2.945,214,High,19761.26
South,Mobile,Search Ad,5,1137.86,1.068,623.53,28.41,51.35,316,326,4.04,3.047,153,Moderate,23148.69
South,Mobile,Social Media,2,508.58,1.04,719.55,25.6,43.36,642,561,4.01,2.842,228,Moderate,28212.03
South,Tablet,Search Ad,36,206.32,1.116,661.45,32.4,56.33,1319,608,3.96,2.805,303,High,25295.29
East,Mobile,Email,9,725.35,0.895,599.07,22.35,66.38,909,149,4.18,2.785,364,Moderate,25092.14
East,Mobile,Search Ad,12,899.3,0.945,713.58,33.06,41.79,693,235,3.97,2.297,299,Moderate,25457.91
West,Mobile,Search Ad,5,30.88,0.934,443.2,34.2,36.15,921,834,4.08,2.765,290,Very High,24854.62
East,Tablet,Search Ad,6,581.02,0.976,625.74,34.73,87.18,573,121,4.04,2.462,143,Very High,40000.0
West,Tablet,Social Media,7,1225.07,1.055,659.75,27.34,44.82,1237,298,3.87,2.613,246,High,22617.15
West,Tablet,Social Media,20,2000.0,0.911,677.77,33.44,74.75,453,347,4.07,2.685,208,Very High,34094.16
North,Mobile,Search Ad,8,174.1,1.04,468.02,29.19,39.42,708,293,3.86,3.005,154,High,19124.04
West,Tablet,Search Ad,16,218.23,0.953,516.45,26.16,44.51,307,375,4.01,3.258,169,High,22033.0
North,Tablet,Influencer,8,933.66,0.972,650.22,28.83,57.79,654,156,3.57,2.471,289,High,24789.76
West,Tablet,Social Media,17,1702.11,1.016,734.63,32.98,65.99,689,201,3.94,2.706,213,Very High,35310.47
South,Mobile,Search Ad,30,773.29,1.134,763.23,40.32,38.26,1207,418,3.95,2.59,157,Moderate,27339.25
West,Tablet,Search Ad,3,1538.71,0.943,573.7,22.98,47.83,445,12,3.81,3.138,209,Very Low,14347.73
West,Tablet,Influencer,11,1762.98,0.994,577.0,32.22,51.9,880,117,3.99,3.047,266,Low,22625.58
West,Mobile,Search Ad,4,32.97,0.914,658.99,34.05,28.13,885,422,3.87,3.182,206,Moderate,23484.87
West,Mobile,Search Ad,17,1765.26,0.942,820.0,35.47,74.56,311,198,4.01,1.957,173,Moderate,35560.11
South,Tablet,Search Ad,6,337.97,0.913,688.99,32.26,25.8,530,197,3.82,2.76,191,Moderate,23934.53
North,Mobile,Search Ad,15,494.18,1.02,543.98,17.78,70.55,638,520,4.16,2.931,303,High,25616.27
South,Tablet,Influencer,18,50.99,1.034,820.0,29.72,75.4,1228,289,4.09,3.037,119,High,40000.0
North,Tablet,Email,6,241.78,1.055,638.26,28.4,28.14,898,787,4.0,3.762,231,Moderate,19961.2
East,Tablet,Email,33,2000.0,0.94,558.72,37.58,62.22,782,538,4.03,2.943,241,Very High,28063.35
South,Mobile,Influencer,4,1675.96,1.041,820.0,23.09,55.77,50,932,4.36,2.487,201,Very High,40000.0
West,Mobile,Search Ad,3,36.33,1.009,524.2,23.01,34.03,307,136,3.88,3.279,189,Very Low,14551.36
East,Tablet,Search Ad,4,1375.69,0.995,573.58,31.72,24.44,951,17,3.78,2.402,309,Low,17453.6
West,Mobile,Social Media,9,551.53,0.901,678.26,24.32,44.26,1087,398,3.82,2.555,309,High,31320.11
North,Tablet,Email,15,479.98,1.012,586.57,27.41,33.53,525,332,4.03,3.275,255,Moderate,18024.17
West,Mobile,Search Ad,8,265.79,1.015,601.81,26.36,58.26,868,374,4.19,2.896,214,High,29792.68
West,Mobile,Search Ad,7,1310.53,1.008,624.93,28.28,64.37,847,224,3.89,2.891,255,High,30462.72
East,Mobile,Social Media,3,1583.17,1.032,731.99,31.4,43.76,909,167,3.9,3.08,273,High,26021.25
East,Mobile,Social Media,20,1737.65,1.056,460.28,28.52,50.38,752,733,3.97,2.608,241,Moderate,15029.67
West,Tablet,Influencer,23,2000.0,0.912,709.76,26.74,37.66,976,296,3.92,2.555,275,Low,21124.96
North,Mobile,Email,8,790.36,0.983,572.17,28.74,46.52,1181,330,3.74,2.518,226,High,23274.59
East,Mobile,Influencer,7,906.15,1.041,602.74,23.25,83.9,582,275,4.14,2.844,53,Very High,30656.76
South,Mobile,Social Media,16,519.61,0.979,559.02,37.03,30.55,514,546,4.09,2.851,236,High,23980.67
North,Mobile,Search Ad,7,1289.88,1.077,410.41,27.77,26.21,629,58,3.64,3.667,290,Very Low,2500.0
South,Mobile,Influencer,7,576.08,1.007,591.8,33.19,67.54,874,335,4.22,2.558,250,High,30240.53
North,Tablet,Search Ad,36,1961.0,0.844,739.38,28.6,65.43,843,574,4.23,2.455,269,Very High,30589.12
North,Mobile,Social Media,30,310.42,1.067,681.39,36.42,46.79,1089,1417,3.72,3.51,231,Very High,25418.1
North,Mobile,Search Ad,10,737.82,0.991,593.92,21.76,65.14,1142,555,3.77,2.71,236,Moderate,22081.14
West,Mobile,Social Media,8,464.09,0.858,505.31,36.48,40.51,965,183,3.91,2.403,259,Low,22375.0
East,Tablet,Social Media,14,1301.6,0.98,702.38,34.7,81.24,807,327,4.2,2.541,369,Very High,40000.0
West,Mobile,Influencer,10,573.19,0.899,760.4,27.04,70.04,1338,589,4.08,2.754,300,Very High,39532.7
South,Mobile,Search Ad,24,753.31,1.06,692.31,30.69,69.43,861,536,4.04,2.805,292,Very High,34974.58
South,Tablet,Search Ad,26,944.02,0.997,536.27,33.47,51.48,911,476,4.06,2.763,261,Very High,26737.72
East,Mobile,Social Media,3,1490.07,0.926,571.59,20.91,58.28,953,128,3.87,3.113,165,High,21940.49
South,Mobile,Email,3,976.2,1.065,731.95,31.21,60.07,810,124,4.12,2.748,324,Very High,35669.49
North,Mobile,Email,14,1060.92,1.037,504.6,26.48,54.16,812,134,3.94,2.787,304,Moderate,15804.55
East,Tablet,Search Ad,12,902.92,0.981,651.12,27.39,49.7,1123,551,3.8,2.347,271,High,30258.81
South,Mobile,Search Ad,6,1080.05,0.9,474.54,25.86,30.06,834,296,3.82,2.862,245,Moderate,14534.15
East,Tablet,Search Ad,9,1293.76,0.933,597.44,24.13,45.77,638,156,3.98,2.604,282,High,23617.86
East,Tablet,Influencer,25,733.15,0.931,705.94,39.52,56.32,526,618,3.98,2.271,234,Very High,36838.91
North,Mobile,Email,6,182.47,1.06,579.62,32.48,36.51,983,215,3.87,3.416,293,Low,17346.45
North,Mobile,Social Media,13,937.03,0.866,670.53,22.94,76.27,711,274,4.05,2.796,196,Very High,32737.14
West,Mobile,Social Media,5,917.94,0.996,530.1,24.52,56.98,956,478,4.04,2.771,130,High,24653.34
East,Tablet,Social Media,18,1368.11,0.98,572.5,34.03,60.95,792,640,3.88,2.928,174,Very High,23356.73
North,Mobile,Email,7,1824.61,1.083,656.69,36.6,62.9,736,319,4.14,2.595,257,Very High,30959.52
West,Mobile,Influencer,1,1707.14,1.019,736.31,21.25,69.27,455,401,4.01,2.557,229,Very High,33524.75
North,Mobile,Social Media,6,617.78,1.043,639.18,32.57,80.31,562,239,4.08,3.214,239,Very High,34906.1
East,Tablet,Influencer,20,2000.0,0.958,762.76,31.43,38.05,487,221,3.93,2.751,168,Very Low,24157.54
West,Mobile,Social Media,3,529.37,0.902,487.07,18.83,32.38,569,336,3.87,1.851,267,Very Low,13555.97
South,Tablet,Influencer,12,176.96,0.974,609.6,23.64,47.1,872,267,4.06,2.258,184,High,28627.17
North,Mobile,Search Ad,6,1276.31,1.062,766.89,30.9,38.44,1477,453,3.96,3.1,279,High,27523.83
North,Mobile,Influencer,12,64.7,1.062,747.1,29.9,65.62,712,308,4.01,2.501,160,Moderate,36290.15
South,Mobile,Email,7,1620.52,0.966,664.34,22.66,47.48,749,355,3.66,2.697,196,Low,18555.52
North,Mobile,Search Ad,6,1302.08,0.931,609.22,25.26,73.33,690,257,4.11,2.147,188,High,34715.67
East,Mobile,Influencer,3,1759.48,0.915,764.49,25.43,75.43,1109,472,4.03,2.523,284,Very High,39424.56
North,Mobile,Email,8,301.44,0.989,618.96,23.76,37.07,984,636,4.06,3.243,219,High,21378.34
East,Tablet,Email,30,1873.45,1.011,497.82,29.31,46.2,735,340,4.15,2.312,274,Low,15789.49
West,Tablet,Social Media,4,1093.19,1.118,711.71,29.06,34.57,388,106,4.0,2.365,319,Very Low,22710.88
West,Tablet,Influencer,10,1763.68,1.01,612.52,29.85,59.93,459,653,4.04,2.877,358,Very High,29345.21
East,Mobile,Search Ad,2,1854.51,1.049,694.57,37.23,55.99,911,129,3.92,3.627,262,Moderate,29610.29
South,Mobile,Search Ad,15,1040.82,0.938,486.62,35.05,33.14,925,343,4.23,2.678,180,Low,18202.11
East,Mobile,Email,10,909.72,1.003,725.94,36.38,49.4,855,217,4.01,2.323,326,Low,29176.65
East,Tablet,Email,3,1247.12,1.011,583.44,24.64,33.31,933,221,3.94,2.997,342,Moderate,19394.09
South,Tablet,Influencer,18,1973.47,0.989,597.67,24.72,43.85,385,262,3.92,3.316,244,Moderate,15599.46
North,Mobile,Email,11,1823.96,0.998,563.05,33.99,52.78,948,587,3.9,3.092,330,High,18876.49
West,Mobile,Search Ad,26,1930.61,1.01,608.53,32.6,63.11,932,335,3.77,2.271,269,Moderate,22971.77
South,Mobile,Influencer,4,942.14,1.038,663.27,32.37,67.7,582,213,4.18,2.709,145,High,30669.14
North,Mobile,Social Media,5,289.39,1.094,719.82,23.99,51.57,685,128,3.85,3.094,209,Moderate,24609.12
South,Mobile,Search Ad,3,1144.13,0.819,623.78,31.78,41.52,1061,244,3.91,2.731,217,Low,25306.7
South,Tablet,Email,9,569.05,1.089,416.85,29.74,30.95,410,945,3.98,2.533,225,Very High,12451.41
West,Tablet,Search Ad,10,763.75,0.863,511.42,26.0,40.59,1454,213,4.1,2.84,190,High,19718.41
West,Mobile,Email,27,71.06,1.025,800.17,28.03,41.68,1021,370,3.86,3.124,188,High,27338.77
West,Mobile,Search Ad,6,573.36,1.188,616.45,34.03,64.13,843,266,4.02,3.132,331,High,23757.11
North,Tablet,Social Media,12,1475.95,0.997,716.53,32.53,56.88,667,490,4.06,2.607,140,High,35702.69
South,Mobile,Social Media,6,925.38,1.014,603.69,27.25,62.9,1089,1146,3.93,2.621,203,Very High,28374.24
East,Mobile,Search Ad,17,61.09,0.975,513.98,29.78,26.43,741,259,3.72,3.546,287,Very Low,9719.22
North,Mobile,Email,10,736.36,1.053,555.7,34.0,34.74,753,592,3.87,2.866,213,Low,13746.31
South,Mobile,Search Ad,8,561.0,1.029,615.61,33.13,61.31,1281,265,4.02,2.846,273,High,34286.83
West,Mobile,Social Media,5,662.65,0.946,585.76,33.83,65.35,723,147,4.0,2.603,223,High,33042.91
North,Tablet,Search Ad,10,888.04,0.991,766.01,37.36,42.46,779,220,3.92,3.173,275,Low,28599.92
East,Mobile,Email,14,1016.61,0.911,551.07,28.19,45.79,640,849,4.1,2.927,184,Very High,27629.07
South,Mobile,Search Ad,4,40.05,0.99,509.49,33.02,49.61,935,552,3.89,3.223,133,High,24140.22
North,Tablet,Email,36,1049.79,0.966,665.8,33.57,39.31,908,497,3.94,2.98,223,High,22575.87
South,Mobile,Social Media,9,1291.71,1.011,710.98,24.15,61.56,1348,857,4.04,2.53,137,Very High,30335.97
West,Tablet,Social Media,6,1991.68,0.943,654.22,24.33,33.87,468,63,3.79,2.997,244,Very Low,14867.0
West,Tablet,Search Ad,8,199.01,0.983,549.21,27.27,33.46,320,245,4.19,3.306,178,High,22610.43
West,Mobile,Social Media,6,562.19,1.001,468.32,32.7,56.18,783,408,3.73,2.926,178,Very High,24745.89
East,Tablet,Influencer,36,130.89,1.006,743.54,24.9,62.97,561,2558,4.41,2.576,339,Very High,38385.04
North,Mobile,Influencer,17,814.91,1.022,730.41,27.24,63.71,856,419,4.11,2.155,265,Very High,37985.18
East,Tablet,Email,3,92.36,0.986,544.84,21.37,37.39,891,542,4.06,3.211,153,Moderate,18840.4
East,Mobile,Search Ad,7,1533.21,0.937,631.5,24.94,55.54,1517,737,4.04,2.369,245,Very High,27330.44
West,Tablet,Email,5,327.47,1.007,567.07,15.0,46.48,609,103,4.09,3.456,239,Low,18105.67
North,Tablet,Social Media,8,829.04,0.986,756.54,16.84,67.21,99,231,3.94,2.164,120,High,29841.43
East,Mobile,Search Ad,13,603.68,1.082,523.25,30.93,47.0,791,226,3.99,3.118,270,Moderate,18692.49
North,Mobile,Search Ad,2,972.7,1.092,564.79,32.12,42.52,962,403,3.96,2.696,307,Moderate,21551.11
South,Tablet,Search Ad,13,2000.0,0.89,579.66,32.12,41.0,459,350,3.92,2.407,222,Moderate,23099.79
West,Tablet,Social Media,9,604.39,1.049,646.11,21.31,39.46,808,176,3.94,2.534,230,Low,22230.49
East,Mobile,Social Media,5,857.71,1.065,631.36,24.67,48.24,900,253,3.84,2.691,213,High,21145.0
South,Tablet,Email,16,400.56,0.892,602.82,23.74,35.05,815,434,3.86,3.417,272,High,19409.42
South,Mobile,Search Ad,4,1658.37,1.046,559.04,28.74,67.18,1089,343,4.2,2.081,233,High,26424.72
East,Mobile,Search Ad,2,1946.4,1.072,754.61,35.9,43.56,836,407,4.3,2.104,235,High,38333.54
West,Mobile,Search Ad,22,1330.4,0.924,585.95,35.55,62.97,1019,250,4.05,2.502,198,Very High,32841.31
West,Mobile,Social Media,5,73.91,0.981,704.63,24.06,53.12,338,287,4.07,3.09,375,Low,32218.98
West,Tablet,Social Media,4,1602.45,1.015,820.0,29.02,60.5,461,57,3.99,2.908,232,Very High,36197.45
West,Mobile,Social Media,27,1270.19,1.046,566.08,28.64,56.87,761,676,4.08,2.688,291,High,21214.24
South,Tablet,Email,25,1449.18,0.921,637.27,31.37,28.18,449,560,4.0,2.514,264,High,23561.37
East,Mobile,Social Media,11,1811.98,1.093,637.34,32.17,45.45,862,451,4.09,2.67,89,Very High,25872.1
South,Mobile,Influencer,8,623.97,0.838,819.2,36.46,53.1,760,158,4.14,2.61,225,Moderate,40000.0
South,Mobile,Influencer,3,683.35,1.106,635.58,33.51,55.2,728,276,3.87,2.653,177,Very High,30395.27
West,Mobile,Search Ad,8,418.84,1.044,622.11,22.59,35.66,1116,650,4.31,2.974,309,High,25850.24
North,Mobile,Social Media,24,1293.68,0.95,654.61,28.52,72.73,884,598,4.07,1.848,169,Very High,34617.49
West,Mobile,Email,11,1393.91,1.069,600.63,30.81,37.23,546,646,3.99,2.984,279,Moderate,17111.27
East,Mobile,Influencer,10,155.62,0.916,706.86,18.98,28.36,685,225,3.85,3.447,310,Moderate,22661.85
East,Mobile,Email,2,23.42,1.009,585.99,24.21,37.96,1078,159,3.87,3.765,265,Moderate,21079.74
East,Mobile,Influencer,3,374.31,1.019,689.78,24.82,70.65,918,239,4.08,2.81,248,High,38328.41
West,Mobile,Social Media,2,1819.1,1.019,665.11,30.69,77.88,1207,191,4.1,2.78,223,Very High,35448.11
East,Tablet,Social Media,36,1028.69,0.933,582.27,36.04,51.47,986,553,4.06,1.941,240,Very High,32043.08
East,Tablet,Influencer,7,496.3,0.96,632.4,28.25,51.81,627,258,3.91,2.095,165,Moderate,30915.33
North,Mobile,Email,4,838.05,1.01,640.87,20.57,43.57,1276,413,3.64,2.819,259,High,23571.88
East,Mobile,Search Ad,14,465.64,0.942,647.35,24.41,54.52,1300,498,3.78,2.601,313,Moderate,25187.32
North,Mobile,Search Ad,2,995.41,1.022,714.5,25.33,37.73,342,17,3.9,3.087,194,Moderate,27490.88
West,Tablet,Social Media,7,1365.38,0.951,786.78,31.02,59.07,749,1233,4.14,2.964,249,Very High,40000.0
East,Mobile,Social Media,8,168.72,1.08,570.03,32.03,52.14,701,368,3.93,3.648,242,Very High,23182.57
East,Mobile,Search Ad,2,1207.06,1.125,630.35,29.61,50.41,784,169,3.86,2.957,267,High,23952.87
North,Mobile,Search Ad,6,563.14,0.976,589.92,40.88,49.27,623,1069,4.09,2.811,215,Very High,29547.21
North,Mobile,Email,4,1254.49,1.074,517.01,39.03,31.19,587,50,3.87,2.292,154,Moderate,20388.51
East,Mobile,Influencer,9,535.44,0.983,699.94,35.82,68.09,1121,368,3.96,3.168,179,High,35989.18
North,Tablet,Email,8,289.15,0.925,646.59,28.44,45.64,401,594,3.79,3.735,104,High,21827.85
North,Mobile,Social Media,2,634.18,0.966,535.79,30.65,50.24,887,207,3.85,2.272,296,Low,22208.94
North,Tablet,Social Media,13,401.59,1.007,586.88,27.77,38.27,349,569,4.08,3.258,273,Moderate,24725.38
West,Mobile,Email,13,231.72,0.857,545.33,18.31,47.15,1228,838,3.9,3.029,247,Very High,21863.36
West,Mobile,Email,3,1009.46,1.05,479.53,23.28,24.93,869,81,3.95,3.332,205,Very Low,7812.55
South,Tablet,Influencer,30,1912.17,1.007,682.16,30.79,82.49,956,397,4.22,2.155,238,High,35039.58
South,Mobile,Social Media,7,803.88,1.08,534.07,32.4,35.93,917,249,3.83,2.801,246,Moderate,13468.55
South,Tablet,Email,12,1199.74,1.049,617.11,28.04,54.69,667,256,3.92,2.771,216,Very High,27204.48
West,Mobile,Email,4,588.99,1.01,612.49,30.08,20.34,880,121,3.98,2.645,218,Very Low,21781.06
East,Mobile,Search Ad,6,1981.19,0.972,668.03,18.56,19.06,1297,106,4.01,3.395,329,Very Low,11355.83
North,Tablet,Influencer,22,1159.4,1.122,703.81,35.49,56.56,480,802,3.96,3.27,170,Very High,34119.14
North,Mobile,Social Media,8,1464.89,1.174,762.7,32.25,32.14,121,290,3.72,2.273,310,High,25810.69
North,Tablet,Email,18,431.07,0.973,522.79,25.8,49.4,512,343,4.12,3.236,148,High,21772.79
East,Mobile,Social Media,9,759.62,1.083,564.03,36.76,53.55,509,953,4.12,2.562,348,Very High,31299.55
West,Tablet,Email,4,597.62,0.943,643.56,21.99,62.49,1021,505,4.07,2.893,100,High,34160.73
South,Mobile,Email,10,535.91,0.953,579.23,28.62,41.07,809,286,4.05,2.69,277,High,24619.91
North,Mobile,Social Media,14,1042.91,0.969,720.97,31.94,62.71,1100,534,3.88,2.45,207,Very High,33754.21
North,Tablet,Social Media,10,675.18,1.055,667.79,26.53,52.15,749,414,4.03,2.266,238,Very High,29100.98
West,Tablet,Search Ad,6,271.35,0.914,752.42,14.56,39.73,743,434,3.92,3.065,240,Low,25158.99
South,Tablet,Social Media,36,562.58,1.124,613.07,29.71,48.78,788,581,4.07,2.559,286,High,25911.53
West,Tablet,Influencer,16,416.28,1.075,533.59,28.56,38.52,1169,298,4.03,3.197,126,Low,18559.52
East,Tablet,Influencer,14,1086.5,1.053,694.16,30.27,66.91,794,210,4.11,2.373,246,Very High,34826.0
South,Mobile,Search Ad,14,489.3,0.976,598.03,30.43,44.59,1182,232,4.01,3.24,259,High,27182.67
North,Mobile,Social Media,4,970.32,1.066,672.11,27.92,54.92,1163,186,3.99,2.844,207,Low,25619.4
North,Mobile,Social Media,9,896.04,0.78,680.72,23.06,91.96,813,294,4.1,2.886,241,High,35880.0
East,Mobile,Social Media,18,1462.37,1.035,597.41,31.93,48.74,839,177,3.99,2.608,207,High,27636.88
West,Mobile,Search Ad,6,1431.89,1.013,543.78,28.25,49.62,750,575,3.92,2.343,282,Moderate,25019.38
East,Mobile,Social Media,16,1156.0,0.849,621.76,34.07,54.98,1232,473,3.95,2.994,271,High,30817.79
East,Mobile,Influencer,15,1329.33,1.033,481.75,26.96,66.44,587,306,4.05,2.267,261,High,20357.94
North,Tablet,Influencer,30,823.86,1.047,667.58,21.8,61.41,530,1355,4.2,1.802,289,Very High,31973.65
West,Mobile,Social Media,2,1722.16,0.852,613.29,15.34,46.52,780,774,3.93,2.897,325,Moderate,21220.44
West,Mobile,Search Ad,1,1158.98,0.905,687.43,26.17,81.22,527,5,3.88,2.47,187,High,31179.86
South,Mobile,Email,4,1597.59,1.165,454.28,31.86,27.35,689,275,3.7,2.743,386,Low,8871.49
West,Tablet,Social Media,23,1427.83,0.985,639.92,29.48,52.69,1069,712,3.87,2.984,272,Very High,26941.58
East,Tablet,Social Media,14,1863.1,1.078,775.09,28.69,72.99,929,181,3.94,2.366,217,High,36175.36
East,Tablet,Social Media,2,781.41,1.09,679.22,21.4,44.08,618,102,3.87,2.18,391,Moderate,23693.79
West,Mobile,Influencer,4,456.04,1.032,731.49,19.27,70.43,1093,172,3.96,3.105,222,High,33993.89
West,Mobile,Email,12,805.56,1.081,622.9,34.5,40.62,1464,276,3.79,2.777,173,High,24653.3
East,Mobile,Social Media,22,1386.51,0.831,505.58,30.82,62.58,951,1163,3.88,3.174,216,Very High,24097.1
North,Mobile,Search Ad,6,218.08,0.982,611.12,24.26,60.15,1272,537,4.03,3.348,213,Very High,29516.33
South,Mobile,Search Ad,9,1716.08,0.78,663.43,21.91,47.98,1107,85,3.95,2.914,315,Very Low,20109.97
West,Mobile,Social Media,22,523.25,0.86,533.25,27.13,36.75,775,736,4.06,2.665,241,High,20330.46
South,Mobile,Influencer,13,580.79,0.956,645.65,30.57,54.68,917,248,4.07,2.658,254,Low,23391.74
South,Tablet,Search Ad,19,2000.0,0.947,404.91,31.34,39.96,893,312,3.99,3.054,252,Low,8799.63
South,Tablet,Social Media,10,1600.68,1.003,616.49,27.48,65.14,524,187,4.0,2.935,320,High,28343.66
South,Mobile,Email,8,1021.87,0.998,565.57,36.34,48.95,103,145,4.05,2.409,228,Moderate,22676.28
East,Mobile,Social Media,4,812.54,1.011,738.06,25.84,65.6,618,191,4.16,2.711,235,High,38022.29
West,Mobile,Influencer,1,791.5,1.014,612.16,34.61,63.94,234,445,3.93,2.482,205,High,34738.58
South,Mobile,Search Ad,4,563.72,1.027,584.09,29.8,58.79,642,175,4.06,2.499,222,Moderate,27760.79
North,Tablet,Influencer,17,563.49,0.923,649.06,30.1,57.19,245,696,3.95,2.884,281,High,29196.21
North,Mobile,Social Media,3,281.09,0.942,566.96,30.2,54.27,1115,103,3.98,2.942,293,High,28903.34
West,Tablet,Email,9,641.22,0.997,649.69,25.0,45.76,397,401,4.09,2.639,353,High,30941.97
East,Mobile,Email,18,780.78,0.998,435.79,29.59,31.36,1018,813,3.94,2.825,242,High,13840.25
South,Tablet,Social Media,36,1084.26,0.913,722.78,26.86,71.36,962,415,3.92,2.587,232,Very High,32973.73
West,Mobile,Search Ad,2,643.31,1.087,606.2,35.54,63.27,1063,346,3.95,2.937,273,Very High,29993.59
West,Tablet,Search Ad,31,739.73,1.058,713.41,36.26,71.09,198,613,3.94,2.538,219,High,35184.3
West,Mobile,Social Media,1,141.06,0.931,391.32,30.67,34.43,1186,165,3.78,3.634,208,Low,7899.16
West,Tablet,Social Media,22,1932.96,0.983,455.63,31.48,52.04,862,254,4.11,2.619,268,High,19395.26
South,Mobile,Social Media,7,730.63,1.161,600.72,37.28,69.83,1093,440,4.09,2.647,224,Very High,30969.76
West,Mobile,Social Media,30,50.86,1.013,649.59,26.66,74.39,1391,504,3.96,2.863,230,Very High,32501.44
East,Tablet,Social Media,7,820.93,1.032,581.67,32.7,33.88,970,240,3.8,2.708,286,Low,17343.0
West,Tablet,Email,6,1535.95,0.951,658.5,25.59,45.92,397,386,3.85,2.823,267,Moderate,19187.84
West,Tablet,Email,36,1470.82,0.975,688.86,32.99,46.94,929,1206,3.98,3.023,372,Very High,26700.8
West,Tablet,Email,35,1708.37,1.121,668.86,38.94,70.84,304,494,4.18,2.411,305,Very High,33183.45
East,Tablet,Email,8,388.78,1.009,594.81,36.58,17.45,722,521,3.89,3.584,200,Low,20672.21
North,Mobile,Email,4,988.89,0.994,607.4,32.82,32.07,714,887,4.24,2.218,223,High,25173.22
East,Mobile,Search Ad,8,1049.67,1.001,566.91,34.01,66.82,863,85,3.97,2.788,163,High,26311.36
West,Mobile,Social Media,1,1555.63,1.204,637.79,27.95,48.58,422,183,3.88,2.557,188,Moderate,19191.5
West,Tablet,Influencer,7,2000.0,1.003,605.06,28.54,40.46,336,47,4.02,3.176,326,Low,22324.89
North,Mobile,Email,10,813.01,0.934,533.11,29.32,61.02,730,648,3.83,3.246,231,High,21264.7
North,Mobile,Social Media,16,499.53,0.948,660.14,37.92,39.87,795,327,3.96,2.778,162,Low,26210.43
North,Mobile,Social Media,5,1694.06,1.062,608.24,30.67,67.4,737,133,3.84,2.575,127,Moderate,20051.88
West,Tablet,Email,6,1939.02,0.886,561.65,34.22,23.73,1161,357,3.64,2.371,157,Low,10841.45
West,Mobile,Influencer,25,75.21,1.036,680.59,22.99,40.47,983,776,3.98,3.296,198,High,23800.85
South,Mobile,Email,6,588.17,0.942,621.33,36.07,49.82,975,255,4.06,2.681,248,Very High,35241.34
East,Mobile,Influencer,2,1116.67,0.851,650.34,24.05,47.13,749,291,3.98,2.964,223,High,25364.07
West,Mobile,Influencer,12,76.34,0.922,632.76,31.43,62.97,456,1061,4.1,2.567,291,Very High,35241.82
West,Mobile,Search Ad,5,322.35,1.002,633.37,21.58,71.13,859,710,3.75,3.375,190,Very High,28495.28
East,Tablet,Search Ad,11,760.61,1.112,687.25,34.07,51.61,1264,510,3.97,2.821,324,High,28956.06
East,Mobile,Search Ad,3,1662.07,1.073,645.65,26.23,70.72,925,798,4.06,2.292,240,Very High,32063.29
East,Tablet,Social Media,36,2000.0,0.977,556.64,38.16,58.11,1063,976,4.14,2.593,276,Very High,25489.34
South,Mobile,Search Ad,3,894.33,1.078,594.96,35.27,62.24,1219,442,3.88,2.48,216,High,25362.72
East,Tablet,Email,8,2000.0,0.971,589.43,24.94,12.08,902,754,4.02,2.347,311,Moderate,20678.12
East,Mobile,Email,10,836.84,0.883,512.17,32.69,49.63,924,636,3.94,2.506,166,Moderate,20440.17
West,Mobile,Social Media,4,685.29,1.002,662.91,33.46,63.64,574,283,3.96,2.585,171,Moderate,33611.2
East,Tablet,Search Ad,15,1943.36,0.88,681.74,24.58,46.04,680,335,4.02,3.07,188,High,23731.45
West,Mobile,Influencer,8,315.69,1.063,708.04,23.77,85.32,755,138,3.89,3.114,321,High,31493.46
North,Mobile,Email,9,753.68,1.064,515.31,26.76,33.43,956,157,4.0,2.354,233,Low,14308.32
East,Tablet,Influencer,9,1724.46,0.93,693.53,22.05,38.63,330,452,3.79,3.082,189,High,19844.66
North,Mobile,Social Media,4,82.85,1.012,609.32,20.34,61.44,704,315,4.07,3.461,236,Moderate,24296.3
South,Tablet,Social Media,6,581.19,1.011,645.38,32.2,37.71,857,513,3.93,2.986,259,Low,21874.98
West,Mobile,Social Media,1,1264.43,1.07,646.2,33.47,57.61,656,809,4.02,3.115,181,High,32391.59
West,Tablet,Social Media,31,1793.73,0.9,646.46,23.6,71.28,474,501,3.67,2.948,258,Very High,21983.2
North,Mobile,Email,4,456.89,1.048,577.43,26.17,48.95,630,114,3.87,2.795,240,Low,20242.68
South,Mobile,Search Ad,9,560.24,0.895,693.87,23.83,47.84,781,424,3.95,2.439,217,High,29544.79
West,Mobile,Influencer,2,974.33,1.062,595.49,35.17,54.24,170,13,4.12,3.056,169,Moderate,27918.64
North,Mobile,Social Media,2,1781.32,1.085,633.34,28.61,71.12,644,256,4.01,2.611,303,High,25948.27
East,Mobile,Social Media,20,223.76,0.946,699.43,20.88,39.62,1136,490,3.88,3.128,219,Low,22451.41
West,Mobile,Influencer,18,1151.85,1.098,603.46,34.59,69.08,954,525,4.14,2.414,66,Very High,33328.48
East,Mobile,Search Ad,2,1176.14,0.874,558.07,31.39,75.58,982,105,3.94,2.915,270,Very High,31913.6
North,Mobile,Social Media,3,1225.62,1.088,693.68,26.27,63.8,330,39,4.09,2.616,272,Moderate,28137.45
South,Mobile,Social Media,7,171.89,1.115,497.87,27.44,45.15,740,199,3.97,3.237,306,Low,14064.89
West,Tablet,Influencer,36,968.39,1.028,717.16,28.47,60.32,706,794,3.94,2.578,274,Very High,33674.44
East,Mobile,Search Ad,5,389.22,0.984,562.39,32.12,41.22,995,282,4.05,3.046,257,High,25578.56
North,Mobile,Social Media,4,588.03,1.025,653.74,26.56,46.55,1182,306,4.03,2.577,218,Moderate,24441.06
West,Mobile,Social Media,16,1883.49,0.952,551.78,27.27,52.16,1137,261,4.07,3.099,218,High,19876.32
North,Mobile,Influencer,4,236.19,1.21,743.0,27.96,72.26,690,595,4.03,2.499,290,Very High,38465.87
West,Tablet,Email,36,1665.06,0.953,517.25,31.94,62.32,577,2496,4.33,2.576,238,Very High,30580.35
North,Mobile,Influencer,10,254.58,1.105,706.6,32.74,37.69,1269,265,4.16,3.419,159,High,30978.77
West,Tablet,Email,8,1567.45,0.941,518.45,34.02,10.31,636,411,3.9,2.077,227,Low,15210.56
South,Mobile,Search Ad,10,289.98,1.128,744.04,35.42,77.75,546,213,3.97,3.146,245,Very High,40000.0
South,Tablet,Social Media,22,468.9,1.161,612.61,28.05,54.32,680,684,4.2,3.354,125,Very High,27115.22
North,Mobile,Social Media,9,614.27,1.031,777.58,31.15,63.3,1251,306,4.08,2.33,294,Very High,40000.0
South,Tablet,Influencer,24,1901.73,1.023,619.33,38.26,67.26,478,508,3.98,2.758,248,Very High,27802.01
West,Mobile,Social Media,14,140.62,0.923,575.68,35.15,51.48,736,284,4.17,2.705,164,High,31218.51
West,Mobile,Search Ad,11,880.21,0.914,709.22,25.6,77.92,610,706,3.94,2.704,230,Very High,34515.64
South,Mobile,Email,4,135.78,1.024,466.89,28.68,44.59,1137,141,3.99,3.604,242,Very Low,14716.92
South,Mobile,Email,6,1296.29,1.117,550.58,33.7,37.55,943,771,4.12,3.159,307,High,24542.76
West,Tablet,Social Media,5,1902.53,0.956,689.46,32.03,53.5,1009,38,4.07,2.69,305,Low,28051.63
West,Mobile,Search Ad,5,1154.39,1.177,536.89,37.62,45.99,1314,115,3.82,2.328,315,Low,19749.7
East,Mobile,Email,2,1525.73,0.951,653.31,23.16,34.94,421,216,3.77,2.702,271,Moderate,12841.18
South,Tablet,Email,19,41.35,1.018,592.54,23.47,64.36,520,815,4.09,2.452,207,High,29251.89
South,Mobile,Social Media,30,1821.06,1.019,526.97,37.94,54.11,734,561,4.09,2.484,192,High,24741.86
East,Tablet,Search Ad,6,150.74,0.992,673.74,25.32,35.35,760,180,3.78,3.642,205,Low,21506.04
North,Tablet,Search Ad,11,1029.33,0.836,514.65,17.34,46.44,887,721,4.04,2.145,244,High,17940.2
East,Mobile,Email,5,1814.2,0.95,679.61,20.57,64.21,717,274,3.82,2.704,246,High,22814.25
South,Tablet,Email,11,2000.0,1.016,632.28,31.79,60.3,539,166,4.1,2.294,312,High,27005.35
West,Mobile,Influencer,4,289.18,0.992,612.96,29.92,48.24,1137,319,3.89,3.855,232,High,23970.89
North,Mobile,Social Media,24,398.65,1.051,528.34,25.07,34.54,1018,643,3.94,3.332,123,Moderate,17491.38
East,Mobile,Influencer,8,995.43,1.061,691.24,37.44,82.3,952,376,4.16,2.836,174,Very High,40000.0
East,Mobile,Influencer,6,1680.13,0.981,610.16,28.09,36.37,238,392,4.03,2.731,188,Low,23106.32
East,Tablet,Search Ad,30,77.22,0.923,691.34,23.79,55.75,1090,1033,4.12,3.332,187,Very High,31826.62
North,Tablet,Email,7,487.22,1.124,688.27,24.46,39.59,793,612,4.1,3.458,74,High,23785.2
East,Mobile,Influencer,5,1823.05,0.892,814.47,22.79,82.27,813,282,4.09,2.6,345,High,37886.24
East,Mobile,Search Ad,4,1522.23,0.952,648.96,25.64,35.83,622,17,4.07,2.415,113,Moderate,22605.07
East,Tablet,Search Ad,10,1359.28,0.932,590.56,18.96,34.69,556,468,3.74,2.505,212,Low,13212.84
East,Mobile,Social Media,6,815.14,1.06,602.18,31.21,62.02,602,1144,4.09,3.203,289,Very High,33023.95
East,Mobile,Social Media,3,500.55,1.105,589.41,33.98,64.54,281,178,3.97,2.958,285,High,31169.39
West,Mobile,Email,13,896.97,0.986,617.57,23.6,61.23,623,457,3.98,1.886,157,Very High,29759.19
South,Tablet,Search Ad,8,2000.0,1.018,671.93,28.03,57.39,276,466,4.06,2.522,323,Moderate,22949.52
West,Mobile,Search Ad,13,177.39,1.034,695.43,23.32,55.53,842,481,4.02,3.282,314,High,30439.24
East,Tablet,Social Media,7,304.06,1.144,616.3,30.6,68.1,406,840,4.17,3.616,237,Very High,32434.34
North,Tablet,Social Media,3,299.46,0.858,502.33,12.47,26.44,952,256,3.76,2.932,250,Low,12932.65
North,Mobile,Social Media,1,1118.52,1.06,600.01,34.24,43.31,377,185,4.21,2.652,191,Moderate,27708.06
South,Mobile,Search Ad,30,479.78,1.03,728.02,24.31,36.0,1206,411,3.89,2.587,264,Moderate,23053.54
West,Tablet,Influencer,19,1993.99,0.97,562.34,28.87,20.63,983,833,3.99,2.238,262,High,13683.04
East,Mobile,Email,1,1275.65,1.026,665.2,24.64,56.94,551,57,3.93,3.17,218,Low,22892.56
West,Tablet,Social Media,9,1827.4,1.059,616.96,28.82,72.58,713,1142,4.13,2.222,288,Very High,30973.18
East,Tablet,Email,13,1175.0,1.047,533.17,21.19,46.31,492,259,3.88,3.074,269,Moderate,16277.74
South,Tablet,Search Ad,22,2000.0,1.173,668.65,41.26,59.74,908,306,4.01,2.085,447,High,26809.19
North,Tablet,Search Ad,4,961.09,1.01,739.02,20.79,53.34,1262,274,4.04,2.45,192,Low,27708.39
South,Tablet,Influencer,10,408.95,1.002,679.23,19.26,58.84,1083,462,3.72,3.546,331,Moderate,18787.95
South,Tablet,Social Media,11,1971.03,0.985,630.36,37.45,79.05,541,255,3.99,2.908,195,Very High,30380.99
North,Mobile,Influencer,2,441.15,1.044,549.02,26.97,74.56,893,185,3.97,3.324,281,Very High,26433.1
South,Mobile,Email,6,778.57,0.997,587.22,22.81,34.37,1301,329,4.2,2.855,87,Low,18362.25
East,Mobile,Search Ad,1,948.87,1.001,507.3,27.54,58.11,1012,942,4.16,2.437,216,Very High,28066.15
West,Tablet,Email,34,763.84,1.001,570.01,31.44,59.6,1033,1363,4.29,2.934,277,Very High,26662.47
West,Mobile,Influencer,10,1959.36,0.989,681.06,21.36,67.24,1049,191,4.06,2.733,263,Moderate,26019.76
West,Tablet,Search Ad,7,852.14,0.951,422.9,23.97,43.94,762,443,3.97,2.928,124,Moderate,14412.81
East,Mobile,Search Ad,8,1504.71,1.033,737.17,29.31,59.13,840,414,4.04,2.749,222,Moderate,31708.81
South,Tablet,Influencer,34,1499.52,0.977,576.91,38.95,39.76,389,665,4.11,2.745,340,Very High,25401.89
East,Mobile,Email,8,934.58,1.049,583.68,28.5,22.99,638,170,4.09,2.237,312,Low,16194.89
West,Tablet,Email,34,528.7,1.009,632.34,32.05,56.77,478,665,4.06,2.278,308,High,27461.38
North,Mobile,Influencer,5,617.65,0.969,761.27,24.82,49.06,758,503,3.91,2.524,394,High,29948.61
South,Mobile,Social Media,4,1262.58,1.125,572.4,36.7,36.13,889,71,4.01,2.823,140,High,18914.74
West,Mobile,Email,7,1355.84,0.992,407.09,33.77,9.95,829,164,3.74,2.626,224,Very Low,7832.66
South,Tablet,Social Media,7,2000.0,1.05,738.29,31.71,54.08,803,108,4.0,2.546,250,High,30447.34
East,Mobile,Search Ad,18,342.83,0.944,500.58,28.8,48.62,1053,866,4.11,3.048,203,High,21350.33
East,Mobile,Email,12,122.35,0.838,609.45,19.17,47.87,739,732,4.0,3.646,256,Moderate,20911.82
North,Tablet,Social Media,20,95.54,0.955,643.83,32.53,67.3,954,332,3.9,3.431,329,Very High,29544.63
South,Tablet,Email,36,340.81,0.829,325.34,30.27,27.19,1070,872,3.92,2.695,255,High,11247.34
South,Tablet,Social Media,13,800.48,0.981,496.42,27.3,49.54,860,323,3.93,2.755,111,High,16900.4
North,Mobile,Influencer,11,1276.92,1.117,634.23,34.72,71.42,702,416,3.9,2.614,290,High,28240.92
North,Mobile,Influencer,7,846.24,0.928,454.89,30.38,57.17,1135,314,3.94,2.612,247,High,22646.6
West,Tablet,Search Ad,4,1507.26,0.832,519.12,21.87,35.04,880,187,3.74,2.832,113,Low,12324.44
South,Mobile,Email,5,331.53,1.12,595.12,26.8,47.34,1039,697,4.07,3.495,210,High,21578.42
East,Tablet,Influencer,29,1283.75,0.962,664.16,22.2,32.47,1185,592,3.99,2.372,140,High,24274.51
South,Mobile,Search Ad,4,228.62,0.999,622.24,26.15,48.48,1066,163,3.97,3.242,230,High,23643.57
West,Mobile,Email,7,1302.8,1.063,642.6,38.41,40.79,1317,77,3.87,2.843,217,Very Low,20765.37
South,Mobile,Influencer,16,159.28,1.042,511.96,18.9,70.23,817,991,4.07,3.024,153,Very High,25269.69
South,Mobile,Search Ad,7,1355.89,1.06,520.04,32.4,32.93,735,91,3.79,2.574,264,Moderate,13449.26
West,Mobile,Search Ad,2,237.58,1.072,659.14,31.2,53.07,1193,435,4.05,2.851,181,Moderate,27726.79
West,Mobile,Search Ad,5,599.39,0.86,728.13,32.98,49.59,574,292,3.8,2.643,330,High,32007.32
North,Tablet,Social Media,19,708.21,0.887,546.19,26.19,42.81,1288,310,3.96,2.936,258,Low,18879.56
West,Mobile,Social Media,21,617.37,1.094,642.29,28.77,60.02,1238,712,3.96,2.553,232,Very High,28061.35
East,Tablet,Search Ad,16,1304.79,0.937,686.27,26.44,46.01,765,810,4.22,2.461,326,Very High,32887.06
East,Tablet,Social Media,23,1416.95,0.946,658.18,36.59,82.1,1088,272,4.1,2.175,264,Very High,37691.88
North,Mobile,Social Media,2,1713.17,0.899,625.79,19.81,26.2,1052,5,3.87,2.575,269,Low,13291.41
North,Mobile,Search Ad,6,1178.28,0.968,567.67,23.0,53.35,486,563,3.87,2.821,244,Moderate,17357.49
West,Tablet,Search Ad,24,329.36,0.972,759.07,25.53,53.36,503,523,3.83,2.685,229,Moderate,30338.1
East,Mobile,Social Media,13,1345.19,0.925,645.29,25.46,53.67,943,430,4.05,2.981,273,Very High,30818.42
South,Tablet,Search Ad,26,835.42,0.916,642.49,30.97,54.67,786,515,4.22,2.288,342,Very High,33301.99
West,Tablet,Influencer,10,1857.22,1.025,709.8,35.37,76.98,1119,229,4.07,3.218,40,High,33878.36
West,Tablet,Search Ad,5,602.16,0.935,541.25,21.38,46.95,828,200,3.96,2.825,364,High,25137.11
North,Mobile,Social Media,18,1899.77,0.951,653.86,30.51,69.14,492,408,4.05,1.973,186,High,27788.43
East,Mobile,Social Media,30,566.48,0.825,594.68,33.36,54.86,702,449,4.0,2.747,260,High,32241.23
North,Tablet,Social Media,19,718.24,1.155,596.59,30.75,40.17,955,622,4.0,2.539,142,Moderate,20362.9
West,Mobile,Email,30,522.65,1.075,614.86,28.01,43.51,331,623,3.9,2.821,340,High,20087.75
East,Tablet,Social Media,36,613.98,0.96,548.26,29.79,66.16,331,999,3.97,3.237,162,Very High,27626.45
West,Mobile,Social Media,21,837.71,0.928,530.05,28.61,44.68,752,1003,4.05,2.862,318,Very High,23511.49
North,Mobile,Social Media,13,356.45,1.001,656.06,30.51,42.15,1129,842,4.19,2.938,233,Very High,31469.97
North,Tablet,Influencer,21,1225.01,0.999,627.42,32.38,67.51,677,469,4.12,2.077,238,Very High,33033.49
South,Mobile,Email,26,415.59,0.898,559.54,21.92,44.85,994,459,3.82,3.581,170,Low,11699.15
South,Mobile,Search Ad,19,1843.4,0.796,479.25,29.48,32.96,861,312,3.89,2.905,324,Low,11747.39
South,Mobile,Search Ad,2,374.02,0.958,678.28,22.86,47.05,819,360,4.05,3.52,239,Low,25949.1
West,Tablet,Email,5,468.3,0.875,630.22,34.17,44.73,550,449,4.15,2.995,292,Very High,34396.35
South,Mobile,Influencer,12,1173.78,1.014,725.47,31.62,63.74,1104,153,4.19,2.62,120,Very High,39401.97
South,Tablet,Search Ad,27,626.4,1.014,637.77,25.97,57.54,376,2097,4.17,2.445,193,Very High,31010.07
West,Mobile,Social Media,6,795.95,0.922,504.23,25.2,42.64,792,144,4.02,2.666,264,Low,18259.52
South,Tablet,Search Ad,7,2000.0,0.957,655.32,25.87,58.97,1072,306,4.02,2.106,150,Very High,29716.96
West,Tablet,Social Media,12,1167.74,1.141,584.96,32.97,46.78,518,396,3.95,2.796,270,Moderate,21388.19
North,Mobile,Search Ad,8,1268.76,1.062,543.88,34.36,68.92,409,306,4.02,2.77,207,Very High,28090.85
East,Mobile,Email,15,496.86,0.964,628.93,31.7,68.28,246,434,4.03,2.453,200,Very High,34424.63
North,Mobile,Influencer,10,581.52,1.183,788.47,31.25,55.26,1053,177,4.1,2.792,280,Low,28651.5
North,Tablet,Social Media,36,1772.98,0.904,766.47,32.3,45.76,953,1933,3.98,2.969,259,Very High,31499.05
West,Mobile,Search Ad,20,1479.61,0.935,675.32,30.96,64.93,760,1314,4.18,3.014,178,Very High,38546.24
North,Tablet,Social Media,2,712.57,0.991,621.26,17.95,54.5,371,272,4.15,2.188,318,High,28606.53
East,Mobile,Search Ad,7,1054.89,0.878,598.96,28.95,55.39,818,109,4.12,2.8,279,Moderate,23295.24
South,Mobile,Search Ad,20,1788.54,1.143,559.99,31.21,38.59,1202,257,4.0,3.118,123,Moderate,14451.06
South,Mobile,Social Media,10,547.81,1.015,598.47,21.54,49.4,492,176,3.86,2.625,229,Moderate,17898.74
West,Mobile,Search Ad,3,263.16,0.937,671.47,37.63,49.43,1167,341,4.06,3.596,271,Moderate,31865.94
North,Mobile,Social Media,3,1694.27,1.036,791.13,30.1,66.14,368,178,4.15,2.291,241,Very High,39312.17
East,Tablet,Influencer,14,187.03,1.012,581.8,26.09,39.45,410,359,3.88,3.258,42,High,21044.76
West,Tablet,Social Media,15,412.93,0.976,457.48,24.34,44.27,772,429,4.01,2.539,252,High,23996.8
East,Mobile,Influencer,14,826.62,0.903,618.72,34.17,43.24,1135,785,3.98,2.01,295,Very High,24547.63
West,Tablet,Influencer,11,1783.59,0.885,754.56,22.67,55.76,1167,113,3.88,2.19,243,High,30688.5
North,Tablet,Social Media,11,1383.66,1.175,804.22,29.42,61.32,1028,312,3.95,3.182,251,High,32228.85
South,Tablet,Social Media,36,2000.0,0.892,756.8,28.22,66.71,1190,730,4.07,2.33,311,High,29820.13
South,Mobile,Social Media,19,1773.75,1.136,749.85,37.53,70.09,913,1176,4.01,2.372,150,Very High,32811.14
West,Mobile,Influencer,6,338.19,0.932,582.48,21.95,64.41,680,489,3.89,3.37,294,Very High,29725.37
West,Mobile,Social Media,6,125.31,1.063,545.05,34.09,32.96,1203,334,3.82,3.016,269,Moderate,24357.42
South,Tablet,Search Ad,9,2000.0,1.037,531.1,27.62,61.23,1135,476,4.05,3.037,147,Very High,27286.55
East,Mobile,Influencer,16,1807.88,1.053,629.53,37.25,52.54,1130,1784,3.97,3.323,291,Very High,26594.18
North,Mobile,Social Media,3,857.44,1.059,699.99,33.04,51.48,1038,691,3.75,2.047,360,Very High,32927.9
East,Mobile,Search Ad,13,218.96,0.871,727.78,32.64,58.54,1264,222,4.14,3.234,269,Moderate,35553.99
East,Mobile,Social Media,5,760.62,0.946,652.38,24.22,49.92,959,339,3.85,2.034,282,High,29201.31
West,Mobile,Email,11,573.85,0.891,570.22,34.51,49.19,854,604,3.97,2.195,182,High,28035.88
East,Mobile,Search Ad,9,901.63,1.015,527.5,20.31,49.7,1070,460,4.09,2.754,210,Moderate,17003.99
South,Mobile,Email,7,90.66,0.894,570.99,26.48,32.35,998,275,3.74,3.002,185,Moderate,21772.86
North,Mobile,Social Media,5,1047.7,0.842,647.3,26.17,52.23,1117,129,3.77,2.902,273,Low,26122.31
North,Tablet,Influencer,6,536.77,0.981,537.76,20.56,50.11,702,388,3.9,2.731,216,High,20079.74
South,Tablet,Social Media,7,2000.0,0.823,725.72,23.29,69.8,1004,193,4.11,1.996,212,High,36588.84
South,Tablet,Influencer,6,448.88,1.021,618.96,21.38,49.95,989,251,3.95,3.415,292,Low,21150.01
West,Tablet,Influencer,8,441.71,0.899,721.63,23.96,54.73,802,643,4.01,3.248,352,High,38031.32
East,Mobile,Social Media,14,1481.79,0.933,639.73,27.9,41.48,642,234,3.9,2.734,243,Low,17372.74
East,Mobile,Email,3,1853.94,0.818,642.56,28.94,34.35,1220,286,3.99,2.43,150,Very Low,20251.41
North,Tablet,Search Ad,4,816.47,1.132,554.81,25.57,27.73,389,667,4.12,2.702,250,Low,13123.33
West,Tablet,Social Media,14,2000.0,0.883,624.43,26.64,44.58,462,400,4.32,1.973,260,Moderate,24432.16
West,Mobile,Email,13,1757.32,0.971,668.02,28.89,68.03,909,306,3.99,2.304,300,Very High,31382.2
North,Mobile,Search Ad,6,205.55,0.857,587.0,26.99,56.11,133,122,4.14,3.164,228,High,28112.64
East,Mobile,Email,7,405.77,0.933,498.53,30.5,56.74,1307,444,4.12,3.427,303,Moderate,21789.44
East,Mobile,Influencer,3,1269.05,1.14,679.85,35.31,50.29,864,1677,4.16,2.371,293,Very High,35307.86
North,Mobile,Email,7,906.54,1.024,628.8,30.45,20.66,1306,587,3.66,3.048,230,Low,16266.68
East,Mobile,Email,9,884.0,0.942,707.28,31.77,54.0,1383,430,3.94,2.764,299,Moderate,30974.33
East,Tablet,Email,6,952.68,0.997,691.16,29.14,72.52,695,289,3.98,2.809,306,Very High,31208.2
North,Mobile,Influencer,9,481.43,0.955,648.42,28.05,52.88,1251,219,4.0,2.408,180,Moderate,28584.41
West,Mobile,Search Ad,9,1872.91,0.993,590.42,34.12,50.61,553,398,3.95,2.633,308,High,25435.99
West,Mobile,Influencer,19,165.3,1.06,628.37,26.35,37.41,986,323,3.87,3.228,241,Moderate,19705.81
East,Tablet,Social Media,8,920.56,0.974,586.35,17.7,49.87,603,747,4.26,2.992,233,Moderate,24727.64
East,Mobile,Social Media,3,605.79,1.018,661.82,23.33,52.85,1062,198,4.11,2.186,241,High,29339.77
South,Mobile,Social Media,3,1368.93,1.019,721.45,35.56,33.37,1116,139,3.66,2.397,325,Very Low,19143.51
East,Mobile,Social Media,9,1247.31,0.974,734.63,28.14,45.61,814,136,3.9,3.77,325,Moderate,23349.61
East,Mobile,Search Ad,5,960.17,0.941,581.15,30.27,33.27,1018,204,3.98,2.772,278,High,24866.25
North,Tablet,Search Ad,12,1488.7,0.958,584.79,27.29,26.58,1014,423,4.08,2.786,265,Low,19386.32
East,Tablet,Social Media,20,1576.48,1.056,609.05,35.41,46.06,794,301,3.9,2.945,242,High,23181.86
West,Mobile,Influencer,14,288.51,1.063,494.78,30.37,59.54,1596,547,3.99,3.427,415,Very High,27255.78
East,Mobile,Email,8,627.96,0.909,495.59,29.1,31.38,820,407,3.94,3.007,206,High,21913.95
North,Tablet,Influencer,4,1357.12,0.979,670.09,30.29,75.73,1220,138,4.09,2.859,220,Very High,35733.74
West,Mobile,Email,7,998.78,0.94,630.31,26.93,40.35,1192,149,3.74,3.226,267,Low,18699.36
North,Mobile,Social Media,3,1689.18,1.064,684.46,32.9,62.41,321,549,3.78,2.863,192,High,27845.94
South,Mobile,Social Media,3,1715.74,0.962,583.31,27.67,58.62,1293,5,4.1,2.955,313,Moderate,22301.13
North,Tablet,Social Media,18,1120.25,1.176,593.36,31.7,73.68,1051,608,3.94,3.354,157,Very High,27772.36
South,Mobile,Search Ad,2,324.07,1.017,578.57,21.27,35.84,893,215,4.17,3.1,204,Low,20118.55
West,Mobile,Social Media,30,307.1,1.095,584.27,31.82,59.11,967,754,3.94,3.36,223,Very High,23722.74
East,Tablet,Social Media,12,15.66,0.919,663.39,22.95,42.13,883,382,3.93,2.996,186,Low,21927.56
North,Mobile,Search Ad,21,135.55,1.001,491.33,34.43,67.3,1259,317,4.05,3.057,313,High,23466.19
West,Mobile,Search Ad,1,481.69,1.049,511.65,19.76,28.2,740,1178,3.76,2.941,166,High,15321.03
West,Tablet,Influencer,14,843.97,0.917,637.69,33.47,65.22,1200,233,4.34,2.276,188,High,37330.78
West,Mobile,Social Media,4,1696.54,1.002,536.08,20.0,68.16,546,56,3.93,2.731,206,Moderate,20299.3
South,Mobile,Search Ad,10,544.48,1.084,452.94,34.99,27.78,350,313,3.81,2.902,300,Low,14410.25
East,Mobile,Search Ad,8,1934.42,0.974,516.08,25.25,51.19,1032,866,3.89,3.259,338,High,18134.07
West,Mobile,Social Media,4,922.88,0.932,608.89,31.55,41.49,1225,185,3.97,2.369,280,Low,23106.5
West,Mobile,Social Media,10,592.5,1.144,671.48,31.69,87.52,808,395,4.1,2.727,167,Very High,36226.58
North,Mobile,Social Media,6,1846.51,0.906,700.73,21.92,31.24,203,238,3.77,2.6,210,Low,17843.01
North,Mobile,Email,2,155.67,1.012,708.46,32.15,30.32,428,176,3.73,3.607,345,Moderate,20914.92
East,Tablet,Social Media,21,1581.24,0.943,650.92,34.16,42.44,867,546,4.1,2.876,250,High,30358.6
West,Mobile,Email,1,790.13,0.925,614.28,30.7,31.24,857,247,3.83,3.356,158,Low,20397.11
East,Mobile,Search Ad,9,565.78,1.059,585.41,28.92,54.37,1232,390,3.78,2.655,384,High,23924.54
East,Mobile,Search Ad,8,322.7,0.984,583.95,30.5,71.37,881,202,3.99,3.208,213,Moderate,26597.87
North,Tablet,Influencer,22,182.97,1.032,813.47,21.04,79.67,525,1035,4.08,3.375,244,Very High,40000.0
East,Mobile,Search Ad,16,930.79,0.82,634.39,19.74,50.28,950,265,4.19,2.748,206,High,30165.47
West,Mobile,Email,3,1561.07,1.04,640.21,20.73,43.9,1155,324,3.89,1.856,189,Moderate,20761.45
South,Mobile,Influencer,2,742.09,0.942,567.72,23.75,46.47,1252,672,3.96,2.437,328,Moderate,24316.38
West,Mobile,Influencer,16,1476.87,0.85,708.32,27.11,66.71,828,177,4.02,2.836,260,High,32347.88
West,Mobile,Social Media,12,944.62,1.151,681.45,30.49,54.65,880,192,3.89,2.654,268,Moderate,26178.49
North,Tablet,Search Ad,7,522.79,1.048,693.33,25.81,54.05,966,237,4.02,2.92,169,Moderate,32261.9
East,Mobile,Influencer,6,1778.13,1.018,732.53,25.83,52.72,643,469,3.87,3.106,229,Moderate,24957.24
South,Mobile,Search Ad,6,980.36,1.1,604.43,21.0,30.62,1074,386,3.89,2.652,209,Very Low,14072.04
West,Mobile,Influencer,15,747.41,1.02,645.89,31.66,60.42,793,704,4.09,2.797,197,Very High,32452.05
East,Tablet,Email,3,679.58,0.936,587.18,25.72,42.83,718,218,4.07,3.111,277,Moderate,24547.81
East,Mobile,Email,2,380.37,0.986,594.94,21.88,34.31,861,1485,3.99,3.513,227,Very High,24257.16
West,Mobile,Social Media,29,1304.6,0.946,738.11,40.21,52.67,898,436,3.91,2.443,291,Very High,32662.43
South,Mobile,Search Ad,5,229.58,0.96,683.86,24.69,58.11,1415,558,4.2,2.945,293,High,31660.38
West,Mobile,Influencer,9,1912.07,0.899,745.3,29.91,69.99,724,189,3.93,2.709,221,High,35556.13
East,Mobile,Influencer,12,544.68,0.922,817.32,34.14,92.89,739,253,4.06,2.281,276,Very High,40000.0
North,Mobile,Social Media,16,1373.88,1.072,425.73,25.93,62.53,1280,267,4.2,2.884,219,High,20694.95
East,Mobile,Email,13,936.55,1.027,561.8,30.23,27.39,989,256,3.91,2.487,199,Moderate,18024.34
West,Mobile,Influencer,8,807.2,0.96,659.86,33.4,58.72,1083,175,3.94,2.657,182,Moderate,34684.07
South,Mobile,Search Ad,13,1517.44,0.918,572.61,29.88,29.55,561,243,3.88,3.109,253,Moderate,17871.88
West,Mobile,Email,5,1941.41,0.968,546.33,22.38,16.1,931,64,3.76,2.66,202,Very Low,10910.66
West,Mobile,Social Media,5,1383.14,0.865,501.06,26.49,76.67,1095,215,4.07,2.483,333,High,31520.04
South,Tablet,Search Ad,13,1859.71,1.01,609.01,29.78,68.15,544,126,3.88,2.852,349,Very High,25294.28
West,Tablet,Search Ad,3,2000.0,1.076,708.52,19.01,42.18,922,154,4.02,2.493,277,Low,24685.0
North,Tablet,Social Media,17,1483.54,1.189,702.55,25.3,73.02,681,1052,4.11,3.109,263,Very High,32394.33
North,Tablet,Social Media,7,1756.86,0.912,586.48,37.63,73.18,553,168,4.03,2.309,249,Very High,34835.88
North,Mobile,Influencer,7,1745.02,1.072,699.01,34.18,38.22,1154,85,4.11,1.77,395,Moderate,29765.34
West,Tablet,Search Ad,9,638.33,0.943,715.65,35.54,66.37,1070,250,3.82,3.071,370,Very High,36027.12
East,Mobile,Social Media,9,1122.56,0.91,511.09,33.95,44.27,897,507,3.98,2.539,235,Moderate,22502.64
North,Tablet,Social Media,30,691.66,0.91,610.51,33.87,60.1,871,505,4.09,2.304,236,High,29335.91
South,Mobile,Search Ad,8,1324.64,1.011,645.06,27.89,89.13,1244,191,3.97,2.805,268,Very High,38218.57
East,Mobile,Social Media,2,1229.79,0.926,635.86,30.27,75.86,745,419,4.16,2.685,175,Very High,34745.36
North,Tablet,Email,10,826.8,0.951,664.24,35.55,47.34,841,245,3.88,2.467,136,Moderate,24629.89
West,Mobile,Search Ad,17,63.67,0.965,474.57,32.19,62.01,748,426,4.04,3.537,165,Moderate,21803.17
West,Mobile,Social Media,8,869.4,0.941,546.66,30.27,26.25,565,154,3.87,3.043,229,Low,16318.94
East,Tablet,Search Ad,6,290.45,0.935,653.95,23.72,55.78,626,166,3.98,3.855,189,High,28567.3
West,Mobile,Email,5,939.58,0.806,462.49,31.39,45.62,534,166,3.94,2.531,338,High,24142.87
South,Mobile,Search Ad,21,1784.15,1.007,697.19,29.12,61.86,983,386,4.0,2.705,157,High,27944.24
West,Tablet,Social Media,6,2000.0,1.005,687.99,30.07,50.93,516,514,3.93,2.781,165,Moderate,25316.99
East,Mobile,Email,6,1359.25,0.936,667.26,25.59,51.32,455,155,3.87,2.627,134,High,27011.62
East,Mobile,Email,16,71.85,1.029,542.04,26.11,51.99,1075,366,4.01,3.284,208,High,25346.46
North,Mobile,Influencer,5,1573.02,1.112,718.39,26.26,31.64,1057,120,3.9,2.887,223,Very Low,18169.13
West,Mobile,Influencer,9,1779.25,1.002,588.36,27.42,52.2,764,176,3.87,2.909,243,Moderate,22613.46
South,Tablet,Social Media,13,410.12,1.106,583.86,24.92,39.67,944,341,3.98,3.05,246,Low,18462.68
North,Mobile,Search Ad,3,1031.95,1.179,618.61,39.5,60.67,626,639,3.97,2.598,209,High,27968.98
North,Mobile,Search Ad,2,1899.27,1.202,562.88,26.39,63.79,752,5,4.15,2.347,183,Low,21341.93
East,Mobile,Influencer,8,202.06,0.905,664.89,28.36,52.07,978,410,4.28,2.691,274,Moderate,34250.4
East,Mobile,Social Media,8,1572.53,0.905,551.06,24.71,35.72,1160,668,4.14,2.53,192,High,23680.47
East,Tablet,Search Ad,36,1408.14,0.964,645.47,33.21,53.03,629,543,4.16,3.069,296,High,31212.04
West,Mobile,Email,6,23.39,1.01,717.86,27.53,34.18,687,407,4.03,3.843,156,Low,25489.68
North,Mobile,Social Media,6,1526.02,1.127,541.04,22.32,45.81,1145,279,3.92,3.166,202,Moderate,15298.31
West,Mobile,Influencer,4,880.81,1.05,660.57,21.73,53.66,1038,204,3.73,2.677,375,Moderate,25426.12
North,Tablet,Search Ad,6,794.57,0.904,481.04,22.81,48.73,783,153,3.82,2.919,383,Very Low,13906.84
West,Tablet,Social Media,18,1294.34,0.951,569.84,23.22,54.4,1083,245,3.89,2.011,164,High,24367.58
West,Mobile,Email,10,258.6,0.997,639.85,27.22,47.67,1425,177,4.09,3.033,323,High,29037.13
East,Mobile,Search Ad,13,1457.3,0.881,590.61,31.55,69.85,966,521,4.07,2.465,348,Very High,32326.66
East,Mobile,Search Ad,6,128.04,1.001,655.21,20.76,51.96,689,325,3.89,3.883,314,Moderate,24743.16
South,Tablet,Social Media,5,877.73,0.905,655.78,28.02,50.08,884,531,3.77,2.902,244,Moderate,23896.09
East,Mobile,Influencer,8,704.58,0.868,653.34,27.32,55.37,622,232,4.25,2.493,128,Moderate,29096.93
West,Tablet,Email,3,634.79,0.924,509.61,26.54,29.59,1100,533,4.0,2.626,253,Low,17642.64
East,Tablet,Social Media,16,1073.52,1.033,686.46,26.24,43.16,537,336,4.06,2.506,274,Low,24353.95
South,Tablet,Influencer,4,1967.73,1.032,710.62,29.66,44.38,684,44,3.85,2.941,263,Low,26103.61
East,Tablet,Social Media,4,1543.72,1.008,519.72,35.39,66.2,497,222,3.98,2.432,278,Very High,29146.09
West,Mobile,Social Media,6,1546.24,1.079,564.86,35.45,44.17,913,846,3.97,2.863,198,High,24402.62
South,Mobile,Search Ad,10,774.61,1.071,388.52,39.27,45.75,923,310,3.96,3.179,218,High,16279.45
North,Mobile,Influencer,9,1388.24,1.016,564.29,22.61,49.99,1075,271,4.18,2.563,100,Moderate,19917.3
East,Tablet,Email,31,2000.0,1.005,596.93,28.7,43.68,775,500,3.83,2.659,303,High,16377.57
West,Tablet,Influencer,6,554.05,1.01,570.72,30.41,71.36,753,283,4.01,2.617,192,High,28958.6
North,Tablet,Search Ad,17,730.74,0.988,542.54,37.1,50.26,574,312,4.01,3.063,233,High,26334.89
South,Mobile,Email,6,234.38,0.826,694.4,29.33,36.63,777,266,3.91,3.262,264,Low,26313.48
North,Mobile,Search Ad,3,661.91,1.091,689.87,25.91,44.13,456,268,4.06,2.395,213,Moderate,29294.3
South,Tablet,Social Media,5,1560.05,1.032,586.75,25.23,62.81,1144,402,3.8,3.073,182,Moderate,21816.66
East,Mobile,Social Media,1,1051.89,0.903,694.62,29.85,64.06,833,14,4.19,2.268,264,High,37342.08
West,Mobile,Search Ad,12,1944.8,1.114,732.98,31.84,67.05,1336,341,3.85,2.673,137,High,25591.29
East,Mobile,Influencer,1,189.69,0.953,696.66,21.19,56.34,825,356,3.85,3.335,296,High,33511.01
East,Mobile,Email,10,90.22,0.991,603.9,25.35,25.28,308,295,3.85,2.973,289,Low,17322.02
South,Mobile,Social Media,3,648.43,1.082,710.13,30.97,65.37,729,299,3.92,2.081,214,Very High,30567.98
West,Mobile,Social Media,4,1177.43,1.018,695.46,23.3,59.27,859,355,4.04,2.779,217,Moderate,29171.1
East,Mobile,Social Media,6,722.73,1.107,526.85,36.5,55.72,879,287,4.01,1.876,187,Moderate,23861.45
West,Tablet,Social Media,16,1314.76,0.972,621.81,27.18,35.79,936,266,3.94,2.368,224,Moderate,20155.55
East,Mobile,Email,3,20.07,1.135,534.28,27.68,32.63,910,564,3.78,3.576,236,Moderate,15979.53
North,Mobile,Search Ad,7,1157.56,0.938,710.66,34.44,42.58,762,1302,4.05,2.762,228,Very High,30611.35
East,Mobile,Social Media,17,1390.96,1.105,592.17,32.94,59.22,595,232,3.98,2.609,338,Moderate,25873.97
South,Tablet,Email,25,1965.02,0.819,561.06,35.9,50.1,622,877,4.18,2.211,140,High,26439.82
East,Mobile,Influencer,11,354.97,0.912,732.94,21.83,60.69,1035,393,4.02,2.985,192,Very High,35797.49
North,Mobile,Influencer,16,66.88,1.024,665.25,30.04,73.09,1109,398,4.08,3.296,293,Very High,36034.17
North,Mobile,Social Media,4,412.74,0.968,786.02,29.92,81.29,665,714,4.33,2.873,375,Very High,40000.0
West,Mobile,Social Media,5,1813.99,0.994,578.93,24.75,55.73,1152,695,3.88,2.302,194,Very High,24640.67
South,Mobile,Search Ad,3,22.15,1.003,551.98,24.65,53.63,1025,165,3.91,2.905,311,Moderate,22695.67
West,Tablet,Social Media,8,497.06,0.905,708.69,24.15,49.77,483,260,3.82,3.124,177,Moderate,31209.21
South,Tablet,Social Media,23,848.2,0.911,524.33,31.69,41.2,812,851,4.2,2.638,224,Very High,27635.98
East,Mobile,Search Ad,2,464.92,1.019,708.8,30.73,66.79,967,253,4.2,2.547,249,Very High,37769.19
East,Mobile,Email,9,1807.88,0.947,521.18,25.06,28.26,551,163,4.07,2.165,205,Moderate,13438.18
East,Tablet,Email,11,1281.93,1.107,655.02,30.68,56.29,346,1009,4.13,3.03,222,High,27056.25
South,Mobile,Email,4,686.67,0.985,445.66,36.68,61.84,997,157,4.02,2.376,163,Moderate,24166.26
South,Tablet,Email,9,1698.39,1.058,618.97,35.89,55.56,608,332,3.93,2.853,290,High,23473.7
North,Mobile,Email,8,1574.26,1.035,503.07,33.41,40.1,1299,212,4.02,2.304,192,Moderate,15993.12
South,Tablet,Influencer,3,460.61,0.952,807.24,26.08,48.36,1239,244,3.8,3.659,207,High,29551.15
East,Tablet,Social Media,36,1080.95,0.842,546.05,42.0,56.62,877,423,3.84,3.226,200,Moderate,26108.06
West,Tablet,Email,10,1425.66,1.095,543.06,35.95,56.78,1016,163,3.91,2.442,203,High,25843.31
West,Tablet,Social Media,36,599.43,0.922,664.02,33.17,55.0,443,523,4.23,2.52,257,Very High,37085.59
West,Mobile,Influencer,15,1865.99,0.968,635.98,31.8,72.96,474,528,3.99,2.297,252,Very High,31467.02
West,Tablet,Search Ad,16,1071.34,0.988,672.57,27.09,55.76,699,567,3.96,2.553,404,High,25408.83
East,Mobile,Social Media,13,131.63,0.996,554.02,29.31,55.09,487,639,4.05,3.263,233,High,24620.37
South,Mobile,Influencer,4,1067.26,1.077,603.44,34.19,54.77,949,344,4.09,2.883,242,Moderate,23960.42
West,Tablet,Social Media,16,1300.48,1.0,634.41,32.89,36.99,513,191,4.07,2.168,331,Moderate,23030.56
East,Tablet,Social Media,32,1518.07,0.99,544.04,31.36,45.9,795,1420,3.95,2.423,262,Very High,24450.4
East,Tablet,Social Media,10,693.21,1.081,654.96,23.43,48.56,690,218,3.94,3.022,242,Moderate,23335.74
North,Mobile,Social Media,8,1717.92,1.048,715.98,30.65,66.44,1045,177,4.02,3.099,240,Very High,32288.74
South,Tablet,Social Media,9,38.14,0.941,653.08,28.65,55.37,835,492,4.04,2.851,260,Moderate,32882.71
East,Tablet,Search Ad,17,619.25,0.908,658.09,24.67,63.76,623,286,4.1,2.915,308,High,29518.37
West,Mobile,Social Media,2,941.37,0.934,474.72,27.91,50.99,463,116,4.04,2.19,331,High,24893.38
East,Mobile,Search Ad,9,427.67,0.996,565.48,33.33,41.38,907,734,4.0,3.046,312,Very High,23377.25
South,Mobile,Email,4,636.41,0.9,573.84,22.7,30.75,355,201,4.04,2.221,277,High,22540.61
West,Mobile,Email,1,1124.83,1.007,719.1,26.76,41.17,1221,279,4.05,2.473,261,Moderate,30482.85
North,Tablet,Social Media,7,1548.1,0.99,595.55,35.2,56.91,893,592,4.12,3.234,374,High,25314.3
South,Tablet,Influencer,14,1964.55,0.797,502.08,29.81,48.25,984,1141,4.0,2.631,219,Very High,24829.32
North,Tablet,Social Media,17,1370.31,0.888,557.83,26.93,36.81,459,230,4.01,2.544,291,High,21004.37
West,Tablet,Search Ad,16,1013.46,0.78,562.4,29.34,59.77,843,269,4.13,2.361,321,Very High,31122.96
West,Mobile,Social Media,14,1541.46,0.972,469.39,34.65,50.96,667,506,3.93,2.594,313,Very High,19531.83
South,Tablet,Email,33,1019.97,1.086,677.94,33.92,52.74,783,414,4.0,2.367,201,Moderate,26678.3
West,Mobile,Email,4,747.48,0.849,468.88,31.71,28.44,570,331,4.1,2.628,423,Low,19500.29
South,Tablet,Social Media,18,2000.0,0.894,687.68,30.91,44.22,716,389,4.01,2.632,352,High,26430.83
West,Mobile,Email,6,649.27,0.987,504.89,30.67,38.36,460,342,3.93,2.539,314,Low,15982.38
West,Tablet,Email,15,882.03,0.915,717.96,32.51,24.2,694,514,4.1,2.389,186,High,31744.38
West,Mobile,Search Ad,15,649.75,0.915,585.2,29.23,57.82,383,753,3.98,2.728,309,Very High,31749.61
North,Mobile,Email,9,1444.66,1.043,571.45,24.9,32.69,1367,157,3.7,2.605,105,Very Low,11405.28
West,Tablet,Search Ad,18,2000.0,0.96,679.26,32.11,49.24,787,403,3.88,2.65,234,Moderate,28424.79
West,Mobile,Social Media,5,753.61,0.881,544.0,28.24,56.1,862,215,4.1,2.422,255,Moderate,25683.34
South,Mobile,Search Ad,6,1694.38,0.833,676.32,26.84,48.19,1056,139,4.0,1.878,220,High,25793.83
West,Mobile,Search Ad,17,1635.25,1.177,590.44,36.19,34.67,483,170,3.92,3.007,346,Moderate,18899.54
South,Tablet,Social Media,21,1945.5,1.09,603.23,39.17,75.85,514,468,4.18,1.883,254,Very High,32848.84
West,Mobile,Social Media,5,751.36,0.964,617.52,28.13,33.9,1014,1106,4.04,2.003,188,Very High,30332.39
North,Mobile,Search Ad,13,48.92,1.007,506.9,27.38,14.56,907,597,3.88,3.547,295,Very Low,6621.57
East,Mobile,Influencer,5,1088.79,0.961,651.68,22.99,69.29,651,98,4.09,2.199,273,Moderate,28552.54
East,Mobile,Email,6,843.04,1.041,623.71,27.97,26.09,1048,465,3.88,2.007,139,Moderate,20342.72
North,Mobile,Email,13,247.56,0.932,398.75,28.45,51.36,948,295,4.02,3.604,331,High,17393.45
South,Mobile,Influencer,1,875.51,0.957,749.57,28.08,68.65,1007,444,3.93,2.476,254,Very High,38619.86
North,Mobile,Social Media,2,1259.13,1.036,700.98,26.55,60.82,973,525,3.89,3.152,309,High,27429.9
East,Mobile,Search Ad,25,1082.69,1.116,468.45,38.63,37.66,662,374,3.84,2.442,273,Low,9429.16
South,Mobile,Social Media,13,777.05,1.059,464.26,33.13,37.6,838,197,3.92,2.131,227,High,25339.84
East,Tablet,Email,5,605.23,1.099,658.67,42.0,45.67,201,202,3.86,2.635,274,Moderate,28894.52
South,Mobile,Search Ad,9,1837.49,0.975,694.59,30.66,41.6,712,133,3.85,2.332,242,Low,28052.03
South,Mobile,Search Ad,10,357.4,0.95,650.71,13.07,61.8,789,430,3.99,3.298,266,Very High,26530.05
West,Tablet,Social Media,14,801.79,0.845,511.49,23.46,38.09,922,304,3.92,2.943,285,Moderate,16237.61
North,Mobile,Social Media,6,369.28,1.006,762.42,28.74,67.1,1009,122,3.8,3.615,257,Moderate,30194.4
West,Tablet,Search Ad,13,683.51,1.03,547.64,25.62,58.05,522,408,3.69,2.758,277,High,23607.79
West,Mobile,Search Ad,5,658.02,0.976,626.63,25.99,37.18,635,682,4.02,3.119,225,High,26421.46
East,Mobile,Email,4,1237.66,0.938,625.37,22.52,48.5,1239,176,3.96,2.353,213,High,25376.9
East,Mobile,Search Ad,7,978.32,1.099,741.96,29.38,43.15,775,176,3.77,2.858,296,Low,23550.99
West,Tablet,Search Ad,6,865.17,1.051,622.05,31.05,47.59,773,167,3.99,2.609,338,Moderate,26623.08
North,Tablet,Search Ad,16,71.04,1.105,627.83,30.81,44.08,968,369,4.01,3.833,216,High,24364.2
North,Mobile,Search Ad,30,786.4,0.924,604.13,28.3,39.23,837,513,3.92,3.129,268,Low,19858.59
South,Mobile,Email,3,1951.2,0.943,525.2,32.57,43.96,816,1475,4.32,2.437,161,Very High,27956.24
West,Tablet,Search Ad,5,29.28,1.096,408.15,20.94,21.61,649,109,4.02,3.205,360,Very Low,6143.87
North,Mobile,Search Ad,8,235.05,0.996,600.78,28.63,60.29,712,212,3.93,3.736,319,High,22728.55
East,Mobile,Email,1,1202.94,0.954,491.48,29.87,25.58,901,5,3.82,2.513,212,Low,10315.1
West,Tablet,Social Media,12,1165.98,0.96,661.67,23.99,38.18,211,649,3.8,2.078,226,Low,20479.07
West,Tablet,Social Media,6,597.3,0.999,633.04,22.31,49.61,635,263,4.1,2.241,323,Moderate,28164.95
East,Mobile,Search Ad,5,619.39,1.08,616.58,33.31,45.39,1017,545,4.01,2.498,259,Very High,28982.76
North,Tablet,Social Media,6,1767.15,0.987,562.64,24.78,55.04,863,362,4.08,3.07,287,Moderate,22053.13
West,Tablet,Search Ad,3,1968.68,1.063,719.23,28.59,54.63,1149,733,3.77,3.174,187,High,26443.64
East,Mobile,Influencer,17,902.3,1.037,700.83,34.5,42.2,1103,251,4.03,2.614,284,High,33506.35
North,Mobile,Search Ad,6,1101.77,0.93,522.7,31.48,58.32,978,97,3.9,2.883,239,Low,20882.55
North,Mobile,Influencer,11,1784.79,0.93,820.0,25.4,62.57,868,431,4.08,2.346,267,Very High,36743.27
West,Tablet,Influencer,10,1745.01,0.964,664.53,28.03,63.05,608,326,4.06,3.339,223,High,26910.86
East,Tablet,Email,14,688.09,0.893,486.4,24.35,66.49,886,540,4.03,3.054,235,High,24682.29
West,Mobile,Search Ad,11,1409.58,0.959,563.34,34.33,64.85,954,332,3.92,2.725,254,Moderate,26520.15
West,Tablet,Social Media,4,1328.8,1.121,516.52,37.4,54.61,631,252,4.02,2.61,212,High,23942.26
East,Mobile,Influencer,7,663.99,0.997,766.36,25.03,45.8,609,879,3.92,2.952,389,Very High,29933.1
East,Mobile,Social Media,1,1731.12,0.939,732.52,28.02,41.34,845,684,4.11,2.553,183,Very High,34375.28
South,Mobile,Influencer,2,751.23,1.153,718.69,35.45,79.53,1195,75,3.92,2.069,279,High,34992.0
South,Mobile,Search Ad,5,212.87,0.926,641.77,26.02,44.1,892,249,3.94,3.729,267,High,26104.81
South,Tablet,Search Ad,6,1142.56,0.923,718.0,30.39,51.79,748,312,3.88,3.143,295,High,30080.92
West,Mobile,Email,7,1527.12,1.098,592.24,32.02,29.89,983,168,3.91,2.843,93,Moderate,18911.66
East,Tablet,Email,19,517.4,1.053,623.2,27.14,50.6,880,282,3.84,2.615,143,Moderate,20838.59
West,Mobile,Search Ad,15,1347.07,0.99,557.68,31.29,61.86,932,319,3.9,2.723,214,Moderate,22746.63
South,Mobile,Email,5,1257.03,1.067,593.38,37.04,66.04,848,1061,4.37,1.466,305,Very High,34038.34
East,Tablet,Influencer,36,436.81,1.024,688.62,31.55,56.16,593,493,4.1,2.692,232,High,32081.34
East,Mobile,Email,13,759.99,0.905,348.23,38.46,43.98,1151,671,4.04,3.24,229,High,18720.53
East,Mobile,Search Ad,4,1132.03,0.808,568.33,19.86,43.06,736,69,3.98,2.845,249,Very Low,19522.53
East,Mobile,Social Media,13,1363.19,0.955,651.19,32.24,67.93,1316,357,4.05,1.933,196,Moderate,34454.64
South,Tablet,Search Ad,19,216.51,1.087,591.56,26.18,47.06,785,405,3.96,2.888,277,Moderate,21110.2
East,Mobile,Search Ad,3,941.02,0.966,577.51,24.16,35.2,875,196,4.0,1.976,260,Low,19169.17
North,Mobile,Social Media,11,446.99,1.037,664.97,33.65,74.67,1080,744,3.98,2.891,279,Very High,37353.34
South,Mobile,Email,7,779.67,1.015,538.54,27.98,42.51,671,1140,4.24,2.424,342,Very High,26939.97
East,Mobile,Email,2,807.89,0.865,498.02,26.6,34.45,1026,201,3.93,3.26,234,Moderate,19824.54
East,Tablet,Search Ad,8,615.31,0.967,701.24,29.66,55.33,773,422,4.09,2.862,255,Very High,39303.67
West,Mobile,Search Ad,4,505.86,1.029,687.54,17.96,39.55,979,316,4.13,2.453,187,Low,22908.98
East,Mobile,Search Ad,22,526.29,0.937,556.65,38.73,54.45,662,326,4.04,2.533,170,Very High,31986.64
West,Mobile,Search Ad,2,1371.55,0.971,617.68,37.88,49.01,659,5,3.83,2.489,248,Low,23472.91
East,Mobile,Social Media,4,1814.65,1.031,715.6,33.3,49.35,329,424,4.12,2.948,254,Very High,35670.17
East,Tablet,Social Media,14,903.62,1.006,631.4,31.08,86.18,607,348,4.26,2.891,291,Very High,35902.55
North,Mobile,Email,8,1097.07,1.084,644.55,30.86,33.71,712,159,3.67,2.413,284,Very Low,16764.2
South,Tablet,Social Media,27,870.03,1.031,665.19,25.98,59.96,546,1551,4.13,1.957,264,Very High,30399.42
South,Mobile,Influencer,6,1308.76,0.924,646.26,35.05,61.79,827,57,4.0,2.539,352,Very High,34571.68
East,Mobile,Influencer,15,1367.23,0.962,714.35,35.28,50.85,879,228,3.92,2.637,229,Very High,35200.75
North,Tablet,Social Media,21,1537.42,1.002,564.63,32.53,48.29,885,756,3.86,2.839,236,Very High,20441.86
North,Mobile,Search Ad,3,210.21,1.107,629.17,29.71,32.34,1024,226,3.8,2.704,266,Moderate,17273.39
South,Tablet,Influencer,30,1903.47,0.962,678.95,33.4,88.93,929,566,3.87,2.491,175,Very High,33403.1
West,Tablet,Social Media,17,578.0,0.861,591.86,26.93,48.85,941,258,4.07,2.572,291,Low,24666.91
South,Mobile,Email,2,782.9,1.035,495.48,40.87,40.52,940,772,4.16,2.265,252,High,22906.68
East,Mobile,Email,6,796.29,0.94,606.05,27.65,69.46,876,153,4.16,2.838,254,High,27303.75
North,Tablet,Search Ad,14,1585.06,0.897,630.95,26.89,38.37,1009,195,3.92,3.36,282,Low,20641.91
East,Mobile,Influencer,6,1013.07,1.002,598.12,34.68,75.61,1061,80,4.03,2.44,271,Very High,37740.67
South,Mobile,Search Ad,9,163.8,1.078,468.85,28.97,50.07,430,341,4.1,3.391,273,High,19607.68
North,Mobile,Email,7,1485.42,0.954,479.12,29.17,13.16,810,519,3.87,2.616,224,Moderate,8926.6
East,Mobile,Email,12,138.15,1.04,560.71,34.23,39.15,337,271,3.82,2.95,345,Moderate,22562.3
North,Tablet,Search Ad,36,331.29,1.055,624.81,35.87,57.0,211,515,3.94,2.943,157,Very High,29994.18
North,Mobile,Influencer,9,1131.96,1.063,815.9,35.77,69.35,712,216,4.02,2.905,205,Very High,40000.0
South,Mobile,Search Ad,7,724.08,0.941,605.32,22.17,47.1,823,1244,3.98,2.439,214,Very High,27080.71
North,Mobile,Search Ad,10,607.45,0.91,476.33,31.8,35.61,737,163,3.97,2.515,203,Moderate,15822.68
North,Mobile,Email,9,712.01,0.921,577.11,24.59,32.75,345,344,3.76,2.418,140,Very Low,15312.2
South,Mobile,Influencer,13,1615.57,1.063,778.65,30.57,61.75,1085,426,3.98,2.886,350,Very High,32350.44
West,Tablet,Search Ad,2,944.65,1.053,559.16,30.24,72.29,535,524,4.09,2.747,288,High,30201.38
East,Mobile,Social Media,2,967.71,0.923,718.78,28.18,46.6,1002,368,3.98,3.173,209,High,32883.4
East,Tablet,Search Ad,1,754.3,1.171,623.65,32.45,44.04,543,74,3.83,2.978,291,Very Low,17961.7
South,Tablet,Social Media,8,1174.33,0.914,685.59,31.79,58.29,596,230,4.06,2.753,238,Very High,34192.19
West,Mobile,Email,13,886.49,1.08,746.21,37.07,34.1,986,219,3.94,2.896,230,Moderate,25475.62
South,Mobile,Social Media,10,948.04,1.122,481.88,25.58,52.62,759,431,3.73,2.749,188,Moderate,11647.24
North,Mobile,Email,10,1228.47,1.009,676.75,41.61,34.52,909,102,3.95,2.724,249,Low,22983.45
East,Mobile,Social Media,8,828.02,0.938,618.64,29.32,40.07,940,150,3.87,3.067,209,Moderate,26059.09
North,Tablet,Social Media,21,614.61,0.94,545.59,36.34,38.13,326,394,3.88,2.447,188,Low,19733.5
South,Tablet,Search Ad,16,845.85,0.979,603.56,16.81,23.7,879,1014,3.88,3.33,307,High,20775.14
East,Mobile,Social Media,18,50.28,1.086,744.38,29.41,76.38,588,603,3.94,3.415,197,High,37170.62
West,Mobile,Social Media,10,431.35,0.904,724.29,19.5,62.99,538,161,4.0,3.857,335,High,33454.47
East,Tablet,Email,3,1999.73,0.853,461.94,22.73,48.3,529,90,4.0,2.239,204,Low,13149.89
East,Tablet,Search Ad,14,1253.82,1.029,559.0,29.27,57.32,976,133,3.98,2.253,155,Moderate,23011.01
West,Mobile,Social Media,19,660.49,1.047,697.96,29.75,55.71,396,366,4.1,2.71,281,High,29528.63
North,Mobile,Social Media,13,558.18,1.157,618.54,39.41,56.65,1049,520,4.08,2.637,220,High,28978.94
South,Mobile,Influencer,27,272.59,0.889,647.56,38.7,75.31,958,763,3.84,3.102,150,Very High,34204.36
South,Tablet,Search Ad,22,884.56,0.989,486.99,25.63,63.55,762,760,3.94,2.248,264,Very High,22756.89
South,Mobile,Influencer,13,1788.8,1.093,622.72,30.4,42.34,932,790,4.14,2.458,167,High,25901.22
South,Mobile,Social Media,15,1661.64,1.01,535.9,25.54,82.19,776,268,3.89,2.803,125,Very High,24207.98
West,Mobile,Email,19,252.9,0.984,451.3,34.2,21.94,1058,824,3.63,2.951,290,High,14618.18
East,Mobile,Search Ad,3,517.35,1.063,503.76,31.84,38.74,736,440,4.17,2.387,340,Very High,22378.27
East,Mobile,Social Media,2,1484.69,0.952,566.42,28.52,52.6,389,200,3.99,2.791,224,Moderate,23890.59
South,Tablet,Social Media,22,183.09,1.068,551.14,31.52,53.94,718,1170,3.99,3.433,323,Very High,24646.17
West,Mobile,Email,5,641.52,0.9,524.74,27.34,65.96,1092,926,3.98,2.564,298,Very High,29218.95
West,Mobile,Influencer,15,1425.36,0.878,755.99,26.42,76.73,1003,778,4.16,2.258,289,Very High,40000.0
West,Mobile,Email,6,1840.38,0.978,545.92,29.34,47.31,1386,95,3.99,2.697,237,High,18477.04
North,Mobile,Influencer,7,891.12,0.795,776.7,27.92,78.39,787,189,4.06,2.536,211,High,40000.0
East,Mobile,Influencer,2,988.46,1.007,626.03,30.1,63.25,813,632,4.01,2.13,269,Very High,32453.24
North,Mobile,Social Media,2,112.78,0.861,645.62,17.2,43.25,792,206,3.78,3.146,288,High,26919.7
South,Mobile,Search Ad,5,1816.28,1.023,670.65,29.83,58.0,635,467,4.0,2.444,170,High,28146.97
North,Mobile,Search Ad,4,401.91,1.015,530.01,22.27,44.12,723,413,4.09,3.095,228,High,23475.93
East,Mobile,Influencer,13,1144.72,0.995,641.94,31.1,48.8,559,518,3.92,2.449,236,Moderate,25686.99
East,Mobile,Social Media,2,1659.31,1.035,604.27,32.89,70.98,195,5,4.05,2.423,231,Moderate,29405.06
North,Tablet,Search Ad,7,894.22,1.016,642.47,24.98,48.36,572,281,3.91,2.649,206,Low,21880.62
South,Tablet,Social Media,13,1641.29,0.977,633.8,34.82,41.86,747,661,4.08,2.817,165,Very High,27664.35
East,Mobile,Influencer,6,1040.16,1.146,606.01,22.88,43.32,1043,220,3.82,2.808,229,Moderate,17703.1
South,Mobile,Social Media,6,271.81,1.031,623.5,33.8,62.64,693,440,4.01,4.076,231,High,30106.19
North,Tablet,Social Media,26,1055.52,1.062,658.39,39.87,72.59,576,667,4.12,2.123,219,Very High,37216.22
South,Mobile,Search Ad,6,1610.7,1.086,776.44,27.15,61.96,1159,68,3.88,3.053,288,High,30198.59
West,Tablet,Influencer,6,1862.73,1.053,689.43,25.69,66.7,354,79,4.02,2.609,163,Moderate,30311.35
North,Tablet,Search Ad,25,208.0,1.165,598.38,23.03,36.0,693,701,3.97,2.683,265,Moderate,14337.71
North,Mobile,Email,7,307.78,1.013,619.04,30.87,46.87,1138,140,3.93,3.067,137,Moderate,25773.6
South,Mobile,Social Media,13,822.71,0.999,550.15,28.69,46.66,655,313,3.87,2.211,244,Low,17154.41
West,Tablet,Influencer,11,124.64,0.948,507.7,23.46,49.04,295,873,4.15,3.074,108,High,21803.46
East,Mobile,Search Ad,9,483.81,0.979,578.68,24.01,44.47,1355,387,3.85,2.648,193,High,25962.29
East,Mobile,Influencer,5,334.24,0.942,736.12,34.96,56.5,1092,776,4.07,2.861,247,Very High,40000.0
South,Mobile,Email,1,523.73,1.054,688.21,25.82,57.13,1101,156,3.86,2.377,160,High,28765.46
East,Mobile,Social Media,4,660.34,0.927,472.18,28.84,34.36,834,371,3.92,3.062,160,Moderate,19198.77
North,Tablet,Search Ad,5,643.24,1.006,660.44,28.48,33.97,926,195,3.99,2.601,309,Low,22182.36
East,Tablet,Influencer,6,1672.73,1.045,505.02,25.59,41.84,50,65,3.88,2.807,149,Moderate,14560.91
West,Tablet,Email,4,1583.82,1.012,649.58,24.22,56.66,613,1318,3.73,2.901,241,Very High,23932.99
East,Mobile,Influencer,6,426.44,0.928,684.33,24.23,64.15,1135,166,3.82,3.314,340,High,28816.27
West,Mobile,Search Ad,5,55.68,1.056,456.31,31.23,19.26,455,158,3.61,3.309,257,Very Low,7223.81
West,Mobile,Email,9,160.49,0.993,661.53,24.88,53.66,763,665,4.02,3.667,250,Very High,28627.69
North,Mobile,Social Media,7,508.27,0.78,758.69,37.39,62.14,953,578,4.03,3.412,204,Very High,34484.35
West,Mobile,Social Media,2,377.62,0.921,611.31,21.47,46.25,633,1131,4.01,3.65,204,High,25195.74
North,Tablet,Search Ad,25,1123.16,1.112,628.99,37.27,48.75,742,281,3.88,2.742,238,Low,19011.12
East,Tablet,Email,28,854.8,1.119,715.13,25.26,31.08,852,404,3.95,2.668,124,Very Low,19114.84
North,Mobile,Email,7,1438.64,1.042,519.54,25.38,41.9,948,211,3.76,3.2,311,Low,10026.37
North,Mobile,Influencer,2,843.43,1.063,573.47,26.78,38.99,744,315,4.05,2.35,261,Moderate,22582.85
South,Mobile,Email,16,603.91,0.938,524.14,25.36,35.3,620,243,3.93,3.298,140,Low,14284.43
South,Mobile,Social Media,5,1128.72,0.979,635.8,30.32,50.73,975,68,3.82,3.053,312,Moderate,20763.11
East,Tablet,Social Media,5,1960.63,1.099,653.89,29.35,65.81,838,360,3.96,2.58,290,Moderate,23939.78
East,Mobile,Search Ad,7,1529.35,1.034,582.38,17.87,44.89,944,353,3.94,2.791,275,Low,12672.57
North,Tablet,Search Ad,9,2000.0,1.005,612.96,38.1,60.59,773,94,3.8,3.009,387,High,23145.18
North,Mobile,Social Media,5,902.79,0.985,584.7,29.78,37.27,959,851,4.08,2.444,254,Very High,24125.35
East,Mobile,Search Ad,2,1611.49,1.094,589.11,30.87,46.91,1114,66,4.04,2.984,343,Low,22262.65
South,Tablet,Search Ad,10,517.66,1.09,542.91,37.35,54.94,830,771,4.05,3.06,250,High,27164.73
West,Mobile,Email,10,1480.35,1.052,549.73,37.24,60.47,888,798,4.16,2.446,276,Very High,25869.89
East,Mobile,Email,1,545.3,1.005,429.92,26.69,21.17,707,241,4.2,2.344,214,Low,12384.36
West,Mobile,Social Media,2,608.31,0.971,603.49,18.6,39.59,1262,213,3.7,2.823,131,Low,16707.06
East,Mobile,Social Media,16,1165.14,1.055,477.19,36.2,56.34,534,243,3.98,2.259,135,High,20559.81
South,Tablet,Search Ad,5,507.99,0.912,664.22,19.59,69.49,681,561,3.88,2.65,243,Very High,31683.9
East,Mobile,Search Ad,12,590.23,0.928,561.19,36.36,52.31,712,245,4.15,2.393,233,High,28483.23
South,Tablet,Social Media,8,932.28,0.884,618.96,24.06,38.32,210,408,3.98,2.328,175,Low,21665.84
South,Mobile,Email,10,1458.22,1.099,580.22,30.04,29.51,963,314,3.83,3.389,231,Low,11245.36
West,Mobile,Social Media,7,1432.54,0.942,619.99,22.54,54.12,801,124,3.92,2.546,276,Moderate,23600.89
South,Tablet,Search Ad,36,2000.0,1.032,738.07,26.67,58.49,749,1534,4.29,2.606,328,Very High,34602.71
West,Mobile,Social Media,9,952.79,0.99,520.84,29.07,46.86,808,592,4.04,2.402,205,Very High,26902.84
West,Mobile,Search Ad,10,797.1,1.232,480.67,31.29,29.52,1078,166,3.96,3.302,272,Very Low,8007.64
West,Mobile,Email,8,99.85,1.035,589.75,24.06,56.75,1116,290,4.16,2.97,356,Low,30574.94
West,Mobile,Search Ad,12,119.23,0.851,555.95,37.43,44.12,541,309,4.06,2.673,295,High,32470.43
South,Mobile,Influencer,2,1883.69,1.094,713.21,33.88,70.59,1372,584,4.18,2.759,200,Very High,34702.62
South,Tablet,Social Media,9,821.3,0.969,683.39,28.17,33.75,670,234,3.9,2.811,254,Moderate,22392.98
East,Mobile,Social Media,7,564.35,0.984,531.91,15.47,62.04,1030,1936,3.92,3.127,259,Very High,23023.95
South,Mobile,Influencer,4,906.01,0.946,711.2,32.85,54.46,912,151,3.97,2.617,288,Moderate,33130.49
East,Tablet,Social Media,6,1411.13,1.016,557.29,42.0,72.48,771,110,3.92,2.744,250,High,34289.75
East,Mobile,Search Ad,2,600.06,1.015,612.17,27.42,56.35,1021,371,4.08,2.066,278,High,31037.32
East,Tablet,Email,4,1816.38,0.948,519.01,23.17,20.43,1122,57,3.65,3.187,311,Low,5747.56
South,Mobile,Search Ad,5,1797.36,0.959,643.11,29.72,53.61,1085,635,4.11,2.595,183,High,26800.92
North,Mobile,Email,6,1388.1,1.008,606.87,21.92,64.14,789,65,3.99,2.614,166,Moderate,23754.09
South,Tablet,Influencer,15,1509.69,0.813,587.98,31.51,49.67,716,1286,4.12,2.486,286,Very High,26994.29
North,Mobile,Search Ad,11,783.4,0.885,501.56,37.48,67.78,697,753,4.14,2.453,238,Very High,34158.82
West,Tablet,Search Ad,5,1890.87,1.134,694.65,26.55,56.87,947,533,4.0,2.947,302,Very High,27720.89
South,Mobile,Search Ad,21,1871.37,1.026,597.93,28.59,65.5,1031,358,3.97,2.347,315,Moderate,24497.91
North,Mobile,Search Ad,10,1229.6,0.958,701.01,29.4,55.01,761,282,4.11,2.833,133,Very High,34450.02
North,Mobile,Social Media,26,1602.85,0.864,599.79,30.17,51.99,1245,443,4.06,2.046,196,Moderate,30221.58
East,Mobile,Influencer,18,542.44,0.995,759.11,23.68,86.83,1171,1481,4.28,1.783,240,Very High,40000.0
East,Tablet,Influencer,8,1476.86,1.079,599.62,28.51,66.5,1269,66,3.97,3.165,185,Low,22900.71
South,Mobile,Social Media,2,165.38,1.211,729.46,24.92,54.9,631,199,3.98,2.806,219,High,29411.51
North,Tablet,Influencer,23,1875.18,1.151,698.2,39.97,70.28,711,1203,4.12,2.603,169,Very High,34688.57
South,Tablet,Search Ad,17,1189.18,0.929,651.15,35.34,45.01,683,293,3.74,2.738,221,High,23992.52
South,Mobile,Search Ad,9,962.99,0.96,533.86,36.61,48.84,1615,210,3.78,2.924,188,Moderate,23104.83
East,Mobile,Social Media,4,1060.09,0.882,689.66,32.73,73.9,863,287,4.01,2.661,269,Very High,40000.0
East,Tablet,Social Media,33,490.91,0.933,679.91,30.47,55.18,1107,1102,3.85,3.62,304,Very High,28665.62
South,Tablet,Email,13,446.69,0.983,561.87,21.47,29.09,1040,294,3.9,2.72,273,Low,13386.58
South,Mobile,Social Media,3,1162.75,0.971,462.86,35.17,36.27,836,822,3.88,2.969,409,Very High,18359.34
West,Mobile,Search Ad,11,842.53,1.164,522.47,34.22,47.21,876,265,3.94,2.674,306,High,20655.69
East,Mobile,Social Media,30,514.9,0.895,530.25,27.16,39.13,1012,873,4.02,2.1,304,High,22905.13
East,Tablet,Social Media,27,1504.58,0.996,677.05,26.79,37.5,1105,374,3.72,2.661,243,High,21136.61
North,Mobile,Influencer,11,942.37,0.835,626.53,23.66,41.4,810,193,3.97,2.11,229,Moderate,25489.6
East,Tablet,Social Media,10,1305.61,1.026,601.07,18.04,65.54,593,548,3.98,2.078,327,Very High,29927.97
North,Mobile,Social Media,10,751.21,0.893,579.22,31.74,51.26,1130,327,3.69,2.714,232,Moderate,22088.91
East,Mobile,Email,1,1259.51,1.088,723.25,24.49,49.31,527,111,3.88,3.149,250,Low,24284.82
West,Mobile,Email,13,1852.6,0.977,622.39,26.56,32.04,933,273,3.96,2.787,237,Low,22201.69
South,Mobile,Search Ad,11,117.79,0.888,611.41,27.17,40.72,1167,437,3.91,3.668,281,Moderate,23794.64
North,Mobile,Search Ad,14,518.43,0.832,554.85,29.58,38.43,985,293,3.88,2.761,303,High,20826.43
North,Mobile,Search Ad,4,784.47,0.922,607.89,25.15,43.96,696,164,3.95,3.227,314,Low,19945.49
South,Mobile,Email,16,1428.4,1.019,531.37,38.47,22.28,570,337,3.84,3.268,229,Moderate,10419.8
North,Mobile,Search Ad,2,798.6,1.034,638.07,20.73,61.84,1204,74,3.93,2.367,259,Moderate,25609.54
North,Mobile,Social Media,8,851.66,0.96,535.01,22.02,48.19,809,424,3.81,2.808,269,Moderate,15428.87
West,Tablet,Social Media,19,2000.0,1.074,711.54,34.71,62.53,479,673,3.98,2.411,339,High,29428.91
East,Mobile,Email,1,498.23,0.909,530.16,25.05,51.92,1190,416,4.21,2.452,137,Very High,26953.76
South,Mobile,Email,5,987.04,0.78,675.59,25.57,57.61,1092,197,3.99,3.237,249,High,32447.63
West,Mobile,Social Media,11,1282.49,1.023,788.8,24.58,53.06,555,325,4.01,2.418,208,Moderate,30524.46
North,Tablet,Email,4,756.18,1.103,594.72,31.41,52.58,1469,95,3.87,2.326,215,Moderate,24833.04
West,Mobile,Influencer,20,992.18,1.104,769.76,35.23,74.39,703,882,4.05,2.223,195,Very High,40000.0
South,Tablet,Social Media,11,146.98,0.896,671.35,26.08,59.78,967,401,3.97,3.033,281,Moderate,30700.75
West,Tablet,Email,13,1434.83,0.956,494.94,25.93,52.49,1316,223,4.06,3.919,96,High,18704.57
East,Mobile,Email,16,1269.41,1.058,614.8,29.62,55.51,1118,249,4.11,3.088,239,High,26779.17
West,Mobile,Search Ad,5,724.23,0.95,649.03,28.08,59.68,935,402,3.94,1.686,135,Very High,32400.57
West,Tablet,Email,15,511.48,1.008,637.07,31.03,64.27,325,466,4.02,3.123,205,Very High,32951.34
South,Mobile,Influencer,11,1759.98,0.943,695.98,37.82,64.44,1452,150,3.95,2.465,235,Moderate,33820.81
West,Mobile,Influencer,2,948.7,0.913,677.1,33.92,62.88,1111,212,4.08,2.939,223,Very High,40000.0
South,Tablet,Social Media,9,1154.17,0.928,633.8,30.65,65.91,330,384,4.07,2.188,290,Very High,32963.13
South,Mobile,Social Media,7,376.94,1.076,626.95,33.67,53.48,1308,223,3.95,2.822,325,Low,26203.44
South,Tablet,Email,10,623.51,1.001,493.82,22.39,43.91,758,359,4.08,2.394,369,High,21273.99
East,Mobile,Search Ad,30,1111.7,1.102,598.56,32.33,41.87,779,402,4.02,2.394,248,High,22850.11
North,Tablet,Social Media,20,793.83,1.042,509.23,32.72,20.6,574,301,3.8,3.018,320,Very Low,10964.28
East,Mobile,Social Media,7,1295.51,1.129,596.69,31.17,61.51,910,182,3.98,2.547,339,Moderate,26405.47
East,Mobile,Social Media,4,210.66,1.065,565.37,29.91,31.84,1094,457,3.91,3.564,218,Moderate,23295.53
West,Mobile,Search Ad,10,673.59,1.061,555.45,37.2,39.48,717,227,3.81,2.499,324,Low,24544.95
West,Tablet,Social Media,26,1544.52,0.99,557.82,35.3,63.81,777,665,4.01,2.946,113,High,25948.66
South,Mobile,Email,1,1535.33,1.241,633.32,25.23,55.54,1840,282,4.11,2.168,266,Very High,29634.74
South,Mobile,Search Ad,9,1358.08,1.009,597.43,29.68,63.63,998,266,4.12,2.781,348,Very High,30084.4
South,Mobile,Search Ad,6,1222.41,0.842,586.26,24.48,20.14,1140,1028,4.08,2.419,254,High,20345.76
North,Tablet,Influencer,11,2000.0,1.021,574.39,24.59,58.74,462,694,4.13,2.871,236,High,24356.48
North,Mobile,Email,8,1273.77,0.921,582.19,20.89,37.86,466,288,3.96,1.824,236,Low,16459.62
South,Mobile,Search Ad,10,215.92,1.081,689.39,29.97,65.42,1285,388,3.94,2.918,339,High,31429.05
South,Mobile,Search Ad,27,1314.59,1.058,714.79,26.44,71.92,1202,375,4.09,2.996,149,Very High,29320.42
West,Mobile,Email,13,340.71,0.985,615.38,29.31,28.04,1357,904,3.78,3.233,224,Low,18008.04
East,Mobile,Search Ad,6,153.79,0.929,572.77,32.87,48.34,837,746,3.93,2.604,300,Moderate,28279.07
South,Mobile,Social Media,3,268.0,1.012,658.61,28.19,66.51,1224,455,4.16,2.791,268,Very High,37099.01
East,Tablet,Influencer,21,918.5,0.949,609.82,30.54,53.76,50,330,3.92,2.84,322,High,27561.12
North,Mobile,Email,3,973.35,1.063,575.47,38.71,68.59,1017,337,4.09,2.303,290,Very High,35929.7
South,Mobile,Search Ad,8,533.86,1.044,545.34,31.08,41.18,1160,218,3.89,3.133,219,Moderate,23687.68
East,Mobile,Social Media,8,123.05,1.235,683.38,24.63,51.91,660,195,4.02,3.516,284,Low,24944.61
East,Tablet,Influencer,8,508.66,0.964,716.59,28.57,48.45,1046,535,3.8,3.024,166,Moderate,32024.73
South,Tablet,Social Media,22,478.51,0.976,615.75,40.26,59.14,688,1203,4.25,2.836,123,Very High,36617.07
West,Tablet,Influencer,16,1653.38,0.988,817.87,23.92,26.43,717,184,3.75,2.645,210,Very Low,21439.58
West,Mobile,Influencer,8,557.55,0.991,688.27,22.54,56.22,785,186,3.8,3.31,253,High,29483.69
East,Mobile,Social Media,5,55.44,1.082,637.72,31.47,72.17,1319,169,4.15,3.421,198,High,34177.52
East,Mobile,Influencer,13,598.03,0.978,676.09,29.22,42.61,728,1118,4.04,2.577,259,Very High,26094.7
East,Mobile,Influencer,6,688.68,1.158,557.17,28.92,34.29,693,446,3.9,2.151,252,Low,17046.95
North,Mobile,Social Media,7,1730.5,1.047,574.53,22.96,64.95,611,362,4.2,1.682,133,High,22720.26
South,Tablet,Social Media,9,534.89,0.961,615.4,18.37,67.27,633,345,4.1,2.926,215,High,27738.0
North,Tablet,Search Ad,2,776.29,0.941,606.37,19.58,28.31,797,280,3.85,2.191,306,Very Low,14003.5
East,Tablet,Social Media,14,833.71,1.083,673.52,39.59,82.08,925,304,4.03,2.307,278,Very High,38429.69
East,Mobile,Email,2,787.77,1.002,541.9,28.32,47.1,642,111,4.06,2.775,205,Moderate,20214.08
South,Tablet,Social Media,19,1880.14,1.001,655.02,20.11,66.9,848,612,3.93,2.244,286,Very High,23977.1
West,Mobile,Social Media,3,518.8,0.952,626.5,34.46,45.71,1037,254,4.12,3.418,357,High,29502.83
West,Mobile,Social Media,8,1881.64,0.995,659.65,35.61,77.17,589,139,3.96,2.761,222,High,32007.36
West,Tablet,Email,19,1490.86,0.949,612.11,36.07,43.32,758,469,3.86,3.265,294,Moderate,21766.0
East,Mobile,Influencer,2,226.28,1.109,535.67,25.75,49.42,835,130,4.07,3.466,284,Low,20987.04
West,Mobile,Search Ad,5,1611.8,1.057,447.56,30.06,47.99,881,208,4.03,1.741,218,High,21133.35
North,Mobile,Email,13,1867.43,0.986,543.74,31.03,37.22,706,175,3.7,3.121,178,Very Low,7252.63
West,Tablet,Search Ad,9,1207.49,0.985,577.07,35.13,29.2,701,467,3.92,2.7,350,Low,17931.44
North,Tablet,Search Ad,36,986.29,1.007,520.42,30.21,46.75,749,580,3.86,2.726,315,Very High,22300.9
West,Mobile,Influencer,10,1070.75,1.0,662.1,26.03,55.11,1401,243,4.06,2.599,231,Moderate,29763.31
South,Tablet,Email,17,710.94,0.923,680.85,33.04,39.07,753,638,4.18,2.893,323,Moderate,27462.17
West,Mobile,Social Media,29,394.07,0.848,674.75,36.27,74.81,1248,690,4.14,3.628,282,Very High,36132.52
West,Mobile,Influencer,7,1665.94,0.936,716.96,29.0,93.64,1270,187,3.97,2.254,323,High,37402.9
North,Tablet,Influencer,18,1716.37,0.99,759.58,33.09,53.66,357,197,4.07,2.628,137,High,31950.56
East,Tablet,Search Ad,36,342.21,0.941,526.56,30.54,47.97,656,1185,4.06,3.599,223,Very High,25286.39
West,Tablet,Search Ad,8,1271.55,1.066,584.43,29.18,42.45,1151,58,3.91,2.64,346,High,17706.37
East,Mobile,Email,27,1060.52,0.982,650.52,28.71,76.22,913,655,4.01,2.714,412,Very High,29647.9
West,Tablet,Search Ad,22,205.79,1.15,559.56,24.19,51.51,706,1118,4.08,3.17,224,Very High,28323.53
East,Mobile,Social Media,16,900.9,0.955,594.23,27.81,64.74,1078,335,4.0,3.39,223,High,26797.84
South,Tablet,Email,7,769.09,1.011,743.91,22.88,64.41,1050,146,3.69,3.129,290,Low,25516.68
South,Mobile,Influencer,24,1725.06,0.977,688.59,33.74,64.29,851,328,4.0,3.375,269,High,27962.4
North,Tablet,Email,27,2000.0,1.035,763.09,37.45,51.56,659,389,3.96,3.288,281,High,30146.5
West,Mobile,Social Media,3,197.47,1.085,466.48,29.06,67.03,175,244,4.04,3.043,114,Moderate,19898.83
South,Mobile,Influencer,10,1781.53,1.049,631.72,25.2,67.76,874,289,3.76,2.923,233,Very High,23732.26
East,Mobile,Email,2,1246.62,0.838,638.13,32.64,36.02,749,346,3.99,3.375,298,Low,18996.83
East,Mobile,Influencer,1,1253.21,1.04,678.07,29.66,51.56,568,619,4.01,2.243,102,High,30255.72
East,Mobile,Influencer,21,233.75,0.919,483.7,31.25,47.61,800,467,4.04,3.388,148,Very High,23252.39
West,Tablet,Search Ad,16,975.61,0.975,596.1,26.78,62.55,619,616,3.84,3.032,138,High,21918.86
West,Mobile,Email,12,1195.87,1.055,802.15,38.33,75.14,909,142,3.86,2.651,288,Very High,40000.0
South,Tablet,Social Media,8,1073.77,0.91,651.38,33.58,84.85,659,248,3.82,2.643,190,High,35691.92
West,Mobile,Social Media,8,541.66,1.092,668.27,31.02,47.7,990,171,3.96,2.593,174,Moderate,29809.8
West,Mobile,Social Media,11,1179.48,0.972,582.43,33.57,55.59,910,422,3.95,2.931,251,Very High,24947.35
East,Mobile,Social Media,1,214.54,1.174,632.18,33.19,50.7,1229,719,4.0,3.666,171,High,25759.85
West,Mobile,Influencer,3,994.25,1.005,663.89,26.21,57.0,705,612,3.85,3.014,276,Moderate,28980.08
North,Mobile,Email,24,669.92,1.136,682.24,34.41,61.58,1376,439,3.86,2.308,398,Very High,31176.29
North,Mobile,Search Ad,5,41.03,1.096,680.86,28.8,51.27,1169,175,3.65,3.922,225,Moderate,25305.45
West,Mobile,Email,2,762.94,0.951,627.39,22.87,60.9,1291,154,3.81,3.201,128,Moderate,23786.43
South,Mobile,Search Ad,11,434.71,0.896,608.24,29.19,41.99,933,267,3.86,3.162,220,High,23856.44
West,Mobile,Influencer,19,76.79,1.009,510.36,33.53,64.15,778,292,3.93,2.97,278,Very High,29482.55
West,Mobile,Social Media,5,1658.04,0.953,507.36,28.18,43.13,704,60,3.91,2.395,272,Very Low,12328.26
North,Mobile,Email,11,347.76,1.126,592.2,31.18,20.66,1368,240,3.97,3.547,300,Low,15316.45
West,Tablet,Search Ad,7,1312.14,0.98,691.84,34.75,40.74,1058,46,3.83,2.111,211,Low,31505.31
South,Tablet,Search Ad,3,733.8,0.976,715.68,25.01,53.98,448,90,4.01,3.028,231,Low,27250.36
East,Tablet,Search Ad,25,689.5,0.888,536.99,32.8,71.49,1024,676,4.16,2.38,96,High,27804.89
East,Mobile,Social Media,27,949.34,1.034,508.15,30.01,43.45,621,634,4.12,2.666,286,High,21432.72
West,Tablet,Social Media,7,1817.06,0.906,722.61,24.77,55.41,834,858,4.1,1.383,167,High,31925.55
North,Tablet,Influencer,29,682.43,1.035,592.84,33.43,64.56,980,532,4.04,2.001,260,Very High,30357.27
East,Tablet,Influencer,36,157.96,1.046,520.31,31.19,46.51,1163,637,3.86,3.01,194,High,22751.16
East,Mobile,Social Media,7,1060.84,0.94,591.84,32.04,47.48,929,64,3.96,2.359,243,High,27831.28
West,Tablet,Influencer,13,531.21,1.077,613.8,31.72,59.6,701,242,3.93,2.964,307,Very High,29478.49
East,Tablet,Social Media,4,185.18,0.978,717.69,26.55,52.21,753,417,4.15,3.151,221,High,36450.45
North,Mobile,Social Media,9,855.52,0.882,696.07,37.95,36.93,1169,223,3.93,3.376,202,Moderate,23970.99
South,Tablet,Email,6,1494.32,1.124,551.88,35.38,35.45,969,448,3.92,2.886,248,High,19732.92
South,Mobile,Social Media,3,523.01,0.926,731.34,30.23,67.53,855,418,4.19,2.289,208,High,38469.25
West,Mobile,Search Ad,6,1638.58,1.041,639.05,31.6,59.16,320,417,3.94,3.12,190,High,22016.04
South,Mobile,Email,8,1072.76,1.034,686.47,27.95,65.25,154,384,4.01,2.481,364,High,27967.41
South,Tablet,Social Media,30,1420.13,1.031,745.42,31.1,76.73,805,664,4.31,2.251,133,Very High,39262.33
West,Mobile,Search Ad,8,928.86,1.03,592.43,31.9,37.05,517,358,3.97,2.672,289,Low,22567.96
North,Mobile,Search Ad,13,1575.56,0.922,673.37,30.78,42.39,707,434,4.09,3.154,240,Moderate,24673.5
West,Mobile,Search Ad,7,473.22,1.135,570.87,35.73,39.74,794,333,4.12,2.934,197,Moderate,23986.99
East,Mobile,Influencer,13,1919.68,1.076,759.64,39.18,65.34,1462,181,3.92,3.063,270,Very High,36741.08
West,Mobile,Email,7,847.42,1.038,603.87,28.75,36.28,895,193,4.02,3.322,250,Moderate,22026.14
South,Tablet,Search Ad,24,2000.0,0.893,713.83,20.77,48.83,949,394,3.93,3.048,330,Moderate,24206.63
North,Tablet,Search Ad,3,91.86,0.922,717.0,34.21,43.67,886,80,4.16,2.608,178,Moderate,35722.4
West,Mobile,Search Ad,11,49.9,1.053,637.88,26.22,59.4,158,788,4.22,3.184,216,Very High,31694.79
West,Mobile,Social Media,2,1299.53,0.84,629.11,29.34,42.36,744,71,4.0,3.218,311,High,28599.86
West,Mobile,Email,7,733.7,1.027,588.0,32.9,31.86,506,139,4.02,2.105,235,Very Low,22455.47
North,Tablet,Influencer,28,863.42,0.894,425.43,38.58,58.87,1241,531,3.93,2.694,282,Very High,26178.45
West,Mobile,Social Media,4,1674.05,0.931,587.81,37.75,64.57,332,481,4.23,2.115,323,Very High,34298.68
West,Mobile,Influencer,2,1355.9,0.887,747.44,26.54,60.3,738,126,3.86,2.793,283,Moderate,30763.17
East,Mobile,Search Ad,9,83.47,1.02,672.43,32.57,63.84,784,233,4.04,3.519,210,Very High,36664.21
West,Tablet,Search Ad,10,140.34,1.089,537.32,28.79,55.76,454,380,3.9,3.69,226,Very High,26728.91
West,Tablet,Influencer,36,1598.03,1.028,691.32,42.0,89.72,769,631,4.21,2.439,324,Very High,40000.0
East,Tablet,Search Ad,7,1653.73,1.037,614.24,33.26,59.64,728,443,4.21,2.734,258,Very High,30348.38
North,Tablet,Social Media,13,768.99,1.013,680.09,27.95,78.78,787,646,4.13,2.033,235,Very High,36228.11
East,Mobile,Search Ad,19,975.48,1.055,791.15,29.95,57.95,1006,531,4.05,2.003,272,Very High,36822.09
North,Mobile,Influencer,4,802.75,1.037,717.34,15.59,77.0,929,89,3.99,3.049,168,High,28448.15
South,Mobile,Social Media,2,655.4,0.783,568.8,31.73,71.11,970,65,4.0,1.591,233,High,34707.31
South,Mobile,Social Media,5,322.47,1.073,608.82,33.44,53.07,1183,1162,4.03,2.888,243,Very High,26580.09
North,Mobile,Email,5,515.68,1.064,701.5,35.13,41.61,382,186,4.12,2.803,242,High,29084.49
South,Mobile,Influencer,2,1883.29,0.971,571.74,16.59,45.87,1063,77,4.02,2.713,224,Moderate,17809.44
North,Mobile,Email,9,248.68,0.842,534.27,20.33,44.29,557,517,3.93,2.206,229,Low,16373.47
West,Tablet,Search Ad,30,98.77,1.019,651.97,31.3,36.32,554,644,3.98,3.348,241,High,25105.74
West,Mobile,Social Media,2,1616.05,1.026,747.1,37.29,56.32,895,158,4.31,2.132,339,Very High,40000.0
North,Tablet,Social Media,23,245.79,0.965,662.12,27.36,71.18,859,351,4.05,3.157,111,Very High,37706.75
West,Tablet,Search Ad,29,1304.02,1.015,573.15,37.18,58.03,893,332,4.16,2.32,291,Very High,27686.57
East,Mobile,Email,14,342.71,1.086,628.46,24.85,13.81,586,549,3.83,3.027,243,Moderate,15770.87
South,Tablet,Search Ad,4,1241.63,1.192,653.46,30.76,33.85,1213,45,3.95,2.055,244,Low,18548.62
North,Mobile,Search Ad,4,548.17,1.012,633.13,27.35,77.37,739,248,3.95,2.559,223,High,28817.84
East,Tablet,Influencer,12,414.77,1.027,644.36,31.6,75.34,531,557,3.99,3.59,279,High,31362.17
West,Mobile,Email,2,1046.81,0.934,605.27,25.66,36.0,491,703,4.07,2.453,307,High,24649.34
East,Tablet,Influencer,35,1930.16,0.96,612.86,41.19,41.92,343,959,3.91,2.581,130,High,27453.27
North,Mobile,Search Ad,3,1055.16,0.989,814.63,27.0,41.13,454,555,3.83,2.522,378,High,32512.51
North,Mobile,Influencer,8,1597.39,1.094,690.7,26.59,67.31,951,180,4.07,2.151,257,Very High,30661.69
South,Tablet,Social Media,24,614.91,1.066,665.41,28.14,81.68,915,1061,4.08,2.245,255,Very High,34931.23
South,Mobile,Search Ad,1,711.95,1.154,591.23,27.57,72.36,609,374,3.99,2.735,162,Moderate,27331.51
South,Tablet,Influencer,10,1873.77,0.881,751.85,30.15,43.95,409,689,3.78,3.665,213,Very High,28603.99
South,Tablet,Influencer,4,1475.69,0.894,571.59,24.17,50.8,679,34,3.78,3.145,332,Moderate,18198.72
West,Tablet,Social Media,19,2000.0,1.088,512.35,28.32,38.0,768,199,3.95,2.902,252,Low,14117.34
West,Tablet,Social Media,11,1056.92,1.116,628.81,35.43,58.16,816,249,3.95,3.382,274,High,31644.1
South,Tablet,Social Media,36,38.13,1.003,773.16,13.92,39.55,460,965,4.12,3.23,219,Very High,30637.09
West,Mobile,Social Media,5,83.61,0.78,706.51,23.75,49.51,812,247,3.85,3.631,370,Low,30824.32
South,Tablet,Social Media,2,659.93,0.941,557.84,20.19,37.64,1194,669,3.96,2.753,238,High,20613.79
East,Tablet,Social Media,5,1847.16,1.027,689.92,23.06,62.47,394,95,3.97,2.829,318,Moderate,24166.04
South,Tablet,Influencer,28,1223.04,0.928,619.03,32.76,52.5,732,307,3.94,2.199,239,High,22790.88
East,Mobile,Email,8,972.43,1.015,633.51,28.41,40.8,1005,457,4.03,2.521,270,Very High,22653.45
West,Tablet,Search Ad,35,1031.66,1.152,656.05,33.82,58.79,459,736,3.91,2.516,270,High,26483.39
East,Tablet,Email,12,296.37,1.114,658.64,34.11,69.7,917,346,4.08,2.879,305,Very High,36662.18
South,Tablet,Social Media,22,2000.0,1.065,526.75,32.89,78.58,352,746,4.22,2.26,294,Very High,30825.02
East,Mobile,Email,15,1301.23,0.995,505.38,39.73,48.95,1044,627,3.9,3.221,219,High,21823.51
North,Mobile,Social Media,10,262.55,0.96,607.73,30.36,52.86,873,270,4.01,3.014,320,Low,23136.39
West,Mobile,Search Ad,3,1103.26,1.061,534.68,26.21,61.67,448,506,4.06,2.557,187,Very High,27865.28
East,Tablet,Influencer,11,833.56,1.002,572.56,38.15,73.78,939,291,4.09,3.38,175,High,30225.48
South,Tablet,Social Media,33,484.82,1.005,640.41,33.83,67.91,480,708,4.06,2.879,230,Very High,30511.11
East,Mobile,Social Media,10,1735.7,0.876,572.9,39.16,34.37,816,140,4.07,2.604,272,Low,23755.46
East,Mobile,Social Media,10,1859.61,0.943,820.0,28.47,78.74,1043,166,4.27,2.831,185,High,38330.73
North,Mobile,Influencer,23,1734.07,1.06,638.5,36.0,65.63,580,402,4.09,2.353,243,High,27468.71
East,Mobile,Search Ad,6,327.5,0.912,578.59,28.24,35.49,707,218,3.95,3.036,162,Moderate,20275.28
South,Tablet,Search Ad,15,572.17,1.021,629.39,28.36,40.69,1067,259,3.94,2.565,231,High,25138.5
East,Tablet,Search Ad,8,974.11,1.033,493.79,34.3,52.55,140,320,3.81,2.87,308,High,22496.19
West,Mobile,Influencer,6,905.69,1.038,703.61,38.74,32.02,1271,313,3.75,2.988,196,Moderate,27387.06
West,Mobile,Email,6,526.12,1.045,616.89,17.61,40.22,435,160,3.78,2.472,172,Moderate,17347.63
East,Mobile,Social Media,8,574.63,1.05,592.7,33.51,45.7,657,190,3.97,2.813,271,High,25822.23
East,Tablet,Influencer,2,892.0,0.95,684.54,22.39,49.39,822,72,3.91,2.925,199,High,29855.45
North,Mobile,Search Ad,6,927.14,0.883,647.66,16.12,40.87,1035,121,4.1,2.416,398,Low,20094.75
West,Mobile,Search Ad,8,1560.11,0.93,742.14,32.03,36.29,946,180,3.61,2.865,260,Low,20383.14
South,Mobile,Search Ad,7,1908.15,1.058,820.0,34.36,73.36,874,88,4.0,2.252,312,Very High,37796.89
East,Tablet,Social Media,10,1138.32,0.904,548.12,31.7,24.04,614,784,4.01,2.115,166,Very High,22448.58
South,Tablet,Search Ad,8,319.49,0.917,496.24,26.8,45.2,1193,198,4.05,2.714,276,High,23127.95
North,Tablet,Search Ad,22,553.52,0.916,613.4,34.84,39.5,964,323,3.96,2.93,186,High,25527.29
East,Mobile,Social Media,5,87.67,0.852,443.62,22.88,70.32,1201,245,4.05,3.298,237,High,24538.62
North,Mobile,Search Ad,6,363.38,0.908,652.95,27.4,50.51,738,172,3.97,3.846,201,Moderate,23914.29
West,Mobile,Influencer,1,926.47,1.08,672.43,34.17,34.38,185,70,3.95,2.698,312,Low,23014.28
South,Tablet,Email,3,384.07,0.943,615.83,30.8,52.61,1036,467,3.99,3.175,268,Moderate,28771.24
North,Mobile,Social Media,1,1176.5,0.86,609.6,28.4,39.34,963,200,4.18,2.642,255,High,27743.65
East,Mobile,Social Media,3,1533.63,0.959,662.14,27.47,68.45,913,12,4.04,2.249,332,High,30931.89
North,Tablet,Search Ad,19,33.71,1.041,631.52,26.64,57.07,575,445,4.02,3.452,249,High,26834.27
South,Tablet,Social Media,18,1255.01,0.854,651.61,23.77,73.28,639,187,3.92,2.84,312,Moderate,30401.84
East,Mobile,Search Ad,4,401.19,1.076,494.22,32.07,46.81,686,210,3.9,2.888,360,High,21124.65
North,Mobile,Influencer,7,1758.29,0.885,695.44,21.97,70.26,873,170,4.18,2.654,257,High,31963.16
West,Mobile,Social Media,7,1071.17,0.968,779.88,31.21,62.55,531,529,3.72,3.111,264,Very High,37780.68
North,Tablet,Influencer,24,1182.44,0.967,688.29,31.24,54.21,961,620,4.02,2.17,307,Very High,33884.03
South,Tablet,Influencer,9,330.6,0.955,661.24,17.37,70.63,1331,784,4.07,3.471,337,High,29191.12
West,Mobile,Email,14,882.99,0.995,722.23,23.05,32.12,687,250,3.97,2.513,256,Low,24946.38
South,Mobile,Social Media,11,293.49,1.062,554.81,25.21,49.71,398,386,4.0,2.075,208,High,23471.65
North,Tablet,Influencer,17,922.12,0.997,734.46,27.84,55.61,710,250,4.15,2.885,302,High,30479.54
South,Tablet,Influencer,24,1230.64,0.952,627.66,38.22,72.05,831,737,4.08,3.064,283,Very High,37049.17
South,Mobile,Email,4,1591.4,1.037,699.94,28.17,36.24,991,136,3.9,2.327,301,Very Low,18233.72
West,Mobile,Email,30,1672.53,1.017,678.64,36.13,44.5,1325,340,4.07,2.016,291,Moderate,25545.29
South,Mobile,Email,9,932.37,0.946,565.53,35.95,45.25,1097,258,4.13,3.024,261,High,25535.5
West,Mobile,Influencer,5,1508.97,1.003,654.92,34.27,80.57,335,115,4.1,2.364,264,High,40000.0
West,Tablet,Email,27,921.24,0.94,676.49,31.32,41.45,382,771,4.12,3.037,292,Very High,28289.59
South,Tablet,Search Ad,6,49.81,0.931,445.66,21.05,33.9,858,150,3.88,2.607,158,Moderate,13444.66
West,Tablet,Influencer,29,2000.0,1.064,651.65,36.71,44.24,608,535,3.99,3.149,330,High,24161.05
South,Mobile,Email,13,728.38,1.036,643.66,26.91,32.88,1299,638,4.14,2.928,276,Low,22170.02
West,Tablet,Search Ad,8,427.68,1.062,577.76,36.51,54.75,468,513,4.06,3.297,196,High,29330.18
North,Mobile,Social Media,4,298.49,1.051,625.36,32.56,55.83,1139,857,4.01,2.442,259,Very High,29952.15
East,Mobile,Influencer,15,1306.97,0.929,508.46,31.74,54.55,672,140,3.96,2.551,330,Low,21484.4
East,Mobile,Social Media,13,1061.92,1.08,563.0,35.4,76.04,936,238,4.15,2.898,266,High,33474.76
South,Mobile,Search Ad,13,835.51,0.976,665.74,31.23,30.12,620,325,4.05,2.025,203,Moderate,21859.85
East,Tablet,Search Ad,10,1100.27,1.074,557.13,28.96,76.47,902,89,3.9,2.537,169,Moderate,23955.11
East,Mobile,Social Media,28,1258.46,0.99,531.49,35.53,67.34,1171,772,4.11,2.712,401,High,27832.24
North,Mobile,Email,8,1475.38,1.025,695.39,28.23,44.12,933,383,3.96,2.272,140,High,23054.29
North,Mobile,Social Media,3,1663.88,1.027,685.86,38.22,64.81,1414,206,3.98,3.119,269,High,31000.52
East,Mobile,Social Media,2,1922.54,1.065,563.21,27.4,42.3,651,129,4.08,2.98,212,High,23306.2
East,Mobile,Influencer,5,1572.9,0.869,688.68,31.44,66.1,888,652,4.02,2.721,313,High,35236.12
West,Mobile,Influencer,1,783.1,0.874,575.75,24.27,82.81,1105,138,3.96,2.83,173,Moderate,31409.94
West,Tablet,Social Media,8,692.28,1.054,611.03,26.47,44.67,465,250,3.85,2.566,348,High,25941.01
West,Mobile,Search Ad,10,460.17,1.029,617.2,20.87,43.76,878,1014,4.01,2.849,240,High,24666.06
East,Mobile,Search Ad,3,404.84,0.938,537.23,27.6,35.23,1053,95,3.81,3.074,234,Moderate,17838.56
South,Mobile,Influencer,16,562.08,1.029,714.75,28.22,54.48,1129,657,3.91,2.644,229,Very High,33460.54
North,Tablet,Social Media,13,540.14,0.887,691.67,34.26,53.64,1071,550,3.89,2.555,211,High,31226.46
West,Mobile,Social Media,3,80.37,1.25,630.85,30.11,40.75,608,726,3.89,3.729,225,High,23235.81
East,Mobile,Social Media,8,378.28,1.105,649.44,29.68,52.27,944,163,3.86,3.67,293,High,22399.33
North,Mobile,Search Ad,21,676.37,1.05,491.65,24.73,42.91,479,1278,4.11,2.222,141,Very High,18924.98
South,Mobile,Social Media,10,1951.38,1.006,759.91,32.72,56.28,650,88,3.72,3.314,202,Low,24592.38
West,Mobile,Social Media,3,1293.64,0.951,629.15,25.23,23.65,810,111,3.79,2.518,341,Low,17094.69
East,Tablet,Email,6,1107.22,0.895,527.54,20.42,36.61,1072,137,3.9,3.369,242,Low,16077.61
South,Tablet,Search Ad,11,769.94,0.991,621.61,30.63,49.09,893,187,4.08,3.144,213,High,26668.92
East,Mobile,Social Media,2,773.45,0.931,684.65,22.07,79.82,872,1000,4.09,3.354,169,Very High,35003.77
North,Tablet,Email,3,403.69,0.936,627.87,13.58,41.57,870,432,3.94,3.295,175,Low,16882.48
South,Tablet,Social Media,12,67.69,0.887,522.71,32.15,62.85,891,381,3.99,3.059,309,Very High,30402.27
South,Mobile,Social Media,12,1337.1,1.02,698.03,27.36,51.7,967,136,3.73,2.733,197,High,27800.45
North,Mobile,Search Ad,13,591.4,0.97,601.16,21.62,63.14,693,405,4.09,2.718,298,Moderate,20052.96
West,Mobile,Social Media,8,1388.4,1.043,678.64,24.63,43.32,583,164,4.0,2.295,187,Moderate,23709.0
South,Mobile,Social Media,14,1145.88,1.037,569.09,26.91,57.87,795,217,4.07,1.758,240,High,24743.05
West,Tablet,Search Ad,15,292.63,1.018,683.11,31.92,63.76,510,490,4.32,2.786,244,Very High,34825.18
West,Tablet,Social Media,31,1038.33,1.213,645.46,26.27,63.58,920,850,3.91,2.727,201,Very High,25825.42
South,Tablet,Email,7,595.64,1.066,686.21,23.57,74.77,1183,288,3.84,2.956,253,Moderate,27504.58
East,Tablet,Influencer,3,947.79,0.899,541.06,31.94,47.85,903,266,4.04,2.761,117,High,26145.11
East,Mobile,Social Media,3,924.72,1.037,516.23,26.29,67.13,335,371,3.97,2.72,243,Moderate,20569.08
West,Mobile,Social Media,10,1833.61,0.996,629.14,30.94,70.16,676,117,3.87,3.15,276,High,27058.28
South,Tablet,Email,8,1328.57,0.893,724.64,25.49,49.55,745,550,3.96,2.373,196,Moderate,25880.95
East,Mobile,Social Media,7,1603.56,0.886,800.3,39.36,89.1,444,552,4.02,2.401,261,Very High,40000.0
East,Mobile,Search Ad,3,374.53,1.036,530.17,19.09,40.46,869,294,4.14,3.79,258,Moderate,17852.67
South,Tablet,Search Ad,3,50.38,1.056,598.35,27.95,48.2,876,134,4.21,1.889,260,High,32883.07
North,Tablet,Search Ad,24,301.37,0.916,612.04,35.33,50.52,1149,523,3.79,3.689,165,Very High,27334.85
East,Tablet,Email,9,709.57,1.078,651.06,28.75,29.96,1267,179,3.72,3.043,254,Very Low,17499.98
West,Mobile,Social Media,7,613.4,1.023,692.29,25.49,66.35,514,527,3.94,2.692,141,Very High,37587.45
South,Tablet,Influencer,23,2000.0,1.096,597.85,36.98,67.29,706,340,3.93,3.013,209,High,26292.81
East,Tablet,Influencer,36,492.31,1.087,659.0,40.5,61.79,710,576,3.93,2.95,248,Very High,30554.26
South,Mobile,Email,7,1176.82,0.987,443.21,25.26,59.09,653,856,4.03,2.118,261,Very High,20009.63
East,Tablet,Social Media,8,1898.6,1.131,714.63,37.75,55.2,769,209,3.91,2.372,173,Moderate,27285.32
North,Mobile,Social Media,12,243.54,0.91,586.27,27.42,29.73,837,620,3.79,3.129,230,Moderate,17875.09
West,Tablet,Email,6,2000.0,1.191,525.57,32.62,66.67,918,316,3.88,1.992,297,Moderate,20257.24
South,Mobile,Social Media,11,784.71,0.93,651.87,37.42,71.12,1253,278,4.2,2.507,187,High,35157.75
South,Mobile,Email,17,890.01,0.996,567.99,34.9,52.63,898,281,3.92,2.929,114,Very High,27348.25
North,Mobile,Search Ad,2,1706.65,0.955,731.46,28.36,49.6,718,431,3.93,3.107,281,Low,26741.01
North,Tablet,Search Ad,14,280.33,0.97,527.76,22.66,47.7,443,611,3.81,3.31,190,High,18713.45
East,Mobile,Email,10,1115.96,1.234,780.39,42.0,39.65,1452,132,3.86,2.486,208,High,28550.08
South,Mobile,Email,2,1533.24,0.963,680.1,24.41,43.67,1123,64,4.03,2.707,256,High,25878.32
West,Mobile,Influencer,18,1826.74,1.068,786.2,35.33,55.68,976,583,4.08,2.566,253,Very High,34839.49
North,Tablet,Email,19,1284.66,0.981,523.96,32.47,45.23,692,1339,4.17,2.806,311,Very High,26404.23
South,Mobile,Search Ad,24,480.23,1.075,746.64,37.61,69.29,1327,848,3.93,2.683,233,Very High,34150.43
South,Mobile,Social Media,3,63.72,0.956,512.4,36.18,37.73,814,399,3.8,3.601,252,High,22809.18
North,Tablet,Search Ad,31,299.63,1.02,582.81,29.32,57.02,243,1104,4.21,2.912,143,Very High,29935.54
North,Mobile,Social Media,13,508.83,1.05,723.57,29.86,61.68,937,290,4.09,3.039,287,High,34659.2
South,Tablet,Email,36,65.43,0.942,619.98,37.74,56.52,384,475,3.97,3.233,205,Moderate,28068.29
East,Mobile,Social Media,10,1335.49,1.221,538.25,31.62,48.09,938,188,4.05,2.406,448,Low,17596.62
South,Tablet,Email,9,985.91,1.054,690.52,35.0,59.19,1130,1148,3.94,2.575,235,Very High,37925.69
East,Mobile,Social Media,5,1107.5,0.982,659.56,29.87,47.16,375,618,3.84,3.016,274,Moderate,22713.75
East,Mobile,Search Ad,16,1359.14,0.944,589.61,35.48,27.76,599,166,3.7,2.415,288,Very Low,16371.83
North,Tablet,Social Media,28,193.19,1.007,488.89,32.17,30.27,991,571,3.99,3.112,243,Low,14657.02
East,Mobile,Email,22,926.75,0.903,633.17,29.94,39.5,715,327,3.96,3.052,275,Moderate,23406.81
West,Tablet,Search Ad,36,837.37,1.143,598.35,26.26,26.48,860,908,3.91,2.894,388,Moderate,15846.52
East,Mobile,Search Ad,2,947.54,1.035,626.35,19.99,67.1,981,195,3.9,2.317,201,Very High,25885.98
East,Mobile,Influencer,12,521.07,0.993,527.65,20.96,50.7,1118,864,4.32,2.535,109,High,22824.19
South,Mobile,Search Ad,8,105.87,1.084,561.84,28.48,58.37,672,152,3.93,2.729,167,High,22489.98
West,Tablet,Social Media,15,1868.35,0.942,687.53,17.44,64.21,50,511,4.19,2.582,310,Very High,30220.43
West,Mobile,Search Ad,5,461.36,0.908,753.27,28.1,55.01,975,243,3.95,3.168,218,High,34942.12
East,Mobile,Influencer,11,1777.1,0.99,665.67,30.65,99.0,405,179,4.01,2.669,393,High,34458.75
West,Mobile,Influencer,20,1481.27,1.01,791.05,35.88,99.0,1131,404,4.27,2.065,293,Very High,40000.0
North,Mobile,Social Media,9,641.64,1.042,685.1,32.14,76.08,848,334,4.13,2.492,208,High,37657.05
North,Mobile,Social Media,1,25.98,0.882,627.27,29.69,42.93,774,172,3.93,3.267,200,Moderate,22871.32
West,Tablet,Social Media,24,1532.97,0.963,560.74,32.89,71.23,940,541,4.18,2.906,220,High,30468.24
West,Mobile,Search Ad,10,1402.69,0.78,546.22,28.18,22.9,355,383,4.21,2.882,120,Very Low,16310.61
North,Tablet,Search Ad,13,672.81,0.905,657.21,28.31,68.82,682,218,3.91,2.332,265,Moderate,32465.42
South,Mobile,Search Ad,13,573.32,1.057,563.49,28.58,13.29,990,449,3.94,2.579,291,Very Low,10954.74
North,Tablet,Email,26,237.75,1.077,534.0,31.82,37.95,813,699,3.93,3.337,188,Moderate,13316.73
South,Tablet,Search Ad,25,756.3,0.909,595.19,23.08,62.12,598,362,3.89,2.515,152,Moderate,23179.05
West,Mobile,Influencer,13,453.56,0.974,639.87,35.67,65.95,721,497,3.91,2.887,192,High,31173.16
East,Tablet,Social Media,3,696.52,1.002,695.38,22.26,36.46,1188,532,4.15,2.073,310,High,31585.89
South,Mobile,Search Ad,12,1052.79,1.086,575.72,33.43,50.64,1125,603,3.78,2.895,298,Moderate,20454.37
South,Tablet,Social Media,14,907.01,1.122,692.05,33.13,63.59,547,220,4.05,2.975,261,Very High,31939.38
North,Tablet,Influencer,15,241.0,1.012,683.48,32.01,64.54,1131,555,3.93,3.218,350,Very High,31490.23
South,Mobile,Influencer,9,871.13,0.979,528.25,21.21,46.58,1079,594,4.2,2.572,143,Very High,21806.56
East,Mobile,Search Ad,13,1098.76,0.885,640.73,28.71,61.15,1002,258,3.95,2.981,235,High,27513.94
West,Mobile,Search Ad,8,646.51,1.009,393.8,32.19,54.78,1013,355,3.94,2.537,283,Very High,24051.53
West,Mobile,Influencer,6,1276.0,1.166,599.45,40.34,58.43,528,118,4.15,2.763,297,Moderate,29028.96
North,Mobile,Social Media,16,771.96,1.103,662.03,33.19,77.0,1297,336,4.14,2.541,298,Very High,37110.85
West,Mobile,Social Media,11,500.58,1.014,618.16,27.01,51.51,1136,367,4.04,2.304,293,Moderate,23896.83
West,Mobile,Search Ad,2,42.01,1.024,452.49,35.49,37.09,931,110,4.0,3.466,330,High,17305.79
West,Tablet,Social Media,36,1295.81,0.945,546.97,36.99,70.77,811,522,3.91,3.203,295,High,24207.68
East,Mobile,Social Media,6,892.07,0.971,418.91,35.95,64.24,833,212,4.08,2.999,176,High,25562.67
South,Mobile,Influencer,5,1794.85,1.012,575.08,22.85,46.38,695,96,3.9,3.036,220,Low,15093.91
South,Tablet,Search Ad,4,2000.0,1.012,683.33,29.83,42.31,895,193,3.97,2.85,143,Moderate,25705.0
North,Mobile,Social Media,8,957.14,1.081,584.46,26.52,74.82,629,567,4.12,2.693,310,Very High,32286.83
South,Mobile,Social Media,11,19.86,1.077,622.03,22.95,51.24,904,250,3.83,3.236,322,Moderate,19587.77
South,Mobile,Social Media,15,1720.69,1.042,646.95,33.61,56.73,888,442,4.07,2.369,172,Very High,31362.5
East,Tablet,Social Media,9,600.39,0.92,623.82,31.38,51.74,852,230,3.94,1.969,224,Low,30560.2
West,Tablet,Email,17,840.99,0.923,678.35,27.15,64.47,1013,287,3.85,2.206,139,Moderate,31676.02
East,Mobile,Search Ad,4,944.11,0.929,597.54,35.88,77.97,977,892,4.09,2.592,240,Very High,33073.73
North,Tablet,Social Media,18,1457.36,1.019,712.92,27.89,58.96,941,457,4.01,2.196,197,High,25859.78
West,Mobile,Social Media,5,376.87,0.838,418.1,24.55,75.28,297,131,4.08,3.239,176,Very High,26072.08
West,Tablet,Social Media,36,722.54,0.999,712.81,32.8,52.21,874,752,3.74,3.444,246,High,26264.87
West,Tablet,Influencer,15,712.11,1.113,555.46,30.49,52.02,762,274,4.01,1.514,365,Low,25632.63
West,Tablet,Social Media,27,746.26,1.053,538.58,40.25,62.42,848,976,4.01,2.303,297,Very High,28310.81
East,Mobile,Email,8,106.67,0.972,523.98,21.23,28.06,707,216,3.99,3.922,232,Moderate,16131.38
West,Mobile,Email,2,330.71,0.944,671.98,21.59,54.03,1194,524,4.0,3.442,245,Very High,28244.01
North,Mobile,Search Ad,2,166.32,1.064,525.52,21.9,36.2,933,126,3.87,3.202,364,Very Low,12847.95
South,Tablet,Search Ad,8,675.54,1.024,555.39,37.36,28.54,524,365,3.89,2.541,326,Low,18279.48
South,Mobile,Social Media,12,1222.72,0.98,557.96,28.54,28.61,695,786,4.01,2.848,229,Very High,21164.97
North,Tablet,Social Media,13,358.99,0.953,636.33,22.0,48.75,1002,294,4.07,3.444,279,High,25093.46
North,Tablet,Email,11,634.02,1.006,651.44,27.04,51.47,715,196,3.85,2.311,186,Low,18413.66
East,Mobile,Search Ad,17,496.78,0.976,740.28,35.31,38.66,859,469,3.91,3.235,250,Moderate,29848.23
West,Tablet,Search Ad,14,1695.61,1.063,820.0,34.84,62.14,683,181,4.15,2.684,295,Very High,40000.0
East,Tablet,Email,16,71.24,1.099,631.58,26.0,47.22,1033,597,3.95,3.513,311,High,22862.06
North,Tablet,Email,3,220.65,0.891,612.11,22.04,40.7,880,326,3.99,3.515,208,Moderate,24194.74
West,Tablet,Email,16,145.14,0.902,483.81,19.1,24.24,396,351,3.76,3.427,310,Very Low,7114.41
East,Tablet,Email,22,1745.39,1.108,769.14,33.65,56.32,457,566,3.8,2.946,257,Very High,27179.53
South,Mobile,Search Ad,21,1798.31,1.013,649.8,38.19,51.24,861,288,3.84,2.943,230,Moderate,21821.06
East,Tablet,Email,15,272.94,0.909,560.88,23.29,53.68,554,917,3.96,3.053,366,Very High,25574.08
South,Mobile,Social Media,7,664.16,1.079,653.61,34.94,40.55,233,243,4.06,2.835,226,High,25419.06
South,Tablet,Email,21,176.55,1.027,530.98,24.37,41.36,524,695,4.13,2.968,179,High,24076.06
West,Tablet,Influencer,7,184.94,1.176,460.05,21.78,32.43,659,208,3.68,3.374,206,Very Low,4164.68
South,Mobile,Influencer,5,1041.36,0.981,711.65,32.3,60.15,744,371,3.93,3.246,293,Very High,32170.4
East,Tablet,Social Media,36,851.9,1.089,734.14,42.0,48.72,949,481,4.06,2.595,187,High,31351.92
West,Mobile,Social Media,3,1183.1,0.884,678.58,31.26,45.52,212,94,3.91,2.858,299,Low,29394.63
East,Mobile,Social Media,7,636.41,1.112,621.43,29.69,54.39,636,151,4.14,2.491,195,Low,23167.25
North,Mobile,Social Media,9,1937.59,1.076,651.69,30.37,48.64,1091,236,4.03,2.501,243,Moderate,24646.94
North,Tablet,Email,22,1046.82,1.128,614.81,42.0,67.65,546,464,3.99,3.332,385,Very High,30472.88
North,Tablet,Search Ad,10,1063.01,1.089,627.72,32.33,65.79,389,285,3.98,2.151,193,Very High,28115.62
East,Tablet,Search Ad,22,976.81,0.992,609.63,26.63,58.51,543,1336,4.1,2.598,123,Very High,28276.29
South,Mobile,Influencer,3,374.38,0.906,653.26,25.23,68.83,989,154,3.89,2.806,333,Very High,32678.14
North,Tablet,Email,20,1673.81,0.952,739.22,31.18,52.85,667,638,4.12,3.005,161,Very High,33162.9
West,Tablet,Influencer,6,1834.19,0.859,721.13,29.93,79.95,530,198,4.11,2.551,198,Very High,39064.94
East,Mobile,Search Ad,4,171.84,0.926,605.19,33.28,45.89,1000,202,3.99,2.993,293,Low,27500.73
South,Mobile,Email,8,1919.38,1.034,672.96,35.82,77.02,969,120,4.04,1.98,291,High,33443.95
East,Mobile,Social Media,10,283.13,0.996,666.97,27.79,43.71,494,441,3.84,3.814,101,Low,23328.48
East,Tablet,Email,34,1077.8,0.982,677.39,32.41,34.04,767,562,4.01,2.178,227,Moderate,22539.64
North,Tablet,Social Media,15,1658.0,0.937,583.92,31.18,35.03,363,609,3.98,2.834,301,High,20282.15
South,Tablet,Social Media,14,1846.64,0.858,610.18,25.98,37.02,1079,1096,4.27,2.787,374,Very High,26786.88
West,Mobile,Search Ad,14,285.97,1.015,534.21,32.42,25.1,1217,280,3.74,4.093,171,Very Low,11901.45
East,Tablet,Social Media,27,1565.91,1.03,703.79,30.34,61.11,657,323,3.91,2.52,314,High,28703.3
East,Mobile,Influencer,18,1904.2,0.921,742.32,33.69,76.1,1169,282,3.84,2.463,207,High,38614.95
South,Mobile,Email,3,61.52,0.957,477.49,34.11,40.64,641,252,3.91,3.063,313,Moderate,21090.2
North,Tablet,Influencer,16,1657.3,1.123,710.73,34.64,45.83,699,252,3.74,2.626,183,Low,23237.32
North,Mobile,Social Media,18,1639.3,1.093,753.84,34.89,55.75,690,1162,4.22,1.837,234,Very High,36024.13
South,Tablet,Search Ad,10,1126.46,0.881,598.96,25.71,58.25,733,503,4.14,3.124,272,High,28998.52
North,Mobile,Social Media,7,188.6,0.993,637.27,25.87,49.64,879,1072,4.03,2.983,307,Very High,29248.22
North,Tablet,Email,6,1544.59,1.116,670.42,24.4,35.78,739,163,3.79,2.741,283,Low,19898.86
West,Mobile,Influencer,8,286.69,0.983,543.66,29.11,35.1,834,238,3.73,3.559,221,High,19349.67
West,Mobile,Social Media,15,1760.61,0.978,658.89,20.03,47.92,897,286,3.87,3.226,217,Low,19881.15
West,Mobile,Search Ad,10,1867.8,1.087,735.86,37.14,47.54,1224,287,4.03,2.223,358,Very High,37392.56
West,Mobile,Search Ad,2,615.15,1.079,559.08,34.52,46.86,277,443,3.88,2.859,265,High,25982.04
South,Tablet,Social Media,26,233.71,1.075,679.74,31.17,63.67,1297,948,4.3,2.514,219,Very High,36081.11
West,Mobile,Social Media,9,1221.78,0.979,637.05,26.95,50.7,758,242,4.14,2.669,281,High,27020.06
North,Tablet,Search Ad,8,1717.79,1.053,576.83,30.36,50.02,717,152,3.94,2.794,287,High,20412.51
West,Tablet,Email,12,710.59,1.12,585.91,22.29,47.9,1125,292,3.9,2.554,164,Moderate,20877.1
West,Mobile,Search Ad,4,906.26,0.996,570.85,32.84,32.06,1036,422,3.86,2.83,278,Moderate,24131.9
East,Mobile,Influencer,15,1050.55,0.968,595.05,29.88,81.82,1015,375,4.24,2.57,155,Very High,36967.84
West,Tablet,Email,10,582.26,1.098,570.46,38.38,35.94,1101,347,3.85,2.726,208,High,22891.55
East,Tablet,Email,29,165.19,1.164,587.11,33.18,51.59,692,451,4.1,3.008,187,Moderate,23787.1
South,Tablet,Search Ad,21,1638.66,1.169,615.77,33.94,35.61,1007,795,3.99,2.179,240,Very High,22517.39
South,Mobile,Social Media,9,804.19,0.97,604.46,31.62,55.65,494,573,4.09,2.205,221,Very High,28333.47
East,Tablet,Social Media,27,917.14,0.978,646.26,26.48,56.56,861,406,3.89,2.512,236,Moderate,23945.42
North,Mobile,Email,10,412.32,0.918,629.58,24.55,65.93,1023,288,3.96,2.825,131,High,27292.24
East,Tablet,Search Ad,22,1255.15,1.009,529.09,31.12,42.66,1072,443,3.96,2.477,243,Low,23385.93
West,Tablet,Email,7,146.42,0.914,561.03,23.25,57.81,945,294,3.91,3.186,180,Moderate,26326.05
North,Mobile,Social Media,14,1351.78,0.958,479.86,27.64,51.27,919,270,4.11,2.604,390,High,17702.42
West,Mobile,Search Ad,13,1087.55,1.056,603.95,31.43,73.22,768,471,3.95,2.882,223,Very High,27039.01
West,Mobile,Social Media,17,378.58,1.031,628.37,28.28,31.21,765,260,3.84,3.317,232,Low,15913.8
West,Mobile,Social Media,1,1248.66,0.855,681.05,39.77,66.21,767,151,4.15,2.587,291,Very High,40000.0
West,Tablet,Influencer,17,600.43,1.126,668.54,30.43,26.02,364,329,4.04,2.81,330,Moderate,21165.13
East,Mobile,Search Ad,16,1181.03,0.913,662.84,27.49,49.93,1366,177,4.14,2.231,175,Low,30173.21
West,Mobile,Influencer,4,688.34,0.923,663.36,27.96,73.11,1150,263,3.79,2.505,284,Very High,34834.76
West,Mobile,Social Media,1,1357.15,0.901,583.82,35.69,73.22,934,25,4.01,2.512,308,High,32411.89
North,Tablet,Search Ad,10,694.31,0.947,519.0,36.17,56.24,976,244,3.98,2.42,259,Moderate,22470.06
East,Tablet,Email,18,316.75,0.928,563.93,36.49,40.98,958,454,3.89,2.613,258,Moderate,26807.93
East,Mobile,Email,4,959.08,0.93,537.8,29.02,48.57,572,1027,4.08,2.796,216,Very High,27249.4
South,Mobile,Social Media,6,174.53,0.803,602.26,29.29,86.18,1045,435,4.03,2.78,228,Very High,39648.76
East,Tablet,Social Media,6,1517.93,1.01,602.04,22.33,52.48,1108,124,3.97,3.305,241,Low,19023.07
East,Tablet,Influencer,2,278.25,1.019,682.65,22.09,71.56,543,199,4.41,2.921,222,High,39754.77
North,Mobile,Social Media,9,475.0,1.18,622.37,26.54,48.02,415,294,3.99,2.131,303,High,27541.45
East,Mobile,Search Ad,28,1772.67,1.039,667.8,35.41,67.04,523,343,4.05,2.848,194,Very High,32174.65
West,Mobile,Search Ad,5,414.63,0.96,637.51,26.09,60.93,832,149,4.07,3.113,301,High,28797.7
East,Mobile,Search Ad,7,1464.0,0.904,610.83,30.39,41.22,506,89,3.94,2.794,330,Low,22328.32
North,Mobile,Social Media,12,716.27,0.992,614.29,25.93,63.17,810,390,3.87,2.567,271,Moderate,25812.28
North,Tablet,Search Ad,21,698.46,1.036,648.49,34.53,62.73,550,606,3.83,2.443,137,High,32061.83
South,Mobile,Social Media,4,989.33,0.96,820.0,16.68,69.35,860,258,4.0,2.139,286,Moderate,35298.16
West,Tablet,Email,7,656.57,1.005,513.31,26.5,39.14,592,1190,4.01,2.194,208,High,24304.69
South,Mobile,Influencer,22,879.2,1.152,665.68,33.93,77.59,850,342,3.8,2.311,215,Very High,32894.07
East,Tablet,Email,20,1275.48,0.969,510.4,19.99,25.57,915,1405,4.23,2.364,270,Very High,15659.13
South,Tablet,Email,31,725.42,0.849,592.29,34.0,45.46,462,588,4.0,2.632,317,Very High,29321.44
South,Mobile,Influencer,4,29.93,1.07,589.73,27.35,57.8,942,157,4.14,2.511,145,High,30128.93
West,Mobile,Social Media,12,1082.92,1.025,622.23,32.97,70.62,613,908,3.82,3.092,252,Very High,34183.92
West,Tablet,Search Ad,19,1164.88,0.863,631.05,39.92,40.17,738,365,4.12,2.616,371,High,28197.33
North,Mobile,Social Media,10,669.38,1.034,583.58,31.42,56.35,836,279,3.92,3.555,180,Moderate,20082.93
South,Mobile,Social Media,12,653.68,0.92,479.68,35.02,43.15,963,251,4.09,2.445,236,Low,22202.44
North,Mobile,Social Media,16,1604.59,1.035,757.34,37.78,64.24,914,239,4.02,3.418,210,High,36052.64
East,Tablet,Social Media,13,787.67,1.153,692.47,33.8,63.88,1099,1281,4.17,2.792,292,Very High,35546.6
East,Mobile,Social Media,10,752.27,0.986,614.11,25.47,36.31,852,261,3.98,1.978,170,High,24153.94
North,Tablet,Search Ad,13,1559.06,1.087,555.72,23.14,61.08,558,1182,4.05,2.198,151,Very High,23838.83
South,Mobile,Search Ad,13,402.62,0.902,608.66,29.21,54.29,1130,308,3.9,3.331,300,High,25229.14
South,Tablet,Influencer,25,1948.91,0.878,714.76,29.0,51.28,836,334,3.93,2.087,263,Low,27783.82
West,Mobile,Email,6,1046.78,1.161,662.63,38.0,45.18,1116,89,3.75,2.511,174,High,25034.39
West,Tablet,Search Ad,4,1701.86,1.025,699.42,24.84,71.01,705,157,3.94,2.135,244,Very High,34679.52
North,Mobile,Search Ad,5,1346.46,1.051,706.68,31.33,59.14,480,96,3.88,3.483,169,High,24804.07
West,Mobile,Influencer,2,501.06,1.092,514.75,25.06,39.8,1511,398,3.77,3.196,305,High,21276.34
South,Tablet,Email,14,599.8,0.958,566.82,27.3,32.13,565,285,3.97,2.552,265,High,16765.57
South,Mobile,Search Ad,7,1720.23,1.066,710.29,27.05,60.82,523,549,4.02,3.165,204,High,25803.0
West,Mobile,Influencer,11,541.6,1.054,581.02,28.22,65.89,1068,675,4.08,3.034,212,Very High,35269.71
West,Mobile,Social Media,12,1820.47,0.896,745.59,29.9,64.8,586,198,4.07,3.06,220,High,34384.31
West,Mobile,Influencer,6,291.52,1.121,794.24,25.55,61.27,746,504,3.99,2.961,181,High,34295.23
East,Tablet,Email,4,1925.4,1.105,715.66,42.0,63.65,776,554,3.91,2.605,331,Very High,31981.57
South,Mobile,Search Ad,11,543.7,0.897,657.89,34.16,48.28,818,422,4.01,2.259,320,Moderate,29024.3
West,Mobile,Influencer,11,610.35,1.016,620.63,35.4,48.89,755,300,3.61,2.883,223,High,25691.53
South,Tablet,Search Ad,17,961.25,0.982,636.68,29.01,70.56,1201,407,4.01,2.359,229,High,31791.26
East,Mobile,Social Media,13,1515.4,1.113,533.65,33.37,57.87,828,548,4.1,2.204,178,High,25308.4
South,Mobile,Email,9,264.15,0.887,521.32,24.47,29.27,599,245,4.03,3.525,238,Low,11973.23
East,Mobile,Influencer,7,1104.48,1.25,610.43,42.0,63.13,1143,158,3.91,2.948,278,Very High,30336.09
South,Tablet,Social Media,10,732.3,0.986,629.07,27.76,54.6,530,209,3.69,2.558,321,Low,22529.87
North,Tablet,Email,7,970.64,1.059,567.98,27.24,37.8,708,267,3.61,3.254,192,Low,12955.56
West,Tablet,Search Ad,36,1882.8,1.111,655.35,31.71,54.57,478,417,4.06,2.716,144,Very High,26772.41
North,Mobile,Social Media,11,708.08,0.984,693.8,31.66,46.17,921,280,3.91,2.603,186,Low,22876.07
East,Tablet,Email,14,900.44,0.991,541.03,36.13,54.98,752,339,4.22,3.053,282,Moderate,24933.75
South,Mobile,Social Media,8,534.04,0.96,631.64,34.87,56.27,852,219,3.8,2.897,245,Low,28003.53
North,Mobile,Email,11,1494.61,0.929,577.6,26.2,21.57,904,122,3.91,3.335,310,Very Low,8816.0
North,Mobile,Search Ad,5,1876.1,1.022,649.49,25.0,46.42,1097,226,4.14,2.75,251,Low,19624.21
North,Mobile,Search Ad,13,231.46,0.989,652.99,33.57,43.94,1064,757,4.03,3.357,348,High,27352.94
West,Mobile,Search Ad,1,696.65,0.959,682.03,38.69,15.81,559,167,3.67,2.504,150,Low,19446.99
South,Mobile,Influencer,13,29.72,0.964,697.28,26.61,58.96,664,272,4.31,2.738,94,Very High,39043.72
West,Mobile,Influencer,12,1418.22,1.046,707.32,36.19,77.6,1128,198,4.21,3.013,332,Very High,36874.4
East,Mobile,Search Ad,9,890.66,0.936,498.98,22.29,40.45,633,702,3.96,3.085,199,Very High,21460.76
South,Tablet,Email,19,1777.89,0.98,530.61,25.7,49.44,883,398,4.07,2.476,257,Moderate,15504.09
East,Mobile,Search Ad,3,607.35,1.072,540.43,25.99,44.87,1103,115,4.03,2.155,256,Moderate,21075.17
East,Tablet,Social Media,4,1759.89,1.02,675.41,29.28,50.82,264,354,4.05,3.196,268,Moderate,27233.75
West,Mobile,Search Ad,10,783.84,0.916,506.96,28.91,34.56,742,207,3.75,3.198,219,Low,15972.18
South,Tablet,Search Ad,8,2000.0,0.998,664.0,29.13,34.52,976,73,3.93,2.298,189,Low,19622.22
South,Mobile,Social Media,4,374.05,1.035,637.39,31.82,67.79,817,171,4.17,2.63,184,High,32787.61
West,Mobile,Influencer,5,707.33,1.079,503.71,28.13,62.2,743,152,4.04,3.264,285,Very High,28776.15
West,Mobile,Email,6,1796.4,0.94,530.51,29.55,37.69,1101,292,3.98,2.486,296,Low,17383.94
West,Tablet,Search Ad,17,1809.5,0.955,716.32,22.87,25.48,1060,350,3.84,2.591,232,Low,18133.83
South,Tablet,Email,16,195.39,0.944,638.09,32.2,53.03,543,593,3.9,2.982,211,High,24956.18
West,Mobile,Influencer,19,1217.44,0.948,601.75,36.9,47.81,1372,389,3.78,2.928,283,Moderate,23839.76
East,Mobile,Email,4,781.18,1.032,512.4,30.53,42.64,343,240,4.03,2.139,156,Low,19658.09
East,Tablet,Email,8,1089.19,1.048,405.93,28.54,15.38,303,345,3.85,2.838,369,Low,3441.56
North,Tablet,Social Media,32,1000.43,1.084,747.71,32.21,62.02,608,584,3.87,2.249,276,Moderate,27270.33
East,Mobile,Social Media,13,558.32,0.993,623.57,23.36,51.05,763,207,4.07,2.111,238,High,27802.23
North,Mobile,Social Media,12,1534.3,0.888,792.45,31.69,31.37,776,424,3.86,2.27,299,Low,26847.92
South,Mobile,Search Ad,1,913.19,1.054,597.76,34.46,70.74,705,969,3.99,2.192,287,Very High,30433.38
West,Tablet,Social Media,6,598.62,1.013,643.78,37.68,53.45,530,266,3.91,2.966,263,High,29508.1
North,Mobile,Email,3,657.01,1.005,663.76,26.57,43.1,796,230,3.91,2.966,131,Moderate,23550.28
North,Tablet,Social Media,36,1076.61,0.897,762.79,34.33,69.05,569,485,4.09,2.53,273,High,34718.58
North,Mobile,Influencer,9,1526.42,0.984,716.66,35.19,63.6,1058,687,3.94,2.471,338,High,32124.39
West,Mobile,Search Ad,12,1486.37,0.905,625.89,35.88,56.1,869,845,4.16,3.022,214,High,34877.54
East,Mobile,Search Ad,5,713.6,1.039,610.94,25.79,33.0,796,570,4.01,2.886,307,High,22539.31
South,Tablet,Search Ad,9,48.7,0.966,510.4,23.72,40.92,719,179,3.86,2.835,301,High,21819.07
West,Tablet,Social Media,3,1541.15,0.958,611.35,24.41,27.68,1063,641,3.93,2.822,266,Low,15250.05
West,Mobile,Email,6,151.33,0.877,585.43,21.57,38.45,720,119,3.86,3.353,259,Very Low,15992.18
South,Tablet,Social Media,4,597.06,1.082,731.69,37.08,80.25,371,253,4.04,2.873,283,High,37994.79
East,Mobile,Influencer,14,350.47,0.979,616.31,27.83,38.11,577,402,4.13,4.021,274,High,23028.45
West,Mobile,Influencer,6,184.11,1.007,732.06,25.71,57.74,792,615,3.97,2.885,365,High,30253.2
East,Mobile,Social Media,4,1192.41,0.941,627.69,29.96,27.18,1000,397,3.94,2.886,308,High,23418.08
North,Mobile,Email,6,1184.56,0.868,703.55,29.35,49.14,1115,479,3.9,3.244,292,High,28575.03
West,Mobile,Email,6,1620.43,0.957,667.79,27.98,53.11,1338,599,4.07,3.202,314,Very High,27594.55
East,Tablet,Social Media,6,842.01,0.97,675.26,23.77,60.19,954,293,4.02,2.699,292,Very High,30846.45
South,Mobile,Search Ad,10,860.45,1.023,690.24,37.63,46.93,604,584,4.15,2.087,119,High,33521.04
South,Tablet,Email,18,2000.0,0.972,688.65,26.89,19.8,681,196,3.77,2.183,241,Low,15348.5
North,Mobile,Influencer,6,1867.86,0.943,769.2,24.43,47.47,233,197,4.03,2.918,210,High,31147.56
North,Tablet,Social Media,15,2000.0,0.88,820.0,28.8,79.46,650,149,4.17,2.651,268,High,40000.0
West,Mobile,Influencer,12,274.09,1.004,778.38,37.95,79.24,685,875,4.05,3.16,213,Very High,40000.0
North,Mobile,Search Ad,9,1009.83,0.936,652.53,25.51,48.48,189,958,4.02,2.735,285,Very High,27481.65
South,Mobile,Search Ad,4,503.63,1.106,568.74,34.77,50.6,1471,113,3.96,3.02,222,High,23032.8
East,Mobile,Search Ad,3,800.86,1.012,639.93,27.31,36.24,750,289,3.9,2.911,353,High,26993.38
North,Tablet,Search Ad,11,1423.86,1.045,470.23,29.7,59.41,129,202,4.0,2.785,350,Very High,21725.05
West,Mobile,Search Ad,9,1867.68,0.98,700.41,34.23,44.91,780,185,4.02,2.428,158,High,31679.93
South,Tablet,Search Ad,13,2000.0,1.016,552.2,20.24,49.36,1219,284,3.95,3.049,268,Low,13017.95
South,Mobile,Search Ad,11,1807.51,0.929,722.56,25.5,35.55,1413,129,3.89,2.525,219,Low,23251.62
South,Mobile,Influencer,5,379.97,0.906,809.78,30.44,64.81,877,156,4.01,3.482,264,High,40000.0
South,Mobile,Search Ad,14,896.92,1.001,496.66,31.01,60.42,888,449,3.96,2.541,284,High,25299.14
North,Tablet,Search Ad,6,1808.1,1.046,628.75,28.64,37.16,1095,37,3.86,2.954,169,Moderate,15466.91
West,Tablet,Influencer,19,520.3,0.844,569.29,33.48,66.89,696,524,3.92,3.323,188,Very High,32016.18
West,Mobile,Social Media,7,612.42,0.96,483.21,24.81,32.8,993,232,3.91,2.944,195,Moderate,18186.15
South,Mobile,Email,3,400.71,1.147,578.31,33.32,32.79,1103,576,4.01,3.639,214,Moderate,17874.55
East,Mobile,Social Media,6,690.44,1.038,674.0,33.18,57.66,548,369,3.96,2.548,216,Very High,34384.39
West,Tablet,Search Ad,11,1654.74,1.123,689.76,32.17,65.84,1186,437,3.93,2.733,297,High,31238.44
West,Tablet,Influencer,13,759.21,0.949,672.02,31.18,57.25,485,230,3.96,2.554,262,High,34106.93
South,Mobile,Social Media,21,667.89,0.963,489.56,37.6,58.76,676,379,4.04,2.041,194,Moderate,25370.99
South,Mobile,Search Ad,13,1592.22,1.077,637.9,29.87,65.1,889,1713,4.19,2.891,228,Very High,31364.04
South,Mobile,Search Ad,9,308.59,1.05,480.39,29.93,33.13,1132,307,4.19,3.216,101,Low,17879.63
East,Tablet,Email,14,970.99,0.992,485.2,37.74,21.73,936,252,3.81,2.957,373,Low,15648.01
West,Mobile,Search Ad,10,772.17,0.899,530.24,33.0,41.64,846,740,3.98,3.095,249,Very High,23698.93
North,Tablet,Influencer,12,1592.14,1.093,762.01,30.05,81.41,822,113,4.11,2.176,310,Very High,39457.76
South,Mobile,Email,11,99.87,1.201,623.82,41.07,38.17,1171,386,3.86,2.767,297,High,27963.22
West,Tablet,Search Ad,9,333.04,0.874,626.13,26.27,61.89,742,214,4.21,3.437,246,High,31664.71
West,Tablet,Search Ad,25,985.29,1.112,545.67,40.49,45.64,505,469,3.97,2.646,100,High,22695.09
West,Tablet,Email,14,622.61,0.963,560.68,26.91,64.76,565,270,4.06,2.683,213,Moderate,27803.27
West,Mobile,Email,9,1642.91,0.973,504.53,34.96,70.84,1124,79,3.99,2.144,270,Very High,30969.62
South,Tablet,Influencer,20,152.33,1.022,755.5,24.37,76.39,505,431,4.17,3.546,252,Very High,38424.84
East,Mobile,Social Media,12,1994.97,0.904,820.0,31.78,42.55,405,540,3.84,2.997,313,Moderate,29225.73
East,Mobile,Social Media,8,293.94,0.997,658.99,23.41,23.13,772,986,4.17,2.83,248,High,26268.26
North,Mobile,Email,8,1801.06,0.871,676.16,38.95,51.29,838,330,4.0,3.38,362,Moderate,26601.95
East,Tablet,Search Ad,33,1134.08,1.038,605.23,31.33,60.95,990,494,4.09,2.11,182,Very High,33911.27
East,Mobile,Search Ad,6,658.62,1.179,477.93,26.04,48.47,437,523,3.9,2.605,280,Moderate,14045.48
North,Tablet,Search Ad,9,232.21,0.949,530.59,25.6,34.8,840,345,3.97,3.516,184,Moderate,18187.03
West,Tablet,Email,7,1768.51,0.987,579.68,30.45,24.45,1074,172,3.77,3.215,305,Very Low,12441.48
East,Mobile,Influencer,3,24.31,0.99,612.71,25.41,68.93,623,131,4.13,2.536,201,High,28995.66
West,Mobile,Social Media,7,168.0,1.079,562.46,24.69,74.55,884,569,3.9,3.121,139,High,25394.09
North,Mobile,Social Media,5,1661.86,1.032,648.38,34.09,48.17,236,214,3.97,2.932,156,Moderate,21243.17
South,Mobile,Social Media,1,1600.4,1.074,575.2,36.98,65.13,1113,901,4.03,3.145,219,Very High,30348.38
East,Mobile,Social Media,11,1258.73,0.96,809.11,21.74,94.5,1091,545,3.92,3.192,345,Very High,35759.98
South,Mobile,Influencer,5,1828.81,1.035,574.0,24.51,52.39,854,173,3.84,3.007,294,Low,18188.29
East,Tablet,Influencer,3,765.8,0.78,730.83,26.24,60.19,355,454,4.06,2.639,276,High,34980.3
West,Tablet,Social Media,4,1473.5,1.053,619.47,27.07,60.89,933,177,3.87,2.678,244,Moderate,26748.66
North,Mobile,Influencer,29,928.73,0.903,700.46,35.85,60.02,789,411,3.92,2.88,178,High,28154.96
East,Mobile,Search Ad,7,473.77,0.974,644.07,38.46,70.32,54,328,4.06,3.11,190,High,36493.28
East,Mobile,Influencer,5,1504.43,1.06,688.66,29.5,56.16,1086,582,4.12,2.491,214,High,33108.89
South,Tablet,Social Media,15,636.44,0.877,531.33,37.08,52.05,1077,762,4.1,2.484,208,High,30105.56
West,Tablet,Search Ad,6,374.37,1.087,574.67,19.74,25.8,1128,352,3.9,3.621,207,Low,11495.89
West,Mobile,Social Media,13,1321.95,0.99,650.61,32.62,53.51,490,250,3.99,3.029,189,Low,27729.67
East,Mobile,Influencer,7,349.44,1.116,659.2,25.79,45.95,304,127,3.95,3.01,248,Low,24540.04
East,Tablet,Email,30,923.32,0.928,516.46,34.29,46.5,621,504,3.85,2.293,201,High,16373.91
East,Mobile,Search Ad,16,925.03,0.855,716.65,22.1,29.96,1010,1516,4.09,1.987,318,Very High,29745.11
West,Mobile,Social Media,12,799.26,0.998,426.1,23.73,56.72,587,547,3.88,2.78,318,High,23265.97
East,Tablet,Social Media,8,2000.0,1.047,631.99,30.32,43.76,279,410,4.03,2.242,285,High,27529.8
West,Mobile,Search Ad,2,494.26,1.054,530.17,27.71,67.97,1070,465,4.04,2.936,278,Very High,27688.54
West,Mobile,Influencer,4,815.8,0.909,675.52,27.1,77.97,760,359,3.78,2.203,152,Very High,36707.06
South,Tablet,Search Ad,7,344.16,0.87,681.91,33.94,60.31,921,371,4.11,3.638,390,High,34592.33
West,Tablet,Influencer,15,1891.32,0.975,572.05,29.89,36.28,745,309,3.87,2.623,231,High,22278.01
North,Mobile,Social Media,4,1718.78,1.041,820.0,33.23,56.2,812,172,3.89,2.447,297,High,31719.74
South,Tablet,Search Ad,17,955.61,1.037,630.17,25.76,37.08,721,817,4.11,2.384,300,High,26823.73
South,Mobile,Social Media,6,873.3,1.126,657.75,24.87,44.7,756,252,3.92,2.403,183,Low,23030.85
West,Tablet,Email,23,2000.0,0.97,506.82,30.24,60.93,607,750,4.12,3.096,209,Very High,24955.68
West,Mobile,Search Ad,11,759.77,0.852,605.99,22.53,44.75,541,681,3.92,2.941,273,High,28527.57
East,Tablet,Search Ad,7,96.34,1.096,672.85,23.77,41.54,880,537,4.07,3.135,152,Low,26807.84
West,Tablet,Search Ad,22,629.7,1.016,623.65,31.65,40.36,1102,315,3.96,2.257,242,Low,25591.35
East,Mobile,Search Ad,1,949.22,1.023,625.1,27.62,42.11,715,97,3.97,2.652,100,Low,24561.53
West,Tablet,Search Ad,2,2000.0,1.061,632.85,31.03,57.25,1281,90,3.93,2.429,249,Moderate,27014.74
East,Tablet,Email,6,1767.39,1.101,506.64,33.08,20.07,849,559,4.11,1.652,333,High,19197.7
South,Tablet,Email,25,1777.64,0.998,506.41,25.02,40.23,815,838,4.23,2.246,248,Very High,18489.39
North,Mobile,Search Ad,6,1181.88,1.094,712.55,26.87,58.25,1050,44,3.69,3.079,157,High,23170.36
West,Tablet,Social Media,36,1463.3,1.044,710.78,22.09,33.77,1023,502,4.06,2.459,214,Low,21262.59
West,Tablet,Email,9,1703.43,0.948,697.9,26.27,29.49,608,600,3.82,2.725,286,Moderate,22641.99
South,Mobile,Social Media,11,52.88,0.981,543.34,30.66,50.57,1021,252,4.02,3.5,258,High,24880.78
North,Tablet,Search Ad,10,835.39,1.049,598.77,35.76,68.85,1044,1204,3.91,3.015,276,Very High,29069.45
West,Mobile,Social Media,3,1040.15,0.943,729.43,29.49,74.88,750,184,4.06,3.294,237,Very High,38127.91
North,Mobile,Search Ad,9,1273.08,1.071,522.72,38.99,39.69,861,843,3.9,1.952,201,Very High,22353.04
East,Mobile,Search Ad,13,214.16,1.013,688.1,29.26,70.64,637,353,3.97,2.876,256,Very High,35691.27
West,Mobile,Social Media,2,856.0,1.031,579.91,28.9,48.19,717,174,3.89,3.045,252,Low,20514.94
South,Tablet,Search Ad,25,678.75,1.115,539.51,30.44,41.69,639,466,3.87,2.892,312,Moderate,19287.39
South,Mobile,Search Ad,2,671.92,1.029,605.23,16.43,46.22,598,668,3.91,2.748,219,Moderate,19038.76
East,Tablet,Search Ad,11,704.7,1.006,519.14,34.6,57.12,722,284,3.93,2.487,251,Moderate,22910.35
West,Mobile,Search Ad,22,881.37,0.993,460.64,31.69,34.85,956,614,3.94,2.771,239,Very High,18136.66
East,Mobile,Email,20,1217.43,0.989,610.87,38.54,42.27,984,378,3.99,2.716,389,High,23387.48
West,Mobile,Search Ad,9,1770.08,1.025,674.68,24.87,34.26,626,864,4.21,1.855,201,Very High,32301.62
North,Mobile,Social Media,2,1138.99,1.109,730.28,42.0,67.35,684,33,3.86,2.823,224,Very High,37153.02
East,Tablet,Influencer,20,1475.81,0.951,724.03,28.86,74.96,987,357,4.05,2.434,189,Very High,36872.71
East,Tablet,Influencer,22,1010.28,0.945,820.0,27.0,79.55,563,341,4.13,2.853,329,Very High,40000.0
West,Tablet,Search Ad,1,839.69,1.103,720.36,28.11,35.68,979,294,3.84,2.883,333,High,26425.3
North,Mobile,Social Media,7,163.53,0.955,670.64,27.11,50.95,648,268,3.69,4.052,235,Moderate,22839.51
West,Mobile,Social Media,13,1950.57,1.017,688.4,29.99,73.73,969,134,3.77,2.811,322,High,27073.04
East,Mobile,Social Media,18,282.58,0.953,712.62,25.66,60.43,1078,787,3.78,2.922,268,High,27803.7
South,Mobile,Social Media,7,1733.76,0.866,469.1,20.24,45.38,92,176,4.12,1.695,292,Moderate,17918.18
North,Mobile,Social Media,14,895.27,1.016,589.29,26.5,52.23,1112,399,4.05,2.287,186,Moderate,25275.24
West,Tablet,Search Ad,18,2000.0,1.089,488.32,37.61,52.7,1118,323,4.06,2.74,258,High,19597.51
North,Mobile,Email,9,879.67,0.995,650.4,25.22,49.21,770,336,4.08,2.816,364,Low,22518.53
South,Tablet,Influencer,29,1540.48,0.881,617.47,23.14,48.95,840,313,3.89,2.515,340,High,21595.52
South,Mobile,Email,23,500.91,1.009,820.0,26.86,65.03,617,789,4.34,2.261,298,Very High,40000.0
West,Mobile,Influencer,8,724.13,0.94,617.5,29.0,42.43,965,249,3.98,2.688,307,Moderate,24830.88
