change_id,subscriber_id,change_date,from_plan,to_plan,change_type,reason_code
CHG_000001,SUB_000002,2026-02-21,Basic-Ads,(cancelled),Cancellation,Content
CHG_000002,SUB_000004,2026-01-13,Basic-Ads,(cancelled),Cancellation,Service
CHG_000003,SUB_000005,2026-02-28,Basic-Ads,(cancelled),Cancellation,Content
CHG_000004,SUB_000006,2026-03-05,Basic-Ads,(cancelled),Cancellation,Cost
CHG_000005,SUB_000011,2025-08-12,Standard,(cancelled),Cancellation,Service
CHG_000006,SUB_000015,2025-06-17,Standard,(cancelled),Cancellation,Cost
CHG_000007,SUB_000017,2026-03-06,Standard,(cancelled),Cancellation,Cost
CHG_000008,SUB_000029,2025-06-21,Basic-Ads,(cancelled),Cancellation,Service
CHG_000009,SUB_000031,2025-07-26,Basic-Ads,(cancelled),Cancellation,Content
CHG_000010,SUB_000033,2026-01-01,Standard,(cancelled),Cancellation,Cost
CHG_000011,SUB_000034,2026-02-19,Standard,(cancelled),Cancellation,Content
CHG_000012,SUB_000035,2026-01-11,Basic-Ads,(cancelled),Cancellation,Cost
CHG_000013,SUB_000037,2026-01-10,Basic-Ads,(cancelled),Cancellation,Cost
CHG_000014,SUB_000039,2026-03-28,Basic-Ads,(cancelled),Cancellation,Cost
CHG_000015,SUB_000043,2026-03-07,Basic-Ads,(cancelled),Cancellation,Other
CHG_000016,SUB_000052,2026-02-11,Basic-Ads,(cancelled),Cancellation,Cost
CHG_000017,SUB_000054,2025-12-14,Standard,(cancelled),Cancellation,Cost
CHG_000018,SUB_000055,2025-07-31,Basic-Ads,(cancelled),Cancellation,Service
CHG_000019,SUB_000056,2025-11-09,Standard,(cancelled),Cancellation,Cost
CHG_000020,SUB_000058,2025-06-12,Premium,(cancelled),Cancellation,Cost
CHG_000021,SUB_000061,2025-07-01,Standard,(cancelled),Cancellation,Cost
CHG_000022,SUB_000062,2026-02-21,Premium,(cancelled),Cancellation,Technical
CHG_000023,SUB_000065,2025-04-24,Basic-Ads,(cancelled),Cancellation,Cost
CHG_000024,SUB_000066,2026-03-18,Basic-Ads,(cancelled),Cancellation,Cost
CHG_000025,SUB_000069,2025-12-01,Premium,(cancelled),Cancellation,Service
CHG_000026,SUB_000071,2026-03-23,Standard,(cancelled),Cancellation,Service
CHG_000027,SUB_000075,2026-01-01,Basic-Ads,(cancelled),Cancellation,Cost
CHG_000028,SUB_000078,2025-09-06,Basic-Ads,(cancelled),Cancellation,Technical
CHG_000029,SUB_000080,2025-10-10,Standard,(cancelled),Cancellation,Service
CHG_000030,SUB_000084,2025-04-24,Standard,(cancelled),Cancellation,Content
CHG_000031,SUB_000089,2025-04-16,Standard,(cancelled),Cancellation,Other
CHG_000032,SUB_000091,2026-02-27,Basic-Ads,(cancelled),Cancellation,Cost
CHG_000033,SUB_000094,2025-07-20,Standard,(cancelled),Cancellation,Cost
CHG_000034,SUB_000102,2026-01-18,Basic-Ads,(cancelled),Cancellation,Cost
CHG_000035,SUB_000108,2026-03-07,Basic-Ads,(cancelled),Cancellation,Cost
CHG_000036,SUB_000109,2026-02-11,Standard,(cancelled),Cancellation,Content
CHG_000037,SUB_000110,2026-01-10,Premium,(cancelled),Cancellation,Cost
CHG_000038,SUB_000114,2026-02-03,Basic-Ads,(cancelled),Cancellation,Service
CHG_000039,SUB_000117,2026-01-25,Basic-Ads,(cancelled),Cancellation,Content
CHG_000040,SUB_000122,2025-12-28,Basic-Ads,(cancelled),Cancellation,Service
CHG_000041,SUB_000127,2025-11-12,Basic-Ads,(cancelled),Cancellation,Cost
CHG_000042,SUB_000129,2025-05-18,Standard,(cancelled),Cancellation,Cost
CHG_000043,SUB_000132,2026-03-11,Standard,(cancelled),Cancellation,Cost
CHG_000044,SUB_000144,2025-08-15,Standard,(cancelled),Cancellation,Cost
CHG_000045,SUB_000147,2025-09-21,Basic-Ads,(cancelled),Cancellation,Cost
CHG_000046,SUB_000149,2025-07-21,Basic-Ads,(cancelled),Cancellation,Cost
CHG_000047,SUB_000153,2025-09-10,Basic-Ads,(cancelled),Cancellation,NoReason
CHG_000048,SUB_000157,2025-07-29,Standard,(cancelled),Cancellation,Technical
CHG_000049,SUB_000159,2025-11-24,Basic-Ads,(cancelled),Cancellation,Content
CHG_000050,SUB_000161,2026-03-12,Basic-Ads,(cancelled),Cancellation,Content
CHG_000051,SUB_000163,2025-05-17,Premium,(cancelled),Cancellation,Cost
CHG_000052,SUB_000164,2025-05-29,Basic-Ads,(cancelled),Cancellation,Technical
CHG_000053,SUB_000167,2026-02-23,Standard,(cancelled),Cancellation,Cost
CHG_000054,SUB_000170,2025-12-26,Basic-Ads,(cancelled),Cancellation,Other
CHG_000055,SUB_000173,2025-10-25,Premium,(cancelled),Cancellation,Cost
CHG_000056,SUB_000175,2026-03-25,Basic-Ads,(cancelled),Cancellation,Cost
CHG_000057,SUB_000176,2025-12-15,Basic-Ads,(cancelled),Cancellation,Service
CHG_000058,SUB_000178,2025-12-25,Basic-Ads,(cancelled),Cancellation,Content
CHG_000059,SUB_000183,2025-08-16,Standard,(cancelled),Cancellation,Cost
CHG_000060,SUB_000185,2025-10-13,Premium,(cancelled),Cancellation,Technical
CHG_000061,SUB_000186,2025-12-01,Basic-Ads,(cancelled),Cancellation,Content
CHG_000062,SUB_000197,2025-09-11,Standard,(cancelled),Cancellation,Cost
CHG_000063,SUB_000201,2025-10-19,Standard,(cancelled),Cancellation,Service
CHG_000064,SUB_000202,2025-09-28,Premium,(cancelled),Cancellation,Cost
CHG_000065,SUB_000207,2026-01-25,Basic-Ads,(cancelled),Cancellation,NoReason
CHG_000066,SUB_000209,2025-11-15,Basic-Ads,(cancelled),Cancellation,Content
CHG_000067,SUB_000211,2026-01-15,Standard,(cancelled),Cancellation,Cost
CHG_000068,SUB_000216,2025-12-27,Basic-Ads,(cancelled),Cancellation,Technical
CHG_000069,SUB_000219,2025-06-06,Premium,(cancelled),Cancellation,Other
CHG_000070,SUB_000220,2026-03-07,Basic-Ads,(cancelled),Cancellation,Cost
CHG_000071,SUB_000221,2026-03-02,Standard,(cancelled),Cancellation,Content
CHG_000072,SUB_000223,2026-02-11,Standard,(cancelled),Cancellation,Cost
CHG_000073,SUB_000225,2025-05-08,Standard,(cancelled),Cancellation,Cost
CHG_000074,SUB_000228,2026-03-05,Standard,(cancelled),Cancellation,Service
CHG_000075,SUB_000235,2025-08-02,Basic-Ads,(cancelled),Cancellation,Content
CHG_000076,SUB_000237,2026-03-10,Standard,(cancelled),Cancellation,Cost
CHG_000077,SUB_000243,2025-11-07,Standard,(cancelled),Cancellation,NoReason
CHG_000078,SUB_000246,2025-10-16,Basic-Ads,(cancelled),Cancellation,Cost
CHG_000079,SUB_000247,2025-07-06,Standard,(cancelled),Cancellation,Service
CHG_000080,SUB_000248,2025-11-12,Basic-Ads,(cancelled),Cancellation,Cost
CHG_000081,SUB_000249,2025-11-20,Basic-Ads,(cancelled),Cancellation,Cost
CHG_000082,SUB_000252,2026-03-27,Premium,(cancelled),Cancellation,Cost
CHG_000083,SUB_000253,2025-11-14,Basic-Ads,(cancelled),Cancellation,Content
CHG_000084,SUB_000254,2026-02-10,Basic-Ads,(cancelled),Cancellation,Technical
CHG_000085,SUB_000255,2026-01-06,Standard,(cancelled),Cancellation,Cost
CHG_000086,SUB_000257,2026-01-08,Basic-Ads,(cancelled),Cancellation,Content
CHG_000087,SUB_000259,2025-06-07,Premium,(cancelled),Cancellation,Technical
CHG_000088,SUB_000261,2025-12-01,Standard,(cancelled),Cancellation,Content
CHG_000089,SUB_000263,2025-07-05,Standard,(cancelled),Cancellation,Cost
CHG_000090,SUB_000266,2025-10-12,Standard,(cancelled),Cancellation,Cost
CHG_000091,SUB_000267,2025-08-06,Premium,(cancelled),Cancellation,Cost
CHG_000092,SUB_000270,2025-12-01,Basic-Ads,(cancelled),Cancellation,Content
CHG_000093,SUB_000274,2025-08-19,Basic-Ads,(cancelled),Cancellation,Other
CHG_000094,SUB_000276,2026-02-14,Basic-Ads,(cancelled),Cancellation,Content
CHG_000095,SUB_000284,2025-06-24,Basic-Ads,(cancelled),Cancellation,Cost
CHG_000096,SUB_000285,2025-05-16,Basic-Ads,(cancelled),Cancellation,Cost
CHG_000097,SUB_000287,2025-09-18,Premium,(cancelled),Cancellation,Technical
CHG_000098,SUB_000293,2025-04-25,Standard,(cancelled),Cancellation,Content
CHG_000099,SUB_000296,2026-02-01,Basic-Ads,(cancelled),Cancellation,Content
CHG_000100,SUB_000299,2025-10-28,Basic-Ads,(cancelled),Cancellation,Cost
CHG_000101,SUB_000303,2025-08-14,Basic-Ads,(cancelled),Cancellation,Content
CHG_000102,SUB_000307,2025-12-21,Basic-Ads,(cancelled),Cancellation,Cost
CHG_000103,SUB_000308,2025-08-26,Standard,(cancelled),Cancellation,Service
CHG_000104,SUB_000311,2026-03-22,Standard,(cancelled),Cancellation,Cost
CHG_000105,SUB_000313,2025-08-13,Basic-Ads,(cancelled),Cancellation,Technical
CHG_000106,SUB_000314,2026-03-18,Basic-Ads,(cancelled),Cancellation,Technical
CHG_000107,SUB_000317,2025-07-07,Premium,(cancelled),Cancellation,Cost
CHG_000108,SUB_000319,2026-01-14,Basic-Ads,(cancelled),Cancellation,Technical
CHG_000109,SUB_000320,2025-08-21,Basic-Ads,(cancelled),Cancellation,Cost
CHG_000110,SUB_000324,2025-12-21,Standard,(cancelled),Cancellation,Service
CHG_000111,SUB_000325,2025-10-25,Basic-Ads,(cancelled),Cancellation,Content
CHG_000112,SUB_000334,2025-11-05,Basic-Ads,(cancelled),Cancellation,Cost
CHG_000113,SUB_000336,2025-09-15,Basic-Ads,(cancelled),Cancellation,Content
CHG_000114,SUB_000337,2026-03-17,Standard,(cancelled),Cancellation,Cost
CHG_000115,SUB_000338,2025-07-07,Basic-Ads,(cancelled),Cancellation,Cost
CHG_000116,SUB_000340,2026-03-12,Basic-Ads,(cancelled),Cancellation,Service
CHG_000117,SUB_000342,2025-12-25,Basic-Ads,(cancelled),Cancellation,Technical
CHG_000118,SUB_000343,2025-11-13,Premium,(cancelled),Cancellation,Cost
CHG_000119,SUB_000345,2025-12-06,Basic-Ads,(cancelled),Cancellation,Cost
CHG_000120,SUB_000348,2025-11-27,Standard,(cancelled),Cancellation,NoReason
CHG_000121,SUB_000352,2025-11-21,Standard,(cancelled),Cancellation,Technical
CHG_000122,SUB_000354,2025-05-26,Premium,(cancelled),Cancellation,Service
CHG_000123,SUB_000357,2026-03-17,Basic-Ads,(cancelled),Cancellation,Other
CHG_000124,SUB_000363,2026-02-09,Premium,(cancelled),Cancellation,Technical
CHG_000125,SUB_000366,2025-05-23,Basic-Ads,(cancelled),Cancellation,Cost
CHG_000126,SUB_000367,2026-02-04,Basic-Ads,(cancelled),Cancellation,Cost
CHG_000127,SUB_000369,2026-03-27,Standard,(cancelled),Cancellation,Content
CHG_000128,SUB_000370,2025-09-20,Basic-Ads,(cancelled),Cancellation,Cost
CHG_000129,SUB_000372,2026-03-17,Premium,(cancelled),Cancellation,Cost
CHG_000130,SUB_000374,2025-12-13,Basic-Ads,(cancelled),Cancellation,Cost
CHG_000131,SUB_000375,2025-08-07,Standard,(cancelled),Cancellation,Service
CHG_000132,SUB_000377,2025-07-09,Basic-Ads,(cancelled),Cancellation,Cost
CHG_000133,SUB_000380,2026-03-02,Basic-Ads,(cancelled),Cancellation,Content
CHG_000134,SUB_000381,2026-02-17,Standard,(cancelled),Cancellation,Cost
CHG_000135,SUB_000384,2026-03-18,Basic-Ads,(cancelled),Cancellation,NoReason
CHG_000136,SUB_000389,2025-12-22,Basic-Ads,(cancelled),Cancellation,Cost
CHG_000137,SUB_000406,2026-03-15,Basic-Ads,(cancelled),Cancellation,Technical
CHG_000138,SUB_000407,2025-12-07,Standard,(cancelled),Cancellation,NoReason
CHG_000139,SUB_000411,2026-03-08,Basic-Ads,(cancelled),Cancellation,Cost
CHG_000140,SUB_000418,2026-03-01,Standard,(cancelled),Cancellation,Other
CHG_000141,SUB_000419,2026-01-01,Standard,(cancelled),Cancellation,Content
CHG_000142,SUB_000423,2025-05-12,Basic-Ads,(cancelled),Cancellation,NoReason
CHG_000143,SUB_000427,2026-03-10,Basic-Ads,(cancelled),Cancellation,Cost
CHG_000144,SUB_000430,2026-03-26,Basic-Ads,(cancelled),Cancellation,Cost
CHG_000145,SUB_000431,2025-12-10,Basic-Ads,(cancelled),Cancellation,Content
CHG_000146,SUB_000433,2025-10-04,Standard,(cancelled),Cancellation,Cost
CHG_000147,SUB_000434,2026-01-02,Basic-Ads,(cancelled),Cancellation,Cost
CHG_000148,SUB_000436,2025-10-30,Basic-Ads,(cancelled),Cancellation,Cost
CHG_000149,SUB_000437,2026-02-17,Basic-Ads,(cancelled),Cancellation,Content
CHG_000150,SUB_000440,2025-11-29,Basic-Ads,(cancelled),Cancellation,Cost
CHG_000151,SUB_000443,2025-09-26,Basic-Ads,(cancelled),Cancellation,Content
CHG_000152,SUB_000444,2026-02-17,Basic-Ads,(cancelled),Cancellation,Content
CHG_000153,SUB_000445,2026-02-19,Basic-Ads,(cancelled),Cancellation,Technical
CHG_000154,SUB_000450,2026-03-18,Basic-Ads,(cancelled),Cancellation,Technical
CHG_000155,SUB_000455,2025-07-12,Basic-Ads,(cancelled),Cancellation,Cost
CHG_000156,SUB_000458,2025-12-17,Basic-Ads,(cancelled),Cancellation,Cost
CHG_000157,SUB_000464,2025-10-27,Standard,(cancelled),Cancellation,Cost
CHG_000158,SUB_000466,2025-10-07,Standard,(cancelled),Cancellation,Cost
CHG_000159,SUB_000468,2026-03-23,Premium,(cancelled),Cancellation,Cost
CHG_000160,SUB_000470,2026-01-28,Basic-Ads,(cancelled),Cancellation,Content
CHG_000161,SUB_000471,2025-08-05,Basic-Ads,(cancelled),Cancellation,Content
CHG_000162,SUB_000478,2025-05-04,Basic-Ads,(cancelled),Cancellation,Cost
CHG_000163,SUB_000482,2026-02-06,Basic-Ads,(cancelled),Cancellation,Content
CHG_000164,SUB_000485,2025-10-15,Basic-Ads,(cancelled),Cancellation,Cost
CHG_000165,SUB_000489,2026-01-20,Standard,(cancelled),Cancellation,Technical
CHG_000166,SUB_000490,2026-03-06,Basic-Ads,(cancelled),Cancellation,Content
CHG_000167,SUB_000493,2025-05-03,Basic-Ads,(cancelled),Cancellation,Cost
CHG_000168,SUB_000503,2026-03-14,Basic-Ads,(cancelled),Cancellation,Cost
CHG_000169,SUB_000506,2026-03-06,Basic-Ads,(cancelled),Cancellation,Content
CHG_000170,SUB_000508,2025-08-22,Basic-Ads,(cancelled),Cancellation,Cost
CHG_000171,SUB_000512,2026-01-11,Basic-Ads,(cancelled),Cancellation,Cost
CHG_000172,SUB_000514,2025-09-05,Basic-Ads,(cancelled),Cancellation,Content
CHG_000173,SUB_000515,2025-08-03,Standard,(cancelled),Cancellation,Cost
CHG_000174,SUB_000519,2026-02-26,Standard,(cancelled),Cancellation,Cost
CHG_000175,SUB_000522,2026-03-13,Basic-Ads,(cancelled),Cancellation,Cost
CHG_000176,SUB_000524,2026-03-04,Standard,(cancelled),Cancellation,Cost
CHG_000177,SUB_000525,2025-12-24,Basic-Ads,(cancelled),Cancellation,Cost
CHG_000178,SUB_000528,2026-02-02,Basic-Ads,(cancelled),Cancellation,Cost
CHG_000179,SUB_000530,2026-03-07,Basic-Ads,(cancelled),Cancellation,Content
CHG_000180,SUB_000542,2026-03-23,Basic-Ads,(cancelled),Cancellation,Other
CHG_000181,SUB_000550,2025-04-22,Basic-Ads,(cancelled),Cancellation,Cost
CHG_000182,SUB_000551,2026-03-19,Basic-Ads,(cancelled),Cancellation,Cost
CHG_000183,SUB_000554,2026-02-11,Standard,(cancelled),Cancellation,Cost
CHG_000184,SUB_000556,2025-12-31,Premium,(cancelled),Cancellation,Service
CHG_000185,SUB_000558,2025-09-12,Basic-Ads,(cancelled),Cancellation,NoReason
CHG_000186,SUB_000560,2025-05-29,Standard,(cancelled),Cancellation,Cost
CHG_000187,SUB_000562,2026-01-15,Standard,(cancelled),Cancellation,Cost
CHG_000188,SUB_000563,2025-12-15,Standard,(cancelled),Cancellation,Content
CHG_000189,SUB_000566,2026-02-17,Basic-Ads,(cancelled),Cancellation,Service
CHG_000190,SUB_000568,2025-05-01,Basic-Ads,(cancelled),Cancellation,Other
CHG_000191,SUB_000569,2025-08-11,Basic-Ads,(cancelled),Cancellation,Cost
CHG_000192,SUB_000574,2026-02-13,Standard,(cancelled),Cancellation,Content
CHG_000193,SUB_000575,2025-07-24,Standard,(cancelled),Cancellation,Cost
CHG_000194,SUB_000577,2025-10-19,Basic-Ads,(cancelled),Cancellation,Content
CHG_000195,SUB_000580,2025-10-17,Basic-Ads,(cancelled),Cancellation,Other
CHG_000196,SUB_000581,2025-10-21,Basic-Ads,(cancelled),Cancellation,Cost
CHG_000197,SUB_000582,2025-04-20,Basic-Ads,(cancelled),Cancellation,Cost
CHG_000198,SUB_000584,2026-01-28,Standard,(cancelled),Cancellation,Technical
CHG_000199,SUB_000586,2026-01-26,Basic-Ads,(cancelled),Cancellation,NoReason
CHG_000200,SUB_000593,2026-01-28,Standard,(cancelled),Cancellation,Cost
CHG_000201,SUB_000597,2025-09-05,Basic-Ads,(cancelled),Cancellation,Cost
CHG_000202,SUB_000598,2026-02-12,Standard,(cancelled),Cancellation,Service
CHG_000203,SUB_000605,2026-03-02,Basic-Ads,(cancelled),Cancellation,Service
CHG_000204,SUB_000607,2026-03-23,Standard,(cancelled),Cancellation,Content
CHG_000205,SUB_000614,2026-03-01,Basic-Ads,(cancelled),Cancellation,Cost
CHG_000206,SUB_000615,2026-03-22,Basic-Ads,(cancelled),Cancellation,Cost
CHG_000207,SUB_000616,2026-01-31,Basic-Ads,(cancelled),Cancellation,Cost
CHG_000208,SUB_000622,2025-05-10,Standard,(cancelled),Cancellation,Content
CHG_000209,SUB_000623,2025-04-25,Basic-Ads,(cancelled),Cancellation,Technical
CHG_000210,SUB_000627,2025-11-08,Premium,(cancelled),Cancellation,Content
CHG_000211,SUB_000628,2026-03-21,Premium,(cancelled),Cancellation,Service
CHG_000212,SUB_000631,2026-03-30,Basic-Ads,(cancelled),Cancellation,Content
CHG_000213,SUB_000633,2025-11-13,Basic-Ads,(cancelled),Cancellation,Cost
CHG_000214,SUB_000636,2026-03-21,Basic-Ads,(cancelled),Cancellation,Content
CHG_000215,SUB_000637,2025-06-05,Standard,(cancelled),Cancellation,Content
CHG_000216,SUB_000640,2026-01-27,Standard,(cancelled),Cancellation,Content
CHG_000217,SUB_000644,2026-01-19,Basic-Ads,(cancelled),Cancellation,Other
CHG_000218,SUB_000648,2026-01-07,Basic-Ads,(cancelled),Cancellation,Other
CHG_000219,SUB_000650,2025-10-22,Basic-Ads,(cancelled),Cancellation,Content
CHG_000220,SUB_000655,2025-08-20,Basic-Ads,(cancelled),Cancellation,Content
CHG_000221,SUB_000659,2026-01-04,Basic-Ads,(cancelled),Cancellation,Service
CHG_000222,SUB_000661,2025-06-05,Basic-Ads,(cancelled),Cancellation,Cost
CHG_000223,SUB_000663,2025-08-05,Basic-Ads,(cancelled),Cancellation,Cost
CHG_000224,SUB_000665,2025-07-06,Standard,(cancelled),Cancellation,Cost
CHG_000225,SUB_000667,2025-08-13,Premium,(cancelled),Cancellation,Cost
CHG_000226,SUB_000670,2026-02-11,Standard,(cancelled),Cancellation,Cost
CHG_000227,SUB_000671,2026-03-18,Premium,(cancelled),Cancellation,Content
CHG_000228,SUB_000672,2026-03-19,Premium,(cancelled),Cancellation,Cost
CHG_000229,SUB_000674,2026-01-14,Standard,(cancelled),Cancellation,Service
CHG_000230,SUB_000676,2025-11-25,Basic-Ads,(cancelled),Cancellation,Cost
CHG_000231,SUB_000685,2025-05-12,Standard,(cancelled),Cancellation,Cost
CHG_000232,SUB_000694,2026-01-27,Basic-Ads,(cancelled),Cancellation,Content
CHG_000233,SUB_000695,2025-09-08,Standard,(cancelled),Cancellation,Service
CHG_000234,SUB_000696,2026-02-11,Basic-Ads,(cancelled),Cancellation,Content
CHG_000235,SUB_000698,2025-11-26,Standard,(cancelled),Cancellation,Cost
CHG_000236,SUB_000705,2025-10-27,Standard,(cancelled),Cancellation,Service
CHG_000237,SUB_000708,2025-09-07,Standard,(cancelled),Cancellation,Cost
CHG_000238,SUB_000709,2026-01-10,Basic-Ads,(cancelled),Cancellation,Cost
CHG_000239,SUB_000710,2026-03-30,Basic-Ads,(cancelled),Cancellation,Content
CHG_000240,SUB_000711,2025-04-07,Premium,(cancelled),Cancellation,Content
CHG_000241,SUB_000712,2026-01-30,Basic-Ads,(cancelled),Cancellation,Service
CHG_000242,SUB_000713,2025-10-17,Premium,(cancelled),Cancellation,Cost
CHG_000243,SUB_000714,2025-07-23,Premium,(cancelled),Cancellation,Other
CHG_000244,SUB_000716,2026-03-20,Premium,(cancelled),Cancellation,Cost
CHG_000245,SUB_000718,2025-07-05,Standard,(cancelled),Cancellation,Cost
CHG_000246,SUB_000720,2026-02-24,Basic-Ads,(cancelled),Cancellation,Content
CHG_000247,SUB_000721,2025-06-05,Standard,(cancelled),Cancellation,NoReason
CHG_000248,SUB_000722,2025-10-31,Basic-Ads,(cancelled),Cancellation,Content
CHG_000249,SUB_000726,2025-08-27,Basic-Ads,(cancelled),Cancellation,Content
CHG_000250,SUB_000727,2026-02-07,Premium,(cancelled),Cancellation,Technical
CHG_000251,SUB_000730,2026-02-19,Basic-Ads,(cancelled),Cancellation,Other
CHG_000252,SUB_000738,2026-02-14,Basic-Ads,(cancelled),Cancellation,Content
CHG_000253,SUB_000739,2026-03-30,Basic-Ads,(cancelled),Cancellation,Cost
CHG_000254,SUB_000740,2025-06-13,Basic-Ads,(cancelled),Cancellation,Content
CHG_000255,SUB_000746,2025-12-12,Basic-Ads,(cancelled),Cancellation,Cost
CHG_000256,SUB_000748,2026-03-15,Standard,(cancelled),Cancellation,Cost
CHG_000257,SUB_000750,2025-09-26,Standard,(cancelled),Cancellation,Technical
CHG_000258,SUB_000752,2025-05-19,Basic-Ads,(cancelled),Cancellation,Cost
CHG_000259,SUB_000753,2026-01-01,Standard,(cancelled),Cancellation,Cost
CHG_000260,SUB_000754,2025-11-06,Basic-Ads,(cancelled),Cancellation,NoReason
CHG_000261,SUB_000756,2025-12-28,Premium,(cancelled),Cancellation,Other
CHG_000262,SUB_000757,2025-11-13,Basic-Ads,(cancelled),Cancellation,Other
CHG_000263,SUB_000758,2026-01-16,Basic-Ads,(cancelled),Cancellation,Service
CHG_000264,SUB_000760,2025-09-29,Basic-Ads,(cancelled),Cancellation,Cost
CHG_000265,SUB_000762,2025-11-18,Standard,(cancelled),Cancellation,Content
CHG_000266,SUB_000764,2025-05-11,Basic-Ads,(cancelled),Cancellation,Cost
CHG_000267,SUB_000767,2026-03-10,Standard,(cancelled),Cancellation,Technical
CHG_000268,SUB_000769,2026-03-30,Basic-Ads,(cancelled),Cancellation,Technical
CHG_000269,SUB_000776,2025-09-19,Basic-Ads,(cancelled),Cancellation,Cost
CHG_000270,SUB_000779,2025-08-11,Basic-Ads,(cancelled),Cancellation,Content
CHG_000271,SUB_000781,2025-11-24,Basic-Ads,(cancelled),Cancellation,Cost
CHG_000272,SUB_000783,2025-11-18,Standard,(cancelled),Cancellation,Cost
CHG_000273,SUB_000787,2025-09-03,Premium,(cancelled),Cancellation,Other
CHG_000274,SUB_000788,2025-11-09,Basic-Ads,(cancelled),Cancellation,Content
CHG_000275,SUB_000790,2025-07-22,Basic-Ads,(cancelled),Cancellation,Cost
CHG_000276,SUB_000791,2026-03-22,Basic-Ads,(cancelled),Cancellation,Service
CHG_000277,SUB_000793,2025-10-07,Basic-Ads,(cancelled),Cancellation,Content
CHG_000278,SUB_000796,2025-08-20,Basic-Ads,(cancelled),Cancellation,Cost
CHG_000279,SUB_000801,2026-02-03,Basic-Ads,(cancelled),Cancellation,Cost
CHG_000280,SUB_000802,2025-12-19,Basic-Ads,(cancelled),Cancellation,Content
CHG_000281,SUB_000810,2026-03-02,Basic-Ads,(cancelled),Cancellation,Cost
CHG_000282,SUB_000814,2025-12-08,Standard,(cancelled),Cancellation,Other
CHG_000283,SUB_000815,2025-10-09,Standard,(cancelled),Cancellation,Technical
CHG_000284,SUB_000816,2026-03-22,Standard,(cancelled),Cancellation,Cost
CHG_000285,SUB_000823,2026-03-13,Standard,(cancelled),Cancellation,Cost
CHG_000286,SUB_000824,2026-03-30,Basic-Ads,(cancelled),Cancellation,Service
CHG_000287,SUB_000826,2026-02-08,Standard,(cancelled),Cancellation,Cost
CHG_000288,SUB_000827,2025-08-25,Premium,(cancelled),Cancellation,Cost
CHG_000289,SUB_000829,2025-09-12,Standard,(cancelled),Cancellation,Content
CHG_000290,SUB_000830,2025-06-27,Standard,(cancelled),Cancellation,Cost
CHG_000291,SUB_000831,2025-06-15,Basic-Ads,(cancelled),Cancellation,Technical
CHG_000292,SUB_000834,2026-01-28,Standard,(cancelled),Cancellation,Content
CHG_000293,SUB_000837,2025-11-26,Basic-Ads,(cancelled),Cancellation,Cost
CHG_000294,SUB_000849,2025-07-02,Basic-Ads,(cancelled),Cancellation,Technical
CHG_000295,SUB_000854,2025-05-20,Basic-Ads,(cancelled),Cancellation,Technical
CHG_000296,SUB_000857,2025-05-17,Standard,(cancelled),Cancellation,Cost
CHG_000297,SUB_000860,2026-01-19,Basic-Ads,(cancelled),Cancellation,Service
CHG_000298,SUB_000863,2025-10-12,Basic-Ads,(cancelled),Cancellation,Cost
CHG_000299,SUB_000866,2026-03-14,Basic-Ads,(cancelled),Cancellation,NoReason
CHG_000300,SUB_000867,2025-10-11,Basic-Ads,(cancelled),Cancellation,Technical
CHG_000301,SUB_000868,2025-08-13,Standard,(cancelled),Cancellation,Cost
CHG_000302,SUB_000869,2025-04-04,Standard,(cancelled),Cancellation,Content
CHG_000303,SUB_000874,2026-02-16,Basic-Ads,(cancelled),Cancellation,Technical
CHG_000304,SUB_000879,2025-05-05,Standard,(cancelled),Cancellation,Cost
CHG_000305,SUB_000880,2025-09-11,Basic-Ads,(cancelled),Cancellation,Other
CHG_000306,SUB_000881,2026-02-08,Basic-Ads,(cancelled),Cancellation,Cost
CHG_000307,SUB_000882,2026-02-04,Premium,(cancelled),Cancellation,NoReason
CHG_000308,SUB_000884,2026-03-11,Premium,(cancelled),Cancellation,Content
CHG_000309,SUB_000885,2025-10-21,Basic-Ads,(cancelled),Cancellation,Technical
CHG_000310,SUB_000888,2025-05-11,Basic-Ads,(cancelled),Cancellation,Content
CHG_000311,SUB_000890,2026-01-04,Basic-Ads,(cancelled),Cancellation,Other
CHG_000312,SUB_000899,2025-12-21,Basic-Ads,(cancelled),Cancellation,Cost
CHG_000313,SUB_000900,2026-01-21,Standard,(cancelled),Cancellation,Cost
CHG_000314,SUB_000904,2025-11-08,Basic-Ads,(cancelled),Cancellation,Content
CHG_000315,SUB_000905,2025-09-08,Standard,(cancelled),Cancellation,Cost
CHG_000316,SUB_000908,2025-08-24,Standard,(cancelled),Cancellation,Cost
CHG_000317,SUB_000909,2026-03-07,Basic-Ads,(cancelled),Cancellation,Other
CHG_000318,SUB_000910,2025-07-16,Basic-Ads,(cancelled),Cancellation,Cost
CHG_000319,SUB_000912,2025-08-12,Basic-Ads,(cancelled),Cancellation,Cost
CHG_000320,SUB_000916,2026-02-06,Basic-Ads,(cancelled),Cancellation,Service
CHG_000321,SUB_000917,2026-03-21,Basic-Ads,(cancelled),Cancellation,Content
CHG_000322,SUB_000919,2025-04-18,Standard,(cancelled),Cancellation,Content
CHG_000323,SUB_000920,2025-07-21,Premium,(cancelled),Cancellation,NoReason
CHG_000324,SUB_000921,2025-12-04,Standard,(cancelled),Cancellation,Content
CHG_000325,SUB_000924,2025-06-14,Basic-Ads,(cancelled),Cancellation,Cost
CHG_000326,SUB_000927,2025-11-22,Basic-Ads,(cancelled),Cancellation,Service
CHG_000327,SUB_000928,2026-01-30,Basic-Ads,(cancelled),Cancellation,Content
CHG_000328,SUB_000930,2026-01-05,Basic-Ads,(cancelled),Cancellation,Cost
CHG_000329,SUB_000932,2025-11-04,Standard,(cancelled),Cancellation,NoReason
CHG_000330,SUB_000934,2025-09-26,Premium,(cancelled),Cancellation,Cost
CHG_000331,SUB_000936,2025-10-25,Basic-Ads,(cancelled),Cancellation,Cost
CHG_000332,SUB_000939,2026-01-24,Basic-Ads,(cancelled),Cancellation,NoReason
CHG_000333,SUB_000941,2026-03-08,Basic-Ads,(cancelled),Cancellation,Cost
CHG_000334,SUB_000942,2025-11-29,Standard,(cancelled),Cancellation,Cost
CHG_000335,SUB_000943,2025-10-10,Standard,(cancelled),Cancellation,Cost
CHG_000336,SUB_000945,2026-02-10,Basic-Ads,(cancelled),Cancellation,Cost
CHG_000337,SUB_000946,2026-03-25,Basic-Ads,(cancelled),Cancellation,Cost
CHG_000338,SUB_000948,2025-04-30,Basic-Ads,(cancelled),Cancellation,Cost
CHG_000339,SUB_000949,2025-05-14,Standard,(cancelled),Cancellation,Content
CHG_000340,SUB_000958,2025-12-28,Basic-Ads,(cancelled),Cancellation,Content
CHG_000341,SUB_000959,2025-11-19,Premium,(cancelled),Cancellation,Cost
CHG_000342,SUB_000963,2026-01-22,Basic-Ads,(cancelled),Cancellation,Cost
CHG_000343,SUB_000964,2025-09-02,Basic-Ads,(cancelled),Cancellation,Content
CHG_000344,SUB_000965,2025-10-04,Standard,(cancelled),Cancellation,Cost
CHG_000345,SUB_000969,2025-08-13,Premium,(cancelled),Cancellation,Technical
CHG_000346,SUB_000973,2026-02-08,Basic-Ads,(cancelled),Cancellation,Technical
CHG_000347,SUB_000977,2026-02-27,Basic-Ads,(cancelled),Cancellation,Cost
CHG_000348,SUB_000978,2025-12-21,Basic-Ads,(cancelled),Cancellation,Technical
CHG_000349,SUB_000981,2025-11-28,Premium,(cancelled),Cancellation,Service
CHG_000350,SUB_000982,2025-05-31,Basic-Ads,(cancelled),Cancellation,Cost
CHG_000351,SUB_000986,2025-04-17,Standard,(cancelled),Cancellation,Cost
CHG_000352,SUB_000996,2025-07-08,Basic-Ads,(cancelled),Cancellation,Cost
CHG_000353,SUB_001004,2026-02-07,Basic-Ads,(cancelled),Cancellation,Cost
CHG_000354,SUB_001010,2026-03-30,Standard,(cancelled),Cancellation,Cost
CHG_000355,SUB_001014,2026-01-30,Basic-Ads,(cancelled),Cancellation,Cost
CHG_000356,SUB_001017,2025-11-18,Basic-Ads,(cancelled),Cancellation,Cost
CHG_000357,SUB_001019,2025-08-06,Basic-Ads,(cancelled),Cancellation,Service
CHG_000358,SUB_001020,2025-08-18,Basic-Ads,(cancelled),Cancellation,Cost
CHG_000359,SUB_001022,2026-01-17,Basic-Ads,(cancelled),Cancellation,Cost
CHG_000360,SUB_001023,2026-02-24,Basic-Ads,(cancelled),Cancellation,Content
CHG_000361,SUB_001029,2025-08-19,Standard,(cancelled),Cancellation,Content
CHG_000362,SUB_001032,2025-07-18,Standard,(cancelled),Cancellation,Content
CHG_000363,SUB_001033,2025-05-18,Premium,(cancelled),Cancellation,Content
CHG_000364,SUB_001034,2026-03-10,Premium,(cancelled),Cancellation,Technical
CHG_000365,SUB_001036,2025-07-04,Basic-Ads,(cancelled),Cancellation,Service
CHG_000366,SUB_001037,2026-03-30,Standard,(cancelled),Cancellation,Content
CHG_000367,SUB_001040,2025-05-11,Premium,(cancelled),Cancellation,NoReason
CHG_000368,SUB_001041,2025-08-01,Premium,(cancelled),Cancellation,Content
CHG_000369,SUB_001043,2025-09-28,Basic-Ads,(cancelled),Cancellation,Other
CHG_000370,SUB_001044,2025-12-08,Basic-Ads,(cancelled),Cancellation,Content
CHG_000371,SUB_001045,2025-12-28,Standard,(cancelled),Cancellation,Service
CHG_000372,SUB_001047,2026-03-20,Basic-Ads,(cancelled),Cancellation,Technical
CHG_000373,SUB_001049,2026-02-27,Basic-Ads,(cancelled),Cancellation,Content
CHG_000374,SUB_001051,2026-01-07,Premium,(cancelled),Cancellation,Cost
CHG_000375,SUB_001053,2025-11-12,Standard,(cancelled),Cancellation,Cost
CHG_000376,SUB_001055,2025-06-13,Standard,(cancelled),Cancellation,NoReason
CHG_000377,SUB_001057,2025-06-11,Basic-Ads,(cancelled),Cancellation,Cost
CHG_000378,SUB_001058,2025-04-17,Standard,(cancelled),Cancellation,Content
CHG_000379,SUB_001061,2025-06-25,Standard,(cancelled),Cancellation,Content
CHG_000380,SUB_001065,2025-12-28,Premium,(cancelled),Cancellation,Content
CHG_000381,SUB_001067,2026-03-13,Basic-Ads,(cancelled),Cancellation,Other
CHG_000382,SUB_001070,2025-09-07,Standard,(cancelled),Cancellation,Content
CHG_000383,SUB_001071,2025-11-03,Standard,(cancelled),Cancellation,Content
CHG_000384,SUB_001077,2025-05-24,Basic-Ads,(cancelled),Cancellation,Other
CHG_000385,SUB_001082,2026-01-13,Standard,(cancelled),Cancellation,Service
CHG_000386,SUB_001083,2026-01-27,Standard,(cancelled),Cancellation,NoReason
CHG_000387,SUB_001084,2026-02-02,Premium,(cancelled),Cancellation,Service
CHG_000388,SUB_001087,2026-01-10,Basic-Ads,(cancelled),Cancellation,Cost
CHG_000389,SUB_001093,2025-04-23,Standard,(cancelled),Cancellation,Content
CHG_000390,SUB_001094,2025-12-29,Basic-Ads,(cancelled),Cancellation,Service
CHG_000391,SUB_001097,2026-03-27,Basic-Ads,(cancelled),Cancellation,Cost
CHG_000392,SUB_001101,2026-02-19,Basic-Ads,(cancelled),Cancellation,Cost
CHG_000393,SUB_001102,2026-01-31,Basic-Ads,(cancelled),Cancellation,Content
CHG_000394,SUB_001108,2025-07-15,Basic-Ads,(cancelled),Cancellation,Cost
CHG_000395,SUB_001110,2026-03-08,Basic-Ads,(cancelled),Cancellation,Technical
CHG_000396,SUB_001112,2025-06-20,Basic-Ads,(cancelled),Cancellation,Service
CHG_000397,SUB_001119,2025-10-21,Standard,(cancelled),Cancellation,Content
CHG_000398,SUB_001123,2025-09-25,Basic-Ads,(cancelled),Cancellation,Cost
CHG_000399,SUB_001126,2026-02-28,Basic-Ads,(cancelled),Cancellation,Cost
CHG_000400,SUB_001127,2025-09-19,Basic-Ads,(cancelled),Cancellation,Cost
CHG_000401,SUB_001128,2025-10-04,Basic-Ads,(cancelled),Cancellation,Technical
CHG_000402,SUB_001129,2025-04-09,Basic-Ads,(cancelled),Cancellation,Technical
CHG_000403,SUB_001130,2026-01-07,Standard,(cancelled),Cancellation,Cost
CHG_000404,SUB_001131,2025-08-02,Basic-Ads,(cancelled),Cancellation,Cost
CHG_000405,SUB_001132,2025-09-25,Standard,(cancelled),Cancellation,Cost
CHG_000406,SUB_001138,2026-02-21,Standard,(cancelled),Cancellation,Service
CHG_000407,SUB_001140,2026-02-20,Basic-Ads,(cancelled),Cancellation,Content
CHG_000408,SUB_001152,2026-03-31,Basic-Ads,(cancelled),Cancellation,Cost
CHG_000409,SUB_001155,2025-12-14,Standard,(cancelled),Cancellation,Other
CHG_000410,SUB_001156,2025-05-06,Basic-Ads,(cancelled),Cancellation,Content
CHG_000411,SUB_001158,2025-12-02,Premium,(cancelled),Cancellation,Technical
CHG_000412,SUB_001161,2026-02-08,Basic-Ads,(cancelled),Cancellation,Service
CHG_000413,SUB_001162,2025-06-25,Basic-Ads,(cancelled),Cancellation,Technical
CHG_000414,SUB_001164,2025-12-09,Standard,(cancelled),Cancellation,Service
CHG_000415,SUB_001165,2025-06-17,Basic-Ads,(cancelled),Cancellation,Cost
CHG_000416,SUB_001169,2025-07-22,Standard,(cancelled),Cancellation,NoReason
CHG_000417,SUB_001172,2025-05-18,Basic-Ads,(cancelled),Cancellation,Technical
CHG_000418,SUB_001173,2025-11-24,Basic-Ads,(cancelled),Cancellation,Content
CHG_000419,SUB_001174,2026-01-06,Basic-Ads,(cancelled),Cancellation,Content
CHG_000420,SUB_001176,2025-08-27,Basic-Ads,(cancelled),Cancellation,Cost
CHG_000421,SUB_001179,2025-12-27,Premium,(cancelled),Cancellation,Other
CHG_000422,SUB_001181,2026-03-17,Basic-Ads,(cancelled),Cancellation,Technical
CHG_000423,SUB_001184,2025-04-22,Basic-Ads,(cancelled),Cancellation,Cost
CHG_000424,SUB_001186,2026-01-11,Basic-Ads,(cancelled),Cancellation,NoReason
CHG_000425,SUB_001187,2025-08-27,Standard,(cancelled),Cancellation,Cost
CHG_000426,SUB_001194,2026-01-07,Basic-Ads,(cancelled),Cancellation,Cost
CHG_000427,SUB_001195,2025-06-05,Basic-Ads,(cancelled),Cancellation,Content
CHG_000428,SUB_001197,2026-02-20,Basic-Ads,(cancelled),Cancellation,Cost
CHG_000429,SUB_001201,2025-12-05,Premium,(cancelled),Cancellation,Other
CHG_000430,SUB_001202,2026-03-17,Basic-Ads,(cancelled),Cancellation,Cost
CHG_000431,SUB_001203,2025-07-02,Basic-Ads,(cancelled),Cancellation,Cost
CHG_000432,SUB_001209,2026-02-19,Standard,(cancelled),Cancellation,Content
CHG_000433,SUB_001216,2025-09-26,Basic-Ads,(cancelled),Cancellation,Technical
CHG_000434,SUB_001218,2026-02-12,Basic-Ads,(cancelled),Cancellation,Cost
CHG_000435,SUB_001229,2025-12-16,Standard,(cancelled),Cancellation,Cost
CHG_000436,SUB_001232,2026-02-09,Standard,(cancelled),Cancellation,Content
CHG_000437,SUB_001237,2025-10-08,Standard,(cancelled),Cancellation,Cost
CHG_000438,SUB_001238,2025-07-21,Standard,(cancelled),Cancellation,NoReason
CHG_000439,SUB_001239,2025-10-24,Basic-Ads,(cancelled),Cancellation,Cost
CHG_000440,SUB_001243,2025-06-12,Basic-Ads,(cancelled),Cancellation,Cost
CHG_000441,SUB_001244,2026-03-10,Basic-Ads,(cancelled),Cancellation,Other
CHG_000442,SUB_001246,2026-03-18,Basic-Ads,(cancelled),Cancellation,NoReason
CHG_000443,SUB_001249,2026-03-04,Standard,(cancelled),Cancellation,Cost
CHG_000444,SUB_001256,2026-01-25,Standard,(cancelled),Cancellation,Cost
CHG_000445,SUB_001259,2026-03-18,Standard,(cancelled),Cancellation,Other
CHG_000446,SUB_001260,2025-06-12,Basic-Ads,(cancelled),Cancellation,Service
CHG_000447,SUB_001261,2025-08-07,Basic-Ads,(cancelled),Cancellation,Content
CHG_000448,SUB_001265,2025-06-29,Basic-Ads,(cancelled),Cancellation,Cost
CHG_000449,SUB_001269,2026-02-28,Basic-Ads,(cancelled),Cancellation,Cost
CHG_000450,SUB_001270,2026-01-13,Basic-Ads,(cancelled),Cancellation,Technical
CHG_000451,SUB_001273,2025-05-19,Basic-Ads,(cancelled),Cancellation,Cost
CHG_000452,SUB_001275,2025-10-07,Premium,(cancelled),Cancellation,Cost
CHG_000453,SUB_001279,2025-07-26,Standard,(cancelled),Cancellation,NoReason
CHG_000454,SUB_001280,2025-09-16,Basic-Ads,(cancelled),Cancellation,Cost
CHG_000455,SUB_001281,2025-07-16,Standard,(cancelled),Cancellation,Cost
CHG_000456,SUB_001284,2025-07-13,Basic-Ads,(cancelled),Cancellation,Service
CHG_000457,SUB_001285,2026-02-04,Basic-Ads,(cancelled),Cancellation,Cost
CHG_000458,SUB_001286,2025-05-17,Basic-Ads,(cancelled),Cancellation,Content
CHG_000459,SUB_001287,2025-11-30,Premium,(cancelled),Cancellation,Cost
CHG_000460,SUB_001291,2025-11-08,Basic-Ads,(cancelled),Cancellation,Technical
CHG_000461,SUB_001292,2025-11-07,Basic-Ads,(cancelled),Cancellation,Cost
CHG_000462,SUB_001294,2025-04-26,Standard,(cancelled),Cancellation,Content
CHG_000463,SUB_001295,2025-11-06,Standard,(cancelled),Cancellation,Cost
CHG_000464,SUB_001296,2025-09-18,Basic-Ads,(cancelled),Cancellation,Cost
CHG_000465,SUB_001297,2026-02-12,Standard,(cancelled),Cancellation,Cost
CHG_000466,SUB_001300,2025-05-20,Standard,(cancelled),Cancellation,Cost
CHG_000467,SUB_001301,2026-03-07,Standard,(cancelled),Cancellation,NoReason
CHG_000468,SUB_001304,2025-07-11,Basic-Ads,(cancelled),Cancellation,Cost
CHG_000469,SUB_001309,2026-01-11,Standard,(cancelled),Cancellation,Content
CHG_000470,SUB_001310,2026-02-07,Basic-Ads,(cancelled),Cancellation,Content
CHG_000471,SUB_001311,2026-03-09,Basic-Ads,(cancelled),Cancellation,Service
CHG_000472,SUB_001313,2026-02-17,Basic-Ads,(cancelled),Cancellation,Cost
CHG_000473,SUB_001314,2026-01-21,Basic-Ads,(cancelled),Cancellation,Technical
CHG_000474,SUB_001316,2026-03-06,Basic-Ads,(cancelled),Cancellation,Cost
CHG_000475,SUB_001326,2025-08-20,Standard,(cancelled),Cancellation,Content
CHG_000476,SUB_001333,2026-01-09,Standard,(cancelled),Cancellation,Content
CHG_000477,SUB_001335,2025-12-23,Standard,(cancelled),Cancellation,Cost
CHG_000478,SUB_001336,2026-03-05,Basic-Ads,(cancelled),Cancellation,Cost
CHG_000479,SUB_001337,2026-03-03,Basic-Ads,(cancelled),Cancellation,Content
CHG_000480,SUB_001338,2025-11-11,Basic-Ads,(cancelled),Cancellation,Other
CHG_000481,SUB_001343,2025-11-06,Standard,(cancelled),Cancellation,Service
CHG_000482,SUB_001345,2026-03-05,Premium,(cancelled),Cancellation,Cost
CHG_000483,SUB_001346,2025-10-07,Basic-Ads,(cancelled),Cancellation,Content
CHG_000484,SUB_001350,2025-05-08,Premium,(cancelled),Cancellation,NoReason
CHG_000485,SUB_001352,2025-08-22,Basic-Ads,(cancelled),Cancellation,Cost
CHG_000486,SUB_001353,2025-10-03,Standard,(cancelled),Cancellation,Cost
CHG_000487,SUB_001358,2025-11-03,Basic-Ads,(cancelled),Cancellation,Cost
CHG_000488,SUB_001359,2025-12-15,Basic-Ads,(cancelled),Cancellation,Other
CHG_000489,SUB_001364,2026-03-06,Basic-Ads,(cancelled),Cancellation,Cost
CHG_000490,SUB_001365,2025-07-26,Standard,(cancelled),Cancellation,Content
CHG_000491,SUB_001366,2026-01-22,Standard,(cancelled),Cancellation,Cost
CHG_000492,SUB_001370,2025-12-21,Basic-Ads,(cancelled),Cancellation,Content
CHG_000493,SUB_001371,2026-02-14,Basic-Ads,(cancelled),Cancellation,Cost
CHG_000494,SUB_001372,2025-07-22,Basic-Ads,(cancelled),Cancellation,Other
CHG_000495,SUB_001373,2025-09-03,Standard,(cancelled),Cancellation,Technical
CHG_000496,SUB_001375,2025-05-26,Basic-Ads,(cancelled),Cancellation,Other
CHG_000497,SUB_001380,2025-12-14,Basic-Ads,(cancelled),Cancellation,Cost
CHG_000498,SUB_001383,2025-09-02,Basic-Ads,(cancelled),Cancellation,Cost
CHG_000499,SUB_001386,2025-06-20,Basic-Ads,(cancelled),Cancellation,Cost
CHG_000500,SUB_001387,2026-01-19,Basic-Ads,(cancelled),Cancellation,Cost
CHG_000501,SUB_001394,2026-02-26,Basic-Ads,(cancelled),Cancellation,Cost
CHG_000502,SUB_001396,2026-03-04,Basic-Ads,(cancelled),Cancellation,Cost
CHG_000503,SUB_001397,2025-07-22,Basic-Ads,(cancelled),Cancellation,Cost
CHG_000504,SUB_001400,2025-12-27,Basic-Ads,(cancelled),Cancellation,Cost
CHG_000505,SUB_001401,2026-03-24,Standard,(cancelled),Cancellation,Cost
CHG_000506,SUB_001402,2025-09-11,Basic-Ads,(cancelled),Cancellation,Cost
CHG_000507,SUB_001404,2025-12-05,Basic-Ads,(cancelled),Cancellation,Content
CHG_000508,SUB_001405,2026-03-07,Standard,(cancelled),Cancellation,Content
CHG_000509,SUB_001406,2025-12-26,Standard,(cancelled),Cancellation,Service
CHG_000510,SUB_001408,2025-11-28,Premium,(cancelled),Cancellation,Other
CHG_000511,SUB_001414,2025-05-07,Premium,(cancelled),Cancellation,Cost
CHG_000512,SUB_001415,2025-09-29,Basic-Ads,(cancelled),Cancellation,Cost
CHG_000513,SUB_001418,2025-12-04,Standard,(cancelled),Cancellation,Cost
CHG_000514,SUB_001422,2026-01-18,Basic-Ads,(cancelled),Cancellation,Cost
CHG_000515,SUB_001426,2026-01-13,Basic-Ads,(cancelled),Cancellation,Cost
CHG_000516,SUB_001433,2025-12-04,Standard,(cancelled),Cancellation,Cost
CHG_000517,SUB_001434,2026-02-09,Standard,(cancelled),Cancellation,Other
CHG_000518,SUB_001438,2025-12-04,Standard,(cancelled),Cancellation,Cost
CHG_000519,SUB_001439,2025-06-15,Standard,(cancelled),Cancellation,Service
CHG_000520,SUB_001441,2025-05-26,Basic-Ads,(cancelled),Cancellation,Content
CHG_000521,SUB_001447,2025-03-31,Basic-Ads,(cancelled),Cancellation,Other
CHG_000522,SUB_001450,2026-02-17,Basic-Ads,(cancelled),Cancellation,Cost
CHG_000523,SUB_001454,2025-09-29,Basic-Ads,(cancelled),Cancellation,Cost
CHG_000524,SUB_001458,2026-03-07,Standard,(cancelled),Cancellation,Content
CHG_000525,SUB_001460,2026-02-15,Basic-Ads,(cancelled),Cancellation,Content
CHG_000526,SUB_001461,2026-01-21,Premium,(cancelled),Cancellation,NoReason
CHG_000527,SUB_001464,2025-07-23,Basic-Ads,(cancelled),Cancellation,Cost
CHG_000528,SUB_001467,2025-08-09,Basic-Ads,(cancelled),Cancellation,Cost
CHG_000529,SUB_001468,2025-12-13,Basic-Ads,(cancelled),Cancellation,Content
CHG_000530,SUB_001472,2026-03-12,Basic-Ads,(cancelled),Cancellation,Technical
CHG_000531,SUB_001477,2025-04-16,Basic-Ads,(cancelled),Cancellation,Technical
CHG_000532,SUB_001478,2025-08-24,Standard,(cancelled),Cancellation,Cost
CHG_000533,SUB_001481,2025-11-25,Premium,(cancelled),Cancellation,Content
CHG_000534,SUB_001490,2026-02-07,Basic-Ads,(cancelled),Cancellation,Cost
CHG_000535,SUB_001492,2026-02-25,Basic-Ads,(cancelled),Cancellation,Cost
CHG_000536,SUB_001493,2026-02-20,Standard,(cancelled),Cancellation,Other
CHG_000537,SUB_001497,2025-09-13,Basic-Ads,(cancelled),Cancellation,Content
CHG_000538,SUB_001498,2026-03-14,Premium,(cancelled),Cancellation,Service
CHG_000539,SUB_001501,2025-09-08,Basic-Ads,(cancelled),Cancellation,Cost
CHG_000540,SUB_001506,2025-12-03,Standard,(cancelled),Cancellation,Cost
CHG_000541,SUB_001508,2025-05-02,Premium,(cancelled),Cancellation,Cost
CHG_000542,SUB_001511,2026-02-08,Basic-Ads,(cancelled),Cancellation,Cost
CHG_000543,SUB_001512,2026-03-20,Basic-Ads,(cancelled),Cancellation,Cost
CHG_000544,SUB_001513,2025-08-06,Standard,(cancelled),Cancellation,Technical
CHG_000545,SUB_001520,2026-03-11,Basic-Ads,(cancelled),Cancellation,Other
CHG_000546,SUB_001524,2026-02-15,Standard,(cancelled),Cancellation,Cost
CHG_000547,SUB_001528,2025-07-11,Basic-Ads,(cancelled),Cancellation,Cost
CHG_000548,SUB_001530,2025-06-06,Basic-Ads,(cancelled),Cancellation,Cost
CHG_000549,SUB_001531,2026-03-23,Basic-Ads,(cancelled),Cancellation,Technical
CHG_000550,SUB_001534,2025-08-11,Basic-Ads,(cancelled),Cancellation,Cost
CHG_000551,SUB_001541,2026-01-10,Standard,(cancelled),Cancellation,NoReason
CHG_000552,SUB_001546,2025-04-12,Basic-Ads,(cancelled),Cancellation,Content
CHG_000553,SUB_001556,2025-09-28,Premium,(cancelled),Cancellation,Content
CHG_000554,SUB_001561,2025-06-13,Standard,(cancelled),Cancellation,Other
CHG_000555,SUB_001562,2026-01-26,Basic-Ads,(cancelled),Cancellation,Cost
CHG_000556,SUB_001564,2025-12-06,Standard,(cancelled),Cancellation,Technical
CHG_000557,SUB_001572,2026-03-31,Basic-Ads,(cancelled),Cancellation,Cost
CHG_000558,SUB_001576,2025-04-16,Basic-Ads,(cancelled),Cancellation,NoReason
CHG_000559,SUB_001578,2025-12-12,Basic-Ads,(cancelled),Cancellation,Cost
CHG_000560,SUB_001579,2026-03-25,Standard,(cancelled),Cancellation,Cost
CHG_000561,SUB_001580,2026-02-16,Standard,(cancelled),Cancellation,Content
CHG_000562,SUB_001586,2025-12-29,Premium,(cancelled),Cancellation,Content
CHG_000563,SUB_001588,2025-05-04,Basic-Ads,(cancelled),Cancellation,Content
CHG_000564,SUB_001591,2026-02-22,Basic-Ads,(cancelled),Cancellation,Cost
CHG_000565,SUB_001594,2026-03-11,Standard,(cancelled),Cancellation,Content
CHG_000566,SUB_001595,2025-08-31,Premium,(cancelled),Cancellation,Cost
CHG_000567,SUB_001599,2026-03-19,Standard,(cancelled),Cancellation,Cost
CHG_000568,SUB_001605,2025-05-07,Basic-Ads,(cancelled),Cancellation,Technical
CHG_000569,SUB_001608,2025-07-27,Basic-Ads,(cancelled),Cancellation,Cost
CHG_000570,SUB_001609,2026-03-14,Standard,(cancelled),Cancellation,Technical
CHG_000571,SUB_001610,2025-11-30,Standard,(cancelled),Cancellation,Content
CHG_000572,SUB_001612,2026-01-09,Basic-Ads,(cancelled),Cancellation,Content
CHG_000573,SUB_001621,2025-08-17,Standard,(cancelled),Cancellation,Technical
CHG_000574,SUB_001623,2026-02-16,Standard,(cancelled),Cancellation,Service
CHG_000575,SUB_001631,2025-09-14,Basic-Ads,(cancelled),Cancellation,Cost
CHG_000576,SUB_001633,2026-02-24,Standard,(cancelled),Cancellation,Other
CHG_000577,SUB_001636,2025-10-22,Basic-Ads,(cancelled),Cancellation,Technical
CHG_000578,SUB_001640,2026-01-24,Standard,(cancelled),Cancellation,Service
CHG_000579,SUB_001645,2025-11-08,Basic-Ads,(cancelled),Cancellation,Cost
CHG_000580,SUB_001649,2025-11-30,Standard,(cancelled),Cancellation,Cost
CHG_000581,SUB_001650,2026-03-09,Basic-Ads,(cancelled),Cancellation,Cost
CHG_000582,SUB_001651,2025-07-10,Standard,(cancelled),Cancellation,Cost
CHG_000583,SUB_001652,2026-02-01,Standard,(cancelled),Cancellation,Technical
CHG_000584,SUB_001653,2025-06-01,Basic-Ads,(cancelled),Cancellation,Content
CHG_000585,SUB_001654,2025-10-14,Basic-Ads,(cancelled),Cancellation,NoReason
CHG_000586,SUB_001660,2025-12-19,Standard,(cancelled),Cancellation,Content
CHG_000587,SUB_001665,2025-12-23,Basic-Ads,(cancelled),Cancellation,Technical
CHG_000588,SUB_001668,2025-08-17,Basic-Ads,(cancelled),Cancellation,Content
CHG_000589,SUB_001670,2026-02-18,Basic-Ads,(cancelled),Cancellation,Content
CHG_000590,SUB_001679,2025-06-04,Basic-Ads,(cancelled),Cancellation,Technical
CHG_000591,SUB_001680,2025-06-06,Standard,(cancelled),Cancellation,Content
CHG_000592,SUB_001684,2026-03-16,Premium,(cancelled),Cancellation,Service
CHG_000593,SUB_001685,2025-06-05,Basic-Ads,(cancelled),Cancellation,Content
CHG_000594,SUB_001686,2026-03-24,Basic-Ads,(cancelled),Cancellation,Content
CHG_000595,SUB_001687,2026-03-14,Standard,(cancelled),Cancellation,Content
CHG_000596,SUB_001688,2025-07-14,Basic-Ads,(cancelled),Cancellation,Content
CHG_000597,SUB_001690,2026-02-09,Standard,(cancelled),Cancellation,Cost
CHG_000598,SUB_001692,2025-09-16,Premium,(cancelled),Cancellation,Cost
CHG_000599,SUB_001694,2025-10-19,Basic-Ads,(cancelled),Cancellation,Content
CHG_000600,SUB_001695,2025-06-01,Basic-Ads,(cancelled),Cancellation,Technical
CHG_000601,SUB_001697,2026-01-16,Basic-Ads,(cancelled),Cancellation,Service
CHG_000602,SUB_001699,2025-11-18,Basic-Ads,(cancelled),Cancellation,Cost
CHG_000603,SUB_001703,2026-03-26,Standard,(cancelled),Cancellation,Cost
CHG_000604,SUB_001705,2025-08-13,Basic-Ads,(cancelled),Cancellation,Technical
CHG_000605,SUB_001706,2025-09-18,Premium,(cancelled),Cancellation,Technical
CHG_000606,SUB_001707,2026-03-05,Basic-Ads,(cancelled),Cancellation,NoReason
CHG_000607,SUB_001708,2026-01-02,Premium,(cancelled),Cancellation,Cost
CHG_000608,SUB_001709,2026-02-01,Standard,(cancelled),Cancellation,Service
CHG_000609,SUB_001713,2025-10-28,Basic-Ads,(cancelled),Cancellation,Content
CHG_000610,SUB_001715,2026-03-18,Standard,(cancelled),Cancellation,Cost
CHG_000611,SUB_001718,2025-07-24,Standard,(cancelled),Cancellation,Cost
CHG_000612,SUB_001721,2025-12-15,Basic-Ads,(cancelled),Cancellation,Cost
CHG_000613,SUB_001723,2025-12-09,Basic-Ads,(cancelled),Cancellation,Cost
CHG_000614,SUB_001725,2025-09-14,Basic-Ads,(cancelled),Cancellation,Service
CHG_000615,SUB_001729,2025-05-04,Premium,(cancelled),Cancellation,Other
CHG_000616,SUB_001730,2025-12-14,Standard,(cancelled),Cancellation,Cost
CHG_000617,SUB_001731,2025-05-28,Standard,(cancelled),Cancellation,Service
CHG_000618,SUB_001735,2025-12-29,Basic-Ads,(cancelled),Cancellation,Content
CHG_000619,SUB_001737,2025-12-01,Standard,(cancelled),Cancellation,Cost
CHG_000620,SUB_001739,2026-01-01,Premium,(cancelled),Cancellation,Technical
CHG_000621,SUB_001740,2025-12-22,Basic-Ads,(cancelled),Cancellation,Technical
CHG_000622,SUB_001745,2025-11-18,Basic-Ads,(cancelled),Cancellation,Cost
CHG_000623,SUB_001746,2026-03-06,Basic-Ads,(cancelled),Cancellation,Content
CHG_000624,SUB_001753,2025-08-24,Basic-Ads,(cancelled),Cancellation,Service
CHG_000625,SUB_001755,2026-01-09,Standard,(cancelled),Cancellation,Cost
CHG_000626,SUB_001758,2025-08-22,Standard,(cancelled),Cancellation,Cost
CHG_000627,SUB_001765,2025-10-30,Premium,(cancelled),Cancellation,Cost
CHG_000628,SUB_001768,2025-12-12,Basic-Ads,(cancelled),Cancellation,Cost
CHG_000629,SUB_001770,2026-02-14,Standard,(cancelled),Cancellation,Cost
CHG_000630,SUB_001771,2025-10-12,Basic-Ads,(cancelled),Cancellation,Content
CHG_000631,SUB_001773,2025-08-14,Basic-Ads,(cancelled),Cancellation,Other
CHG_000632,SUB_001775,2025-06-17,Standard,(cancelled),Cancellation,Technical
CHG_000633,SUB_001776,2025-11-03,Basic-Ads,(cancelled),Cancellation,Cost
CHG_000634,SUB_001777,2026-01-10,Basic-Ads,(cancelled),Cancellation,Cost
CHG_000635,SUB_001780,2026-03-19,Premium,(cancelled),Cancellation,Cost
CHG_000636,SUB_001786,2025-10-19,Basic-Ads,(cancelled),Cancellation,Cost
CHG_000637,SUB_001788,2025-10-14,Basic-Ads,(cancelled),Cancellation,Technical
CHG_000638,SUB_001789,2025-06-15,Basic-Ads,(cancelled),Cancellation,Cost
CHG_000639,SUB_001790,2026-01-14,Standard,(cancelled),Cancellation,Cost
CHG_000640,SUB_001791,2025-11-28,Basic-Ads,(cancelled),Cancellation,Technical
CHG_000641,SUB_001793,2025-09-12,Basic-Ads,(cancelled),Cancellation,Content
CHG_000642,SUB_001794,2025-10-15,Premium,(cancelled),Cancellation,Content
CHG_000643,SUB_001803,2026-02-03,Basic-Ads,(cancelled),Cancellation,Cost
CHG_000644,SUB_001805,2025-10-16,Standard,(cancelled),Cancellation,Service
CHG_000645,SUB_001808,2025-04-28,Basic-Ads,(cancelled),Cancellation,Other
CHG_000646,SUB_001809,2025-07-30,Standard,(cancelled),Cancellation,Content
CHG_000647,SUB_001818,2025-12-21,Basic-Ads,(cancelled),Cancellation,Cost
CHG_000648,SUB_001820,2026-03-24,Basic-Ads,(cancelled),Cancellation,Cost
CHG_000649,SUB_001821,2026-03-23,Basic-Ads,(cancelled),Cancellation,Cost
CHG_000650,SUB_001822,2026-02-15,Basic-Ads,(cancelled),Cancellation,Cost
CHG_000651,SUB_001825,2025-05-04,Basic-Ads,(cancelled),Cancellation,Technical
CHG_000652,SUB_001829,2025-12-03,Standard,(cancelled),Cancellation,Cost
CHG_000653,SUB_001832,2025-11-18,Basic-Ads,(cancelled),Cancellation,Other
CHG_000654,SUB_001839,2025-06-14,Basic-Ads,(cancelled),Cancellation,Content
CHG_000655,SUB_001840,2025-04-03,Standard,(cancelled),Cancellation,Cost
CHG_000656,SUB_001855,2026-03-30,Basic-Ads,(cancelled),Cancellation,Content
CHG_000657,SUB_001856,2025-08-09,Standard,(cancelled),Cancellation,Cost
CHG_000658,SUB_001857,2025-06-01,Basic-Ads,(cancelled),Cancellation,Content
CHG_000659,SUB_001859,2026-01-02,Standard,(cancelled),Cancellation,Content
CHG_000660,SUB_001862,2025-05-30,Standard,(cancelled),Cancellation,Cost
CHG_000661,SUB_001863,2025-07-19,Basic-Ads,(cancelled),Cancellation,Content
CHG_000662,SUB_001865,2026-01-09,Standard,(cancelled),Cancellation,Cost
CHG_000663,SUB_001868,2025-11-24,Basic-Ads,(cancelled),Cancellation,Cost
CHG_000664,SUB_001870,2025-06-15,Standard,(cancelled),Cancellation,Cost
CHG_000665,SUB_001874,2026-02-13,Basic-Ads,(cancelled),Cancellation,Other
CHG_000666,SUB_001879,2025-10-14,Basic-Ads,(cancelled),Cancellation,Cost
CHG_000667,SUB_001880,2026-03-27,Premium,(cancelled),Cancellation,Cost
CHG_000668,SUB_001881,2026-03-07,Basic-Ads,(cancelled),Cancellation,Other
CHG_000669,SUB_001882,2025-10-24,Standard,(cancelled),Cancellation,Cost
CHG_000670,SUB_001883,2026-01-18,Basic-Ads,(cancelled),Cancellation,Cost
CHG_000671,SUB_001884,2025-11-04,Standard,(cancelled),Cancellation,Content
CHG_000672,SUB_001885,2026-03-20,Basic-Ads,(cancelled),Cancellation,Cost
CHG_000673,SUB_001886,2025-08-29,Basic-Ads,(cancelled),Cancellation,Cost
CHG_000674,SUB_001894,2025-09-05,Basic-Ads,(cancelled),Cancellation,Cost
CHG_000675,SUB_001897,2026-03-04,Standard,(cancelled),Cancellation,NoReason
CHG_000676,SUB_001899,2025-09-03,Basic-Ads,(cancelled),Cancellation,Cost
CHG_000677,SUB_001900,2025-06-19,Basic-Ads,(cancelled),Cancellation,Cost
CHG_000678,SUB_001905,2026-03-26,Basic-Ads,(cancelled),Cancellation,Technical
CHG_000679,SUB_001907,2026-02-21,Basic-Ads,(cancelled),Cancellation,Cost
CHG_000680,SUB_001908,2025-12-07,Basic-Ads,(cancelled),Cancellation,Content
CHG_000681,SUB_001914,2025-09-24,Premium,(cancelled),Cancellation,NoReason
CHG_000682,SUB_001917,2025-10-08,Basic-Ads,(cancelled),Cancellation,Content
CHG_000683,SUB_001918,2025-04-13,Standard,(cancelled),Cancellation,Technical
CHG_000684,SUB_001919,2025-10-12,Standard,(cancelled),Cancellation,Cost
CHG_000685,SUB_001921,2025-10-09,Basic-Ads,(cancelled),Cancellation,Cost
CHG_000686,SUB_001922,2025-10-15,Basic-Ads,(cancelled),Cancellation,Cost
CHG_000687,SUB_001925,2026-01-02,Basic-Ads,(cancelled),Cancellation,Cost
CHG_000688,SUB_001927,2026-03-10,Basic-Ads,(cancelled),Cancellation,Cost
CHG_000689,SUB_001928,2026-03-14,Basic-Ads,(cancelled),Cancellation,Cost
CHG_000690,SUB_001931,2025-05-20,Standard,(cancelled),Cancellation,Service
CHG_000691,SUB_001934,2025-08-24,Basic-Ads,(cancelled),Cancellation,NoReason
CHG_000692,SUB_001937,2025-10-24,Standard,(cancelled),Cancellation,Cost
CHG_000693,SUB_001939,2026-03-13,Standard,(cancelled),Cancellation,Cost
CHG_000694,SUB_001941,2025-12-02,Standard,(cancelled),Cancellation,Service
CHG_000695,SUB_001944,2025-07-24,Basic-Ads,(cancelled),Cancellation,Content
CHG_000696,SUB_001948,2025-10-17,Standard,(cancelled),Cancellation,Content
CHG_000697,SUB_001956,2025-12-31,Basic-Ads,(cancelled),Cancellation,Cost
CHG_000698,SUB_001957,2026-02-11,Standard,(cancelled),Cancellation,Other
CHG_000699,SUB_001959,2025-07-26,Basic-Ads,(cancelled),Cancellation,Cost
CHG_000700,SUB_001962,2026-03-23,Standard,(cancelled),Cancellation,Other
CHG_000701,SUB_001965,2026-02-23,Basic-Ads,(cancelled),Cancellation,Technical
CHG_000702,SUB_001967,2025-12-27,Basic-Ads,(cancelled),Cancellation,Technical
CHG_000703,SUB_001968,2026-02-27,Basic-Ads,(cancelled),Cancellation,Service
CHG_000704,SUB_001972,2025-05-30,Basic-Ads,(cancelled),Cancellation,NoReason
CHG_000705,SUB_001976,2026-01-26,Standard,(cancelled),Cancellation,Content
CHG_000706,SUB_001980,2026-01-14,Basic-Ads,(cancelled),Cancellation,Content
CHG_000707,SUB_001983,2026-03-19,Basic-Ads,(cancelled),Cancellation,NoReason
CHG_000708,SUB_001985,2025-09-29,Standard,(cancelled),Cancellation,Content
CHG_000709,SUB_001995,2026-03-23,Basic-Ads,(cancelled),Cancellation,Technical
CHG_000710,SUB_001998,2026-02-09,Standard,(cancelled),Cancellation,NoReason
CHG_000711,SUB_001999,2025-07-30,Basic-Ads,(cancelled),Cancellation,Technical
CHG_000712,SUB_002000,2025-07-25,Basic-Ads,(cancelled),Cancellation,Cost
CHG_000713,SUB_002002,2026-03-19,Standard,(cancelled),Cancellation,Content
CHG_000714,SUB_002004,2026-03-16,Premium,(cancelled),Cancellation,Cost
CHG_000715,SUB_002009,2026-02-15,Basic-Ads,(cancelled),Cancellation,Cost
CHG_000716,SUB_002012,2026-02-22,Premium,(cancelled),Cancellation,Content
CHG_000717,SUB_002014,2025-07-29,Basic-Ads,(cancelled),Cancellation,Content
CHG_000718,SUB_002015,2025-11-22,Basic-Ads,(cancelled),Cancellation,Content
CHG_000719,SUB_002016,2026-03-15,Basic-Ads,(cancelled),Cancellation,Cost
CHG_000720,SUB_002017,2026-01-22,Standard,(cancelled),Cancellation,Cost
CHG_000721,SUB_002018,2025-06-16,Basic-Ads,(cancelled),Cancellation,Cost
CHG_000722,SUB_002019,2026-03-31,Premium,(cancelled),Cancellation,Cost
CHG_000723,SUB_002021,2025-05-16,Basic-Ads,(cancelled),Cancellation,Cost
CHG_000724,SUB_002022,2026-03-16,Basic-Ads,(cancelled),Cancellation,Technical
CHG_000725,SUB_002023,2025-12-25,Basic-Ads,(cancelled),Cancellation,Cost
CHG_000726,SUB_002025,2026-02-10,Standard,(cancelled),Cancellation,Service
CHG_000727,SUB_002027,2025-10-12,Standard,(cancelled),Cancellation,Service
CHG_000728,SUB_002029,2025-11-25,Basic-Ads,(cancelled),Cancellation,Content
CHG_000729,SUB_002030,2025-04-17,Basic-Ads,(cancelled),Cancellation,Cost
CHG_000730,SUB_002031,2025-07-13,Basic-Ads,(cancelled),Cancellation,NoReason
CHG_000731,SUB_002032,2025-11-14,Standard,(cancelled),Cancellation,Other
CHG_000732,SUB_002038,2025-06-26,Basic-Ads,(cancelled),Cancellation,Content
CHG_000733,SUB_002040,2025-08-28,Basic-Ads,(cancelled),Cancellation,Cost
CHG_000734,SUB_002043,2026-03-25,Basic-Ads,(cancelled),Cancellation,Content
CHG_000735,SUB_002049,2026-02-15,Standard,(cancelled),Cancellation,Cost
CHG_000736,SUB_002051,2026-01-06,Standard,(cancelled),Cancellation,Cost
CHG_000737,SUB_002056,2025-04-14,Basic-Ads,(cancelled),Cancellation,Service
CHG_000738,SUB_002058,2025-10-05,Premium,(cancelled),Cancellation,NoReason
CHG_000739,SUB_002060,2025-06-20,Basic-Ads,(cancelled),Cancellation,Cost
CHG_000740,SUB_002061,2025-05-09,Standard,(cancelled),Cancellation,Content
CHG_000741,SUB_002064,2026-03-10,Basic-Ads,(cancelled),Cancellation,Service
CHG_000742,SUB_002067,2025-11-06,Standard,(cancelled),Cancellation,Technical
CHG_000743,SUB_002069,2026-02-26,Basic-Ads,(cancelled),Cancellation,Cost
CHG_000744,SUB_002072,2025-05-14,Premium,(cancelled),Cancellation,Cost
CHG_000745,SUB_002078,2026-01-05,Standard,(cancelled),Cancellation,Cost
CHG_000746,SUB_002079,2025-12-05,Basic-Ads,(cancelled),Cancellation,NoReason
CHG_000747,SUB_002083,2025-08-31,Standard,(cancelled),Cancellation,Cost
CHG_000748,SUB_002084,2025-08-24,Basic-Ads,(cancelled),Cancellation,Cost
CHG_000749,SUB_002085,2026-01-20,Standard,(cancelled),Cancellation,Content
CHG_000750,SUB_002086,2026-03-24,Basic-Ads,(cancelled),Cancellation,Content
CHG_000751,SUB_002089,2026-03-10,Standard,(cancelled),Cancellation,Cost
CHG_000752,SUB_002092,2026-01-26,Basic-Ads,(cancelled),Cancellation,Cost
CHG_000753,SUB_002098,2026-03-21,Premium,(cancelled),Cancellation,Technical
CHG_000754,SUB_002103,2025-09-09,Basic-Ads,(cancelled),Cancellation,Other
CHG_000755,SUB_002108,2025-05-17,Standard,(cancelled),Cancellation,Cost
CHG_000756,SUB_002109,2026-03-19,Standard,(cancelled),Cancellation,Technical
CHG_000757,SUB_002115,2026-02-09,Basic-Ads,(cancelled),Cancellation,Other
CHG_000758,SUB_002117,2025-12-23,Standard,(cancelled),Cancellation,Service
CHG_000759,SUB_002119,2025-11-15,Basic-Ads,(cancelled),Cancellation,Content
CHG_000760,SUB_002120,2025-11-21,Standard,(cancelled),Cancellation,Service
CHG_000761,SUB_002122,2026-01-01,Standard,(cancelled),Cancellation,NoReason
CHG_000762,SUB_002125,2025-08-16,Basic-Ads,(cancelled),Cancellation,Content
CHG_000763,SUB_002126,2025-10-18,Premium,(cancelled),Cancellation,NoReason
CHG_000764,SUB_002136,2025-06-12,Standard,(cancelled),Cancellation,NoReason
CHG_000765,SUB_002137,2025-08-12,Basic-Ads,(cancelled),Cancellation,Cost
CHG_000766,SUB_002140,2025-10-15,Premium,(cancelled),Cancellation,Cost
CHG_000767,SUB_002141,2026-03-23,Basic-Ads,(cancelled),Cancellation,Other
CHG_000768,SUB_002143,2025-06-30,Premium,(cancelled),Cancellation,Cost
CHG_000769,SUB_002147,2025-11-07,Basic-Ads,(cancelled),Cancellation,Cost
CHG_000770,SUB_002150,2025-06-25,Premium,(cancelled),Cancellation,Cost
CHG_000771,SUB_002153,2026-03-20,Basic-Ads,(cancelled),Cancellation,Cost
CHG_000772,SUB_002156,2025-06-18,Standard,(cancelled),Cancellation,Cost
CHG_000773,SUB_002157,2025-11-26,Basic-Ads,(cancelled),Cancellation,Content
CHG_000774,SUB_002160,2025-06-03,Standard,(cancelled),Cancellation,Content
CHG_000775,SUB_002161,2026-03-10,Standard,(cancelled),Cancellation,Service
CHG_000776,SUB_002163,2026-03-30,Basic-Ads,(cancelled),Cancellation,Cost
CHG_000777,SUB_002167,2025-08-12,Standard,(cancelled),Cancellation,Content
CHG_000778,SUB_002171,2026-03-15,Basic-Ads,(cancelled),Cancellation,Technical
CHG_000779,SUB_002176,2026-02-17,Basic-Ads,(cancelled),Cancellation,Content
CHG_000780,SUB_002179,2025-11-27,Standard,(cancelled),Cancellation,Cost
CHG_000781,SUB_002180,2025-12-20,Basic-Ads,(cancelled),Cancellation,Cost
CHG_000782,SUB_002183,2025-09-26,Standard,(cancelled),Cancellation,Technical
CHG_000783,SUB_002185,2026-03-06,Standard,(cancelled),Cancellation,Other
CHG_000784,SUB_002186,2026-03-17,Basic-Ads,(cancelled),Cancellation,Cost
CHG_000785,SUB_002193,2026-02-17,Basic-Ads,(cancelled),Cancellation,Content
CHG_000786,SUB_002194,2025-08-20,Basic-Ads,(cancelled),Cancellation,Other
CHG_000787,SUB_002199,2026-03-21,Basic-Ads,(cancelled),Cancellation,Content
CHG_000788,SUB_002200,2026-03-24,Basic-Ads,(cancelled),Cancellation,NoReason
CHG_000789,SUB_002205,2025-04-18,Basic-Ads,(cancelled),Cancellation,Technical
CHG_000790,SUB_002208,2025-08-09,Standard,(cancelled),Cancellation,NoReason
CHG_000791,SUB_002209,2025-07-19,Premium,(cancelled),Cancellation,Cost
CHG_000792,SUB_002213,2025-05-29,Premium,(cancelled),Cancellation,Cost
CHG_000793,SUB_002215,2025-12-17,Basic-Ads,(cancelled),Cancellation,Cost
CHG_000794,SUB_002220,2026-02-10,Standard,(cancelled),Cancellation,Cost
CHG_000795,SUB_002223,2025-11-23,Standard,(cancelled),Cancellation,Cost
CHG_000796,SUB_002228,2025-10-20,Standard,(cancelled),Cancellation,Cost
CHG_000797,SUB_002230,2026-02-15,Standard,(cancelled),Cancellation,Cost
CHG_000798,SUB_002242,2026-03-10,Basic-Ads,(cancelled),Cancellation,Cost
CHG_000799,SUB_002243,2026-02-21,Basic-Ads,(cancelled),Cancellation,Other
CHG_000800,SUB_002244,2025-09-25,Basic-Ads,(cancelled),Cancellation,Other
CHG_000801,SUB_002245,2025-11-24,Standard,(cancelled),Cancellation,Cost
CHG_000802,SUB_002247,2025-11-16,Basic-Ads,(cancelled),Cancellation,Cost
CHG_000803,SUB_002252,2026-03-01,Premium,(cancelled),Cancellation,Cost
CHG_000804,SUB_002254,2025-12-07,Standard,(cancelled),Cancellation,Other
CHG_000805,SUB_002255,2025-10-28,Basic-Ads,(cancelled),Cancellation,Cost
CHG_000806,SUB_002257,2026-01-05,Basic-Ads,(cancelled),Cancellation,NoReason
CHG_000807,SUB_002258,2025-09-18,Basic-Ads,(cancelled),Cancellation,Cost
CHG_000808,SUB_002260,2025-11-16,Standard,(cancelled),Cancellation,Content
CHG_000809,SUB_002262,2026-01-18,Standard,(cancelled),Cancellation,Cost
CHG_000810,SUB_002265,2025-11-24,Standard,(cancelled),Cancellation,Cost
CHG_000811,SUB_002276,2026-02-26,Standard,(cancelled),Cancellation,Other
CHG_000812,SUB_002277,2025-12-21,Basic-Ads,(cancelled),Cancellation,Cost
CHG_000813,SUB_002279,2026-01-27,Standard,(cancelled),Cancellation,Cost
CHG_000814,SUB_002280,2025-10-06,Standard,(cancelled),Cancellation,Other
CHG_000815,SUB_002282,2026-02-27,Standard,(cancelled),Cancellation,Content
CHG_000816,SUB_002287,2025-09-19,Premium,(cancelled),Cancellation,Cost
CHG_000817,SUB_002289,2025-05-02,Standard,(cancelled),Cancellation,Cost
CHG_000818,SUB_002290,2026-03-25,Standard,(cancelled),Cancellation,Other
CHG_000819,SUB_002291,2025-09-24,Basic-Ads,(cancelled),Cancellation,Cost
CHG_000820,SUB_002293,2025-05-28,Basic-Ads,(cancelled),Cancellation,Cost
CHG_000821,SUB_002294,2025-08-14,Basic-Ads,(cancelled),Cancellation,Cost
CHG_000822,SUB_002297,2025-05-30,Standard,(cancelled),Cancellation,Technical
CHG_000823,SUB_002298,2025-07-05,Basic-Ads,(cancelled),Cancellation,Other
CHG_000824,SUB_002306,2025-09-25,Basic-Ads,(cancelled),Cancellation,Cost
CHG_000825,SUB_002317,2025-05-22,Standard,(cancelled),Cancellation,Other
CHG_000826,SUB_002318,2025-06-06,Basic-Ads,(cancelled),Cancellation,Other
CHG_000827,SUB_002319,2025-08-25,Basic-Ads,(cancelled),Cancellation,Content
CHG_000828,SUB_002320,2025-12-03,Basic-Ads,(cancelled),Cancellation,NoReason
CHG_000829,SUB_002321,2025-07-17,Standard,(cancelled),Cancellation,Service
CHG_000830,SUB_002322,2025-03-31,Basic-Ads,(cancelled),Cancellation,Other
CHG_000831,SUB_002323,2025-05-03,Premium,(cancelled),Cancellation,Cost
CHG_000832,SUB_002330,2026-02-19,Basic-Ads,(cancelled),Cancellation,Cost
CHG_000833,SUB_002331,2025-12-16,Standard,(cancelled),Cancellation,Other
CHG_000834,SUB_002335,2025-09-24,Basic-Ads,(cancelled),Cancellation,Cost
CHG_000835,SUB_002340,2026-03-30,Standard,(cancelled),Cancellation,Content
CHG_000836,SUB_002342,2026-03-15,Standard,(cancelled),Cancellation,Cost
CHG_000837,SUB_002348,2025-04-06,Basic-Ads,(cancelled),Cancellation,Cost
CHG_000838,SUB_002351,2026-01-11,Standard,(cancelled),Cancellation,Cost
CHG_000839,SUB_002352,2025-12-03,Basic-Ads,(cancelled),Cancellation,Service
CHG_000840,SUB_002353,2025-05-07,Basic-Ads,(cancelled),Cancellation,Cost
CHG_000841,SUB_002357,2025-05-28,Basic-Ads,(cancelled),Cancellation,Content
CHG_000842,SUB_002358,2026-01-28,Standard,(cancelled),Cancellation,Other
CHG_000843,SUB_002360,2025-09-08,Standard,(cancelled),Cancellation,Cost
CHG_000844,SUB_002361,2025-12-21,Basic-Ads,(cancelled),Cancellation,Content
CHG_000845,SUB_002363,2025-05-22,Basic-Ads,(cancelled),Cancellation,Cost
CHG_000846,SUB_002364,2025-12-10,Premium,(cancelled),Cancellation,Technical
CHG_000847,SUB_002367,2025-09-09,Standard,(cancelled),Cancellation,Service
CHG_000848,SUB_002369,2025-10-25,Standard,(cancelled),Cancellation,Cost
CHG_000849,SUB_002374,2025-05-05,Standard,(cancelled),Cancellation,Technical
CHG_000850,SUB_002379,2025-10-19,Standard,(cancelled),Cancellation,Cost
CHG_000851,SUB_002380,2025-12-03,Premium,(cancelled),Cancellation,Cost
CHG_000852,SUB_002383,2025-08-01,Standard,(cancelled),Cancellation,Cost
CHG_000853,SUB_002386,2026-01-22,Standard,(cancelled),Cancellation,Cost
CHG_000854,SUB_002388,2026-01-23,Basic-Ads,(cancelled),Cancellation,Cost
CHG_000855,SUB_002390,2025-09-15,Premium,(cancelled),Cancellation,Cost
CHG_000856,SUB_002393,2025-07-07,Standard,(cancelled),Cancellation,NoReason
CHG_000857,SUB_002394,2026-01-17,Standard,(cancelled),Cancellation,Cost
CHG_000858,SUB_002397,2025-11-11,Basic-Ads,(cancelled),Cancellation,Cost
CHG_000859,SUB_002398,2026-01-14,Basic-Ads,(cancelled),Cancellation,Cost
CHG_000860,SUB_002400,2026-02-13,Standard,(cancelled),Cancellation,Content
CHG_000861,SUB_002402,2025-09-18,Standard,(cancelled),Cancellation,Cost
CHG_000862,SUB_002408,2025-06-10,Basic-Ads,(cancelled),Cancellation,Cost
CHG_000863,SUB_002410,2026-03-18,Premium,(cancelled),Cancellation,Cost
CHG_000864,SUB_002411,2026-03-02,Basic-Ads,(cancelled),Cancellation,Other
CHG_000865,SUB_002412,2025-07-31,Basic-Ads,(cancelled),Cancellation,NoReason
CHG_000866,SUB_002414,2026-01-19,Standard,(cancelled),Cancellation,Content
CHG_000867,SUB_002416,2025-06-16,Premium,(cancelled),Cancellation,Cost
CHG_000868,SUB_002417,2026-03-08,Standard,(cancelled),Cancellation,Technical
CHG_000869,SUB_002423,2026-03-07,Standard,(cancelled),Cancellation,NoReason
CHG_000870,SUB_002424,2026-01-12,Premium,(cancelled),Cancellation,Content
CHG_000871,SUB_002426,2026-02-20,Basic-Ads,(cancelled),Cancellation,NoReason
CHG_000872,SUB_002427,2025-10-21,Standard,(cancelled),Cancellation,Content
CHG_000873,SUB_002431,2026-03-14,Basic-Ads,(cancelled),Cancellation,Content
CHG_000874,SUB_002432,2025-09-06,Standard,(cancelled),Cancellation,Other
CHG_000875,SUB_002433,2026-03-10,Basic-Ads,(cancelled),Cancellation,Cost
CHG_000876,SUB_002439,2025-07-23,Standard,(cancelled),Cancellation,Cost
CHG_000877,SUB_002441,2025-10-05,Basic-Ads,(cancelled),Cancellation,Technical
CHG_000878,SUB_002444,2026-03-17,Standard,(cancelled),Cancellation,Cost
CHG_000879,SUB_002447,2026-03-13,Standard,(cancelled),Cancellation,Cost
CHG_000880,SUB_002448,2026-03-03,Standard,(cancelled),Cancellation,Cost
CHG_000881,SUB_002449,2026-01-23,Premium,(cancelled),Cancellation,Service
CHG_000882,SUB_002451,2025-08-20,Standard,(cancelled),Cancellation,Content
CHG_000883,SUB_002452,2025-04-05,Standard,(cancelled),Cancellation,Cost
CHG_000884,SUB_002453,2025-12-12,Standard,(cancelled),Cancellation,Cost
CHG_000885,SUB_002455,2026-01-31,Standard,(cancelled),Cancellation,NoReason
CHG_000886,SUB_002457,2025-07-12,Standard,(cancelled),Cancellation,Service
CHG_000887,SUB_002458,2026-03-30,Basic-Ads,(cancelled),Cancellation,Content
CHG_000888,SUB_002460,2025-12-04,Basic-Ads,(cancelled),Cancellation,Cost
CHG_000889,SUB_002464,2026-03-09,Basic-Ads,(cancelled),Cancellation,NoReason
CHG_000890,SUB_002465,2025-11-22,Basic-Ads,(cancelled),Cancellation,Technical
CHG_000891,SUB_002467,2026-01-12,Basic-Ads,(cancelled),Cancellation,Cost
CHG_000892,SUB_002469,2025-12-12,Standard,(cancelled),Cancellation,Other
CHG_000893,SUB_002471,2025-12-20,Basic-Ads,(cancelled),Cancellation,Other
CHG_000894,SUB_002472,2025-05-22,Basic-Ads,(cancelled),Cancellation,Technical
CHG_000895,SUB_002473,2025-12-21,Premium,(cancelled),Cancellation,Content
CHG_000896,SUB_002484,2026-02-12,Standard,(cancelled),Cancellation,Cost
CHG_000897,SUB_002486,2026-03-08,Standard,(cancelled),Cancellation,Content
CHG_000898,SUB_002487,2025-10-21,Basic-Ads,(cancelled),Cancellation,Content
CHG_000899,SUB_002488,2026-03-30,Basic-Ads,(cancelled),Cancellation,Cost
CHG_000900,SUB_002495,2025-06-26,Standard,(cancelled),Cancellation,Cost
CHG_000901,SUB_002497,2025-12-20,Standard,(cancelled),Cancellation,Cost
CHG_000902,SUB_002501,2025-08-25,Standard,(cancelled),Cancellation,NoReason
CHG_000903,SUB_002502,2025-06-25,Standard,(cancelled),Cancellation,Content
CHG_000904,SUB_002504,2025-08-21,Basic-Ads,(cancelled),Cancellation,Content
CHG_000905,SUB_002506,2025-06-22,Standard,(cancelled),Cancellation,Technical
CHG_000906,SUB_002510,2026-01-24,Standard,(cancelled),Cancellation,Content
CHG_000907,SUB_002512,2025-10-31,Basic-Ads,(cancelled),Cancellation,Cost
CHG_000908,SUB_002517,2025-12-02,Basic-Ads,(cancelled),Cancellation,Content
CHG_000909,SUB_002518,2026-03-26,Basic-Ads,(cancelled),Cancellation,Cost
CHG_000910,SUB_002521,2025-05-22,Basic-Ads,(cancelled),Cancellation,Cost
CHG_000911,SUB_002522,2025-11-20,Basic-Ads,(cancelled),Cancellation,Content
CHG_000912,SUB_002523,2025-09-17,Basic-Ads,(cancelled),Cancellation,Cost
CHG_000913,SUB_002525,2026-02-05,Basic-Ads,(cancelled),Cancellation,Cost
CHG_000914,SUB_002526,2026-03-29,Standard,(cancelled),Cancellation,Other
CHG_000915,SUB_002527,2026-01-31,Standard,(cancelled),Cancellation,Cost
CHG_000916,SUB_002530,2025-06-08,Premium,(cancelled),Cancellation,Service
CHG_000917,SUB_002531,2025-11-27,Standard,(cancelled),Cancellation,Cost
CHG_000918,SUB_002535,2025-10-06,Basic-Ads,(cancelled),Cancellation,Content
CHG_000919,SUB_002538,2025-11-25,Basic-Ads,(cancelled),Cancellation,Content
CHG_000920,SUB_002540,2025-08-15,Basic-Ads,(cancelled),Cancellation,NoReason
CHG_000921,SUB_002541,2026-02-26,Basic-Ads,(cancelled),Cancellation,Content
CHG_000922,SUB_002545,2025-10-08,Basic-Ads,(cancelled),Cancellation,Technical
CHG_000923,SUB_002546,2025-10-17,Standard,(cancelled),Cancellation,Other
CHG_000924,SUB_002549,2025-12-21,Standard,(cancelled),Cancellation,Other
CHG_000925,SUB_002552,2025-12-27,Basic-Ads,(cancelled),Cancellation,Cost
CHG_000926,SUB_002562,2025-09-26,Standard,(cancelled),Cancellation,Content
CHG_000927,SUB_002564,2025-05-02,Standard,(cancelled),Cancellation,Service
CHG_000928,SUB_002570,2025-12-27,Standard,(cancelled),Cancellation,Cost
CHG_000929,SUB_002574,2025-09-14,Basic-Ads,(cancelled),Cancellation,Technical
CHG_000930,SUB_002575,2025-06-23,Basic-Ads,(cancelled),Cancellation,Content
CHG_000931,SUB_002576,2025-08-09,Standard,(cancelled),Cancellation,NoReason
CHG_000932,SUB_002579,2026-01-04,Basic-Ads,(cancelled),Cancellation,Cost
CHG_000933,SUB_002580,2025-10-14,Standard,(cancelled),Cancellation,Content
CHG_000934,SUB_002582,2026-01-21,Basic-Ads,(cancelled),Cancellation,Technical
CHG_000935,SUB_002583,2025-04-04,Basic-Ads,(cancelled),Cancellation,Technical
CHG_000936,SUB_002587,2025-07-19,Premium,(cancelled),Cancellation,Cost
CHG_000937,SUB_002592,2026-02-23,Basic-Ads,(cancelled),Cancellation,Cost
CHG_000938,SUB_002594,2025-05-27,Standard,(cancelled),Cancellation,Content
CHG_000939,SUB_002601,2026-03-19,Basic-Ads,(cancelled),Cancellation,NoReason
CHG_000940,SUB_002604,2025-06-18,Basic-Ads,(cancelled),Cancellation,Content
CHG_000941,SUB_002609,2025-12-29,Standard,(cancelled),Cancellation,Content
CHG_000942,SUB_002610,2025-08-11,Basic-Ads,(cancelled),Cancellation,Cost
CHG_000943,SUB_002611,2026-01-19,Standard,(cancelled),Cancellation,Service
CHG_000944,SUB_002612,2025-09-10,Standard,(cancelled),Cancellation,Cost
CHG_000945,SUB_002613,2025-09-12,Basic-Ads,(cancelled),Cancellation,Cost
CHG_000946,SUB_002617,2026-02-22,Basic-Ads,(cancelled),Cancellation,Technical
CHG_000947,SUB_002619,2025-10-01,Basic-Ads,(cancelled),Cancellation,Cost
CHG_000948,SUB_002620,2025-07-17,Basic-Ads,(cancelled),Cancellation,Technical
CHG_000949,SUB_002626,2026-02-08,Basic-Ads,(cancelled),Cancellation,Content
CHG_000950,SUB_002630,2026-03-29,Standard,(cancelled),Cancellation,Technical
CHG_000951,SUB_002631,2026-03-29,Basic-Ads,(cancelled),Cancellation,Cost
CHG_000952,SUB_002632,2026-03-09,Basic-Ads,(cancelled),Cancellation,Service
CHG_000953,SUB_002635,2025-12-06,Standard,(cancelled),Cancellation,Service
CHG_000954,SUB_002636,2025-11-05,Basic-Ads,(cancelled),Cancellation,Cost
CHG_000955,SUB_002642,2025-09-13,Standard,(cancelled),Cancellation,Technical
CHG_000956,SUB_002643,2026-02-24,Standard,(cancelled),Cancellation,Cost
CHG_000957,SUB_002646,2026-03-30,Basic-Ads,(cancelled),Cancellation,Cost
CHG_000958,SUB_002648,2025-11-18,Basic-Ads,(cancelled),Cancellation,Cost
CHG_000959,SUB_002650,2026-03-15,Standard,(cancelled),Cancellation,Cost
CHG_000960,SUB_002651,2025-12-30,Basic-Ads,(cancelled),Cancellation,Content
CHG_000961,SUB_002657,2025-09-25,Premium,(cancelled),Cancellation,Service
CHG_000962,SUB_002666,2026-01-03,Standard,(cancelled),Cancellation,Other
CHG_000963,SUB_002669,2025-09-03,Basic-Ads,(cancelled),Cancellation,Other
CHG_000964,SUB_002671,2025-04-16,Basic-Ads,(cancelled),Cancellation,Cost
CHG_000965,SUB_002672,2025-05-01,Premium,(cancelled),Cancellation,Cost
CHG_000966,SUB_002677,2025-07-24,Standard,(cancelled),Cancellation,Content
CHG_000967,SUB_002678,2026-03-03,Standard,(cancelled),Cancellation,NoReason
CHG_000968,SUB_002690,2026-03-30,Standard,(cancelled),Cancellation,Content
CHG_000969,SUB_002691,2026-03-04,Basic-Ads,(cancelled),Cancellation,Technical
CHG_000970,SUB_002692,2025-09-16,Premium,(cancelled),Cancellation,Technical
CHG_000971,SUB_002694,2025-04-29,Standard,(cancelled),Cancellation,Cost
CHG_000972,SUB_002695,2026-02-22,Standard,(cancelled),Cancellation,Cost
CHG_000973,SUB_002697,2025-12-27,Basic-Ads,(cancelled),Cancellation,Other
CHG_000974,SUB_002701,2025-09-28,Standard,(cancelled),Cancellation,Cost
CHG_000975,SUB_002702,2026-01-12,Basic-Ads,(cancelled),Cancellation,Cost
CHG_000976,SUB_002705,2025-11-29,Basic-Ads,(cancelled),Cancellation,Cost
CHG_000977,SUB_002707,2025-09-27,Standard,(cancelled),Cancellation,Cost
CHG_000978,SUB_002708,2026-03-04,Premium,(cancelled),Cancellation,Cost
CHG_000979,SUB_002715,2025-08-31,Basic-Ads,(cancelled),Cancellation,Other
CHG_000980,SUB_002717,2026-02-20,Basic-Ads,(cancelled),Cancellation,Cost
CHG_000981,SUB_002719,2026-02-22,Basic-Ads,(cancelled),Cancellation,Other
CHG_000982,SUB_002722,2025-07-21,Basic-Ads,(cancelled),Cancellation,Service
CHG_000983,SUB_002729,2025-09-18,Premium,(cancelled),Cancellation,Cost
CHG_000984,SUB_002732,2026-02-04,Premium,(cancelled),Cancellation,Cost
CHG_000985,SUB_002742,2025-09-17,Standard,(cancelled),Cancellation,Content
CHG_000986,SUB_002743,2025-10-09,Basic-Ads,(cancelled),Cancellation,Content
CHG_000987,SUB_002745,2026-01-01,Standard,(cancelled),Cancellation,Service
CHG_000988,SUB_002746,2025-04-18,Premium,(cancelled),Cancellation,Cost
CHG_000989,SUB_002754,2026-03-29,Basic-Ads,(cancelled),Cancellation,Cost
CHG_000990,SUB_002756,2026-01-21,Basic-Ads,(cancelled),Cancellation,NoReason
CHG_000991,SUB_002757,2025-10-19,Standard,(cancelled),Cancellation,Cost
CHG_000992,SUB_002760,2026-01-25,Standard,(cancelled),Cancellation,Content
CHG_000993,SUB_002761,2025-04-07,Basic-Ads,(cancelled),Cancellation,Cost
CHG_000994,SUB_002762,2026-03-23,Standard,(cancelled),Cancellation,Cost
CHG_000995,SUB_002764,2025-07-14,Standard,(cancelled),Cancellation,Cost
CHG_000996,SUB_002766,2026-03-18,Basic-Ads,(cancelled),Cancellation,Content
CHG_000997,SUB_002767,2026-01-24,Premium,(cancelled),Cancellation,Content
CHG_000998,SUB_002768,2025-05-29,Standard,(cancelled),Cancellation,Cost
CHG_000999,SUB_002773,2026-03-18,Basic-Ads,(cancelled),Cancellation,Content
CHG_001000,SUB_002775,2025-10-15,Basic-Ads,(cancelled),Cancellation,Cost
CHG_001001,SUB_002777,2026-03-28,Basic-Ads,(cancelled),Cancellation,Other
CHG_001002,SUB_002778,2025-06-12,Basic-Ads,(cancelled),Cancellation,Cost
CHG_001003,SUB_002779,2026-02-10,Premium,(cancelled),Cancellation,Cost
CHG_001004,SUB_002780,2026-01-21,Standard,(cancelled),Cancellation,Content
CHG_001005,SUB_002783,2025-11-21,Standard,(cancelled),Cancellation,Content
CHG_001006,SUB_002784,2025-10-14,Basic-Ads,(cancelled),Cancellation,Content
CHG_001007,SUB_002791,2026-02-11,Basic-Ads,(cancelled),Cancellation,Other
CHG_001008,SUB_002794,2025-11-01,Standard,(cancelled),Cancellation,Cost
CHG_001009,SUB_002804,2025-07-13,Basic-Ads,(cancelled),Cancellation,Content
CHG_001010,SUB_002807,2025-05-27,Basic-Ads,(cancelled),Cancellation,Cost
CHG_001011,SUB_002815,2025-04-18,Basic-Ads,(cancelled),Cancellation,Cost
CHG_001012,SUB_002818,2025-12-01,Basic-Ads,(cancelled),Cancellation,Cost
CHG_001013,SUB_002819,2025-12-02,Basic-Ads,(cancelled),Cancellation,Content
CHG_001014,SUB_002821,2025-07-28,Basic-Ads,(cancelled),Cancellation,Content
CHG_001015,SUB_002823,2025-08-04,Basic-Ads,(cancelled),Cancellation,Cost
CHG_001016,SUB_002826,2025-10-18,Basic-Ads,(cancelled),Cancellation,Cost
CHG_001017,SUB_002827,2026-01-23,Premium,(cancelled),Cancellation,Cost
CHG_001018,SUB_002830,2025-12-29,Standard,(cancelled),Cancellation,Cost
CHG_001019,SUB_002832,2025-05-24,Basic-Ads,(cancelled),Cancellation,Cost
CHG_001020,SUB_002833,2025-11-10,Standard,(cancelled),Cancellation,Cost
CHG_001021,SUB_002834,2025-09-30,Basic-Ads,(cancelled),Cancellation,Content
CHG_001022,SUB_002838,2026-02-27,Basic-Ads,(cancelled),Cancellation,Cost
CHG_001023,SUB_002843,2025-05-31,Basic-Ads,(cancelled),Cancellation,Technical
CHG_001024,SUB_002845,2025-09-21,Basic-Ads,(cancelled),Cancellation,Cost
CHG_001025,SUB_002847,2026-03-07,Standard,(cancelled),Cancellation,Technical
CHG_001026,SUB_002852,2025-10-12,Basic-Ads,(cancelled),Cancellation,Cost
CHG_001027,SUB_002853,2026-01-24,Basic-Ads,(cancelled),Cancellation,Cost
CHG_001028,SUB_002862,2025-07-09,Basic-Ads,(cancelled),Cancellation,Cost
CHG_001029,SUB_002866,2025-09-08,Standard,(cancelled),Cancellation,Cost
CHG_001030,SUB_002874,2025-12-31,Basic-Ads,(cancelled),Cancellation,Cost
CHG_001031,SUB_002875,2026-03-04,Standard,(cancelled),Cancellation,Service
CHG_001032,SUB_002876,2025-10-28,Basic-Ads,(cancelled),Cancellation,Cost
CHG_001033,SUB_002878,2025-05-12,Premium,(cancelled),Cancellation,Cost
CHG_001034,SUB_002879,2026-01-15,Basic-Ads,(cancelled),Cancellation,Technical
CHG_001035,SUB_002881,2026-01-25,Basic-Ads,(cancelled),Cancellation,Cost
CHG_001036,SUB_002882,2025-11-19,Basic-Ads,(cancelled),Cancellation,NoReason
CHG_001037,SUB_002883,2025-12-14,Standard,(cancelled),Cancellation,Cost
CHG_001038,SUB_002884,2026-03-03,Standard,(cancelled),Cancellation,Cost
CHG_001039,SUB_002886,2026-03-11,Basic-Ads,(cancelled),Cancellation,Cost
CHG_001040,SUB_002895,2026-03-31,Basic-Ads,(cancelled),Cancellation,Technical
CHG_001041,SUB_002897,2025-11-18,Standard,(cancelled),Cancellation,Other
CHG_001042,SUB_002898,2026-02-09,Standard,(cancelled),Cancellation,Technical
CHG_001043,SUB_002899,2025-09-14,Standard,(cancelled),Cancellation,Technical
CHG_001044,SUB_002903,2025-10-21,Basic-Ads,(cancelled),Cancellation,Cost
CHG_001045,SUB_002907,2025-06-21,Basic-Ads,(cancelled),Cancellation,Other
CHG_001046,SUB_002909,2025-11-26,Basic-Ads,(cancelled),Cancellation,Cost
CHG_001047,SUB_002910,2025-11-01,Basic-Ads,(cancelled),Cancellation,Cost
CHG_001048,SUB_002911,2025-07-11,Basic-Ads,(cancelled),Cancellation,Cost
CHG_001049,SUB_002912,2026-03-08,Basic-Ads,(cancelled),Cancellation,Technical
CHG_001050,SUB_002916,2026-02-10,Premium,(cancelled),Cancellation,NoReason
CHG_001051,SUB_002917,2025-10-08,Basic-Ads,(cancelled),Cancellation,Service
CHG_001052,SUB_002921,2026-01-08,Basic-Ads,(cancelled),Cancellation,Other
CHG_001053,SUB_002922,2026-03-27,Basic-Ads,(cancelled),Cancellation,Technical
CHG_001054,SUB_002925,2026-02-18,Standard,(cancelled),Cancellation,Service
CHG_001055,SUB_002926,2026-02-24,Standard,(cancelled),Cancellation,Cost
CHG_001056,SUB_002933,2025-08-15,Premium,(cancelled),Cancellation,Content
CHG_001057,SUB_002937,2025-12-23,Standard,(cancelled),Cancellation,Content
CHG_001058,SUB_002944,2026-01-10,Standard,(cancelled),Cancellation,Cost
CHG_001059,SUB_002946,2026-03-19,Basic-Ads,(cancelled),Cancellation,Service
CHG_001060,SUB_002947,2026-03-22,Standard,(cancelled),Cancellation,Other
CHG_001061,SUB_002949,2026-03-01,Standard,(cancelled),Cancellation,Content
CHG_001062,SUB_002951,2025-08-29,Basic-Ads,(cancelled),Cancellation,Other
CHG_001063,SUB_002952,2026-03-06,Basic-Ads,(cancelled),Cancellation,Other
CHG_001064,SUB_002953,2025-12-10,Premium,(cancelled),Cancellation,Content
CHG_001065,SUB_002956,2025-07-16,Standard,(cancelled),Cancellation,Cost
CHG_001066,SUB_002960,2025-12-13,Standard,(cancelled),Cancellation,Content
CHG_001067,SUB_002962,2025-11-24,Standard,(cancelled),Cancellation,Other
CHG_001068,SUB_002963,2025-10-25,Basic-Ads,(cancelled),Cancellation,Technical
CHG_001069,SUB_002967,2026-03-09,Premium,(cancelled),Cancellation,Content
CHG_001070,SUB_002970,2025-11-03,Basic-Ads,(cancelled),Cancellation,Cost
CHG_001071,SUB_002971,2025-11-21,Basic-Ads,(cancelled),Cancellation,Cost
CHG_001072,SUB_002972,2025-04-02,Standard,(cancelled),Cancellation,Cost
CHG_001073,SUB_002978,2026-02-22,Premium,(cancelled),Cancellation,Cost
CHG_001074,SUB_002982,2025-12-27,Standard,(cancelled),Cancellation,Service
CHG_001075,SUB_002986,2025-07-12,Basic-Ads,(cancelled),Cancellation,Cost
CHG_001076,SUB_002990,2025-10-21,Standard,(cancelled),Cancellation,Cost
CHG_001077,SUB_002993,2025-12-28,Standard,(cancelled),Cancellation,Cost
CHG_001078,SUB_002994,2025-07-13,Basic-Ads,(cancelled),Cancellation,Other
CHG_001079,SUB_002996,2026-02-10,Standard,(cancelled),Cancellation,Technical
CHG_001080,SUB_002999,2026-03-03,Standard,(cancelled),Cancellation,Cost
CHG_001081,SUB_003001,2025-08-29,Premium,(cancelled),Cancellation,Cost
CHG_001082,SUB_003005,2025-08-01,Standard,(cancelled),Cancellation,Service
CHG_001083,SUB_003009,2026-01-01,Basic-Ads,(cancelled),Cancellation,Content
CHG_001084,SUB_003014,2025-12-11,Basic-Ads,(cancelled),Cancellation,Cost
CHG_001085,SUB_003019,2025-06-06,Basic-Ads,(cancelled),Cancellation,Technical
CHG_001086,SUB_003021,2025-09-24,Standard,(cancelled),Cancellation,Service
CHG_001087,SUB_003023,2026-03-24,Basic-Ads,(cancelled),Cancellation,Cost
CHG_001088,SUB_003025,2026-02-02,Standard,(cancelled),Cancellation,Other
CHG_001089,SUB_003026,2025-07-23,Standard,(cancelled),Cancellation,Cost
CHG_001090,SUB_003031,2025-07-17,Standard,(cancelled),Cancellation,Cost
CHG_001091,SUB_003033,2026-01-08,Standard,(cancelled),Cancellation,Cost
CHG_001092,SUB_003037,2026-03-07,Basic-Ads,(cancelled),Cancellation,NoReason
CHG_001093,SUB_003048,2026-03-17,Basic-Ads,(cancelled),Cancellation,Content
CHG_001094,SUB_003052,2025-08-20,Basic-Ads,(cancelled),Cancellation,Content
CHG_001095,SUB_003060,2025-04-19,Standard,(cancelled),Cancellation,Other
CHG_001096,SUB_003064,2025-09-10,Basic-Ads,(cancelled),Cancellation,Technical
CHG_001097,SUB_003066,2025-05-21,Standard,(cancelled),Cancellation,Technical
CHG_001098,SUB_003069,2025-09-06,Basic-Ads,(cancelled),Cancellation,Other
CHG_001099,SUB_003070,2025-05-15,Standard,(cancelled),Cancellation,Cost
CHG_001100,SUB_003073,2026-02-22,Basic-Ads,(cancelled),Cancellation,Content
CHG_001101,SUB_003075,2026-01-08,Standard,(cancelled),Cancellation,Service
CHG_001102,SUB_003077,2026-03-29,Standard,(cancelled),Cancellation,Service
CHG_001103,SUB_003080,2026-02-04,Basic-Ads,(cancelled),Cancellation,Content
CHG_001104,SUB_003081,2026-03-27,Basic-Ads,(cancelled),Cancellation,Content
CHG_001105,SUB_003083,2025-07-14,Basic-Ads,(cancelled),Cancellation,Cost
CHG_001106,SUB_003086,2026-03-06,Basic-Ads,(cancelled),Cancellation,Cost
CHG_001107,SUB_003087,2026-03-15,Basic-Ads,(cancelled),Cancellation,Cost
CHG_001108,SUB_003088,2026-03-08,Basic-Ads,(cancelled),Cancellation,Technical
CHG_001109,SUB_003090,2025-08-16,Basic-Ads,(cancelled),Cancellation,Content
CHG_001110,SUB_003091,2025-10-18,Basic-Ads,(cancelled),Cancellation,Cost
CHG_001111,SUB_003093,2026-01-17,Basic-Ads,(cancelled),Cancellation,Cost
CHG_001112,SUB_003098,2026-01-13,Basic-Ads,(cancelled),Cancellation,Cost
CHG_001113,SUB_003102,2026-03-16,Basic-Ads,(cancelled),Cancellation,Cost
CHG_001114,SUB_003106,2026-03-04,Basic-Ads,(cancelled),Cancellation,Cost
CHG_001115,SUB_003114,2026-01-10,Basic-Ads,(cancelled),Cancellation,Cost
CHG_001116,SUB_003115,2025-09-15,Basic-Ads,(cancelled),Cancellation,Cost
CHG_001117,SUB_003116,2025-09-20,Standard,(cancelled),Cancellation,Cost
CHG_001118,SUB_003117,2025-11-29,Standard,(cancelled),Cancellation,Other
CHG_001119,SUB_003118,2025-06-09,Basic-Ads,(cancelled),Cancellation,Cost
CHG_001120,SUB_003121,2025-10-15,Standard,(cancelled),Cancellation,Content
CHG_001121,SUB_003123,2025-08-28,Standard,(cancelled),Cancellation,Cost
CHG_001122,SUB_003133,2025-12-15,Basic-Ads,(cancelled),Cancellation,Service
CHG_001123,SUB_003134,2026-03-16,Basic-Ads,(cancelled),Cancellation,Service
CHG_001124,SUB_003137,2026-02-03,Basic-Ads,(cancelled),Cancellation,Service
CHG_001125,SUB_003138,2026-03-05,Premium,(cancelled),Cancellation,Cost
CHG_001126,SUB_003140,2025-10-02,Basic-Ads,(cancelled),Cancellation,Other
CHG_001127,SUB_003145,2025-04-14,Standard,(cancelled),Cancellation,Other
CHG_001128,SUB_003151,2026-02-08,Basic-Ads,(cancelled),Cancellation,Other
CHG_001129,SUB_003157,2026-02-20,Basic-Ads,(cancelled),Cancellation,Cost
CHG_001130,SUB_003162,2026-02-28,Standard,(cancelled),Cancellation,Cost
CHG_001131,SUB_003164,2025-12-18,Basic-Ads,(cancelled),Cancellation,Other
CHG_001132,SUB_003165,2025-12-10,Basic-Ads,(cancelled),Cancellation,Cost
CHG_001133,SUB_003166,2026-01-03,Basic-Ads,(cancelled),Cancellation,Service
CHG_001134,SUB_003167,2026-03-18,Standard,(cancelled),Cancellation,Technical
CHG_001135,SUB_003168,2026-03-22,Basic-Ads,(cancelled),Cancellation,Content
CHG_001136,SUB_003170,2025-12-06,Basic-Ads,(cancelled),Cancellation,Cost
CHG_001137,SUB_003171,2026-01-17,Basic-Ads,(cancelled),Cancellation,Cost
CHG_001138,SUB_003173,2026-02-05,Basic-Ads,(cancelled),Cancellation,Cost
CHG_001139,SUB_003177,2026-01-05,Basic-Ads,(cancelled),Cancellation,Cost
CHG_001140,SUB_003180,2025-11-24,Standard,(cancelled),Cancellation,Other
CHG_001141,SUB_003185,2026-01-26,Standard,(cancelled),Cancellation,Cost
CHG_001142,SUB_003188,2025-08-12,Basic-Ads,(cancelled),Cancellation,Content
CHG_001143,SUB_003191,2025-11-06,Basic-Ads,(cancelled),Cancellation,Other
CHG_001144,SUB_003193,2025-10-23,Basic-Ads,(cancelled),Cancellation,Service
CHG_001145,SUB_003195,2025-08-24,Basic-Ads,(cancelled),Cancellation,Content
CHG_001146,SUB_003200,2026-01-02,Basic-Ads,(cancelled),Cancellation,Other
CHG_001147,SUB_003203,2025-11-01,Basic-Ads,(cancelled),Cancellation,Cost
CHG_001148,SUB_003213,2025-09-14,Basic-Ads,(cancelled),Cancellation,NoReason
CHG_001149,SUB_003216,2026-03-02,Basic-Ads,(cancelled),Cancellation,Cost
CHG_001150,SUB_003218,2025-10-08,Standard,(cancelled),Cancellation,Cost
CHG_001151,SUB_003227,2025-12-27,Basic-Ads,(cancelled),Cancellation,Content
CHG_001152,SUB_003228,2025-11-26,Premium,(cancelled),Cancellation,Content
CHG_001153,SUB_003230,2025-09-23,Basic-Ads,(cancelled),Cancellation,Service
CHG_001154,SUB_003231,2025-05-22,Basic-Ads,(cancelled),Cancellation,Cost
CHG_001155,SUB_003238,2025-11-03,Premium,(cancelled),Cancellation,Content
CHG_001156,SUB_003240,2025-11-06,Basic-Ads,(cancelled),Cancellation,Cost
CHG_001157,SUB_003241,2025-08-17,Basic-Ads,(cancelled),Cancellation,Cost
CHG_001158,SUB_003242,2026-01-22,Basic-Ads,(cancelled),Cancellation,Content
CHG_001159,SUB_003244,2026-02-01,Basic-Ads,(cancelled),Cancellation,Cost
CHG_001160,SUB_003251,2025-08-30,Standard,(cancelled),Cancellation,NoReason
CHG_001161,SUB_003256,2025-05-13,Basic-Ads,(cancelled),Cancellation,Service
CHG_001162,SUB_003260,2026-02-18,Standard,(cancelled),Cancellation,Cost
CHG_001163,SUB_003263,2025-11-03,Basic-Ads,(cancelled),Cancellation,Content
CHG_001164,SUB_003267,2026-03-25,Standard,(cancelled),Cancellation,Technical
CHG_001165,SUB_003271,2026-03-06,Basic-Ads,(cancelled),Cancellation,Cost
CHG_001166,SUB_003272,2026-03-25,Basic-Ads,(cancelled),Cancellation,Cost
CHG_001167,SUB_003273,2025-10-03,Basic-Ads,(cancelled),Cancellation,Service
CHG_001168,SUB_003274,2026-02-05,Basic-Ads,(cancelled),Cancellation,Cost
CHG_001169,SUB_003275,2025-08-02,Basic-Ads,(cancelled),Cancellation,Content
CHG_001170,SUB_003280,2025-11-08,Basic-Ads,(cancelled),Cancellation,Technical
CHG_001171,SUB_003288,2025-10-03,Premium,(cancelled),Cancellation,Cost
CHG_001172,SUB_003291,2026-03-05,Standard,(cancelled),Cancellation,Content
CHG_001173,SUB_003293,2026-03-16,Basic-Ads,(cancelled),Cancellation,Other
CHG_001174,SUB_003294,2025-04-30,Basic-Ads,(cancelled),Cancellation,Cost
CHG_001175,SUB_003295,2025-04-27,Standard,(cancelled),Cancellation,Content
CHG_001176,SUB_003300,2025-09-17,Basic-Ads,(cancelled),Cancellation,Other
CHG_001177,SUB_003301,2026-02-24,Basic-Ads,(cancelled),Cancellation,Content
CHG_001178,SUB_003304,2025-08-13,Basic-Ads,(cancelled),Cancellation,NoReason
CHG_001179,SUB_003305,2025-11-10,Basic-Ads,(cancelled),Cancellation,Service
CHG_001180,SUB_003310,2025-09-28,Basic-Ads,(cancelled),Cancellation,Cost
CHG_001181,SUB_003315,2025-05-25,Basic-Ads,(cancelled),Cancellation,Other
CHG_001182,SUB_003317,2025-09-29,Basic-Ads,(cancelled),Cancellation,NoReason
CHG_001183,SUB_003324,2026-02-22,Standard,(cancelled),Cancellation,Content
CHG_001184,SUB_003326,2026-03-18,Premium,(cancelled),Cancellation,Cost
CHG_001185,SUB_003329,2026-02-02,Standard,(cancelled),Cancellation,Service
CHG_001186,SUB_003331,2025-10-14,Standard,(cancelled),Cancellation,Cost
CHG_001187,SUB_003334,2026-01-22,Basic-Ads,(cancelled),Cancellation,Cost
CHG_001188,SUB_003341,2026-02-26,Basic-Ads,(cancelled),Cancellation,Cost
CHG_001189,SUB_003345,2025-10-07,Basic-Ads,(cancelled),Cancellation,Content
CHG_001190,SUB_003348,2026-03-07,Standard,(cancelled),Cancellation,Technical
CHG_001191,SUB_003349,2026-03-12,Basic-Ads,(cancelled),Cancellation,Cost
CHG_001192,SUB_003352,2025-09-19,Standard,(cancelled),Cancellation,Other
CHG_001193,SUB_003356,2026-02-24,Basic-Ads,(cancelled),Cancellation,Cost
CHG_001194,SUB_003358,2025-10-07,Basic-Ads,(cancelled),Cancellation,Cost
CHG_001195,SUB_003359,2026-03-01,Basic-Ads,(cancelled),Cancellation,Cost
CHG_001196,SUB_003360,2026-02-14,Basic-Ads,(cancelled),Cancellation,Cost
CHG_001197,SUB_003361,2025-12-01,Standard,(cancelled),Cancellation,Content
CHG_001198,SUB_003362,2025-11-08,Basic-Ads,(cancelled),Cancellation,Cost
CHG_001199,SUB_003367,2025-08-30,Basic-Ads,(cancelled),Cancellation,Cost
CHG_001200,SUB_003369,2025-07-31,Standard,(cancelled),Cancellation,Content
CHG_001201,SUB_003373,2025-10-27,Standard,(cancelled),Cancellation,Service
CHG_001202,SUB_003374,2025-06-11,Premium,(cancelled),Cancellation,Cost
CHG_001203,SUB_003382,2025-05-28,Standard,(cancelled),Cancellation,Technical
CHG_001204,SUB_003386,2025-11-07,Basic-Ads,(cancelled),Cancellation,Cost
CHG_001205,SUB_003387,2026-02-15,Premium,(cancelled),Cancellation,Cost
CHG_001206,SUB_003388,2025-11-08,Standard,(cancelled),Cancellation,Cost
CHG_001207,SUB_003389,2026-01-21,Basic-Ads,(cancelled),Cancellation,Content
CHG_001208,SUB_003391,2025-09-16,Basic-Ads,(cancelled),Cancellation,Cost
CHG_001209,SUB_003395,2025-10-20,Basic-Ads,(cancelled),Cancellation,Service
CHG_001210,SUB_003396,2025-11-22,Basic-Ads,(cancelled),Cancellation,Service
CHG_001211,SUB_003397,2025-05-13,Standard,(cancelled),Cancellation,Service
CHG_001212,SUB_003399,2025-11-04,Standard,(cancelled),Cancellation,Cost
CHG_001213,SUB_003400,2025-09-29,Standard,(cancelled),Cancellation,Cost
CHG_001214,SUB_003406,2025-08-15,Basic-Ads,(cancelled),Cancellation,Other
CHG_001215,SUB_003407,2025-05-06,Premium,(cancelled),Cancellation,Cost
CHG_001216,SUB_003410,2026-03-30,Basic-Ads,(cancelled),Cancellation,Content
CHG_001217,SUB_003411,2025-09-01,Standard,(cancelled),Cancellation,Content
CHG_001218,SUB_003412,2025-11-23,Basic-Ads,(cancelled),Cancellation,Other
CHG_001219,SUB_003413,2025-11-30,Basic-Ads,(cancelled),Cancellation,Content
CHG_001220,SUB_003418,2025-07-17,Basic-Ads,(cancelled),Cancellation,Technical
CHG_001221,SUB_003419,2025-08-08,Standard,(cancelled),Cancellation,Technical
CHG_001222,SUB_003421,2025-10-24,Basic-Ads,(cancelled),Cancellation,Content
CHG_001223,SUB_003426,2025-05-10,Standard,(cancelled),Cancellation,Cost
CHG_001224,SUB_003430,2025-08-21,Standard,(cancelled),Cancellation,Technical
CHG_001225,SUB_003435,2026-02-20,Premium,(cancelled),Cancellation,Cost
CHG_001226,SUB_003436,2025-06-06,Basic-Ads,(cancelled),Cancellation,Technical
CHG_001227,SUB_003438,2025-12-29,Standard,(cancelled),Cancellation,Cost
CHG_001228,SUB_003440,2025-06-04,Premium,(cancelled),Cancellation,Technical
CHG_001229,SUB_003441,2025-08-22,Basic-Ads,(cancelled),Cancellation,Cost
CHG_001230,SUB_003443,2025-04-26,Premium,(cancelled),Cancellation,Content
CHG_001231,SUB_003446,2025-11-25,Standard,(cancelled),Cancellation,Cost
CHG_001232,SUB_003448,2025-05-04,Standard,(cancelled),Cancellation,Technical
CHG_001233,SUB_003451,2026-01-16,Standard,(cancelled),Cancellation,NoReason
CHG_001234,SUB_003452,2026-03-03,Basic-Ads,(cancelled),Cancellation,Cost
CHG_001235,SUB_003453,2025-09-08,Basic-Ads,(cancelled),Cancellation,Content
CHG_001236,SUB_003457,2025-11-15,Basic-Ads,(cancelled),Cancellation,Content
CHG_001237,SUB_003458,2025-10-11,Premium,(cancelled),Cancellation,Content
CHG_001238,SUB_003461,2025-10-02,Basic-Ads,(cancelled),Cancellation,Content
CHG_001239,SUB_003462,2026-02-27,Basic-Ads,(cancelled),Cancellation,Cost
CHG_001240,SUB_003466,2025-08-27,Basic-Ads,(cancelled),Cancellation,Other
CHG_001241,SUB_003470,2025-06-17,Premium,(cancelled),Cancellation,Service
CHG_001242,SUB_003471,2026-02-06,Basic-Ads,(cancelled),Cancellation,NoReason
CHG_001243,SUB_003475,2026-02-27,Basic-Ads,(cancelled),Cancellation,NoReason
CHG_001244,SUB_003477,2025-08-07,Standard,(cancelled),Cancellation,Cost
CHG_001245,SUB_003479,2025-08-12,Basic-Ads,(cancelled),Cancellation,Service
CHG_001246,SUB_003481,2025-12-21,Standard,(cancelled),Cancellation,Content
CHG_001247,SUB_003485,2025-04-13,Basic-Ads,(cancelled),Cancellation,Cost
CHG_001248,SUB_003498,2025-12-28,Standard,(cancelled),Cancellation,Technical
CHG_001249,SUB_003499,2025-12-24,Basic-Ads,(cancelled),Cancellation,Service
CHG_001250,SUB_003500,2026-03-17,Standard,(cancelled),Cancellation,Cost
CHG_001251,SUB_003507,2026-03-20,Standard,(cancelled),Cancellation,NoReason
CHG_001252,SUB_003510,2025-09-21,Basic-Ads,(cancelled),Cancellation,Content
CHG_001253,SUB_003513,2026-01-03,Basic-Ads,(cancelled),Cancellation,Cost
CHG_001254,SUB_003516,2025-09-12,Basic-Ads,(cancelled),Cancellation,Content
CHG_001255,SUB_003517,2025-06-23,Basic-Ads,(cancelled),Cancellation,Cost
CHG_001256,SUB_003518,2026-02-16,Basic-Ads,(cancelled),Cancellation,Content
CHG_001257,SUB_003523,2025-09-30,Basic-Ads,(cancelled),Cancellation,Content
CHG_001258,SUB_003536,2025-09-22,Standard,(cancelled),Cancellation,Cost
CHG_001259,SUB_003537,2025-09-07,Basic-Ads,(cancelled),Cancellation,Cost
CHG_001260,SUB_003541,2025-08-20,Standard,(cancelled),Cancellation,Cost
CHG_001261,SUB_003542,2025-08-17,Basic-Ads,(cancelled),Cancellation,Cost
CHG_001262,SUB_003555,2025-12-30,Standard,(cancelled),Cancellation,Service
CHG_001263,SUB_003557,2026-03-10,Basic-Ads,(cancelled),Cancellation,Cost
CHG_001264,SUB_003558,2025-08-30,Basic-Ads,(cancelled),Cancellation,Content
CHG_001265,SUB_003559,2026-03-22,Basic-Ads,(cancelled),Cancellation,Content
CHG_001266,SUB_003560,2025-09-08,Basic-Ads,(cancelled),Cancellation,Content
CHG_001267,SUB_003563,2026-03-18,Basic-Ads,(cancelled),Cancellation,Cost
CHG_001268,SUB_003565,2025-05-30,Basic-Ads,(cancelled),Cancellation,Service
CHG_001269,SUB_003566,2025-04-17,Standard,(cancelled),Cancellation,Cost
CHG_001270,SUB_003573,2025-04-22,Premium,(cancelled),Cancellation,Cost
CHG_001271,SUB_003576,2026-02-06,Standard,(cancelled),Cancellation,Cost
CHG_001272,SUB_003580,2025-10-05,Premium,(cancelled),Cancellation,Cost
CHG_001273,SUB_003581,2025-08-11,Standard,(cancelled),Cancellation,Cost
CHG_001274,SUB_003588,2025-04-30,Basic-Ads,(cancelled),Cancellation,Content
CHG_001275,SUB_003589,2026-01-13,Basic-Ads,(cancelled),Cancellation,Technical
CHG_001276,SUB_003593,2025-08-24,Premium,(cancelled),Cancellation,Cost
CHG_001277,SUB_003595,2025-09-28,Premium,(cancelled),Cancellation,Cost
CHG_001278,SUB_003596,2025-10-29,Standard,(cancelled),Cancellation,Other
CHG_001279,SUB_003597,2025-05-18,Basic-Ads,(cancelled),Cancellation,Cost
CHG_001280,SUB_003600,2025-04-28,Basic-Ads,(cancelled),Cancellation,Cost
CHG_001281,SUB_003601,2026-03-28,Basic-Ads,(cancelled),Cancellation,Cost
CHG_001282,SUB_003602,2025-12-05,Standard,(cancelled),Cancellation,Content
CHG_001283,SUB_003603,2025-09-10,Basic-Ads,(cancelled),Cancellation,Cost
CHG_001284,SUB_003614,2026-01-14,Basic-Ads,(cancelled),Cancellation,Cost
CHG_001285,SUB_003617,2025-12-14,Basic-Ads,(cancelled),Cancellation,Content
CHG_001286,SUB_003618,2026-01-16,Basic-Ads,(cancelled),Cancellation,Content
CHG_001287,SUB_003622,2026-01-01,Basic-Ads,(cancelled),Cancellation,Cost
CHG_001288,SUB_003627,2026-02-18,Standard,(cancelled),Cancellation,Cost
CHG_001289,SUB_003628,2025-09-17,Standard,(cancelled),Cancellation,Content
CHG_001290,SUB_003629,2025-07-20,Basic-Ads,(cancelled),Cancellation,Service
CHG_001291,SUB_003630,2025-07-09,Premium,(cancelled),Cancellation,Technical
CHG_001292,SUB_003634,2025-08-22,Basic-Ads,(cancelled),Cancellation,Cost
CHG_001293,SUB_003638,2025-10-10,Basic-Ads,(cancelled),Cancellation,Other
CHG_001294,SUB_003639,2026-02-04,Basic-Ads,(cancelled),Cancellation,Cost
CHG_001295,SUB_003640,2025-11-13,Basic-Ads,(cancelled),Cancellation,Service
CHG_001296,SUB_003642,2026-03-28,Basic-Ads,(cancelled),Cancellation,Service
CHG_001297,SUB_003645,2026-03-24,Basic-Ads,(cancelled),Cancellation,Cost
CHG_001298,SUB_003650,2025-06-03,Basic-Ads,(cancelled),Cancellation,Other
CHG_001299,SUB_003652,2026-01-26,Premium,(cancelled),Cancellation,Cost
CHG_001300,SUB_003653,2026-02-28,Basic-Ads,(cancelled),Cancellation,Cost
CHG_001301,SUB_003654,2025-11-22,Standard,(cancelled),Cancellation,Technical
CHG_001302,SUB_003655,2026-02-09,Basic-Ads,(cancelled),Cancellation,Cost
CHG_001303,SUB_003657,2025-07-20,Premium,(cancelled),Cancellation,Cost
CHG_001304,SUB_003658,2026-01-30,Basic-Ads,(cancelled),Cancellation,NoReason
CHG_001305,SUB_003659,2025-12-21,Standard,(cancelled),Cancellation,Content
CHG_001306,SUB_003661,2026-03-31,Basic-Ads,(cancelled),Cancellation,Cost
CHG_001307,SUB_003671,2025-04-12,Basic-Ads,(cancelled),Cancellation,Cost
CHG_001308,SUB_003674,2025-09-29,Standard,(cancelled),Cancellation,Content
CHG_001309,SUB_003675,2026-01-07,Standard,(cancelled),Cancellation,Service
CHG_001310,SUB_003682,2026-02-02,Standard,(cancelled),Cancellation,Cost
CHG_001311,SUB_003687,2025-12-28,Basic-Ads,(cancelled),Cancellation,Other
CHG_001312,SUB_003689,2025-12-21,Standard,(cancelled),Cancellation,Cost
CHG_001313,SUB_003690,2025-10-17,Basic-Ads,(cancelled),Cancellation,Content
CHG_001314,SUB_003691,2026-03-28,Basic-Ads,(cancelled),Cancellation,Cost
CHG_001315,SUB_003692,2025-12-21,Basic-Ads,(cancelled),Cancellation,Other
CHG_001316,SUB_003694,2025-10-03,Standard,(cancelled),Cancellation,Content
CHG_001317,SUB_003696,2025-05-20,Basic-Ads,(cancelled),Cancellation,Cost
CHG_001318,SUB_003700,2025-10-29,Basic-Ads,(cancelled),Cancellation,Technical
CHG_001319,SUB_003703,2026-02-06,Basic-Ads,(cancelled),Cancellation,Cost
CHG_001320,SUB_003711,2026-01-24,Standard,(cancelled),Cancellation,NoReason
CHG_001321,SUB_003712,2025-07-23,Premium,(cancelled),Cancellation,NoReason
CHG_001322,SUB_003716,2025-12-26,Standard,(cancelled),Cancellation,Technical
CHG_001323,SUB_003722,2026-01-10,Standard,(cancelled),Cancellation,Cost
CHG_001324,SUB_003724,2025-09-20,Basic-Ads,(cancelled),Cancellation,Cost
CHG_001325,SUB_003725,2026-01-12,Basic-Ads,(cancelled),Cancellation,Content
CHG_001326,SUB_003728,2025-10-12,Basic-Ads,(cancelled),Cancellation,NoReason
CHG_001327,SUB_003730,2025-11-04,Basic-Ads,(cancelled),Cancellation,NoReason
CHG_001328,SUB_003731,2025-06-09,Standard,(cancelled),Cancellation,Cost
CHG_001329,SUB_003735,2025-10-19,Premium,(cancelled),Cancellation,Cost
CHG_001330,SUB_003736,2025-04-09,Basic-Ads,(cancelled),Cancellation,Cost
CHG_001331,SUB_003737,2026-02-20,Standard,(cancelled),Cancellation,Content
CHG_001332,SUB_003738,2026-03-18,Standard,(cancelled),Cancellation,Technical
CHG_001333,SUB_003739,2026-01-20,Standard,(cancelled),Cancellation,Content
CHG_001334,SUB_003740,2025-11-20,Standard,(cancelled),Cancellation,Content
CHG_001335,SUB_003744,2026-03-09,Basic-Ads,(cancelled),Cancellation,Cost
CHG_001336,SUB_003745,2025-12-01,Basic-Ads,(cancelled),Cancellation,Other
CHG_001337,SUB_003746,2025-08-02,Standard,(cancelled),Cancellation,Technical
CHG_001338,SUB_003750,2025-06-06,Basic-Ads,(cancelled),Cancellation,Cost
CHG_001339,SUB_003753,2025-08-05,Basic-Ads,(cancelled),Cancellation,NoReason
CHG_001340,SUB_003764,2025-03-31,Premium,(cancelled),Cancellation,Cost
CHG_001341,SUB_003767,2025-03-31,Standard,(cancelled),Cancellation,Cost
CHG_001342,SUB_003770,2025-10-13,Basic-Ads,(cancelled),Cancellation,Content
CHG_001343,SUB_003772,2026-02-19,Standard,(cancelled),Cancellation,Other
CHG_001344,SUB_003773,2026-03-14,Basic-Ads,(cancelled),Cancellation,Cost
CHG_001345,SUB_003775,2025-12-16,Basic-Ads,(cancelled),Cancellation,Cost
CHG_001346,SUB_003776,2025-12-04,Basic-Ads,(cancelled),Cancellation,Cost
CHG_001347,SUB_003778,2026-03-12,Basic-Ads,(cancelled),Cancellation,Service
CHG_001348,SUB_003780,2025-07-25,Standard,(cancelled),Cancellation,Cost
CHG_001349,SUB_003782,2026-03-09,Standard,(cancelled),Cancellation,Cost
CHG_001350,SUB_003784,2025-08-15,Basic-Ads,(cancelled),Cancellation,Cost
CHG_001351,SUB_003785,2026-03-12,Standard,(cancelled),Cancellation,Cost
CHG_001352,SUB_003786,2025-09-18,Standard,(cancelled),Cancellation,Technical
CHG_001353,SUB_003787,2026-02-10,Standard,(cancelled),Cancellation,Cost
CHG_001354,SUB_003794,2025-05-22,Standard,(cancelled),Cancellation,Content
CHG_001355,SUB_003797,2025-06-20,Basic-Ads,(cancelled),Cancellation,Cost
CHG_001356,SUB_003800,2025-07-23,Basic-Ads,(cancelled),Cancellation,Cost
CHG_001357,SUB_003803,2025-11-19,Basic-Ads,(cancelled),Cancellation,Cost
CHG_001358,SUB_003807,2026-02-14,Standard,(cancelled),Cancellation,Technical
CHG_001359,SUB_003808,2026-02-18,Standard,(cancelled),Cancellation,Content
CHG_001360,SUB_003813,2026-03-14,Basic-Ads,(cancelled),Cancellation,Other
CHG_001361,SUB_003814,2025-09-30,Basic-Ads,(cancelled),Cancellation,Content
CHG_001362,SUB_003817,2026-03-13,Basic-Ads,(cancelled),Cancellation,Cost
CHG_001363,SUB_003825,2025-06-06,Premium,(cancelled),Cancellation,Cost
CHG_001364,SUB_003826,2025-08-20,Basic-Ads,(cancelled),Cancellation,Content
CHG_001365,SUB_003831,2026-02-20,Basic-Ads,(cancelled),Cancellation,Cost
CHG_001366,SUB_003836,2025-09-28,Standard,(cancelled),Cancellation,Cost
CHG_001367,SUB_003838,2025-05-05,Standard,(cancelled),Cancellation,Content
CHG_001368,SUB_003839,2025-09-08,Standard,(cancelled),Cancellation,Other
CHG_001369,SUB_003840,2026-03-09,Basic-Ads,(cancelled),Cancellation,Cost
CHG_001370,SUB_003842,2025-10-08,Standard,(cancelled),Cancellation,Service
CHG_001371,SUB_003846,2025-12-08,Basic-Ads,(cancelled),Cancellation,Service
CHG_001372,SUB_003847,2025-05-21,Basic-Ads,(cancelled),Cancellation,Other
CHG_001373,SUB_003850,2026-03-27,Premium,(cancelled),Cancellation,Cost
CHG_001374,SUB_003852,2025-10-31,Premium,(cancelled),Cancellation,Service
CHG_001375,SUB_003855,2026-03-29,Basic-Ads,(cancelled),Cancellation,Cost
CHG_001376,SUB_003857,2025-04-11,Basic-Ads,(cancelled),Cancellation,Other
CHG_001377,SUB_003859,2026-03-01,Standard,(cancelled),Cancellation,Cost
CHG_001378,SUB_003863,2026-01-07,Basic-Ads,(cancelled),Cancellation,Content
CHG_001379,SUB_003864,2025-09-18,Standard,(cancelled),Cancellation,Service
CHG_001380,SUB_003870,2025-08-28,Standard,(cancelled),Cancellation,NoReason
CHG_001381,SUB_003871,2025-08-11,Basic-Ads,(cancelled),Cancellation,Content
CHG_001382,SUB_003872,2025-11-19,Basic-Ads,(cancelled),Cancellation,Service
CHG_001383,SUB_003874,2026-03-06,Standard,(cancelled),Cancellation,Other
CHG_001384,SUB_003877,2025-12-08,Standard,(cancelled),Cancellation,Content
CHG_001385,SUB_003878,2026-03-07,Basic-Ads,(cancelled),Cancellation,Cost
CHG_001386,SUB_003883,2025-05-12,Basic-Ads,(cancelled),Cancellation,Other
CHG_001387,SUB_003893,2025-11-30,Basic-Ads,(cancelled),Cancellation,Technical
CHG_001388,SUB_003894,2026-02-16,Basic-Ads,(cancelled),Cancellation,Cost
CHG_001389,SUB_003898,2025-06-07,Standard,(cancelled),Cancellation,Technical
CHG_001390,SUB_003908,2025-08-18,Basic-Ads,(cancelled),Cancellation,Technical
CHG_001391,SUB_003915,2025-06-19,Standard,(cancelled),Cancellation,Service
CHG_001392,SUB_003919,2025-07-14,Basic-Ads,(cancelled),Cancellation,Content
CHG_001393,SUB_003922,2025-12-01,Standard,(cancelled),Cancellation,Technical
CHG_001394,SUB_003926,2025-10-29,Premium,(cancelled),Cancellation,Other
CHG_001395,SUB_003927,2026-02-11,Basic-Ads,(cancelled),Cancellation,Service
CHG_001396,SUB_003928,2025-05-16,Premium,(cancelled),Cancellation,Cost
CHG_001397,SUB_003929,2026-03-26,Basic-Ads,(cancelled),Cancellation,NoReason
CHG_001398,SUB_003941,2026-02-06,Basic-Ads,(cancelled),Cancellation,Cost
CHG_001399,SUB_003942,2025-11-20,Basic-Ads,(cancelled),Cancellation,Technical
CHG_001400,SUB_003946,2025-12-01,Standard,(cancelled),Cancellation,Cost
CHG_001401,SUB_003958,2025-10-08,Premium,(cancelled),Cancellation,Technical
CHG_001402,SUB_003959,2026-01-06,Basic-Ads,(cancelled),Cancellation,Service
CHG_001403,SUB_003963,2026-01-04,Standard,(cancelled),Cancellation,Cost
CHG_001404,SUB_003971,2026-02-14,Basic-Ads,(cancelled),Cancellation,Cost
CHG_001405,SUB_003972,2025-07-23,Basic-Ads,(cancelled),Cancellation,Cost
CHG_001406,SUB_003973,2025-12-12,Basic-Ads,(cancelled),Cancellation,Cost
CHG_001407,SUB_003977,2026-03-10,Standard,(cancelled),Cancellation,Cost
CHG_001408,SUB_003979,2025-12-02,Basic-Ads,(cancelled),Cancellation,Cost
CHG_001409,SUB_003981,2026-03-20,Standard,(cancelled),Cancellation,Other
CHG_001410,SUB_003984,2026-03-20,Basic-Ads,(cancelled),Cancellation,Cost
CHG_001411,SUB_003985,2025-07-25,Standard,(cancelled),Cancellation,Cost
CHG_001412,SUB_003988,2025-10-18,Standard,(cancelled),Cancellation,Service
CHG_001413,SUB_003991,2026-01-05,Basic-Ads,(cancelled),Cancellation,Content
CHG_001414,SUB_003993,2025-07-14,Basic-Ads,(cancelled),Cancellation,Cost
CHG_001415,SUB_003999,2026-01-04,Basic-Ads,(cancelled),Cancellation,Technical
CHG_001416,SUB_004000,2026-02-08,Standard,(cancelled),Cancellation,Service
CHG_001417,SUB_004001,2025-06-27,Basic-Ads,(cancelled),Cancellation,Content
CHG_001418,SUB_004004,2025-08-18,Standard,(cancelled),Cancellation,Cost
CHG_001419,SUB_004009,2025-06-23,Basic-Ads,(cancelled),Cancellation,Content
CHG_001420,SUB_004011,2026-03-08,Basic-Ads,(cancelled),Cancellation,Content
CHG_001421,SUB_004017,2025-11-28,Basic-Ads,(cancelled),Cancellation,Technical
CHG_001422,SUB_004019,2026-01-28,Basic-Ads,(cancelled),Cancellation,Technical
CHG_001423,SUB_004020,2025-12-04,Standard,(cancelled),Cancellation,Cost
CHG_001424,SUB_004024,2025-04-29,Standard,(cancelled),Cancellation,Cost
CHG_001425,SUB_004025,2025-12-25,Premium,(cancelled),Cancellation,NoReason
CHG_001426,SUB_004026,2026-01-16,Basic-Ads,(cancelled),Cancellation,Cost
CHG_001427,SUB_004030,2025-08-31,Premium,(cancelled),Cancellation,Content
CHG_001428,SUB_004034,2025-10-12,Standard,(cancelled),Cancellation,Cost
CHG_001429,SUB_004035,2025-11-03,Standard,(cancelled),Cancellation,Content
CHG_001430,SUB_004040,2025-07-29,Basic-Ads,(cancelled),Cancellation,Cost
CHG_001431,SUB_004041,2026-02-09,Basic-Ads,(cancelled),Cancellation,Technical
CHG_001432,SUB_004043,2026-03-02,Standard,(cancelled),Cancellation,Cost
CHG_001433,SUB_004051,2026-03-19,Standard,(cancelled),Cancellation,Technical
CHG_001434,SUB_004053,2025-11-01,Basic-Ads,(cancelled),Cancellation,Content
CHG_001435,SUB_004054,2026-02-07,Basic-Ads,(cancelled),Cancellation,Cost
CHG_001436,SUB_004055,2026-01-31,Standard,(cancelled),Cancellation,Cost
CHG_001437,SUB_004060,2026-03-01,Standard,(cancelled),Cancellation,Content
CHG_001438,SUB_004063,2025-07-19,Basic-Ads,(cancelled),Cancellation,Content
CHG_001439,SUB_004067,2025-05-26,Basic-Ads,(cancelled),Cancellation,Other
CHG_001440,SUB_004070,2025-08-18,Basic-Ads,(cancelled),Cancellation,Cost
CHG_001441,SUB_004072,2025-10-08,Basic-Ads,(cancelled),Cancellation,NoReason
CHG_001442,SUB_004073,2025-07-08,Standard,(cancelled),Cancellation,Content
CHG_001443,SUB_004074,2025-08-30,Standard,(cancelled),Cancellation,Technical
CHG_001444,SUB_004076,2026-01-11,Basic-Ads,(cancelled),Cancellation,Technical
CHG_001445,SUB_004078,2025-10-24,Standard,(cancelled),Cancellation,Service
CHG_001446,SUB_004080,2025-08-02,Basic-Ads,(cancelled),Cancellation,Cost
CHG_001447,SUB_004081,2026-03-28,Basic-Ads,(cancelled),Cancellation,Cost
CHG_001448,SUB_004084,2025-11-12,Standard,(cancelled),Cancellation,Technical
CHG_001449,SUB_004085,2025-10-11,Basic-Ads,(cancelled),Cancellation,NoReason
CHG_001450,SUB_004086,2026-03-20,Standard,(cancelled),Cancellation,Cost
CHG_001451,SUB_004087,2026-03-24,Basic-Ads,(cancelled),Cancellation,Content
CHG_001452,SUB_004093,2026-01-07,Standard,(cancelled),Cancellation,Cost
CHG_001453,SUB_004097,2025-11-13,Basic-Ads,(cancelled),Cancellation,Content
CHG_001454,SUB_004106,2025-06-27,Basic-Ads,(cancelled),Cancellation,Cost
CHG_001455,SUB_004109,2026-03-18,Basic-Ads,(cancelled),Cancellation,Other
CHG_001456,SUB_004117,2025-09-26,Standard,(cancelled),Cancellation,Cost
CHG_001457,SUB_004123,2026-03-15,Basic-Ads,(cancelled),Cancellation,Cost
CHG_001458,SUB_004129,2025-08-13,Basic-Ads,(cancelled),Cancellation,Cost
CHG_001459,SUB_004131,2026-02-10,Premium,(cancelled),Cancellation,Cost
CHG_001460,SUB_004132,2026-02-17,Basic-Ads,(cancelled),Cancellation,Service
CHG_001461,SUB_004133,2025-09-02,Basic-Ads,(cancelled),Cancellation,Cost
CHG_001462,SUB_004134,2025-09-23,Premium,(cancelled),Cancellation,Cost
CHG_001463,SUB_004140,2026-03-13,Basic-Ads,(cancelled),Cancellation,Content
CHG_001464,SUB_004144,2026-01-26,Basic-Ads,(cancelled),Cancellation,Content
CHG_001465,SUB_004145,2025-09-25,Standard,(cancelled),Cancellation,Cost
CHG_001466,SUB_004149,2025-12-21,Basic-Ads,(cancelled),Cancellation,Service
CHG_001467,SUB_004151,2025-09-13,Premium,(cancelled),Cancellation,Content
CHG_001468,SUB_004152,2025-08-04,Basic-Ads,(cancelled),Cancellation,Service
CHG_001469,SUB_004153,2026-01-09,Standard,(cancelled),Cancellation,Content
CHG_001470,SUB_004155,2025-04-22,Basic-Ads,(cancelled),Cancellation,Technical
CHG_001471,SUB_004157,2025-04-29,Basic-Ads,(cancelled),Cancellation,Content
CHG_001472,SUB_004163,2026-01-26,Basic-Ads,(cancelled),Cancellation,Cost
CHG_001473,SUB_004167,2026-03-08,Standard,(cancelled),Cancellation,Content
CHG_001474,SUB_004170,2025-06-05,Standard,(cancelled),Cancellation,Cost
CHG_001475,SUB_004181,2026-02-24,Standard,(cancelled),Cancellation,Cost
CHG_001476,SUB_004186,2025-11-04,Basic-Ads,(cancelled),Cancellation,Other
CHG_001477,SUB_004197,2025-07-28,Basic-Ads,(cancelled),Cancellation,Cost
CHG_001478,SUB_004199,2025-11-01,Basic-Ads,(cancelled),Cancellation,Cost
CHG_001479,SUB_004200,2025-12-15,Standard,(cancelled),Cancellation,Cost
CHG_001480,SUB_004203,2025-09-26,Standard,(cancelled),Cancellation,Service
CHG_001481,SUB_004214,2026-02-03,Basic-Ads,(cancelled),Cancellation,Cost
CHG_001482,SUB_004216,2026-03-01,Standard,(cancelled),Cancellation,Content
CHG_001483,SUB_004217,2025-09-15,Basic-Ads,(cancelled),Cancellation,Service
CHG_001484,SUB_004218,2025-05-29,Premium,(cancelled),Cancellation,Cost
CHG_001485,SUB_004219,2026-02-15,Standard,(cancelled),Cancellation,Cost
CHG_001486,SUB_004220,2025-07-31,Standard,(cancelled),Cancellation,Other
CHG_001487,SUB_004221,2025-11-01,Premium,(cancelled),Cancellation,Service
CHG_001488,SUB_004224,2026-03-26,Standard,(cancelled),Cancellation,Service
CHG_001489,SUB_004227,2026-03-31,Standard,(cancelled),Cancellation,Content
CHG_001490,SUB_004229,2025-05-14,Premium,(cancelled),Cancellation,Content
CHG_001491,SUB_004233,2026-01-07,Premium,(cancelled),Cancellation,Cost
CHG_001492,SUB_004236,2026-02-10,Standard,(cancelled),Cancellation,Other
CHG_001493,SUB_004238,2026-01-15,Basic-Ads,(cancelled),Cancellation,Cost
CHG_001494,SUB_004244,2026-01-11,Standard,(cancelled),Cancellation,Service
CHG_001495,SUB_004245,2025-12-02,Basic-Ads,(cancelled),Cancellation,Content
CHG_001496,SUB_004248,2026-02-15,Basic-Ads,(cancelled),Cancellation,Content
CHG_001497,SUB_004251,2025-10-11,Standard,(cancelled),Cancellation,Service
CHG_001498,SUB_004252,2026-01-30,Basic-Ads,(cancelled),Cancellation,Technical
CHG_001499,SUB_004253,2026-03-17,Basic-Ads,(cancelled),Cancellation,Content
CHG_001500,SUB_004254,2025-12-22,Standard,(cancelled),Cancellation,Content
CHG_001501,SUB_004256,2026-03-27,Basic-Ads,(cancelled),Cancellation,Content
CHG_001502,SUB_004259,2025-06-24,Basic-Ads,(cancelled),Cancellation,Cost
CHG_001503,SUB_004263,2026-03-06,Basic-Ads,(cancelled),Cancellation,Cost
CHG_001504,SUB_004265,2025-08-01,Basic-Ads,(cancelled),Cancellation,Cost
CHG_001505,SUB_004268,2025-05-30,Standard,(cancelled),Cancellation,Cost
CHG_001506,SUB_004269,2026-02-20,Basic-Ads,(cancelled),Cancellation,Cost
CHG_001507,SUB_004272,2025-08-07,Basic-Ads,(cancelled),Cancellation,Cost
CHG_001508,SUB_004273,2026-01-03,Standard,(cancelled),Cancellation,Cost
CHG_001509,SUB_004276,2026-03-21,Basic-Ads,(cancelled),Cancellation,Content
CHG_001510,SUB_004277,2026-02-03,Basic-Ads,(cancelled),Cancellation,Content
CHG_001511,SUB_004278,2025-08-09,Standard,(cancelled),Cancellation,Service
CHG_001512,SUB_004279,2026-03-29,Basic-Ads,(cancelled),Cancellation,Cost
CHG_001513,SUB_004282,2025-06-19,Standard,(cancelled),Cancellation,Cost
CHG_001514,SUB_004292,2025-10-07,Basic-Ads,(cancelled),Cancellation,Other
CHG_001515,SUB_004302,2025-05-04,Basic-Ads,(cancelled),Cancellation,Cost
CHG_001516,SUB_004303,2025-10-09,Standard,(cancelled),Cancellation,Content
CHG_001517,SUB_004304,2025-07-20,Basic-Ads,(cancelled),Cancellation,Other
CHG_001518,SUB_004309,2025-10-07,Standard,(cancelled),Cancellation,Content
CHG_001519,SUB_004310,2025-08-16,Standard,(cancelled),Cancellation,Technical
CHG_001520,SUB_004311,2026-03-22,Standard,(cancelled),Cancellation,Other
CHG_001521,SUB_004312,2025-10-29,Basic-Ads,(cancelled),Cancellation,Cost
CHG_001522,SUB_004323,2025-04-17,Basic-Ads,(cancelled),Cancellation,Content
CHG_001523,SUB_004325,2025-06-22,Standard,(cancelled),Cancellation,Technical
CHG_001524,SUB_004327,2025-09-16,Standard,(cancelled),Cancellation,Cost
CHG_001525,SUB_004331,2025-10-08,Basic-Ads,(cancelled),Cancellation,Technical
CHG_001526,SUB_004332,2026-01-07,Standard,(cancelled),Cancellation,Content
CHG_001527,SUB_004334,2025-11-18,Basic-Ads,(cancelled),Cancellation,Cost
CHG_001528,SUB_004341,2025-09-17,Standard,(cancelled),Cancellation,Technical
CHG_001529,SUB_004351,2025-05-01,Basic-Ads,(cancelled),Cancellation,Cost
CHG_001530,SUB_004353,2026-03-08,Basic-Ads,(cancelled),Cancellation,Content
CHG_001531,SUB_004359,2025-10-01,Premium,(cancelled),Cancellation,Technical
CHG_001532,SUB_004360,2025-04-09,Premium,(cancelled),Cancellation,Content
CHG_001533,SUB_004363,2025-04-09,Standard,(cancelled),Cancellation,Cost
CHG_001534,SUB_004365,2025-12-23,Basic-Ads,(cancelled),Cancellation,Cost
CHG_001535,SUB_004367,2025-08-12,Basic-Ads,(cancelled),Cancellation,Content
CHG_001536,SUB_004368,2025-10-06,Standard,(cancelled),Cancellation,Cost
CHG_001537,SUB_004371,2025-06-21,Standard,(cancelled),Cancellation,Other
CHG_001538,SUB_004378,2026-03-27,Standard,(cancelled),Cancellation,Content
CHG_001539,SUB_004380,2026-01-14,Premium,(cancelled),Cancellation,Cost
CHG_001540,SUB_004382,2025-04-12,Basic-Ads,(cancelled),Cancellation,Other
CHG_001541,SUB_004386,2025-10-24,Basic-Ads,(cancelled),Cancellation,Cost
CHG_001542,SUB_004388,2026-02-01,Basic-Ads,(cancelled),Cancellation,Content
CHG_001543,SUB_004391,2026-01-28,Basic-Ads,(cancelled),Cancellation,Content
CHG_001544,SUB_004394,2026-01-25,Basic-Ads,(cancelled),Cancellation,Technical
CHG_001545,SUB_004395,2026-01-26,Standard,(cancelled),Cancellation,Cost
CHG_001546,SUB_004399,2026-01-24,Standard,(cancelled),Cancellation,Cost
CHG_001547,SUB_004405,2025-05-08,Basic-Ads,(cancelled),Cancellation,Technical
CHG_001548,SUB_004406,2025-10-07,Basic-Ads,(cancelled),Cancellation,Content
CHG_001549,SUB_004407,2025-09-27,Premium,(cancelled),Cancellation,Other
CHG_001550,SUB_004410,2026-02-08,Standard,(cancelled),Cancellation,Content
CHG_001551,SUB_004412,2025-07-24,Basic-Ads,(cancelled),Cancellation,Cost
CHG_001552,SUB_004417,2025-12-10,Basic-Ads,(cancelled),Cancellation,Content
CHG_001553,SUB_004419,2025-05-21,Standard,(cancelled),Cancellation,Cost
CHG_001554,SUB_004420,2025-05-27,Basic-Ads,(cancelled),Cancellation,Cost
CHG_001555,SUB_004424,2025-10-06,Standard,(cancelled),Cancellation,Service
CHG_001556,SUB_004427,2025-09-06,Basic-Ads,(cancelled),Cancellation,Cost
CHG_001557,SUB_004428,2025-10-02,Standard,(cancelled),Cancellation,Cost
CHG_001558,SUB_004432,2026-01-21,Standard,(cancelled),Cancellation,Cost
CHG_001559,SUB_004433,2025-04-29,Standard,(cancelled),Cancellation,Cost
CHG_001560,SUB_004434,2025-07-18,Standard,(cancelled),Cancellation,Cost
CHG_001561,SUB_004436,2025-10-03,Basic-Ads,(cancelled),Cancellation,Technical
CHG_001562,SUB_004443,2025-08-08,Basic-Ads,(cancelled),Cancellation,Technical
CHG_001563,SUB_004444,2026-03-07,Premium,(cancelled),Cancellation,Cost
CHG_001564,SUB_004445,2026-03-30,Basic-Ads,(cancelled),Cancellation,Cost
CHG_001565,SUB_004449,2025-12-11,Basic-Ads,(cancelled),Cancellation,Cost
CHG_001566,SUB_004453,2025-08-27,Basic-Ads,(cancelled),Cancellation,Content
CHG_001567,SUB_004457,2025-11-28,Standard,(cancelled),Cancellation,Cost
CHG_001568,SUB_004459,2025-10-13,Standard,(cancelled),Cancellation,Technical
CHG_001569,SUB_004460,2025-12-15,Basic-Ads,(cancelled),Cancellation,Cost
CHG_001570,SUB_004466,2025-05-10,Basic-Ads,(cancelled),Cancellation,Cost
CHG_001571,SUB_004467,2025-12-06,Basic-Ads,(cancelled),Cancellation,Cost
CHG_001572,SUB_004468,2026-03-21,Basic-Ads,(cancelled),Cancellation,NoReason
CHG_001573,SUB_004472,2026-01-04,Basic-Ads,(cancelled),Cancellation,Cost
CHG_001574,SUB_004476,2026-02-17,Premium,(cancelled),Cancellation,Cost
CHG_001575,SUB_004478,2025-11-19,Basic-Ads,(cancelled),Cancellation,Cost
CHG_001576,SUB_004480,2025-12-27,Premium,(cancelled),Cancellation,Content
CHG_001577,SUB_004481,2025-05-06,Basic-Ads,(cancelled),Cancellation,Cost
CHG_001578,SUB_004485,2025-08-13,Standard,(cancelled),Cancellation,NoReason
CHG_001579,SUB_004489,2026-03-08,Standard,(cancelled),Cancellation,Technical
CHG_001580,SUB_004490,2025-12-25,Standard,(cancelled),Cancellation,NoReason
CHG_001581,SUB_004492,2026-03-09,Basic-Ads,(cancelled),Cancellation,Cost
CHG_001582,SUB_004507,2026-03-06,Basic-Ads,(cancelled),Cancellation,Service
CHG_001583,SUB_004509,2025-12-14,Standard,(cancelled),Cancellation,Cost
CHG_001584,SUB_004510,2025-09-23,Basic-Ads,(cancelled),Cancellation,NoReason
CHG_001585,SUB_004511,2025-11-19,Standard,(cancelled),Cancellation,Content
CHG_001586,SUB_004513,2025-10-03,Basic-Ads,(cancelled),Cancellation,Technical
CHG_001587,SUB_004515,2026-03-02,Basic-Ads,(cancelled),Cancellation,Content
CHG_001588,SUB_004516,2025-07-13,Basic-Ads,(cancelled),Cancellation,Content
CHG_001589,SUB_004517,2026-03-10,Basic-Ads,(cancelled),Cancellation,Content
CHG_001590,SUB_004518,2026-01-07,Basic-Ads,(cancelled),Cancellation,Cost
CHG_001591,SUB_004521,2026-01-02,Basic-Ads,(cancelled),Cancellation,Cost
CHG_001592,SUB_004522,2026-02-04,Basic-Ads,(cancelled),Cancellation,Cost
CHG_001593,SUB_004523,2025-04-10,Basic-Ads,(cancelled),Cancellation,Content
CHG_001594,SUB_004524,2026-02-28,Premium,(cancelled),Cancellation,Other
CHG_001595,SUB_004530,2026-01-12,Basic-Ads,(cancelled),Cancellation,Content
CHG_001596,SUB_004532,2025-09-19,Standard,(cancelled),Cancellation,Cost
CHG_001597,SUB_004536,2025-10-31,Standard,(cancelled),Cancellation,Cost
CHG_001598,SUB_004538,2026-02-26,Basic-Ads,(cancelled),Cancellation,Cost
CHG_001599,SUB_004539,2025-07-12,Standard,(cancelled),Cancellation,Cost
CHG_001600,SUB_004540,2026-03-18,Standard,(cancelled),Cancellation,NoReason
CHG_001601,SUB_004544,2025-10-07,Standard,(cancelled),Cancellation,NoReason
CHG_001602,SUB_004547,2025-12-25,Premium,(cancelled),Cancellation,Service
CHG_001603,SUB_004548,2025-12-25,Premium,(cancelled),Cancellation,Cost
CHG_001604,SUB_004549,2025-08-31,Basic-Ads,(cancelled),Cancellation,Cost
CHG_001605,SUB_004550,2026-03-15,Standard,(cancelled),Cancellation,Cost
CHG_001606,SUB_004551,2026-03-11,Basic-Ads,(cancelled),Cancellation,Technical
CHG_001607,SUB_004552,2025-04-10,Standard,(cancelled),Cancellation,Technical
CHG_001608,SUB_004555,2026-03-24,Standard,(cancelled),Cancellation,Content
CHG_001609,SUB_004556,2026-01-23,Basic-Ads,(cancelled),Cancellation,Other
CHG_001610,SUB_004561,2026-02-13,Basic-Ads,(cancelled),Cancellation,Cost
CHG_001611,SUB_004564,2025-10-19,Standard,(cancelled),Cancellation,Cost
CHG_001612,SUB_004568,2025-11-22,Basic-Ads,(cancelled),Cancellation,Technical
CHG_001613,SUB_004573,2025-04-17,Premium,(cancelled),Cancellation,Cost
CHG_001614,SUB_004574,2025-10-09,Standard,(cancelled),Cancellation,NoReason
CHG_001615,SUB_004576,2025-08-22,Basic-Ads,(cancelled),Cancellation,Other
CHG_001616,SUB_004580,2026-03-11,Basic-Ads,(cancelled),Cancellation,Cost
CHG_001617,SUB_004582,2025-12-03,Basic-Ads,(cancelled),Cancellation,Cost
CHG_001618,SUB_004585,2025-06-10,Basic-Ads,(cancelled),Cancellation,Cost
CHG_001619,SUB_004589,2025-06-16,Basic-Ads,(cancelled),Cancellation,Content
CHG_001620,SUB_004590,2025-06-17,Premium,(cancelled),Cancellation,Cost
CHG_001621,SUB_004592,2025-11-20,Basic-Ads,(cancelled),Cancellation,Technical
CHG_001622,SUB_004593,2026-03-21,Standard,(cancelled),Cancellation,Cost
CHG_001623,SUB_004595,2026-02-25,Basic-Ads,(cancelled),Cancellation,Technical
CHG_001624,SUB_004597,2026-01-01,Basic-Ads,(cancelled),Cancellation,Other
CHG_001625,SUB_004599,2026-01-27,Standard,(cancelled),Cancellation,NoReason
CHG_001626,SUB_004600,2026-02-02,Basic-Ads,(cancelled),Cancellation,Content
CHG_001627,SUB_004601,2025-07-05,Basic-Ads,(cancelled),Cancellation,Cost
CHG_001628,SUB_004605,2025-05-01,Premium,(cancelled),Cancellation,Cost
CHG_001629,SUB_004606,2026-02-10,Basic-Ads,(cancelled),Cancellation,Content
CHG_001630,SUB_004608,2026-02-24,Basic-Ads,(cancelled),Cancellation,Cost
CHG_001631,SUB_004609,2025-11-26,Basic-Ads,(cancelled),Cancellation,Cost
CHG_001632,SUB_004612,2025-08-12,Basic-Ads,(cancelled),Cancellation,Cost
CHG_001633,SUB_004614,2025-11-20,Basic-Ads,(cancelled),Cancellation,Cost
CHG_001634,SUB_004631,2025-07-06,Basic-Ads,(cancelled),Cancellation,NoReason
CHG_001635,SUB_004632,2026-03-04,Basic-Ads,(cancelled),Cancellation,Cost
CHG_001636,SUB_004634,2026-01-04,Basic-Ads,(cancelled),Cancellation,Other
CHG_001637,SUB_004636,2025-11-29,Basic-Ads,(cancelled),Cancellation,Other
CHG_001638,SUB_004637,2026-02-23,Basic-Ads,(cancelled),Cancellation,Cost
CHG_001639,SUB_004639,2025-08-10,Basic-Ads,(cancelled),Cancellation,Other
CHG_001640,SUB_004640,2025-07-18,Basic-Ads,(cancelled),Cancellation,Cost
CHG_001641,SUB_004646,2025-11-26,Standard,(cancelled),Cancellation,Cost
CHG_001642,SUB_004647,2025-08-12,Basic-Ads,(cancelled),Cancellation,Content
CHG_001643,SUB_004648,2026-03-30,Basic-Ads,(cancelled),Cancellation,Cost
CHG_001644,SUB_004649,2026-03-14,Basic-Ads,(cancelled),Cancellation,Cost
CHG_001645,SUB_004653,2025-11-01,Basic-Ads,(cancelled),Cancellation,Cost
CHG_001646,SUB_004656,2025-11-07,Basic-Ads,(cancelled),Cancellation,Content
CHG_001647,SUB_004657,2025-04-07,Basic-Ads,(cancelled),Cancellation,Cost
CHG_001648,SUB_004659,2026-03-23,Basic-Ads,(cancelled),Cancellation,Technical
CHG_001649,SUB_004663,2025-05-31,Standard,(cancelled),Cancellation,Content
CHG_001650,SUB_004671,2025-11-17,Basic-Ads,(cancelled),Cancellation,Cost
CHG_001651,SUB_004672,2026-03-30,Basic-Ads,(cancelled),Cancellation,Technical
CHG_001652,SUB_004676,2025-10-03,Standard,(cancelled),Cancellation,Other
CHG_001653,SUB_004677,2025-08-02,Standard,(cancelled),Cancellation,Cost
CHG_001654,SUB_004678,2026-02-01,Basic-Ads,(cancelled),Cancellation,Cost
CHG_001655,SUB_004682,2026-01-07,Basic-Ads,(cancelled),Cancellation,Cost
CHG_001656,SUB_004688,2025-08-18,Basic-Ads,(cancelled),Cancellation,Cost
CHG_001657,SUB_004691,2025-07-01,Premium,(cancelled),Cancellation,Cost
CHG_001658,SUB_004692,2025-09-15,Basic-Ads,(cancelled),Cancellation,Cost
CHG_001659,SUB_004696,2025-10-02,Standard,(cancelled),Cancellation,NoReason
CHG_001660,SUB_004700,2025-11-15,Basic-Ads,(cancelled),Cancellation,NoReason
CHG_001661,SUB_004701,2025-07-08,Standard,(cancelled),Cancellation,Cost
CHG_001662,SUB_004703,2026-02-25,Premium,(cancelled),Cancellation,Technical
CHG_001663,SUB_004705,2026-01-14,Basic-Ads,(cancelled),Cancellation,Technical
CHG_001664,SUB_004706,2025-05-14,Standard,(cancelled),Cancellation,Cost
CHG_001665,SUB_004716,2025-05-09,Basic-Ads,(cancelled),Cancellation,NoReason
CHG_001666,SUB_004718,2026-02-21,Basic-Ads,(cancelled),Cancellation,Service
CHG_001667,SUB_004720,2025-07-24,Basic-Ads,(cancelled),Cancellation,Content
CHG_001668,SUB_004723,2025-09-04,Standard,(cancelled),Cancellation,Content
CHG_001669,SUB_004726,2026-03-26,Standard,(cancelled),Cancellation,Other
CHG_001670,SUB_004728,2025-05-18,Basic-Ads,(cancelled),Cancellation,Cost
CHG_001671,SUB_004729,2026-03-13,Basic-Ads,(cancelled),Cancellation,Cost
CHG_001672,SUB_004730,2026-01-31,Basic-Ads,(cancelled),Cancellation,Content
CHG_001673,SUB_004731,2026-01-31,Standard,(cancelled),Cancellation,Service
CHG_001674,SUB_004733,2026-02-11,Basic-Ads,(cancelled),Cancellation,Other
CHG_001675,SUB_004734,2025-10-27,Standard,(cancelled),Cancellation,Service
CHG_001676,SUB_004736,2026-03-24,Basic-Ads,(cancelled),Cancellation,Other
CHG_001677,SUB_004739,2025-05-12,Basic-Ads,(cancelled),Cancellation,Cost
CHG_001678,SUB_004740,2025-11-29,Basic-Ads,(cancelled),Cancellation,Cost
CHG_001679,SUB_004743,2025-09-03,Standard,(cancelled),Cancellation,Content
CHG_001680,SUB_004744,2025-10-17,Basic-Ads,(cancelled),Cancellation,Content
CHG_001681,SUB_004748,2026-03-27,Standard,(cancelled),Cancellation,Cost
CHG_001682,SUB_004749,2025-12-31,Standard,(cancelled),Cancellation,Technical
CHG_001683,SUB_004750,2025-12-03,Standard,(cancelled),Cancellation,Cost
CHG_001684,SUB_004751,2025-07-29,Basic-Ads,(cancelled),Cancellation,Cost
CHG_001685,SUB_004758,2025-09-25,Standard,(cancelled),Cancellation,Content
CHG_001686,SUB_004759,2026-02-28,Standard,(cancelled),Cancellation,Service
CHG_001687,SUB_004764,2026-03-02,Standard,(cancelled),Cancellation,Other
CHG_001688,SUB_004765,2025-06-15,Standard,(cancelled),Cancellation,Cost
CHG_001689,SUB_004766,2025-09-24,Standard,(cancelled),Cancellation,Other
CHG_001690,SUB_004768,2026-01-04,Standard,(cancelled),Cancellation,Cost
CHG_001691,SUB_004772,2025-05-18,Basic-Ads,(cancelled),Cancellation,Content
CHG_001692,SUB_004774,2026-02-20,Standard,(cancelled),Cancellation,Cost
CHG_001693,SUB_004776,2025-07-22,Basic-Ads,(cancelled),Cancellation,Content
CHG_001694,SUB_004779,2025-12-02,Standard,(cancelled),Cancellation,Cost
CHG_001695,SUB_004780,2025-04-24,Standard,(cancelled),Cancellation,Cost
CHG_001696,SUB_004781,2025-11-06,Standard,(cancelled),Cancellation,Cost
CHG_001697,SUB_004782,2025-08-06,Standard,(cancelled),Cancellation,Service
CHG_001698,SUB_004783,2025-10-20,Standard,(cancelled),Cancellation,Content
CHG_001699,SUB_004784,2025-03-31,Premium,(cancelled),Cancellation,Technical
CHG_001700,SUB_004786,2025-09-10,Basic-Ads,(cancelled),Cancellation,Content
CHG_001701,SUB_004794,2026-01-03,Standard,(cancelled),Cancellation,Cost
CHG_001702,SUB_004795,2025-03-31,Premium,(cancelled),Cancellation,Content
CHG_001703,SUB_004796,2025-09-07,Basic-Ads,(cancelled),Cancellation,Service
CHG_001704,SUB_004797,2026-01-07,Standard,(cancelled),Cancellation,Cost
CHG_001705,SUB_004798,2025-10-30,Standard,(cancelled),Cancellation,Cost
CHG_001706,SUB_004803,2026-01-29,Premium,(cancelled),Cancellation,NoReason
CHG_001707,SUB_004806,2025-09-16,Basic-Ads,(cancelled),Cancellation,Cost
CHG_001708,SUB_004808,2026-03-31,Premium,(cancelled),Cancellation,Cost
CHG_001709,SUB_004811,2025-09-05,Basic-Ads,(cancelled),Cancellation,Cost
CHG_001710,SUB_004814,2026-02-11,Basic-Ads,(cancelled),Cancellation,Cost
CHG_001711,SUB_004820,2026-02-14,Basic-Ads,(cancelled),Cancellation,Cost
CHG_001712,SUB_004822,2025-12-24,Basic-Ads,(cancelled),Cancellation,Other
CHG_001713,SUB_004825,2025-11-03,Basic-Ads,(cancelled),Cancellation,Service
CHG_001714,SUB_004831,2025-05-14,Basic-Ads,(cancelled),Cancellation,Cost
CHG_001715,SUB_004832,2025-04-14,Basic-Ads,(cancelled),Cancellation,Cost
CHG_001716,SUB_004834,2025-10-18,Basic-Ads,(cancelled),Cancellation,Other
CHG_001717,SUB_004837,2025-08-31,Basic-Ads,(cancelled),Cancellation,Service
CHG_001718,SUB_004839,2026-02-27,Standard,(cancelled),Cancellation,Cost
CHG_001719,SUB_004845,2025-06-12,Basic-Ads,(cancelled),Cancellation,Service
CHG_001720,SUB_004847,2025-09-21,Basic-Ads,(cancelled),Cancellation,NoReason
CHG_001721,SUB_004848,2026-02-27,Standard,(cancelled),Cancellation,Cost
CHG_001722,SUB_004849,2026-01-02,Basic-Ads,(cancelled),Cancellation,Service
CHG_001723,SUB_004853,2025-05-26,Standard,(cancelled),Cancellation,Cost
CHG_001724,SUB_004854,2026-02-22,Standard,(cancelled),Cancellation,Other
CHG_001725,SUB_004855,2025-08-25,Basic-Ads,(cancelled),Cancellation,Cost
CHG_001726,SUB_004857,2025-12-02,Basic-Ads,(cancelled),Cancellation,Content
CHG_001727,SUB_004858,2025-05-20,Standard,(cancelled),Cancellation,NoReason
CHG_001728,SUB_004861,2025-08-19,Standard,(cancelled),Cancellation,Content
CHG_001729,SUB_004863,2025-09-01,Basic-Ads,(cancelled),Cancellation,Service
CHG_001730,SUB_004868,2025-04-01,Basic-Ads,(cancelled),Cancellation,Cost
CHG_001731,SUB_004871,2026-03-31,Basic-Ads,(cancelled),Cancellation,Technical
CHG_001732,SUB_004874,2025-12-26,Basic-Ads,(cancelled),Cancellation,Other
CHG_001733,SUB_004877,2025-05-08,Standard,(cancelled),Cancellation,Cost
CHG_001734,SUB_004880,2026-01-17,Basic-Ads,(cancelled),Cancellation,Content
CHG_001735,SUB_004882,2025-07-10,Standard,(cancelled),Cancellation,Technical
CHG_001736,SUB_004885,2026-03-24,Premium,(cancelled),Cancellation,Cost
CHG_001737,SUB_004890,2026-03-24,Premium,(cancelled),Cancellation,Cost
CHG_001738,SUB_004891,2025-05-29,Standard,(cancelled),Cancellation,NoReason
CHG_001739,SUB_004893,2025-10-09,Basic-Ads,(cancelled),Cancellation,Cost
CHG_001740,SUB_004894,2025-06-23,Standard,(cancelled),Cancellation,Content
CHG_001741,SUB_004895,2026-03-13,Premium,(cancelled),Cancellation,Service
CHG_001742,SUB_004901,2026-01-01,Basic-Ads,(cancelled),Cancellation,Other
CHG_001743,SUB_004902,2026-03-31,Basic-Ads,(cancelled),Cancellation,Cost
CHG_001744,SUB_004907,2025-11-01,Standard,(cancelled),Cancellation,Technical
CHG_001745,SUB_004912,2025-04-30,Premium,(cancelled),Cancellation,Cost
CHG_001746,SUB_004915,2025-04-09,Basic-Ads,(cancelled),Cancellation,Content
CHG_001747,SUB_004916,2025-11-23,Premium,(cancelled),Cancellation,Cost
CHG_001748,SUB_004918,2026-02-18,Basic-Ads,(cancelled),Cancellation,Content
CHG_001749,SUB_004920,2025-08-05,Basic-Ads,(cancelled),Cancellation,Cost
CHG_001750,SUB_004922,2025-07-19,Basic-Ads,(cancelled),Cancellation,Content
CHG_001751,SUB_004924,2026-03-30,Standard,(cancelled),Cancellation,Service
CHG_001752,SUB_004933,2025-07-18,Basic-Ads,(cancelled),Cancellation,Cost
CHG_001753,SUB_004944,2025-09-24,Premium,(cancelled),Cancellation,Technical
CHG_001754,SUB_004945,2025-04-23,Standard,(cancelled),Cancellation,Cost
CHG_001755,SUB_004947,2026-03-17,Basic-Ads,(cancelled),Cancellation,Content
CHG_001756,SUB_004953,2026-03-17,Standard,(cancelled),Cancellation,Cost
CHG_001757,SUB_004965,2026-01-30,Standard,(cancelled),Cancellation,Content
CHG_001758,SUB_004969,2025-09-26,Basic-Ads,(cancelled),Cancellation,Other
CHG_001759,SUB_004970,2026-02-16,Standard,(cancelled),Cancellation,Service
CHG_001760,SUB_004971,2025-12-29,Standard,(cancelled),Cancellation,NoReason
CHG_001761,SUB_004973,2026-01-12,Basic-Ads,(cancelled),Cancellation,Other
CHG_001762,SUB_004974,2025-10-04,Standard,(cancelled),Cancellation,Cost
CHG_001763,SUB_004983,2025-08-16,Standard,(cancelled),Cancellation,Other
CHG_001764,SUB_004984,2025-10-04,Basic-Ads,(cancelled),Cancellation,Other
CHG_001765,SUB_004986,2025-11-15,Basic-Ads,(cancelled),Cancellation,Cost
CHG_001766,SUB_004997,2026-01-05,Standard,(cancelled),Cancellation,Technical
CHG_001767,SUB_004998,2025-11-03,Basic-Ads,(cancelled),Cancellation,Technical
CHG_001768,SUB_005000,2026-02-21,Basic-Ads,(cancelled),Cancellation,Technical
CHG_001769,SUB_005001,2026-03-12,Basic-Ads,(cancelled),Cancellation,Technical
CHG_001770,SUB_005007,2025-11-05,Basic-Ads,(cancelled),Cancellation,Cost
CHG_001771,SUB_005008,2025-10-24,Basic-Ads,(cancelled),Cancellation,Cost
CHG_001772,SUB_005012,2025-07-02,Basic-Ads,(cancelled),Cancellation,Service
CHG_001773,SUB_005013,2026-02-17,Basic-Ads,(cancelled),Cancellation,Content
CHG_001774,SUB_005016,2025-10-19,Premium,(cancelled),Cancellation,Cost
CHG_001775,SUB_005019,2025-07-02,Basic-Ads,(cancelled),Cancellation,Content
CHG_001776,SUB_005020,2025-08-25,Basic-Ads,(cancelled),Cancellation,Cost
CHG_001777,SUB_005023,2026-02-28,Basic-Ads,(cancelled),Cancellation,Content
CHG_001778,SUB_005025,2026-01-04,Standard,(cancelled),Cancellation,Cost
CHG_001779,SUB_005028,2025-11-02,Basic-Ads,(cancelled),Cancellation,Technical
CHG_001780,SUB_005029,2026-03-22,Standard,(cancelled),Cancellation,Cost
CHG_001781,SUB_005030,2025-06-11,Standard,(cancelled),Cancellation,Content
CHG_001782,SUB_005031,2026-03-08,Basic-Ads,(cancelled),Cancellation,Cost
CHG_001783,SUB_005033,2026-01-24,Standard,(cancelled),Cancellation,Cost
CHG_001784,SUB_005034,2026-01-29,Basic-Ads,(cancelled),Cancellation,NoReason
CHG_001785,SUB_005038,2025-11-09,Standard,(cancelled),Cancellation,Technical
CHG_001786,SUB_005043,2026-01-29,Basic-Ads,(cancelled),Cancellation,Service
CHG_001787,SUB_005044,2026-02-03,Standard,(cancelled),Cancellation,Cost
CHG_001788,SUB_005046,2025-10-30,Premium,(cancelled),Cancellation,Cost
CHG_001789,SUB_005048,2026-03-20,Basic-Ads,(cancelled),Cancellation,Content
CHG_001790,SUB_005050,2026-03-22,Basic-Ads,(cancelled),Cancellation,Content
CHG_001791,SUB_005054,2025-12-03,Basic-Ads,(cancelled),Cancellation,Cost
CHG_001792,SUB_005055,2026-02-10,Standard,(cancelled),Cancellation,Other
CHG_001793,SUB_005057,2026-01-17,Basic-Ads,(cancelled),Cancellation,Cost
CHG_001794,SUB_005060,2026-03-14,Basic-Ads,(cancelled),Cancellation,Cost
CHG_001795,SUB_005061,2025-09-08,Basic-Ads,(cancelled),Cancellation,Cost
CHG_001796,SUB_005063,2025-11-16,Premium,(cancelled),Cancellation,Cost
CHG_001797,SUB_005065,2025-10-19,Standard,(cancelled),Cancellation,Cost
CHG_001798,SUB_005066,2025-12-27,Standard,(cancelled),Cancellation,Service
CHG_001799,SUB_005067,2025-12-22,Basic-Ads,(cancelled),Cancellation,Cost
CHG_001800,SUB_005068,2026-02-14,Standard,(cancelled),Cancellation,Technical
CHG_001801,SUB_005069,2025-07-13,Basic-Ads,(cancelled),Cancellation,Service
CHG_001802,SUB_005071,2025-11-20,Basic-Ads,(cancelled),Cancellation,Cost
CHG_001803,SUB_005079,2026-03-26,Standard,(cancelled),Cancellation,Cost
CHG_001804,SUB_005081,2026-03-14,Standard,(cancelled),Cancellation,Content
CHG_001805,SUB_005084,2026-01-24,Standard,(cancelled),Cancellation,Cost
CHG_001806,SUB_005085,2026-02-09,Basic-Ads,(cancelled),Cancellation,Cost
CHG_001807,SUB_005092,2025-09-17,Standard,(cancelled),Cancellation,Content
CHG_001808,SUB_005097,2026-03-16,Basic-Ads,(cancelled),Cancellation,Other
CHG_001809,SUB_005098,2025-11-11,Basic-Ads,(cancelled),Cancellation,Content
CHG_001810,SUB_005099,2025-10-27,Standard,(cancelled),Cancellation,Technical
CHG_001811,SUB_005100,2025-11-02,Standard,(cancelled),Cancellation,Cost
CHG_001812,SUB_005101,2025-12-27,Basic-Ads,(cancelled),Cancellation,Cost
CHG_001813,SUB_005102,2026-03-22,Basic-Ads,(cancelled),Cancellation,Other
CHG_001814,SUB_005103,2025-12-08,Basic-Ads,(cancelled),Cancellation,Technical
CHG_001815,SUB_005104,2025-06-03,Basic-Ads,(cancelled),Cancellation,Cost
CHG_001816,SUB_005107,2025-04-26,Basic-Ads,(cancelled),Cancellation,Cost
CHG_001817,SUB_005110,2026-03-09,Basic-Ads,(cancelled),Cancellation,Cost
CHG_001818,SUB_005113,2026-01-31,Basic-Ads,(cancelled),Cancellation,Technical
CHG_001819,SUB_005114,2026-02-06,Premium,(cancelled),Cancellation,NoReason
CHG_001820,SUB_005118,2026-01-25,Premium,(cancelled),Cancellation,Cost
CHG_001821,SUB_005132,2026-03-05,Basic-Ads,(cancelled),Cancellation,Cost
CHG_001822,SUB_005134,2026-03-15,Basic-Ads,(cancelled),Cancellation,Content
CHG_001823,SUB_005137,2026-03-17,Basic-Ads,(cancelled),Cancellation,Service
CHG_001824,SUB_005146,2026-03-04,Basic-Ads,(cancelled),Cancellation,Cost
CHG_001825,SUB_005149,2025-07-01,Standard,(cancelled),Cancellation,Other
CHG_001826,SUB_005151,2026-02-12,Basic-Ads,(cancelled),Cancellation,NoReason
CHG_001827,SUB_005152,2026-03-22,Basic-Ads,(cancelled),Cancellation,NoReason
CHG_001828,SUB_005154,2025-08-28,Premium,(cancelled),Cancellation,Cost
CHG_001829,SUB_005156,2026-01-23,Basic-Ads,(cancelled),Cancellation,Cost
CHG_001830,SUB_005159,2025-05-19,Standard,(cancelled),Cancellation,Service
CHG_001831,SUB_005169,2025-08-10,Basic-Ads,(cancelled),Cancellation,Content
CHG_001832,SUB_005173,2026-02-10,Standard,(cancelled),Cancellation,Cost
CHG_001833,SUB_005176,2025-10-09,Basic-Ads,(cancelled),Cancellation,Cost
CHG_001834,SUB_005179,2025-11-29,Basic-Ads,(cancelled),Cancellation,Content
CHG_001835,SUB_005183,2025-07-12,Basic-Ads,(cancelled),Cancellation,Content
CHG_001836,SUB_005185,2025-08-19,Basic-Ads,(cancelled),Cancellation,NoReason
CHG_001837,SUB_005188,2025-07-28,Premium,(cancelled),Cancellation,Cost
CHG_001838,SUB_005189,2025-08-31,Premium,(cancelled),Cancellation,Technical
CHG_001839,SUB_005190,2026-01-17,Basic-Ads,(cancelled),Cancellation,Other
CHG_001840,SUB_005192,2025-10-22,Standard,(cancelled),Cancellation,Cost
CHG_001841,SUB_005193,2026-03-26,Standard,(cancelled),Cancellation,Content
CHG_001842,SUB_005194,2025-09-26,Basic-Ads,(cancelled),Cancellation,Other
CHG_001843,SUB_005196,2026-02-17,Basic-Ads,(cancelled),Cancellation,Content
CHG_001844,SUB_005201,2026-01-14,Basic-Ads,(cancelled),Cancellation,Content
CHG_001845,SUB_005203,2026-01-17,Basic-Ads,(cancelled),Cancellation,Cost
CHG_001846,SUB_005207,2026-02-17,Basic-Ads,(cancelled),Cancellation,Cost
CHG_001847,SUB_005208,2026-03-01,Basic-Ads,(cancelled),Cancellation,Cost
CHG_001848,SUB_005209,2025-10-02,Standard,(cancelled),Cancellation,Cost
CHG_001849,SUB_005212,2026-03-24,Basic-Ads,(cancelled),Cancellation,Content
CHG_001850,SUB_005213,2025-08-26,Basic-Ads,(cancelled),Cancellation,Other
CHG_001851,SUB_005226,2025-12-03,Basic-Ads,(cancelled),Cancellation,Cost
CHG_001852,SUB_005227,2026-02-21,Basic-Ads,(cancelled),Cancellation,Content
CHG_001853,SUB_005234,2026-02-06,Premium,(cancelled),Cancellation,Cost
CHG_001854,SUB_005237,2025-11-11,Basic-Ads,(cancelled),Cancellation,Cost
CHG_001855,SUB_005243,2025-11-17,Standard,(cancelled),Cancellation,NoReason
CHG_001856,SUB_005246,2026-03-31,Basic-Ads,(cancelled),Cancellation,Cost
CHG_001857,SUB_005255,2025-11-17,Standard,(cancelled),Cancellation,Cost
CHG_001858,SUB_005257,2026-02-13,Premium,(cancelled),Cancellation,Technical
CHG_001859,SUB_005258,2026-01-26,Standard,(cancelled),Cancellation,Content
CHG_001860,SUB_005260,2025-12-31,Standard,(cancelled),Cancellation,Cost
CHG_001861,SUB_005263,2025-11-22,Standard,(cancelled),Cancellation,Cost
CHG_001862,SUB_005264,2025-11-16,Basic-Ads,(cancelled),Cancellation,Cost
CHG_001863,SUB_005267,2026-01-31,Basic-Ads,(cancelled),Cancellation,Cost
CHG_001864,SUB_005269,2025-08-07,Premium,(cancelled),Cancellation,Content
CHG_001865,SUB_005271,2025-09-08,Basic-Ads,(cancelled),Cancellation,Cost
CHG_001866,SUB_005272,2025-11-13,Standard,(cancelled),Cancellation,Cost
CHG_001867,SUB_005278,2025-11-19,Premium,(cancelled),Cancellation,Cost
CHG_001868,SUB_005280,2025-06-10,Basic-Ads,(cancelled),Cancellation,Service
CHG_001869,SUB_005283,2025-10-27,Premium,(cancelled),Cancellation,Content
CHG_001870,SUB_005284,2026-01-27,Standard,(cancelled),Cancellation,Technical
CHG_001871,SUB_005287,2025-10-26,Premium,(cancelled),Cancellation,Content
CHG_001872,SUB_005288,2026-01-19,Standard,(cancelled),Cancellation,Cost
CHG_001873,SUB_005290,2026-02-12,Basic-Ads,(cancelled),Cancellation,Cost
CHG_001874,SUB_005295,2025-10-13,Basic-Ads,(cancelled),Cancellation,Other
CHG_001875,SUB_005298,2025-08-11,Basic-Ads,(cancelled),Cancellation,Cost
CHG_001876,SUB_005300,2025-11-11,Standard,(cancelled),Cancellation,Content
CHG_001877,SUB_005303,2026-03-07,Basic-Ads,(cancelled),Cancellation,Content
CHG_001878,SUB_005304,2025-10-02,Standard,(cancelled),Cancellation,Cost
CHG_001879,SUB_005307,2026-02-13,Basic-Ads,(cancelled),Cancellation,Cost
CHG_001880,SUB_005308,2026-01-28,Basic-Ads,(cancelled),Cancellation,Content
CHG_001881,SUB_005309,2025-04-19,Basic-Ads,(cancelled),Cancellation,Cost
CHG_001882,SUB_005320,2025-09-21,Basic-Ads,(cancelled),Cancellation,Content
CHG_001883,SUB_005323,2025-06-13,Basic-Ads,(cancelled),Cancellation,Cost
CHG_001884,SUB_005324,2025-12-19,Standard,(cancelled),Cancellation,Content
CHG_001885,SUB_005325,2026-03-11,Standard,(cancelled),Cancellation,Other
CHG_001886,SUB_005327,2025-10-01,Basic-Ads,(cancelled),Cancellation,Cost
CHG_001887,SUB_005330,2026-03-12,Basic-Ads,(cancelled),Cancellation,Technical
CHG_001888,SUB_005333,2025-07-27,Standard,(cancelled),Cancellation,Other
CHG_001889,SUB_005334,2025-06-25,Basic-Ads,(cancelled),Cancellation,Cost
CHG_001890,SUB_005335,2026-02-05,Basic-Ads,(cancelled),Cancellation,Technical
CHG_001891,SUB_005339,2025-10-07,Basic-Ads,(cancelled),Cancellation,Content
CHG_001892,SUB_005341,2025-04-30,Standard,(cancelled),Cancellation,Cost
CHG_001893,SUB_005343,2025-10-30,Basic-Ads,(cancelled),Cancellation,NoReason
CHG_001894,SUB_005345,2026-03-30,Standard,(cancelled),Cancellation,Cost
CHG_001895,SUB_005349,2025-07-22,Standard,(cancelled),Cancellation,Content
CHG_001896,SUB_005351,2026-01-31,Standard,(cancelled),Cancellation,Content
CHG_001897,SUB_005352,2025-12-12,Basic-Ads,(cancelled),Cancellation,Cost
CHG_001898,SUB_005356,2026-03-20,Basic-Ads,(cancelled),Cancellation,Cost
CHG_001899,SUB_005360,2025-07-12,Premium,(cancelled),Cancellation,Content
CHG_001900,SUB_005361,2026-03-15,Basic-Ads,(cancelled),Cancellation,Cost
CHG_001901,SUB_005363,2026-02-06,Basic-Ads,(cancelled),Cancellation,Cost
CHG_001902,SUB_005365,2026-01-02,Standard,(cancelled),Cancellation,Content
CHG_001903,SUB_005366,2025-11-07,Basic-Ads,(cancelled),Cancellation,Other
CHG_001904,SUB_005367,2025-10-29,Basic-Ads,(cancelled),Cancellation,Cost
CHG_001905,SUB_005368,2026-03-01,Basic-Ads,(cancelled),Cancellation,Cost
CHG_001906,SUB_005371,2025-07-06,Basic-Ads,(cancelled),Cancellation,Service
CHG_001907,SUB_005374,2025-08-09,Basic-Ads,(cancelled),Cancellation,Cost
CHG_001908,SUB_005375,2026-03-30,Basic-Ads,(cancelled),Cancellation,NoReason
CHG_001909,SUB_005376,2025-09-03,Basic-Ads,(cancelled),Cancellation,Cost
CHG_001910,SUB_005377,2026-03-26,Basic-Ads,(cancelled),Cancellation,Cost
CHG_001911,SUB_005382,2025-05-01,Standard,(cancelled),Cancellation,NoReason
CHG_001912,SUB_005384,2025-11-28,Basic-Ads,(cancelled),Cancellation,Technical
CHG_001913,SUB_005385,2025-07-28,Premium,(cancelled),Cancellation,Other
CHG_001914,SUB_005386,2026-02-26,Basic-Ads,(cancelled),Cancellation,Technical
CHG_001915,SUB_005390,2025-06-17,Standard,(cancelled),Cancellation,Content
CHG_001916,SUB_005398,2025-05-09,Basic-Ads,(cancelled),Cancellation,Technical
CHG_001917,SUB_005399,2025-10-12,Standard,(cancelled),Cancellation,Cost
CHG_001918,SUB_005411,2025-12-10,Basic-Ads,(cancelled),Cancellation,Cost
CHG_001919,SUB_005416,2026-02-28,Basic-Ads,(cancelled),Cancellation,Content
CHG_001920,SUB_005423,2025-10-15,Standard,(cancelled),Cancellation,NoReason
CHG_001921,SUB_005424,2026-03-08,Standard,(cancelled),Cancellation,Cost
CHG_001922,SUB_005426,2025-12-26,Standard,(cancelled),Cancellation,Other
CHG_001923,SUB_005430,2025-07-12,Basic-Ads,(cancelled),Cancellation,Service
CHG_001924,SUB_005431,2025-10-16,Premium,(cancelled),Cancellation,Service
CHG_001925,SUB_005432,2025-11-19,Standard,(cancelled),Cancellation,Other
CHG_001926,SUB_005435,2026-01-22,Premium,(cancelled),Cancellation,Content
CHG_001927,SUB_005436,2025-07-04,Basic-Ads,(cancelled),Cancellation,Technical
CHG_001928,SUB_005443,2026-02-12,Basic-Ads,(cancelled),Cancellation,Cost
CHG_001929,SUB_005449,2025-08-14,Basic-Ads,(cancelled),Cancellation,Cost
CHG_001930,SUB_005452,2025-10-31,Premium,(cancelled),Cancellation,Cost
CHG_001931,SUB_005455,2025-11-25,Premium,(cancelled),Cancellation,Technical
CHG_001932,SUB_005457,2025-08-13,Basic-Ads,(cancelled),Cancellation,Cost
CHG_001933,SUB_005459,2025-08-28,Standard,(cancelled),Cancellation,Cost
CHG_001934,SUB_005461,2026-02-07,Premium,(cancelled),Cancellation,Cost
CHG_001935,SUB_005462,2026-03-16,Standard,(cancelled),Cancellation,Cost
CHG_001936,SUB_005463,2026-03-29,Standard,(cancelled),Cancellation,Cost
CHG_001937,SUB_005464,2025-07-23,Premium,(cancelled),Cancellation,Service
CHG_001938,SUB_005465,2025-05-04,Premium,(cancelled),Cancellation,Cost
CHG_001939,SUB_005467,2025-07-24,Basic-Ads,(cancelled),Cancellation,Cost
CHG_001940,SUB_005470,2025-04-07,Standard,(cancelled),Cancellation,Cost
CHG_001941,SUB_005472,2026-02-23,Basic-Ads,(cancelled),Cancellation,Cost
CHG_001942,SUB_005473,2025-08-16,Basic-Ads,(cancelled),Cancellation,Other
CHG_001943,SUB_005475,2026-03-09,Standard,(cancelled),Cancellation,Service
CHG_001944,SUB_005482,2026-01-03,Premium,(cancelled),Cancellation,Cost
CHG_001945,SUB_005484,2026-02-25,Basic-Ads,(cancelled),Cancellation,NoReason
CHG_001946,SUB_005487,2025-11-15,Standard,(cancelled),Cancellation,Cost
CHG_001947,SUB_005489,2025-10-05,Standard,(cancelled),Cancellation,Technical
CHG_001948,SUB_005492,2025-06-17,Basic-Ads,(cancelled),Cancellation,Content
CHG_001949,SUB_005497,2025-12-27,Premium,(cancelled),Cancellation,Content
CHG_001950,SUB_005498,2025-12-18,Standard,(cancelled),Cancellation,Cost
CHG_001951,SUB_005500,2026-03-14,Basic-Ads,(cancelled),Cancellation,Cost
CHG_001952,SUB_005502,2025-12-30,Basic-Ads,(cancelled),Cancellation,Content
CHG_001953,SUB_005504,2026-02-24,Basic-Ads,(cancelled),Cancellation,Cost
CHG_001954,SUB_005505,2025-06-09,Standard,(cancelled),Cancellation,NoReason
CHG_001955,SUB_005506,2026-03-10,Standard,(cancelled),Cancellation,Cost
CHG_001956,SUB_005507,2026-01-31,Basic-Ads,(cancelled),Cancellation,Content
CHG_001957,SUB_005509,2026-01-19,Premium,(cancelled),Cancellation,Service
CHG_001958,SUB_005514,2026-03-27,Basic-Ads,(cancelled),Cancellation,Cost
CHG_001959,SUB_005515,2025-08-09,Basic-Ads,(cancelled),Cancellation,Cost
CHG_001960,SUB_005516,2026-03-30,Standard,(cancelled),Cancellation,Cost
CHG_001961,SUB_005517,2025-07-02,Basic-Ads,(cancelled),Cancellation,Cost
CHG_001962,SUB_005520,2026-02-19,Premium,(cancelled),Cancellation,Technical
CHG_001963,SUB_005521,2025-12-31,Standard,(cancelled),Cancellation,Technical
CHG_001964,SUB_005524,2025-12-17,Standard,(cancelled),Cancellation,Technical
CHG_001965,SUB_005529,2026-01-22,Standard,(cancelled),Cancellation,Technical
CHG_001966,SUB_005531,2026-02-07,Basic-Ads,(cancelled),Cancellation,Cost
CHG_001967,SUB_005535,2025-09-25,Basic-Ads,(cancelled),Cancellation,Other
CHG_001968,SUB_005536,2025-05-04,Premium,(cancelled),Cancellation,Cost
CHG_001969,SUB_005538,2025-10-17,Premium,(cancelled),Cancellation,Other
CHG_001970,SUB_005541,2026-02-17,Basic-Ads,(cancelled),Cancellation,Service
CHG_001971,SUB_005549,2026-02-07,Basic-Ads,(cancelled),Cancellation,Cost
CHG_001972,SUB_005551,2025-11-25,Standard,(cancelled),Cancellation,Cost
CHG_001973,SUB_005552,2026-03-21,Basic-Ads,(cancelled),Cancellation,Cost
CHG_001974,SUB_005553,2025-07-08,Basic-Ads,(cancelled),Cancellation,Cost
CHG_001975,SUB_005555,2025-10-15,Basic-Ads,(cancelled),Cancellation,Cost
CHG_001976,SUB_005556,2025-11-21,Basic-Ads,(cancelled),Cancellation,Content
CHG_001977,SUB_005557,2026-03-03,Basic-Ads,(cancelled),Cancellation,Cost
CHG_001978,SUB_005559,2026-03-24,Basic-Ads,(cancelled),Cancellation,Cost
CHG_001979,SUB_005563,2025-09-10,Basic-Ads,(cancelled),Cancellation,Service
CHG_001980,SUB_005564,2025-05-29,Basic-Ads,(cancelled),Cancellation,Cost
CHG_001981,SUB_005566,2026-01-25,Premium,(cancelled),Cancellation,Other
CHG_001982,SUB_005572,2025-10-26,Basic-Ads,(cancelled),Cancellation,Content
CHG_001983,SUB_005575,2026-02-05,Standard,(cancelled),Cancellation,Other
CHG_001984,SUB_005577,2026-01-31,Premium,(cancelled),Cancellation,Cost
CHG_001985,SUB_005578,2026-02-16,Standard,(cancelled),Cancellation,Service
CHG_001986,SUB_005579,2025-12-15,Basic-Ads,(cancelled),Cancellation,Cost
CHG_001987,SUB_005580,2026-03-15,Basic-Ads,(cancelled),Cancellation,Other
CHG_001988,SUB_005582,2025-11-30,Basic-Ads,(cancelled),Cancellation,Cost
CHG_001989,SUB_005584,2025-11-13,Standard,(cancelled),Cancellation,NoReason
CHG_001990,SUB_005587,2025-09-05,Standard,(cancelled),Cancellation,Content
CHG_001991,SUB_005588,2025-10-02,Standard,(cancelled),Cancellation,Cost
CHG_001992,SUB_005589,2026-03-28,Basic-Ads,(cancelled),Cancellation,Other
CHG_001993,SUB_005590,2025-08-02,Basic-Ads,(cancelled),Cancellation,Content
CHG_001994,SUB_005592,2026-03-23,Basic-Ads,(cancelled),Cancellation,Cost
CHG_001995,SUB_005596,2025-06-24,Premium,(cancelled),Cancellation,Content
CHG_001996,SUB_005598,2025-12-06,Basic-Ads,(cancelled),Cancellation,Cost
CHG_001997,SUB_005600,2026-03-06,Standard,(cancelled),Cancellation,NoReason
CHG_001998,SUB_005601,2025-10-31,Basic-Ads,(cancelled),Cancellation,Cost
CHG_001999,SUB_005604,2025-08-16,Standard,(cancelled),Cancellation,Technical
CHG_002000,SUB_005605,2026-01-31,Basic-Ads,(cancelled),Cancellation,Cost
CHG_002001,SUB_005610,2026-01-14,Premium,(cancelled),Cancellation,Cost
CHG_002002,SUB_005615,2026-01-09,Basic-Ads,(cancelled),Cancellation,Cost
CHG_002003,SUB_005616,2026-01-15,Basic-Ads,(cancelled),Cancellation,Cost
CHG_002004,SUB_005623,2026-02-08,Standard,(cancelled),Cancellation,Cost
CHG_002005,SUB_005624,2025-09-19,Basic-Ads,(cancelled),Cancellation,Technical
CHG_002006,SUB_005627,2025-05-27,Standard,(cancelled),Cancellation,Content
CHG_002007,SUB_005629,2025-12-09,Basic-Ads,(cancelled),Cancellation,Cost
CHG_002008,SUB_005630,2025-06-12,Standard,(cancelled),Cancellation,Cost
CHG_002009,SUB_005631,2025-10-19,Standard,(cancelled),Cancellation,Service
CHG_002010,SUB_005634,2025-11-17,Basic-Ads,(cancelled),Cancellation,Content
CHG_002011,SUB_005636,2026-02-17,Basic-Ads,(cancelled),Cancellation,Cost
CHG_002012,SUB_005639,2026-03-09,Standard,(cancelled),Cancellation,Cost
CHG_002013,SUB_005641,2025-06-15,Standard,(cancelled),Cancellation,Content
CHG_002014,SUB_005644,2025-08-25,Premium,(cancelled),Cancellation,Other
CHG_002015,SUB_005646,2026-03-26,Basic-Ads,(cancelled),Cancellation,Cost
CHG_002016,SUB_005649,2025-09-22,Standard,(cancelled),Cancellation,Other
CHG_002017,SUB_005653,2026-02-07,Standard,(cancelled),Cancellation,Cost
CHG_002018,SUB_005655,2025-06-05,Standard,(cancelled),Cancellation,Service
CHG_002019,SUB_005657,2025-07-16,Basic-Ads,(cancelled),Cancellation,Cost
CHG_002020,SUB_005659,2025-05-26,Premium,(cancelled),Cancellation,Cost
CHG_002021,SUB_005663,2025-04-22,Basic-Ads,(cancelled),Cancellation,NoReason
CHG_002022,SUB_005670,2025-07-19,Basic-Ads,(cancelled),Cancellation,Cost
CHG_002023,SUB_005677,2026-02-20,Basic-Ads,(cancelled),Cancellation,Other
CHG_002024,SUB_005679,2026-03-11,Standard,(cancelled),Cancellation,Content
CHG_002025,SUB_005681,2026-02-09,Standard,(cancelled),Cancellation,Other
CHG_002026,SUB_005688,2026-03-19,Basic-Ads,(cancelled),Cancellation,Cost
CHG_002027,SUB_005691,2025-12-24,Basic-Ads,(cancelled),Cancellation,Technical
CHG_002028,SUB_005693,2026-01-01,Standard,(cancelled),Cancellation,Cost
CHG_002029,SUB_005695,2026-01-25,Basic-Ads,(cancelled),Cancellation,Cost
CHG_002030,SUB_005698,2026-03-18,Premium,(cancelled),Cancellation,Content
CHG_002031,SUB_005700,2026-02-03,Premium,(cancelled),Cancellation,Service
CHG_002032,SUB_005701,2026-03-17,Basic-Ads,(cancelled),Cancellation,Cost
CHG_002033,SUB_005706,2025-07-18,Standard,(cancelled),Cancellation,Cost
CHG_002034,SUB_005709,2025-07-12,Standard,(cancelled),Cancellation,Cost
CHG_002035,SUB_005712,2026-03-17,Basic-Ads,(cancelled),Cancellation,Cost
CHG_002036,SUB_005716,2025-07-07,Standard,(cancelled),Cancellation,Technical
CHG_002037,SUB_005717,2025-06-03,Standard,(cancelled),Cancellation,Cost
CHG_002038,SUB_005721,2025-06-12,Basic-Ads,(cancelled),Cancellation,Content
CHG_002039,SUB_005725,2025-10-08,Standard,(cancelled),Cancellation,Cost
CHG_002040,SUB_005727,2025-11-19,Premium,(cancelled),Cancellation,NoReason
CHG_002041,SUB_005729,2025-08-08,Standard,(cancelled),Cancellation,Technical
CHG_002042,SUB_005731,2026-01-18,Basic-Ads,(cancelled),Cancellation,Other
CHG_002043,SUB_005734,2026-01-28,Standard,(cancelled),Cancellation,Other
CHG_002044,SUB_005738,2025-11-19,Premium,(cancelled),Cancellation,Cost
CHG_002045,SUB_005739,2025-12-05,Basic-Ads,(cancelled),Cancellation,Cost
CHG_002046,SUB_005743,2026-02-27,Basic-Ads,(cancelled),Cancellation,Cost
CHG_002047,SUB_005745,2025-07-30,Basic-Ads,(cancelled),Cancellation,Technical
CHG_002048,SUB_005748,2025-06-09,Standard,(cancelled),Cancellation,Content
CHG_002049,SUB_005753,2025-09-21,Basic-Ads,(cancelled),Cancellation,Cost
CHG_002050,SUB_005760,2025-04-16,Basic-Ads,(cancelled),Cancellation,Technical
CHG_002051,SUB_005763,2025-09-15,Basic-Ads,(cancelled),Cancellation,Cost
CHG_002052,SUB_005765,2025-05-26,Basic-Ads,(cancelled),Cancellation,Cost
CHG_002053,SUB_005767,2025-12-07,Standard,(cancelled),Cancellation,Other
CHG_002054,SUB_005771,2025-05-20,Basic-Ads,(cancelled),Cancellation,Content
CHG_002055,SUB_005772,2025-08-24,Basic-Ads,(cancelled),Cancellation,Cost
CHG_002056,SUB_005780,2025-12-11,Basic-Ads,(cancelled),Cancellation,Cost
CHG_002057,SUB_005784,2025-08-12,Basic-Ads,(cancelled),Cancellation,NoReason
CHG_002058,SUB_005785,2025-06-10,Premium,(cancelled),Cancellation,Content
CHG_002059,SUB_005786,2026-02-10,Standard,(cancelled),Cancellation,Content
CHG_002060,SUB_005790,2026-01-28,Basic-Ads,(cancelled),Cancellation,NoReason
CHG_002061,SUB_005792,2026-02-21,Basic-Ads,(cancelled),Cancellation,Content
CHG_002062,SUB_005794,2025-11-14,Basic-Ads,(cancelled),Cancellation,Service
CHG_002063,SUB_005795,2026-01-30,Standard,(cancelled),Cancellation,Content
CHG_002064,SUB_005802,2025-07-26,Basic-Ads,(cancelled),Cancellation,Content
CHG_002065,SUB_005803,2025-12-22,Basic-Ads,(cancelled),Cancellation,Content
CHG_002066,SUB_005804,2025-10-01,Basic-Ads,(cancelled),Cancellation,Other
CHG_002067,SUB_005806,2025-10-18,Standard,(cancelled),Cancellation,Cost
CHG_002068,SUB_005811,2025-11-13,Standard,(cancelled),Cancellation,Service
CHG_002069,SUB_005814,2026-03-09,Standard,(cancelled),Cancellation,Content
CHG_002070,SUB_005816,2025-12-23,Standard,(cancelled),Cancellation,Cost
CHG_002071,SUB_005819,2026-02-18,Standard,(cancelled),Cancellation,Cost
CHG_002072,SUB_005820,2025-12-29,Premium,(cancelled),Cancellation,Cost
CHG_002073,SUB_005822,2025-07-22,Premium,(cancelled),Cancellation,Cost
CHG_002074,SUB_005827,2025-12-08,Standard,(cancelled),Cancellation,Service
CHG_002075,SUB_005830,2025-12-13,Basic-Ads,(cancelled),Cancellation,Content
CHG_002076,SUB_005833,2025-12-13,Basic-Ads,(cancelled),Cancellation,Cost
CHG_002077,SUB_005835,2025-11-07,Basic-Ads,(cancelled),Cancellation,Cost
CHG_002078,SUB_005840,2025-07-27,Premium,(cancelled),Cancellation,Service
CHG_002079,SUB_005841,2026-02-01,Basic-Ads,(cancelled),Cancellation,Cost
CHG_002080,SUB_005846,2026-02-18,Basic-Ads,(cancelled),Cancellation,Service
CHG_002081,SUB_005848,2026-01-13,Basic-Ads,(cancelled),Cancellation,Content
CHG_002082,SUB_005850,2025-11-13,Standard,(cancelled),Cancellation,Content
CHG_002083,SUB_005855,2025-06-24,Basic-Ads,(cancelled),Cancellation,Other
CHG_002084,SUB_005856,2025-12-09,Basic-Ads,(cancelled),Cancellation,Cost
CHG_002085,SUB_005857,2026-02-23,Basic-Ads,(cancelled),Cancellation,Other
CHG_002086,SUB_005858,2025-10-06,Basic-Ads,(cancelled),Cancellation,Cost
CHG_002087,SUB_005865,2026-03-29,Basic-Ads,(cancelled),Cancellation,Cost
CHG_002088,SUB_005873,2025-09-03,Standard,(cancelled),Cancellation,Cost
CHG_002089,SUB_005876,2026-03-18,Premium,(cancelled),Cancellation,Content
CHG_002090,SUB_005881,2025-08-03,Basic-Ads,(cancelled),Cancellation,Cost
CHG_002091,SUB_005888,2026-03-25,Standard,(cancelled),Cancellation,Cost
CHG_002092,SUB_005890,2025-11-02,Premium,(cancelled),Cancellation,Cost
CHG_002093,SUB_005893,2025-08-04,Basic-Ads,(cancelled),Cancellation,Technical
CHG_002094,SUB_005894,2026-02-18,Basic-Ads,(cancelled),Cancellation,Other
CHG_002095,SUB_005901,2026-03-07,Standard,(cancelled),Cancellation,NoReason
CHG_002096,SUB_005908,2025-12-28,Standard,(cancelled),Cancellation,Cost
CHG_002097,SUB_005909,2026-02-20,Basic-Ads,(cancelled),Cancellation,Cost
CHG_002098,SUB_005910,2026-02-14,Standard,(cancelled),Cancellation,Service
CHG_002099,SUB_005912,2025-10-29,Basic-Ads,(cancelled),Cancellation,Cost
CHG_002100,SUB_005914,2026-03-26,Basic-Ads,(cancelled),Cancellation,Content
CHG_002101,SUB_005915,2025-05-03,Basic-Ads,(cancelled),Cancellation,Content
CHG_002102,SUB_005916,2026-03-19,Basic-Ads,(cancelled),Cancellation,Cost
CHG_002103,SUB_005917,2025-12-18,Basic-Ads,(cancelled),Cancellation,Other
CHG_002104,SUB_005918,2025-05-07,Standard,(cancelled),Cancellation,Service
CHG_002105,SUB_005921,2025-12-29,Premium,(cancelled),Cancellation,Content
CHG_002106,SUB_005926,2025-10-13,Premium,(cancelled),Cancellation,Content
CHG_002107,SUB_005929,2025-04-28,Standard,(cancelled),Cancellation,Cost
CHG_002108,SUB_005935,2025-04-17,Premium,(cancelled),Cancellation,Cost
CHG_002109,SUB_005938,2025-06-17,Standard,(cancelled),Cancellation,Content
CHG_002110,SUB_005941,2026-01-12,Basic-Ads,(cancelled),Cancellation,Cost
CHG_002111,SUB_005944,2026-03-07,Standard,(cancelled),Cancellation,Cost
CHG_002112,SUB_005945,2026-02-26,Standard,(cancelled),Cancellation,Cost
CHG_002113,SUB_005948,2025-09-16,Standard,(cancelled),Cancellation,Other
CHG_002114,SUB_005950,2026-03-16,Premium,(cancelled),Cancellation,NoReason
CHG_002115,SUB_005954,2025-07-03,Basic-Ads,(cancelled),Cancellation,Cost
CHG_002116,SUB_005955,2025-07-27,Basic-Ads,(cancelled),Cancellation,Other
CHG_002117,SUB_005957,2026-01-18,Standard,(cancelled),Cancellation,NoReason
CHG_002118,SUB_005958,2026-02-14,Basic-Ads,(cancelled),Cancellation,Content
CHG_002119,SUB_005960,2025-06-28,Standard,(cancelled),Cancellation,Service
CHG_002120,SUB_005963,2026-03-12,Basic-Ads,(cancelled),Cancellation,NoReason
CHG_002121,SUB_005965,2025-06-27,Basic-Ads,(cancelled),Cancellation,Cost
CHG_002122,SUB_005969,2025-06-01,Basic-Ads,(cancelled),Cancellation,Service
CHG_002123,SUB_005970,2025-12-14,Basic-Ads,(cancelled),Cancellation,Technical
CHG_002124,SUB_005974,2025-04-26,Standard,(cancelled),Cancellation,Content
CHG_002125,SUB_005975,2026-02-07,Standard,(cancelled),Cancellation,Content
CHG_002126,SUB_005979,2025-06-18,Premium,(cancelled),Cancellation,Cost
CHG_002127,SUB_005981,2025-07-18,Basic-Ads,(cancelled),Cancellation,Cost
CHG_002128,SUB_005984,2026-02-20,Standard,(cancelled),Cancellation,Cost
CHG_002129,SUB_005986,2025-10-01,Premium,(cancelled),Cancellation,Service
CHG_002130,SUB_005995,2025-07-01,Standard,(cancelled),Cancellation,Cost
CHG_002131,SUB_006000,2025-07-12,Basic-Ads,(cancelled),Cancellation,Cost
CHG_002132,SUB_006003,2026-03-16,Premium,(cancelled),Cancellation,Other
CHG_002133,SUB_006004,2026-02-26,Basic-Ads,(cancelled),Cancellation,Cost
CHG_002134,SUB_006007,2025-04-02,Basic-Ads,(cancelled),Cancellation,Cost
CHG_002135,SUB_006010,2026-01-18,Basic-Ads,(cancelled),Cancellation,Content
CHG_002136,SUB_006012,2025-10-22,Standard,(cancelled),Cancellation,Cost
CHG_002137,SUB_006016,2025-12-10,Standard,(cancelled),Cancellation,Cost
CHG_002138,SUB_006019,2025-09-05,Standard,(cancelled),Cancellation,Cost
CHG_002139,SUB_006025,2026-03-31,Standard,(cancelled),Cancellation,NoReason
CHG_002140,SUB_006027,2025-10-11,Basic-Ads,(cancelled),Cancellation,Content
CHG_002141,SUB_006028,2025-07-07,Basic-Ads,(cancelled),Cancellation,Cost
CHG_002142,SUB_006030,2025-08-23,Basic-Ads,(cancelled),Cancellation,NoReason
CHG_002143,SUB_006040,2025-11-13,Standard,(cancelled),Cancellation,Cost
CHG_002144,SUB_006044,2025-11-22,Standard,(cancelled),Cancellation,Cost
CHG_002145,SUB_006048,2025-08-16,Basic-Ads,(cancelled),Cancellation,Other
CHG_002146,SUB_006051,2026-03-07,Basic-Ads,(cancelled),Cancellation,Content
CHG_002147,SUB_006054,2025-12-21,Standard,(cancelled),Cancellation,Content
CHG_002148,SUB_006058,2026-01-14,Basic-Ads,(cancelled),Cancellation,Cost
CHG_002149,SUB_006059,2025-12-12,Standard,(cancelled),Cancellation,Content
CHG_002150,SUB_006061,2026-03-04,Basic-Ads,(cancelled),Cancellation,Service
CHG_002151,SUB_006063,2026-01-19,Standard,(cancelled),Cancellation,Cost
CHG_002152,SUB_006068,2025-09-03,Basic-Ads,(cancelled),Cancellation,NoReason
CHG_002153,SUB_006073,2026-03-14,Standard,(cancelled),Cancellation,Cost
CHG_002154,SUB_006082,2025-11-08,Basic-Ads,(cancelled),Cancellation,Cost
CHG_002155,SUB_006083,2026-02-20,Standard,(cancelled),Cancellation,Technical
CHG_002156,SUB_006084,2025-10-05,Basic-Ads,(cancelled),Cancellation,Content
CHG_002157,SUB_006085,2025-10-08,Standard,(cancelled),Cancellation,Cost
CHG_002158,SUB_006086,2026-03-02,Premium,(cancelled),Cancellation,Cost
CHG_002159,SUB_006087,2025-04-05,Premium,(cancelled),Cancellation,Cost
CHG_002160,SUB_006089,2025-07-07,Standard,(cancelled),Cancellation,Cost
CHG_002161,SUB_006091,2026-02-18,Standard,(cancelled),Cancellation,Cost
CHG_002162,SUB_006093,2026-03-13,Premium,(cancelled),Cancellation,Cost
CHG_002163,SUB_006094,2025-11-11,Basic-Ads,(cancelled),Cancellation,Other
CHG_002164,SUB_006095,2026-03-09,Standard,(cancelled),Cancellation,NoReason
CHG_002165,SUB_006099,2026-01-24,Basic-Ads,(cancelled),Cancellation,Content
CHG_002166,SUB_006109,2025-04-08,Basic-Ads,(cancelled),Cancellation,Cost
CHG_002167,SUB_006112,2026-01-21,Basic-Ads,(cancelled),Cancellation,Content
CHG_002168,SUB_006113,2025-06-11,Basic-Ads,(cancelled),Cancellation,Cost
CHG_002169,SUB_006115,2026-01-25,Basic-Ads,(cancelled),Cancellation,Service
CHG_002170,SUB_006120,2025-12-21,Basic-Ads,(cancelled),Cancellation,Service
CHG_002171,SUB_006123,2026-01-23,Basic-Ads,(cancelled),Cancellation,Cost
CHG_002172,SUB_006129,2026-01-17,Basic-Ads,(cancelled),Cancellation,Technical
CHG_002173,SUB_006131,2026-03-18,Basic-Ads,(cancelled),Cancellation,Cost
CHG_002174,SUB_006133,2026-03-24,Standard,(cancelled),Cancellation,Cost
CHG_002175,SUB_006134,2025-10-07,Basic-Ads,(cancelled),Cancellation,Technical
CHG_002176,SUB_006137,2025-10-27,Basic-Ads,(cancelled),Cancellation,Cost
CHG_002177,SUB_006138,2025-06-02,Basic-Ads,(cancelled),Cancellation,Cost
CHG_002178,SUB_006142,2025-12-20,Basic-Ads,(cancelled),Cancellation,Cost
CHG_002179,SUB_006146,2026-02-05,Basic-Ads,(cancelled),Cancellation,Content
CHG_002180,SUB_006147,2025-05-05,Basic-Ads,(cancelled),Cancellation,Cost
CHG_002181,SUB_006149,2026-02-12,Basic-Ads,(cancelled),Cancellation,Service
CHG_002182,SUB_006151,2025-10-15,Premium,(cancelled),Cancellation,Technical
CHG_002183,SUB_006152,2025-12-20,Standard,(cancelled),Cancellation,Cost
CHG_002184,SUB_006160,2026-02-05,Basic-Ads,(cancelled),Cancellation,Content
CHG_002185,SUB_006163,2025-05-03,Basic-Ads,(cancelled),Cancellation,Cost
CHG_002186,SUB_006171,2025-10-04,Basic-Ads,(cancelled),Cancellation,Content
CHG_002187,SUB_006172,2026-03-26,Basic-Ads,(cancelled),Cancellation,Content
CHG_002188,SUB_006174,2026-03-26,Basic-Ads,(cancelled),Cancellation,Content
CHG_002189,SUB_006177,2025-11-11,Basic-Ads,(cancelled),Cancellation,Cost
CHG_002190,SUB_006178,2025-07-20,Premium,(cancelled),Cancellation,Cost
CHG_002191,SUB_006179,2026-02-15,Basic-Ads,(cancelled),Cancellation,Cost
CHG_002192,SUB_006183,2025-07-02,Standard,(cancelled),Cancellation,NoReason
CHG_002193,SUB_006187,2026-03-12,Basic-Ads,(cancelled),Cancellation,Cost
CHG_002194,SUB_006188,2025-08-09,Basic-Ads,(cancelled),Cancellation,Service
CHG_002195,SUB_006190,2025-07-02,Premium,(cancelled),Cancellation,Cost
CHG_002196,SUB_006192,2026-01-05,Premium,(cancelled),Cancellation,Cost
CHG_002197,SUB_006193,2026-01-15,Standard,(cancelled),Cancellation,Cost
CHG_002198,SUB_006195,2025-10-22,Standard,(cancelled),Cancellation,Service
CHG_002199,SUB_006196,2025-08-11,Premium,(cancelled),Cancellation,Cost
CHG_002200,SUB_006197,2025-06-15,Premium,(cancelled),Cancellation,Cost
CHG_002201,SUB_006198,2025-10-02,Standard,(cancelled),Cancellation,NoReason
CHG_002202,SUB_006199,2025-05-19,Basic-Ads,(cancelled),Cancellation,Content
CHG_002203,SUB_006203,2025-11-29,Standard,(cancelled),Cancellation,Content
CHG_002204,SUB_006204,2025-09-12,Basic-Ads,(cancelled),Cancellation,Content
CHG_002205,SUB_006215,2026-03-12,Basic-Ads,(cancelled),Cancellation,Other
CHG_002206,SUB_006218,2025-07-20,Standard,(cancelled),Cancellation,Cost
CHG_002207,SUB_006219,2025-06-28,Basic-Ads,(cancelled),Cancellation,Cost
CHG_002208,SUB_006220,2025-11-29,Standard,(cancelled),Cancellation,Other
CHG_002209,SUB_006221,2026-03-11,Basic-Ads,(cancelled),Cancellation,Other
CHG_002210,SUB_006231,2025-06-19,Basic-Ads,(cancelled),Cancellation,Cost
CHG_002211,SUB_006232,2026-03-20,Basic-Ads,(cancelled),Cancellation,Cost
CHG_002212,SUB_006233,2026-01-09,Basic-Ads,(cancelled),Cancellation,Service
CHG_002213,SUB_006236,2025-10-11,Basic-Ads,(cancelled),Cancellation,Content
CHG_002214,SUB_006237,2026-02-03,Basic-Ads,(cancelled),Cancellation,Content
CHG_002215,SUB_006238,2025-04-09,Basic-Ads,(cancelled),Cancellation,Service
CHG_002216,SUB_006239,2025-06-07,Premium,(cancelled),Cancellation,Cost
CHG_002217,SUB_006240,2025-08-15,Standard,(cancelled),Cancellation,Cost
CHG_002218,SUB_006242,2026-03-09,Basic-Ads,(cancelled),Cancellation,Technical
CHG_002219,SUB_006244,2026-02-05,Premium,(cancelled),Cancellation,Content
CHG_002220,SUB_006245,2026-02-12,Basic-Ads,(cancelled),Cancellation,Service
CHG_002221,SUB_006250,2025-10-29,Basic-Ads,(cancelled),Cancellation,Content
CHG_002222,SUB_006251,2025-12-17,Standard,(cancelled),Cancellation,Content
CHG_002223,SUB_006252,2025-10-11,Standard,(cancelled),Cancellation,Other
CHG_002224,SUB_006254,2025-08-22,Standard,(cancelled),Cancellation,Other
CHG_002225,SUB_006257,2025-06-10,Basic-Ads,(cancelled),Cancellation,Cost
CHG_002226,SUB_006260,2026-03-11,Basic-Ads,(cancelled),Cancellation,Cost
CHG_002227,SUB_006261,2025-08-12,Standard,(cancelled),Cancellation,Cost
CHG_002228,SUB_006262,2025-12-16,Standard,(cancelled),Cancellation,Technical
CHG_002229,SUB_006265,2025-11-20,Basic-Ads,(cancelled),Cancellation,Other
CHG_002230,SUB_006272,2025-12-14,Standard,(cancelled),Cancellation,Content
CHG_002231,SUB_006273,2025-08-08,Basic-Ads,(cancelled),Cancellation,Cost
CHG_002232,SUB_006275,2025-10-05,Basic-Ads,(cancelled),Cancellation,Other
CHG_002233,SUB_006276,2026-03-29,Basic-Ads,(cancelled),Cancellation,Content
CHG_002234,SUB_006277,2025-09-19,Basic-Ads,(cancelled),Cancellation,Cost
CHG_002235,SUB_006285,2025-06-03,Basic-Ads,(cancelled),Cancellation,Content
CHG_002236,SUB_006286,2025-04-23,Premium,(cancelled),Cancellation,Cost
CHG_002237,SUB_006287,2025-11-15,Basic-Ads,(cancelled),Cancellation,Cost
CHG_002238,SUB_006289,2026-03-21,Basic-Ads,(cancelled),Cancellation,Other
CHG_002239,SUB_006293,2025-12-05,Basic-Ads,(cancelled),Cancellation,Service
CHG_002240,SUB_006303,2025-08-23,Basic-Ads,(cancelled),Cancellation,Cost
CHG_002241,SUB_006304,2025-12-22,Standard,(cancelled),Cancellation,Cost
CHG_002242,SUB_006309,2025-10-24,Standard,(cancelled),Cancellation,Content
CHG_002243,SUB_006311,2026-01-03,Basic-Ads,(cancelled),Cancellation,Cost
CHG_002244,SUB_006313,2026-01-20,Basic-Ads,(cancelled),Cancellation,Technical
CHG_002245,SUB_006319,2025-07-22,Basic-Ads,(cancelled),Cancellation,NoReason
CHG_002246,SUB_006320,2026-02-13,Basic-Ads,(cancelled),Cancellation,Cost
CHG_002247,SUB_006321,2025-08-10,Standard,(cancelled),Cancellation,Cost
CHG_002248,SUB_006325,2025-05-08,Basic-Ads,(cancelled),Cancellation,Cost
CHG_002249,SUB_006327,2025-08-26,Basic-Ads,(cancelled),Cancellation,Cost
CHG_002250,SUB_006328,2026-02-24,Standard,(cancelled),Cancellation,Content
CHG_002251,SUB_006330,2025-11-01,Basic-Ads,(cancelled),Cancellation,NoReason
CHG_002252,SUB_006336,2025-07-13,Premium,(cancelled),Cancellation,Content
CHG_002253,SUB_006337,2025-12-06,Standard,(cancelled),Cancellation,Cost
CHG_002254,SUB_006343,2025-08-02,Basic-Ads,(cancelled),Cancellation,Service
CHG_002255,SUB_006352,2025-05-15,Standard,(cancelled),Cancellation,Technical
CHG_002256,SUB_006355,2025-10-20,Premium,(cancelled),Cancellation,Cost
CHG_002257,SUB_006357,2026-01-11,Basic-Ads,(cancelled),Cancellation,Cost
CHG_002258,SUB_006361,2025-09-27,Standard,(cancelled),Cancellation,Cost
CHG_002259,SUB_006362,2025-06-18,Standard,(cancelled),Cancellation,Other
CHG_002260,SUB_006363,2025-05-16,Standard,(cancelled),Cancellation,Cost
CHG_002261,SUB_006366,2026-01-27,Basic-Ads,(cancelled),Cancellation,Other
CHG_002262,SUB_006368,2025-11-05,Basic-Ads,(cancelled),Cancellation,Technical
CHG_002263,SUB_006374,2026-02-12,Basic-Ads,(cancelled),Cancellation,NoReason
CHG_002264,SUB_006375,2026-01-30,Basic-Ads,(cancelled),Cancellation,Cost
CHG_002265,SUB_006377,2026-01-17,Basic-Ads,(cancelled),Cancellation,Content
CHG_002266,SUB_006378,2025-07-14,Basic-Ads,(cancelled),Cancellation,Content
CHG_002267,SUB_006386,2025-12-16,Premium,(cancelled),Cancellation,Other
CHG_002268,SUB_006390,2026-01-31,Standard,(cancelled),Cancellation,Cost
CHG_002269,SUB_006396,2026-03-04,Standard,(cancelled),Cancellation,Other
CHG_002270,SUB_006397,2025-08-10,Basic-Ads,(cancelled),Cancellation,Cost
CHG_002271,SUB_006401,2025-06-10,Basic-Ads,(cancelled),Cancellation,Content
CHG_002272,SUB_006402,2026-02-23,Basic-Ads,(cancelled),Cancellation,Other
CHG_002273,SUB_006408,2026-02-19,Basic-Ads,(cancelled),Cancellation,Cost
CHG_002274,SUB_006409,2025-07-18,Basic-Ads,(cancelled),Cancellation,Cost
CHG_002275,SUB_006411,2026-01-07,Standard,(cancelled),Cancellation,Cost
CHG_002276,SUB_006412,2025-11-26,Basic-Ads,(cancelled),Cancellation,Cost
CHG_002277,SUB_006415,2025-12-02,Basic-Ads,(cancelled),Cancellation,Technical
CHG_002278,SUB_006421,2025-11-21,Basic-Ads,(cancelled),Cancellation,Cost
CHG_002279,SUB_006422,2026-03-13,Basic-Ads,(cancelled),Cancellation,Service
CHG_002280,SUB_006424,2025-11-25,Standard,(cancelled),Cancellation,Other
CHG_002281,SUB_006427,2026-02-11,Basic-Ads,(cancelled),Cancellation,Content
CHG_002282,SUB_006432,2025-11-11,Basic-Ads,(cancelled),Cancellation,Content
CHG_002283,SUB_006436,2026-02-03,Basic-Ads,(cancelled),Cancellation,Cost
CHG_002284,SUB_006437,2025-05-27,Premium,(cancelled),Cancellation,Cost
CHG_002285,SUB_006439,2025-08-20,Premium,(cancelled),Cancellation,Cost
CHG_002286,SUB_006441,2025-11-21,Basic-Ads,(cancelled),Cancellation,Cost
CHG_002287,SUB_006445,2025-07-17,Standard,(cancelled),Cancellation,Cost
CHG_002288,SUB_006447,2025-12-29,Basic-Ads,(cancelled),Cancellation,Cost
CHG_002289,SUB_006449,2026-01-28,Basic-Ads,(cancelled),Cancellation,Technical
CHG_002290,SUB_006455,2025-06-23,Basic-Ads,(cancelled),Cancellation,Cost
CHG_002291,SUB_006457,2025-10-29,Basic-Ads,(cancelled),Cancellation,Cost
CHG_002292,SUB_006460,2026-01-04,Basic-Ads,(cancelled),Cancellation,Service
CHG_002293,SUB_006461,2026-02-28,Basic-Ads,(cancelled),Cancellation,Cost
CHG_002294,SUB_006462,2026-01-22,Basic-Ads,(cancelled),Cancellation,Content
CHG_002295,SUB_006464,2025-10-24,Standard,(cancelled),Cancellation,NoReason
CHG_002296,SUB_006467,2026-03-30,Basic-Ads,(cancelled),Cancellation,Cost
CHG_002297,SUB_006469,2025-10-20,Premium,(cancelled),Cancellation,Cost
CHG_002298,SUB_006471,2026-02-15,Basic-Ads,(cancelled),Cancellation,Cost
CHG_002299,SUB_006473,2025-12-12,Standard,(cancelled),Cancellation,NoReason
CHG_002300,SUB_006476,2025-09-08,Basic-Ads,(cancelled),Cancellation,Cost
CHG_002301,SUB_006477,2025-11-21,Basic-Ads,(cancelled),Cancellation,Other
CHG_002302,SUB_006478,2026-02-15,Standard,(cancelled),Cancellation,Technical
CHG_002303,SUB_006482,2026-02-19,Basic-Ads,(cancelled),Cancellation,Cost
CHG_002304,SUB_006483,2026-03-03,Standard,(cancelled),Cancellation,Content
CHG_002305,SUB_006486,2025-09-17,Standard,(cancelled),Cancellation,Cost
CHG_002306,SUB_006488,2025-11-25,Basic-Ads,(cancelled),Cancellation,Content
CHG_002307,SUB_006489,2025-09-06,Standard,(cancelled),Cancellation,Content
CHG_002308,SUB_006490,2026-02-19,Basic-Ads,(cancelled),Cancellation,Service
CHG_002309,SUB_006505,2025-08-08,Standard,(cancelled),Cancellation,Other
CHG_002310,SUB_006506,2026-03-21,Basic-Ads,(cancelled),Cancellation,Technical
CHG_002311,SUB_006507,2025-06-18,Basic-Ads,(cancelled),Cancellation,Cost
CHG_002312,SUB_006508,2026-01-02,Standard,(cancelled),Cancellation,Other
CHG_002313,SUB_006509,2025-07-12,Standard,(cancelled),Cancellation,NoReason
CHG_002314,SUB_006512,2025-11-19,Standard,(cancelled),Cancellation,NoReason
CHG_002315,SUB_006515,2026-02-04,Basic-Ads,(cancelled),Cancellation,Content
CHG_002316,SUB_006522,2025-12-25,Standard,(cancelled),Cancellation,Service
CHG_002317,SUB_006524,2026-03-19,Standard,(cancelled),Cancellation,Cost
CHG_002318,SUB_006525,2025-07-02,Standard,(cancelled),Cancellation,Cost
CHG_002319,SUB_006527,2026-02-27,Basic-Ads,(cancelled),Cancellation,Cost
CHG_002320,SUB_006528,2025-12-06,Basic-Ads,(cancelled),Cancellation,Content
CHG_002321,SUB_006534,2026-03-08,Standard,(cancelled),Cancellation,Content
CHG_002322,SUB_006535,2025-07-17,Standard,(cancelled),Cancellation,Content
CHG_002323,SUB_006537,2025-10-29,Standard,(cancelled),Cancellation,Other
CHG_002324,SUB_006540,2025-05-01,Basic-Ads,(cancelled),Cancellation,Cost
CHG_002325,SUB_006541,2025-10-26,Basic-Ads,(cancelled),Cancellation,Cost
CHG_002326,SUB_006542,2025-05-28,Basic-Ads,(cancelled),Cancellation,Content
CHG_002327,SUB_006544,2026-02-04,Basic-Ads,(cancelled),Cancellation,Cost
CHG_002328,SUB_006547,2025-12-23,Basic-Ads,(cancelled),Cancellation,Service
CHG_002329,SUB_006549,2025-11-12,Standard,(cancelled),Cancellation,Cost
CHG_002330,SUB_006551,2026-02-09,Standard,(cancelled),Cancellation,Content
CHG_002331,SUB_006555,2025-11-10,Standard,(cancelled),Cancellation,Content
CHG_002332,SUB_006558,2025-09-05,Standard,(cancelled),Cancellation,Content
CHG_002333,SUB_006560,2025-12-03,Standard,(cancelled),Cancellation,Other
CHG_002334,SUB_006562,2025-07-21,Basic-Ads,(cancelled),Cancellation,Cost
CHG_002335,SUB_006568,2025-06-28,Basic-Ads,(cancelled),Cancellation,Content
CHG_002336,SUB_006569,2025-12-14,Basic-Ads,(cancelled),Cancellation,Cost
CHG_002337,SUB_006573,2026-02-09,Basic-Ads,(cancelled),Cancellation,Cost
CHG_002338,SUB_006576,2026-02-24,Premium,(cancelled),Cancellation,Content
CHG_002339,SUB_006578,2025-12-03,Basic-Ads,(cancelled),Cancellation,Content
CHG_002340,SUB_006580,2026-03-20,Premium,(cancelled),Cancellation,Cost
CHG_002341,SUB_006584,2025-05-28,Basic-Ads,(cancelled),Cancellation,Content
CHG_002342,SUB_006586,2025-07-10,Standard,(cancelled),Cancellation,Technical
CHG_002343,SUB_006587,2026-02-03,Premium,(cancelled),Cancellation,Content
CHG_002344,SUB_006589,2026-03-15,Basic-Ads,(cancelled),Cancellation,Cost
CHG_002345,SUB_006596,2026-03-21,Basic-Ads,(cancelled),Cancellation,Service
CHG_002346,SUB_006599,2026-03-11,Basic-Ads,(cancelled),Cancellation,NoReason
CHG_002347,SUB_006601,2025-12-22,Premium,(cancelled),Cancellation,Cost
CHG_002348,SUB_006602,2025-05-16,Basic-Ads,(cancelled),Cancellation,Other
CHG_002349,SUB_006603,2026-02-26,Standard,(cancelled),Cancellation,Content
CHG_002350,SUB_006604,2025-10-31,Basic-Ads,(cancelled),Cancellation,Technical
CHG_002351,SUB_006605,2025-07-20,Standard,(cancelled),Cancellation,Technical
CHG_002352,SUB_006616,2025-05-27,Standard,(cancelled),Cancellation,Content
CHG_002353,SUB_006620,2026-03-21,Basic-Ads,(cancelled),Cancellation,Other
CHG_002354,SUB_006621,2026-02-24,Premium,(cancelled),Cancellation,Technical
CHG_002355,SUB_006625,2025-11-22,Basic-Ads,(cancelled),Cancellation,NoReason
CHG_002356,SUB_006626,2025-11-17,Basic-Ads,(cancelled),Cancellation,Service
CHG_002357,SUB_006628,2025-07-13,Basic-Ads,(cancelled),Cancellation,Cost
CHG_002358,SUB_006631,2026-03-25,Basic-Ads,(cancelled),Cancellation,Cost
CHG_002359,SUB_006634,2025-12-27,Basic-Ads,(cancelled),Cancellation,Cost
CHG_002360,SUB_006635,2025-09-06,Basic-Ads,(cancelled),Cancellation,Cost
CHG_002361,SUB_006636,2025-11-02,Basic-Ads,(cancelled),Cancellation,Cost
CHG_002362,SUB_006637,2025-11-07,Standard,(cancelled),Cancellation,Cost
CHG_002363,SUB_006639,2025-07-09,Basic-Ads,(cancelled),Cancellation,Content
CHG_002364,SUB_006642,2026-02-13,Standard,(cancelled),Cancellation,Content
CHG_002365,SUB_006643,2025-09-23,Basic-Ads,(cancelled),Cancellation,Cost
CHG_002366,SUB_006645,2026-01-27,Premium,(cancelled),Cancellation,Cost
CHG_002367,SUB_006646,2025-12-24,Basic-Ads,(cancelled),Cancellation,Cost
CHG_002368,SUB_006652,2025-09-11,Standard,(cancelled),Cancellation,Other
CHG_002369,SUB_006653,2025-11-22,Standard,(cancelled),Cancellation,Content
CHG_002370,SUB_006654,2025-07-21,Standard,(cancelled),Cancellation,Other
CHG_002371,SUB_006656,2025-04-18,Basic-Ads,(cancelled),Cancellation,Cost
CHG_002372,SUB_006661,2026-01-18,Basic-Ads,(cancelled),Cancellation,NoReason
CHG_002373,SUB_006662,2025-09-28,Basic-Ads,(cancelled),Cancellation,Content
CHG_002374,SUB_006670,2025-11-29,Standard,(cancelled),Cancellation,Cost
CHG_002375,SUB_006672,2025-10-22,Basic-Ads,(cancelled),Cancellation,Other
CHG_002376,SUB_006673,2025-05-21,Basic-Ads,(cancelled),Cancellation,NoReason
CHG_002377,SUB_006676,2026-02-26,Basic-Ads,(cancelled),Cancellation,Cost
CHG_002378,SUB_006677,2026-01-25,Basic-Ads,(cancelled),Cancellation,Cost
CHG_002379,SUB_006678,2025-09-30,Basic-Ads,(cancelled),Cancellation,Cost
CHG_002380,SUB_006680,2026-03-30,Basic-Ads,(cancelled),Cancellation,Cost
CHG_002381,SUB_006684,2026-03-28,Basic-Ads,(cancelled),Cancellation,Cost
CHG_002382,SUB_006687,2025-07-22,Standard,(cancelled),Cancellation,Cost
CHG_002383,SUB_006688,2026-03-25,Standard,(cancelled),Cancellation,Technical
CHG_002384,SUB_006691,2026-03-20,Basic-Ads,(cancelled),Cancellation,Cost
CHG_002385,SUB_006695,2025-06-28,Premium,(cancelled),Cancellation,Content
CHG_002386,SUB_006696,2025-12-31,Basic-Ads,(cancelled),Cancellation,Cost
CHG_002387,SUB_006699,2026-03-22,Standard,(cancelled),Cancellation,Cost
CHG_002388,SUB_006703,2026-03-16,Basic-Ads,(cancelled),Cancellation,Cost
CHG_002389,SUB_006704,2026-02-03,Basic-Ads,(cancelled),Cancellation,Cost
CHG_002390,SUB_006712,2026-01-19,Basic-Ads,(cancelled),Cancellation,Technical
CHG_002391,SUB_006719,2025-10-05,Basic-Ads,(cancelled),Cancellation,Other
CHG_002392,SUB_006722,2025-07-22,Basic-Ads,(cancelled),Cancellation,Cost
CHG_002393,SUB_006723,2025-12-30,Basic-Ads,(cancelled),Cancellation,Service
CHG_002394,SUB_006727,2025-12-29,Standard,(cancelled),Cancellation,Content
CHG_002395,SUB_006730,2025-09-12,Basic-Ads,(cancelled),Cancellation,Cost
CHG_002396,SUB_006731,2025-05-13,Basic-Ads,(cancelled),Cancellation,Cost
CHG_002397,SUB_006734,2026-01-25,Basic-Ads,(cancelled),Cancellation,Service
CHG_002398,SUB_006753,2025-11-30,Standard,(cancelled),Cancellation,Content
CHG_002399,SUB_006757,2026-01-13,Basic-Ads,(cancelled),Cancellation,Technical
CHG_002400,SUB_006765,2025-10-15,Basic-Ads,(cancelled),Cancellation,Technical
CHG_002401,SUB_006767,2026-02-16,Basic-Ads,(cancelled),Cancellation,Service
CHG_002402,SUB_006772,2025-08-21,Standard,(cancelled),Cancellation,Content
CHG_002403,SUB_006779,2025-11-19,Basic-Ads,(cancelled),Cancellation,Cost
CHG_002404,SUB_006781,2025-09-01,Standard,(cancelled),Cancellation,Content
CHG_002405,SUB_006783,2026-01-26,Basic-Ads,(cancelled),Cancellation,Cost
CHG_002406,SUB_006785,2026-02-14,Standard,(cancelled),Cancellation,Cost
CHG_002407,SUB_006786,2025-06-08,Premium,(cancelled),Cancellation,Cost
CHG_002408,SUB_006787,2026-03-02,Premium,(cancelled),Cancellation,NoReason
CHG_002409,SUB_006795,2026-03-21,Basic-Ads,(cancelled),Cancellation,Technical
CHG_002410,SUB_006798,2026-02-11,Basic-Ads,(cancelled),Cancellation,Other
CHG_002411,SUB_006801,2026-01-11,Basic-Ads,(cancelled),Cancellation,Technical
CHG_002412,SUB_006802,2025-10-21,Basic-Ads,(cancelled),Cancellation,Cost
CHG_002413,SUB_006805,2025-10-31,Basic-Ads,(cancelled),Cancellation,Technical
CHG_002414,SUB_006807,2026-02-13,Basic-Ads,(cancelled),Cancellation,NoReason
CHG_002415,SUB_006809,2026-03-20,Basic-Ads,(cancelled),Cancellation,Cost
CHG_002416,SUB_006810,2025-09-19,Standard,(cancelled),Cancellation,Cost
CHG_002417,SUB_006811,2025-08-01,Basic-Ads,(cancelled),Cancellation,Cost
CHG_002418,SUB_006812,2026-01-13,Basic-Ads,(cancelled),Cancellation,Service
CHG_002419,SUB_006813,2026-03-29,Standard,(cancelled),Cancellation,Cost
CHG_002420,SUB_006814,2026-01-16,Basic-Ads,(cancelled),Cancellation,Other
CHG_002421,SUB_006817,2025-12-07,Basic-Ads,(cancelled),Cancellation,Cost
CHG_002422,SUB_006819,2025-07-21,Premium,(cancelled),Cancellation,Service
CHG_002423,SUB_006821,2025-11-25,Standard,(cancelled),Cancellation,Cost
CHG_002424,SUB_006822,2025-10-20,Premium,(cancelled),Cancellation,Service
CHG_002425,SUB_006823,2026-03-20,Premium,(cancelled),Cancellation,Service
CHG_002426,SUB_006824,2026-01-28,Basic-Ads,(cancelled),Cancellation,Content
CHG_002427,SUB_006825,2026-03-06,Standard,(cancelled),Cancellation,Content
CHG_002428,SUB_006827,2025-08-01,Standard,(cancelled),Cancellation,Content
CHG_002429,SUB_006829,2025-12-22,Standard,(cancelled),Cancellation,Service
CHG_002430,SUB_006834,2026-03-05,Basic-Ads,(cancelled),Cancellation,Service
CHG_002431,SUB_006837,2025-05-20,Standard,(cancelled),Cancellation,Cost
CHG_002432,SUB_006839,2026-03-21,Basic-Ads,(cancelled),Cancellation,Technical
CHG_002433,SUB_006843,2026-03-04,Basic-Ads,(cancelled),Cancellation,Technical
CHG_002434,SUB_006849,2025-07-11,Standard,(cancelled),Cancellation,Content
CHG_002435,SUB_006856,2025-05-27,Basic-Ads,(cancelled),Cancellation,NoReason
CHG_002436,SUB_006866,2026-01-09,Basic-Ads,(cancelled),Cancellation,Cost
CHG_002437,SUB_006873,2026-03-31,Basic-Ads,(cancelled),Cancellation,Cost
CHG_002438,SUB_006879,2025-08-26,Standard,(cancelled),Cancellation,NoReason
CHG_002439,SUB_006881,2025-12-27,Basic-Ads,(cancelled),Cancellation,NoReason
CHG_002440,SUB_006882,2025-12-08,Standard,(cancelled),Cancellation,Content
CHG_002441,SUB_006883,2025-07-01,Standard,(cancelled),Cancellation,Content
CHG_002442,SUB_006887,2026-01-30,Basic-Ads,(cancelled),Cancellation,Technical
CHG_002443,SUB_006888,2025-10-22,Standard,(cancelled),Cancellation,Cost
CHG_002444,SUB_006891,2025-09-14,Basic-Ads,(cancelled),Cancellation,Cost
CHG_002445,SUB_006892,2026-03-14,Basic-Ads,(cancelled),Cancellation,Cost
CHG_002446,SUB_006894,2026-03-24,Standard,(cancelled),Cancellation,Technical
CHG_002447,SUB_006898,2026-03-16,Basic-Ads,(cancelled),Cancellation,Cost
CHG_002448,SUB_006904,2026-01-05,Standard,(cancelled),Cancellation,NoReason
CHG_002449,SUB_006906,2025-10-15,Basic-Ads,(cancelled),Cancellation,Service
CHG_002450,SUB_006911,2025-10-29,Basic-Ads,(cancelled),Cancellation,Technical
CHG_002451,SUB_006912,2025-04-25,Standard,(cancelled),Cancellation,Content
CHG_002452,SUB_006913,2026-02-23,Basic-Ads,(cancelled),Cancellation,Other
CHG_002453,SUB_006914,2026-03-20,Basic-Ads,(cancelled),Cancellation,Content
CHG_002454,SUB_006917,2025-07-31,Standard,(cancelled),Cancellation,Cost
CHG_002455,SUB_006923,2026-03-29,Standard,(cancelled),Cancellation,NoReason
CHG_002456,SUB_006924,2026-02-26,Standard,(cancelled),Cancellation,Cost
CHG_002457,SUB_006927,2025-07-12,Standard,(cancelled),Cancellation,Cost
CHG_002458,SUB_006929,2025-12-01,Standard,(cancelled),Cancellation,NoReason
CHG_002459,SUB_006931,2025-11-23,Standard,(cancelled),Cancellation,Other
CHG_002460,SUB_006939,2026-02-10,Basic-Ads,(cancelled),Cancellation,Technical
CHG_002461,SUB_006940,2025-11-05,Standard,(cancelled),Cancellation,Cost
CHG_002462,SUB_006941,2025-05-25,Basic-Ads,(cancelled),Cancellation,Content
CHG_002463,SUB_006942,2025-09-16,Basic-Ads,(cancelled),Cancellation,Cost
CHG_002464,SUB_006943,2025-12-08,Basic-Ads,(cancelled),Cancellation,Cost
CHG_002465,SUB_006948,2026-03-23,Basic-Ads,(cancelled),Cancellation,Cost
CHG_002466,SUB_006949,2025-12-02,Premium,(cancelled),Cancellation,Content
CHG_002467,SUB_006951,2025-06-24,Standard,(cancelled),Cancellation,NoReason
CHG_002468,SUB_006952,2026-03-25,Basic-Ads,(cancelled),Cancellation,Cost
CHG_002469,SUB_006953,2026-01-10,Standard,(cancelled),Cancellation,Cost
CHG_002470,SUB_006954,2025-07-30,Standard,(cancelled),Cancellation,Other
CHG_002471,SUB_006958,2025-08-10,Standard,(cancelled),Cancellation,Cost
CHG_002472,SUB_006965,2025-10-02,Basic-Ads,(cancelled),Cancellation,Cost
CHG_002473,SUB_006968,2025-08-12,Basic-Ads,(cancelled),Cancellation,Cost
CHG_002474,SUB_006970,2025-10-13,Basic-Ads,(cancelled),Cancellation,NoReason
CHG_002475,SUB_006975,2026-03-23,Basic-Ads,(cancelled),Cancellation,Technical
CHG_002476,SUB_006980,2026-03-30,Basic-Ads,(cancelled),Cancellation,Cost
CHG_002477,SUB_006982,2026-01-30,Premium,(cancelled),Cancellation,Cost
CHG_002478,SUB_006983,2026-01-07,Premium,(cancelled),Cancellation,Cost
CHG_002479,SUB_006985,2025-08-05,Basic-Ads,(cancelled),Cancellation,Content
CHG_002480,SUB_006987,2025-10-11,Standard,(cancelled),Cancellation,Other
CHG_002481,SUB_006992,2026-02-10,Basic-Ads,(cancelled),Cancellation,NoReason
CHG_002482,SUB_006995,2025-05-22,Standard,(cancelled),Cancellation,Cost
CHG_002483,SUB_006996,2026-02-25,Basic-Ads,(cancelled),Cancellation,Cost
CHG_002484,SUB_006997,2026-01-03,Basic-Ads,(cancelled),Cancellation,Cost
CHG_002485,SUB_006999,2025-09-05,Premium,(cancelled),Cancellation,Service
CHG_002486,SUB_007001,2025-12-11,Standard,(cancelled),Cancellation,Cost
CHG_002487,SUB_007002,2025-08-08,Standard,(cancelled),Cancellation,Cost
CHG_002488,SUB_007006,2026-02-22,Basic-Ads,(cancelled),Cancellation,Cost
CHG_002489,SUB_007007,2025-09-25,Premium,(cancelled),Cancellation,Service
CHG_002490,SUB_007010,2026-02-04,Basic-Ads,(cancelled),Cancellation,Other
CHG_002491,SUB_007011,2026-02-05,Standard,(cancelled),Cancellation,Cost
CHG_002492,SUB_007012,2026-01-06,Basic-Ads,(cancelled),Cancellation,Cost
CHG_002493,SUB_007015,2025-12-27,Basic-Ads,(cancelled),Cancellation,Cost
CHG_002494,SUB_007028,2025-08-08,Standard,(cancelled),Cancellation,Content
CHG_002495,SUB_007029,2025-11-22,Premium,(cancelled),Cancellation,Other
CHG_002496,SUB_007031,2025-07-06,Basic-Ads,(cancelled),Cancellation,Other
CHG_002497,SUB_007032,2025-07-28,Basic-Ads,(cancelled),Cancellation,Cost
CHG_002498,SUB_007035,2026-01-02,Basic-Ads,(cancelled),Cancellation,Other
CHG_002499,SUB_007037,2025-08-05,Standard,(cancelled),Cancellation,Content
CHG_002500,SUB_007043,2025-06-05,Basic-Ads,(cancelled),Cancellation,Service
CHG_002501,SUB_007047,2026-02-22,Standard,(cancelled),Cancellation,Service
CHG_002502,SUB_007048,2025-07-30,Basic-Ads,(cancelled),Cancellation,Technical
CHG_002503,SUB_007054,2026-01-22,Basic-Ads,(cancelled),Cancellation,Content
CHG_002504,SUB_007056,2025-06-06,Standard,(cancelled),Cancellation,Cost
CHG_002505,SUB_007058,2025-07-12,Premium,(cancelled),Cancellation,Cost
CHG_002506,SUB_007064,2026-01-21,Standard,(cancelled),Cancellation,Cost
CHG_002507,SUB_007066,2025-08-27,Basic-Ads,(cancelled),Cancellation,Cost
CHG_002508,SUB_007074,2026-02-12,Basic-Ads,(cancelled),Cancellation,Cost
CHG_002509,SUB_007077,2026-01-23,Basic-Ads,(cancelled),Cancellation,Cost
CHG_002510,SUB_007080,2025-08-25,Basic-Ads,(cancelled),Cancellation,Cost
CHG_002511,SUB_007084,2025-12-24,Basic-Ads,(cancelled),Cancellation,Service
CHG_002512,SUB_007085,2025-10-20,Basic-Ads,(cancelled),Cancellation,Cost
CHG_002513,SUB_007088,2025-12-22,Standard,(cancelled),Cancellation,Service
CHG_002514,SUB_007089,2026-03-29,Standard,(cancelled),Cancellation,Service
CHG_002515,SUB_007094,2025-11-27,Standard,(cancelled),Cancellation,Content
CHG_002516,SUB_007100,2025-11-29,Basic-Ads,(cancelled),Cancellation,Cost
CHG_002517,SUB_007102,2026-02-28,Basic-Ads,(cancelled),Cancellation,Content
CHG_002518,SUB_007108,2025-09-22,Basic-Ads,(cancelled),Cancellation,Service
CHG_002519,SUB_007110,2025-09-27,Standard,(cancelled),Cancellation,Content
CHG_002520,SUB_007114,2025-07-08,Basic-Ads,(cancelled),Cancellation,Technical
CHG_002521,SUB_007119,2026-02-20,Standard,(cancelled),Cancellation,Cost
CHG_002522,SUB_007122,2025-12-10,Standard,(cancelled),Cancellation,Cost
CHG_002523,SUB_007123,2026-03-21,Standard,(cancelled),Cancellation,Other
CHG_002524,SUB_007127,2025-08-29,Standard,(cancelled),Cancellation,Content
CHG_002525,SUB_007128,2025-11-13,Basic-Ads,(cancelled),Cancellation,Other
CHG_002526,SUB_007136,2026-03-30,Standard,(cancelled),Cancellation,Service
CHG_002527,SUB_007143,2025-12-25,Premium,(cancelled),Cancellation,Other
CHG_002528,SUB_007144,2026-03-30,Standard,(cancelled),Cancellation,Content
CHG_002529,SUB_007146,2025-09-24,Basic-Ads,(cancelled),Cancellation,Cost
CHG_002530,SUB_007147,2025-06-01,Basic-Ads,(cancelled),Cancellation,Service
CHG_002531,SUB_007149,2026-02-11,Standard,(cancelled),Cancellation,Cost
CHG_002532,SUB_007150,2025-12-28,Premium,(cancelled),Cancellation,Cost
CHG_002533,SUB_007152,2026-01-02,Basic-Ads,(cancelled),Cancellation,Cost
CHG_002534,SUB_007154,2025-10-16,Standard,(cancelled),Cancellation,Service
CHG_002535,SUB_007155,2026-01-10,Basic-Ads,(cancelled),Cancellation,Cost
CHG_002536,SUB_007159,2025-11-22,Standard,(cancelled),Cancellation,Cost
CHG_002537,SUB_007160,2026-03-02,Standard,(cancelled),Cancellation,Service
CHG_002538,SUB_007162,2026-01-05,Standard,(cancelled),Cancellation,Technical
CHG_002539,SUB_007170,2025-10-10,Standard,(cancelled),Cancellation,Content
CHG_002540,SUB_007178,2026-01-24,Basic-Ads,(cancelled),Cancellation,Other
CHG_002541,SUB_007186,2026-02-20,Basic-Ads,(cancelled),Cancellation,Content
CHG_002542,SUB_007190,2025-08-09,Basic-Ads,(cancelled),Cancellation,Content
CHG_002543,SUB_007192,2025-06-16,Standard,(cancelled),Cancellation,Cost
CHG_002544,SUB_007193,2025-08-08,Standard,(cancelled),Cancellation,Other
CHG_002545,SUB_007196,2025-07-23,Basic-Ads,(cancelled),Cancellation,Cost
CHG_002546,SUB_007198,2026-03-30,Basic-Ads,(cancelled),Cancellation,Technical
CHG_002547,SUB_007203,2026-01-01,Basic-Ads,(cancelled),Cancellation,Other
CHG_002548,SUB_007204,2025-04-18,Standard,(cancelled),Cancellation,NoReason
CHG_002549,SUB_007207,2025-11-30,Premium,(cancelled),Cancellation,Service
CHG_002550,SUB_007208,2025-10-17,Basic-Ads,(cancelled),Cancellation,Technical
CHG_002551,SUB_007209,2026-01-11,Premium,(cancelled),Cancellation,Cost
CHG_002552,SUB_007210,2025-05-12,Standard,(cancelled),Cancellation,Cost
CHG_002553,SUB_007213,2025-04-15,Standard,(cancelled),Cancellation,Cost
CHG_002554,SUB_007216,2026-02-27,Basic-Ads,(cancelled),Cancellation,Content
CHG_002555,SUB_007218,2026-03-25,Basic-Ads,(cancelled),Cancellation,Technical
CHG_002556,SUB_007224,2026-02-22,Standard,(cancelled),Cancellation,Cost
CHG_002557,SUB_007232,2025-05-15,Standard,(cancelled),Cancellation,Cost
CHG_002558,SUB_007235,2025-12-18,Premium,(cancelled),Cancellation,Cost
CHG_002559,SUB_007237,2026-01-02,Basic-Ads,(cancelled),Cancellation,NoReason
CHG_002560,SUB_007238,2026-02-27,Basic-Ads,(cancelled),Cancellation,Cost
CHG_002561,SUB_007247,2026-03-27,Basic-Ads,(cancelled),Cancellation,Content
CHG_002562,SUB_007250,2026-03-20,Basic-Ads,(cancelled),Cancellation,Content
CHG_002563,SUB_007253,2025-08-28,Standard,(cancelled),Cancellation,Cost
CHG_002564,SUB_007254,2026-01-22,Basic-Ads,(cancelled),Cancellation,Cost
CHG_002565,SUB_007255,2025-11-27,Basic-Ads,(cancelled),Cancellation,NoReason
CHG_002566,SUB_007262,2026-01-28,Premium,(cancelled),Cancellation,Content
CHG_002567,SUB_007263,2026-03-22,Basic-Ads,(cancelled),Cancellation,Cost
CHG_002568,SUB_007265,2026-02-23,Basic-Ads,(cancelled),Cancellation,Cost
CHG_002569,SUB_007266,2025-10-12,Standard,(cancelled),Cancellation,Cost
CHG_002570,SUB_007268,2025-11-28,Basic-Ads,(cancelled),Cancellation,Cost
CHG_002571,SUB_007269,2025-12-30,Basic-Ads,(cancelled),Cancellation,Technical
CHG_002572,SUB_007270,2026-03-06,Basic-Ads,(cancelled),Cancellation,Content
CHG_002573,SUB_007276,2025-06-11,Standard,(cancelled),Cancellation,Cost
CHG_002574,SUB_007279,2025-05-12,Basic-Ads,(cancelled),Cancellation,Other
CHG_002575,SUB_007284,2025-08-17,Premium,(cancelled),Cancellation,Cost
CHG_002576,SUB_007285,2025-10-15,Standard,(cancelled),Cancellation,Cost
CHG_002577,SUB_007286,2026-03-25,Basic-Ads,(cancelled),Cancellation,Content
CHG_002578,SUB_007287,2026-01-14,Basic-Ads,(cancelled),Cancellation,Other
CHG_002579,SUB_007288,2025-11-26,Basic-Ads,(cancelled),Cancellation,Content
CHG_002580,SUB_007294,2025-09-05,Basic-Ads,(cancelled),Cancellation,Content
CHG_002581,SUB_007297,2025-08-05,Basic-Ads,(cancelled),Cancellation,Content
CHG_002582,SUB_007298,2025-08-02,Basic-Ads,(cancelled),Cancellation,Content
CHG_002583,SUB_007299,2026-01-27,Standard,(cancelled),Cancellation,Cost
CHG_002584,SUB_007301,2025-11-22,Basic-Ads,(cancelled),Cancellation,Cost
CHG_002585,SUB_007305,2025-05-03,Basic-Ads,(cancelled),Cancellation,Content
CHG_002586,SUB_007308,2025-04-16,Standard,(cancelled),Cancellation,Cost
CHG_002587,SUB_007311,2025-07-27,Basic-Ads,(cancelled),Cancellation,Cost
CHG_002588,SUB_007312,2025-09-25,Basic-Ads,(cancelled),Cancellation,Other
CHG_002589,SUB_007313,2026-03-23,Basic-Ads,(cancelled),Cancellation,Cost
CHG_002590,SUB_007319,2025-07-19,Basic-Ads,(cancelled),Cancellation,NoReason
CHG_002591,SUB_007321,2025-06-14,Basic-Ads,(cancelled),Cancellation,Cost
CHG_002592,SUB_007330,2026-02-27,Basic-Ads,(cancelled),Cancellation,Service
CHG_002593,SUB_007335,2025-09-15,Standard,(cancelled),Cancellation,Cost
CHG_002594,SUB_007338,2025-07-01,Standard,(cancelled),Cancellation,Cost
CHG_002595,SUB_007339,2026-03-25,Standard,(cancelled),Cancellation,Cost
CHG_002596,SUB_007345,2026-03-30,Basic-Ads,(cancelled),Cancellation,Cost
CHG_002597,SUB_007347,2026-03-28,Basic-Ads,(cancelled),Cancellation,Cost
CHG_002598,SUB_007348,2026-01-28,Standard,(cancelled),Cancellation,Cost
CHG_002599,SUB_007349,2025-08-15,Basic-Ads,(cancelled),Cancellation,Cost
CHG_002600,SUB_007351,2025-11-28,Basic-Ads,(cancelled),Cancellation,Cost
CHG_002601,SUB_007352,2025-07-08,Standard,(cancelled),Cancellation,Cost
CHG_002602,SUB_007357,2025-04-07,Basic-Ads,(cancelled),Cancellation,Cost
CHG_002603,SUB_007358,2025-11-20,Basic-Ads,(cancelled),Cancellation,Content
CHG_002604,SUB_007364,2026-03-03,Premium,(cancelled),Cancellation,Cost
CHG_002605,SUB_007368,2026-01-16,Basic-Ads,(cancelled),Cancellation,Content
CHG_002606,SUB_007374,2026-01-07,Basic-Ads,(cancelled),Cancellation,Cost
CHG_002607,SUB_007375,2026-02-21,Basic-Ads,(cancelled),Cancellation,NoReason
CHG_002608,SUB_007382,2025-06-04,Basic-Ads,(cancelled),Cancellation,Cost
CHG_002609,SUB_007385,2025-08-17,Standard,(cancelled),Cancellation,NoReason
CHG_002610,SUB_007387,2025-08-23,Standard,(cancelled),Cancellation,NoReason
CHG_002611,SUB_007388,2025-06-16,Basic-Ads,(cancelled),Cancellation,NoReason
CHG_002612,SUB_007395,2026-02-17,Standard,(cancelled),Cancellation,Other
CHG_002613,SUB_007397,2025-12-24,Standard,(cancelled),Cancellation,Content
CHG_002614,SUB_007400,2026-01-06,Basic-Ads,(cancelled),Cancellation,Cost
CHG_002615,SUB_007403,2025-08-20,Standard,(cancelled),Cancellation,Cost
CHG_002616,SUB_007405,2025-12-09,Basic-Ads,(cancelled),Cancellation,Cost
CHG_002617,SUB_007409,2025-07-26,Standard,(cancelled),Cancellation,NoReason
CHG_002618,SUB_007410,2026-03-12,Basic-Ads,(cancelled),Cancellation,Service
CHG_002619,SUB_007411,2025-04-19,Basic-Ads,(cancelled),Cancellation,Cost
CHG_002620,SUB_007415,2025-11-02,Basic-Ads,(cancelled),Cancellation,Content
CHG_002621,SUB_007418,2025-05-28,Standard,(cancelled),Cancellation,Technical
CHG_002622,SUB_007421,2025-08-03,Premium,(cancelled),Cancellation,Technical
CHG_002623,SUB_007422,2025-05-07,Standard,(cancelled),Cancellation,Cost
CHG_002624,SUB_007426,2025-05-17,Standard,(cancelled),Cancellation,Cost
CHG_002625,SUB_007430,2025-04-06,Standard,(cancelled),Cancellation,Content
CHG_002626,SUB_007431,2025-12-08,Premium,(cancelled),Cancellation,Cost
CHG_002627,SUB_007437,2025-05-16,Basic-Ads,(cancelled),Cancellation,Cost
CHG_002628,SUB_007438,2026-02-02,Basic-Ads,(cancelled),Cancellation,Technical
CHG_002629,SUB_007441,2025-10-15,Basic-Ads,(cancelled),Cancellation,Cost
CHG_002630,SUB_007443,2026-03-19,Basic-Ads,(cancelled),Cancellation,Cost
CHG_002631,SUB_007448,2025-07-26,Standard,(cancelled),Cancellation,Other
CHG_002632,SUB_007450,2025-08-19,Premium,(cancelled),Cancellation,Cost
CHG_002633,SUB_007452,2025-05-11,Premium,(cancelled),Cancellation,Content
CHG_002634,SUB_007454,2025-07-20,Basic-Ads,(cancelled),Cancellation,Other
CHG_002635,SUB_007455,2026-02-22,Basic-Ads,(cancelled),Cancellation,Cost
CHG_002636,SUB_007464,2025-04-04,Basic-Ads,(cancelled),Cancellation,Service
CHG_002637,SUB_007465,2025-10-21,Basic-Ads,(cancelled),Cancellation,Service
CHG_002638,SUB_007466,2026-03-12,Basic-Ads,(cancelled),Cancellation,Cost
CHG_002639,SUB_007468,2025-11-27,Basic-Ads,(cancelled),Cancellation,Cost
CHG_002640,SUB_007474,2026-02-27,Standard,(cancelled),Cancellation,Cost
CHG_002641,SUB_007475,2026-03-18,Standard,(cancelled),Cancellation,Content
CHG_002642,SUB_007483,2025-11-01,Basic-Ads,(cancelled),Cancellation,Cost
CHG_002643,SUB_007489,2025-10-26,Premium,(cancelled),Cancellation,Other
CHG_002644,SUB_007493,2025-12-10,Standard,(cancelled),Cancellation,Cost
CHG_002645,SUB_007494,2025-09-20,Basic-Ads,(cancelled),Cancellation,Service
CHG_002646,SUB_007495,2026-03-24,Basic-Ads,(cancelled),Cancellation,Cost
CHG_002647,SUB_007497,2025-06-03,Basic-Ads,(cancelled),Cancellation,Technical
CHG_002648,SUB_007501,2025-11-18,Standard,(cancelled),Cancellation,Technical
CHG_002649,SUB_007503,2026-02-20,Basic-Ads,(cancelled),Cancellation,Technical
CHG_002650,SUB_007512,2026-03-28,Basic-Ads,(cancelled),Cancellation,Technical
CHG_002651,SUB_007516,2025-04-02,Standard,(cancelled),Cancellation,Content
CHG_002652,SUB_007518,2025-12-18,Basic-Ads,(cancelled),Cancellation,Content
CHG_002653,SUB_007521,2025-11-17,Standard,(cancelled),Cancellation,Cost
CHG_002654,SUB_007522,2026-01-19,Basic-Ads,(cancelled),Cancellation,Cost
CHG_002655,SUB_007523,2026-02-13,Basic-Ads,(cancelled),Cancellation,Technical
CHG_002656,SUB_007526,2026-02-26,Basic-Ads,(cancelled),Cancellation,Content
CHG_002657,SUB_007529,2026-02-11,Standard,(cancelled),Cancellation,Other
CHG_002658,SUB_007534,2025-10-15,Premium,(cancelled),Cancellation,Cost
CHG_002659,SUB_007535,2026-02-13,Basic-Ads,(cancelled),Cancellation,Cost
CHG_002660,SUB_007540,2025-04-26,Basic-Ads,(cancelled),Cancellation,Technical
CHG_002661,SUB_007547,2025-10-03,Basic-Ads,(cancelled),Cancellation,Cost
CHG_002662,SUB_007548,2026-03-28,Premium,(cancelled),Cancellation,Cost
CHG_002663,SUB_007556,2026-01-06,Basic-Ads,(cancelled),Cancellation,Cost
CHG_002664,SUB_007562,2026-01-29,Basic-Ads,(cancelled),Cancellation,Cost
CHG_002665,SUB_007572,2026-01-04,Basic-Ads,(cancelled),Cancellation,Cost
CHG_002666,SUB_007575,2025-09-30,Basic-Ads,(cancelled),Cancellation,Technical
CHG_002667,SUB_007576,2025-10-21,Basic-Ads,(cancelled),Cancellation,Cost
CHG_002668,SUB_007579,2025-09-19,Premium,(cancelled),Cancellation,Cost
CHG_002669,SUB_007592,2025-12-05,Standard,(cancelled),Cancellation,Cost
CHG_002670,SUB_007593,2025-08-05,Premium,(cancelled),Cancellation,NoReason
CHG_002671,SUB_007598,2025-09-15,Basic-Ads,(cancelled),Cancellation,Cost
CHG_002672,SUB_007602,2026-02-03,Basic-Ads,(cancelled),Cancellation,Service
CHG_002673,SUB_007605,2026-02-16,Premium,(cancelled),Cancellation,Content
CHG_002674,SUB_007609,2025-12-04,Premium,(cancelled),Cancellation,Cost
CHG_002675,SUB_007610,2026-02-05,Basic-Ads,(cancelled),Cancellation,Content
CHG_002676,SUB_007611,2025-11-04,Basic-Ads,(cancelled),Cancellation,Cost
CHG_002677,SUB_007612,2025-07-27,Basic-Ads,(cancelled),Cancellation,Service
CHG_002678,SUB_007617,2026-03-22,Standard,(cancelled),Cancellation,Service
CHG_002679,SUB_007618,2026-01-11,Basic-Ads,(cancelled),Cancellation,Service
CHG_002680,SUB_007619,2026-01-23,Basic-Ads,(cancelled),Cancellation,Cost
CHG_002681,SUB_007622,2025-08-28,Basic-Ads,(cancelled),Cancellation,Cost
CHG_002682,SUB_007623,2025-06-26,Basic-Ads,(cancelled),Cancellation,Cost
CHG_002683,SUB_007629,2025-09-26,Standard,(cancelled),Cancellation,Cost
CHG_002684,SUB_007632,2026-02-22,Basic-Ads,(cancelled),Cancellation,Other
CHG_002685,SUB_007639,2025-09-03,Standard,(cancelled),Cancellation,Technical
CHG_002686,SUB_007641,2025-12-24,Basic-Ads,(cancelled),Cancellation,Content
CHG_002687,SUB_007644,2026-01-16,Basic-Ads,(cancelled),Cancellation,Service
CHG_002688,SUB_007645,2025-11-03,Standard,(cancelled),Cancellation,Cost
CHG_002689,SUB_007647,2025-05-14,Basic-Ads,(cancelled),Cancellation,Cost
CHG_002690,SUB_007648,2025-09-22,Standard,(cancelled),Cancellation,Cost
CHG_002691,SUB_007649,2025-11-11,Basic-Ads,(cancelled),Cancellation,Service
CHG_002692,SUB_007654,2026-02-19,Basic-Ads,(cancelled),Cancellation,Content
CHG_002693,SUB_007656,2025-11-15,Standard,(cancelled),Cancellation,Technical
CHG_002694,SUB_007659,2025-08-28,Standard,(cancelled),Cancellation,Cost
CHG_002695,SUB_007670,2025-04-03,Premium,(cancelled),Cancellation,Content
CHG_002696,SUB_007671,2025-12-17,Basic-Ads,(cancelled),Cancellation,Cost
CHG_002697,SUB_007674,2026-03-31,Standard,(cancelled),Cancellation,Content
CHG_002698,SUB_007676,2025-12-16,Basic-Ads,(cancelled),Cancellation,Technical
CHG_002699,SUB_007677,2025-07-30,Basic-Ads,(cancelled),Cancellation,Cost
CHG_002700,SUB_007678,2026-03-21,Basic-Ads,(cancelled),Cancellation,Service
CHG_002701,SUB_007679,2025-09-28,Basic-Ads,(cancelled),Cancellation,NoReason
CHG_002702,SUB_007680,2026-01-11,Basic-Ads,(cancelled),Cancellation,Cost
CHG_002703,SUB_007684,2025-12-21,Standard,(cancelled),Cancellation,Cost
CHG_002704,SUB_007685,2025-07-14,Basic-Ads,(cancelled),Cancellation,Content
CHG_002705,SUB_007689,2026-02-09,Standard,(cancelled),Cancellation,Cost
CHG_002706,SUB_007690,2025-04-13,Standard,(cancelled),Cancellation,Cost
CHG_002707,SUB_007693,2025-06-24,Basic-Ads,(cancelled),Cancellation,NoReason
CHG_002708,SUB_007694,2025-12-04,Basic-Ads,(cancelled),Cancellation,Cost
CHG_002709,SUB_007695,2026-02-18,Basic-Ads,(cancelled),Cancellation,Cost
CHG_002710,SUB_007696,2025-10-16,Premium,(cancelled),Cancellation,Technical
CHG_002711,SUB_007697,2026-01-19,Basic-Ads,(cancelled),Cancellation,Cost
CHG_002712,SUB_007701,2026-02-24,Standard,(cancelled),Cancellation,Cost
CHG_002713,SUB_007710,2025-11-01,Standard,(cancelled),Cancellation,Content
CHG_002714,SUB_007711,2025-09-16,Basic-Ads,(cancelled),Cancellation,Technical
CHG_002715,SUB_007712,2025-09-09,Premium,(cancelled),Cancellation,Cost
CHG_002716,SUB_007715,2026-01-26,Standard,(cancelled),Cancellation,Cost
CHG_002717,SUB_007720,2025-08-17,Basic-Ads,(cancelled),Cancellation,Cost
CHG_002718,SUB_007723,2025-06-02,Standard,(cancelled),Cancellation,Service
CHG_002719,SUB_007724,2025-04-02,Basic-Ads,(cancelled),Cancellation,Service
CHG_002720,SUB_007732,2026-02-27,Basic-Ads,(cancelled),Cancellation,Content
CHG_002721,SUB_007737,2025-09-23,Basic-Ads,(cancelled),Cancellation,NoReason
CHG_002722,SUB_007745,2025-11-06,Basic-Ads,(cancelled),Cancellation,Cost
CHG_002723,SUB_007749,2026-03-22,Standard,(cancelled),Cancellation,Content
CHG_002724,SUB_007754,2026-02-06,Basic-Ads,(cancelled),Cancellation,Content
CHG_002725,SUB_007758,2025-07-24,Standard,(cancelled),Cancellation,Cost
CHG_002726,SUB_007762,2026-01-24,Standard,(cancelled),Cancellation,Cost
CHG_002727,SUB_007764,2025-12-29,Standard,(cancelled),Cancellation,Service
CHG_002728,SUB_007767,2026-02-26,Basic-Ads,(cancelled),Cancellation,Service
CHG_002729,SUB_007769,2026-02-21,Basic-Ads,(cancelled),Cancellation,Cost
CHG_002730,SUB_007772,2025-09-14,Basic-Ads,(cancelled),Cancellation,Cost
CHG_002731,SUB_007776,2026-01-09,Standard,(cancelled),Cancellation,Cost
CHG_002732,SUB_007778,2025-08-10,Basic-Ads,(cancelled),Cancellation,Technical
CHG_002733,SUB_007783,2025-11-21,Basic-Ads,(cancelled),Cancellation,Cost
CHG_002734,SUB_007784,2025-09-16,Standard,(cancelled),Cancellation,Cost
CHG_002735,SUB_007788,2025-09-06,Basic-Ads,(cancelled),Cancellation,Cost
CHG_002736,SUB_007790,2025-10-25,Premium,(cancelled),Cancellation,Content
CHG_002737,SUB_007791,2026-01-06,Standard,(cancelled),Cancellation,Cost
CHG_002738,SUB_007792,2026-02-09,Basic-Ads,(cancelled),Cancellation,Other
CHG_002739,SUB_007797,2026-03-04,Basic-Ads,(cancelled),Cancellation,Technical
CHG_002740,SUB_007799,2025-09-19,Standard,(cancelled),Cancellation,Cost
CHG_002741,SUB_007801,2025-12-13,Basic-Ads,(cancelled),Cancellation,Cost
CHG_002742,SUB_007802,2026-03-30,Standard,(cancelled),Cancellation,NoReason
CHG_002743,SUB_007804,2026-02-10,Standard,(cancelled),Cancellation,Content
CHG_002744,SUB_007807,2025-06-14,Standard,(cancelled),Cancellation,Cost
CHG_002745,SUB_007814,2025-05-26,Basic-Ads,(cancelled),Cancellation,Other
CHG_002746,SUB_007819,2025-07-01,Standard,(cancelled),Cancellation,Cost
CHG_002747,SUB_007824,2026-03-20,Basic-Ads,(cancelled),Cancellation,Cost
CHG_002748,SUB_007825,2026-02-08,Standard,(cancelled),Cancellation,Technical
CHG_002749,SUB_007826,2025-09-08,Standard,(cancelled),Cancellation,Cost
CHG_002750,SUB_007830,2025-06-05,Basic-Ads,(cancelled),Cancellation,Cost
CHG_002751,SUB_007833,2026-02-11,Basic-Ads,(cancelled),Cancellation,Technical
CHG_002752,SUB_007837,2025-09-15,Premium,(cancelled),Cancellation,Cost
CHG_002753,SUB_007842,2025-09-15,Standard,(cancelled),Cancellation,Other
CHG_002754,SUB_007844,2025-12-04,Standard,(cancelled),Cancellation,Cost
CHG_002755,SUB_007848,2025-06-25,Premium,(cancelled),Cancellation,Cost
CHG_002756,SUB_007851,2026-03-17,Basic-Ads,(cancelled),Cancellation,Cost
CHG_002757,SUB_007854,2025-11-13,Basic-Ads,(cancelled),Cancellation,Content
CHG_002758,SUB_007856,2025-07-18,Basic-Ads,(cancelled),Cancellation,Cost
CHG_002759,SUB_007867,2026-01-17,Premium,(cancelled),Cancellation,Other
CHG_002760,SUB_007868,2025-08-28,Standard,(cancelled),Cancellation,Cost
CHG_002761,SUB_007869,2025-08-05,Standard,(cancelled),Cancellation,Cost
CHG_002762,SUB_007871,2025-10-21,Basic-Ads,(cancelled),Cancellation,Other
CHG_002763,SUB_007872,2026-03-06,Premium,(cancelled),Cancellation,NoReason
CHG_002764,SUB_007874,2026-02-27,Basic-Ads,(cancelled),Cancellation,Cost
CHG_002765,SUB_007875,2026-03-06,Basic-Ads,(cancelled),Cancellation,Cost
CHG_002766,SUB_007876,2026-02-04,Basic-Ads,(cancelled),Cancellation,Content
CHG_002767,SUB_007877,2026-03-04,Basic-Ads,(cancelled),Cancellation,Cost
CHG_002768,SUB_007880,2026-03-30,Standard,(cancelled),Cancellation,Content
CHG_002769,SUB_007881,2025-12-04,Standard,(cancelled),Cancellation,Cost
CHG_002770,SUB_007886,2026-02-13,Basic-Ads,(cancelled),Cancellation,Service
CHG_002771,SUB_007892,2025-09-05,Basic-Ads,(cancelled),Cancellation,Other
CHG_002772,SUB_007894,2026-01-02,Standard,(cancelled),Cancellation,Cost
CHG_002773,SUB_007898,2025-05-15,Standard,(cancelled),Cancellation,Cost
CHG_002774,SUB_007902,2025-04-19,Standard,(cancelled),Cancellation,Service
CHG_002775,SUB_007905,2026-01-18,Basic-Ads,(cancelled),Cancellation,Cost
CHG_002776,SUB_007909,2025-05-09,Standard,(cancelled),Cancellation,Cost
CHG_002777,SUB_007911,2025-10-05,Standard,(cancelled),Cancellation,Technical
CHG_002778,SUB_007913,2026-01-23,Standard,(cancelled),Cancellation,Cost
CHG_002779,SUB_007914,2026-02-21,Basic-Ads,(cancelled),Cancellation,Content
CHG_002780,SUB_007923,2026-03-06,Standard,(cancelled),Cancellation,Cost
CHG_002781,SUB_007929,2025-10-11,Basic-Ads,(cancelled),Cancellation,Technical
CHG_002782,SUB_007932,2025-04-17,Basic-Ads,(cancelled),Cancellation,Content
CHG_002783,SUB_007936,2026-01-05,Basic-Ads,(cancelled),Cancellation,Content
CHG_002784,SUB_007944,2025-08-12,Standard,(cancelled),Cancellation,Service
CHG_002785,SUB_007945,2026-02-09,Basic-Ads,(cancelled),Cancellation,Technical
CHG_002786,SUB_007952,2026-01-30,Basic-Ads,(cancelled),Cancellation,Cost
CHG_002787,SUB_007953,2026-01-31,Basic-Ads,(cancelled),Cancellation,Cost
CHG_002788,SUB_007955,2026-03-21,Basic-Ads,(cancelled),Cancellation,Cost
CHG_002789,SUB_007956,2025-04-20,Basic-Ads,(cancelled),Cancellation,Cost
CHG_002790,SUB_007966,2026-01-14,Standard,(cancelled),Cancellation,Cost
CHG_002791,SUB_007971,2026-01-30,Basic-Ads,(cancelled),Cancellation,Content
CHG_002792,SUB_007976,2026-02-05,Premium,(cancelled),Cancellation,Content
CHG_002793,SUB_007977,2025-09-19,Standard,(cancelled),Cancellation,Content
CHG_002794,SUB_007986,2025-09-02,Standard,(cancelled),Cancellation,Other
CHG_002795,SUB_007987,2025-08-30,Standard,(cancelled),Cancellation,Content
CHG_002796,SUB_007991,2025-11-30,Standard,(cancelled),Cancellation,Cost
CHG_002797,SUB_007992,2026-02-15,Basic-Ads,(cancelled),Cancellation,Other
CHG_002798,SUB_007998,2025-11-16,Standard,(cancelled),Cancellation,Cost
CHG_002799,SUB_008000,2026-02-25,Standard,(cancelled),Cancellation,NoReason
CHG_002800,SUB_008002,2025-09-01,Standard,(cancelled),Cancellation,Cost
CHG_002801,SUB_008005,2025-06-15,Basic-Ads,(cancelled),Cancellation,Content
CHG_002802,SUB_008008,2026-01-22,Premium,(cancelled),Cancellation,Service
CHG_002803,SUB_008011,2026-03-02,Premium,(cancelled),Cancellation,Other
CHG_002804,SUB_008012,2026-01-23,Basic-Ads,(cancelled),Cancellation,Content
CHG_002805,SUB_008016,2025-11-19,Basic-Ads,(cancelled),Cancellation,Content
CHG_002806,SUB_008017,2025-06-06,Basic-Ads,(cancelled),Cancellation,NoReason
CHG_002807,SUB_008018,2025-12-01,Basic-Ads,(cancelled),Cancellation,Content
CHG_002808,SUB_008021,2025-12-08,Standard,(cancelled),Cancellation,Cost
CHG_002809,SUB_008027,2026-03-08,Basic-Ads,(cancelled),Cancellation,Cost
CHG_002810,SUB_008028,2026-03-23,Premium,(cancelled),Cancellation,Cost
CHG_002811,SUB_008029,2025-10-22,Basic-Ads,(cancelled),Cancellation,Other
CHG_002812,SUB_008030,2025-05-26,Basic-Ads,(cancelled),Cancellation,Cost
CHG_002813,SUB_008032,2025-08-18,Basic-Ads,(cancelled),Cancellation,Cost
CHG_002814,SUB_008034,2025-06-20,Basic-Ads,(cancelled),Cancellation,Technical
CHG_002815,SUB_008036,2025-11-17,Basic-Ads,(cancelled),Cancellation,NoReason
CHG_002816,SUB_008038,2025-10-16,Standard,(cancelled),Cancellation,NoReason
CHG_002817,SUB_008039,2026-03-08,Basic-Ads,(cancelled),Cancellation,Cost
CHG_002818,SUB_008040,2026-01-21,Standard,(cancelled),Cancellation,Service
CHG_002819,SUB_008042,2025-05-07,Basic-Ads,(cancelled),Cancellation,Content
CHG_002820,SUB_008043,2025-06-16,Basic-Ads,(cancelled),Cancellation,Cost
CHG_002821,SUB_008044,2025-05-26,Premium,(cancelled),Cancellation,Cost
CHG_002822,SUB_008046,2025-06-02,Standard,(cancelled),Cancellation,Service
CHG_002823,SUB_008048,2026-03-01,Basic-Ads,(cancelled),Cancellation,Other
CHG_002824,SUB_008049,2026-01-01,Basic-Ads,(cancelled),Cancellation,Content
CHG_002825,SUB_008059,2025-08-24,Basic-Ads,(cancelled),Cancellation,Cost
CHG_002826,SUB_008067,2026-03-28,Standard,(cancelled),Cancellation,Cost
CHG_002827,SUB_008068,2025-07-28,Basic-Ads,(cancelled),Cancellation,Service
CHG_002828,SUB_008070,2026-03-31,Basic-Ads,(cancelled),Cancellation,Cost
CHG_002829,SUB_008071,2026-01-23,Standard,(cancelled),Cancellation,Other
CHG_002830,SUB_008074,2025-11-01,Basic-Ads,(cancelled),Cancellation,Other
CHG_002831,SUB_008075,2025-11-27,Basic-Ads,(cancelled),Cancellation,Cost
CHG_002832,SUB_008076,2025-07-31,Standard,(cancelled),Cancellation,Cost
CHG_002833,SUB_008078,2025-07-24,Standard,(cancelled),Cancellation,Other
CHG_002834,SUB_008080,2025-09-11,Basic-Ads,(cancelled),Cancellation,Cost
CHG_002835,SUB_008081,2026-01-25,Basic-Ads,(cancelled),Cancellation,Cost
CHG_002836,SUB_008086,2025-11-17,Premium,(cancelled),Cancellation,Cost
CHG_002837,SUB_008087,2026-03-15,Basic-Ads,(cancelled),Cancellation,Cost
CHG_002838,SUB_008088,2025-05-17,Standard,(cancelled),Cancellation,Content
CHG_002839,SUB_008090,2026-03-31,Basic-Ads,(cancelled),Cancellation,Service
CHG_002840,SUB_008093,2026-03-30,Basic-Ads,(cancelled),Cancellation,Cost
CHG_002841,SUB_008095,2026-01-31,Basic-Ads,(cancelled),Cancellation,Content
CHG_002842,SUB_008096,2025-10-12,Standard,(cancelled),Cancellation,Cost
CHG_002843,SUB_008099,2025-06-12,Standard,(cancelled),Cancellation,Other
CHG_002844,SUB_008101,2025-12-19,Standard,(cancelled),Cancellation,Cost
CHG_002845,SUB_008103,2025-05-09,Standard,(cancelled),Cancellation,Cost
CHG_002846,SUB_008104,2025-11-11,Standard,(cancelled),Cancellation,Content
CHG_002847,SUB_008105,2025-05-24,Basic-Ads,(cancelled),Cancellation,Technical
CHG_002848,SUB_008106,2025-04-20,Basic-Ads,(cancelled),Cancellation,Cost
CHG_002849,SUB_008107,2025-07-17,Basic-Ads,(cancelled),Cancellation,Cost
CHG_002850,SUB_008114,2025-06-26,Basic-Ads,(cancelled),Cancellation,Cost
CHG_002851,SUB_008119,2025-11-28,Basic-Ads,(cancelled),Cancellation,NoReason
CHG_002852,SUB_008120,2025-12-23,Basic-Ads,(cancelled),Cancellation,Cost
CHG_002853,SUB_008121,2026-02-18,Basic-Ads,(cancelled),Cancellation,Content
CHG_002854,SUB_008123,2025-09-05,Standard,(cancelled),Cancellation,Service
CHG_002855,SUB_008126,2025-12-12,Standard,(cancelled),Cancellation,Technical
CHG_002856,SUB_008130,2025-04-21,Premium,(cancelled),Cancellation,Technical
CHG_002857,SUB_008136,2026-03-22,Standard,(cancelled),Cancellation,Content
CHG_002858,SUB_008140,2025-11-02,Basic-Ads,(cancelled),Cancellation,Content
CHG_002859,SUB_008141,2026-03-29,Standard,(cancelled),Cancellation,Content
CHG_002860,SUB_008144,2025-09-28,Standard,(cancelled),Cancellation,Cost
CHG_002861,SUB_008146,2025-12-10,Standard,(cancelled),Cancellation,Content
CHG_002862,SUB_008148,2025-12-15,Basic-Ads,(cancelled),Cancellation,Content
CHG_002863,SUB_008151,2026-01-29,Standard,(cancelled),Cancellation,Cost
CHG_002864,SUB_008152,2025-12-28,Standard,(cancelled),Cancellation,Service
CHG_002865,SUB_008153,2026-01-03,Basic-Ads,(cancelled),Cancellation,Cost
CHG_002866,SUB_008156,2025-10-12,Basic-Ads,(cancelled),Cancellation,Content
CHG_002867,SUB_008166,2025-08-21,Basic-Ads,(cancelled),Cancellation,Cost
CHG_002868,SUB_008167,2025-07-13,Premium,(cancelled),Cancellation,Cost
CHG_002869,SUB_008169,2025-10-20,Premium,(cancelled),Cancellation,Service
CHG_002870,SUB_008171,2026-01-07,Basic-Ads,(cancelled),Cancellation,Content
CHG_002871,SUB_008172,2025-12-26,Standard,(cancelled),Cancellation,Cost
CHG_002872,SUB_008173,2026-02-09,Standard,(cancelled),Cancellation,Cost
CHG_002873,SUB_008175,2026-01-04,Premium,(cancelled),Cancellation,NoReason
CHG_002874,SUB_008182,2025-04-29,Basic-Ads,(cancelled),Cancellation,Technical
CHG_002875,SUB_008187,2026-01-05,Standard,(cancelled),Cancellation,Cost
CHG_002876,SUB_008190,2026-03-26,Basic-Ads,(cancelled),Cancellation,Cost
CHG_002877,SUB_008193,2025-12-26,Basic-Ads,(cancelled),Cancellation,Cost
CHG_002878,SUB_008195,2025-12-31,Basic-Ads,(cancelled),Cancellation,Cost
CHG_002879,SUB_008199,2025-07-31,Premium,(cancelled),Cancellation,Cost
CHG_002880,SUB_008201,2025-06-19,Basic-Ads,(cancelled),Cancellation,Cost
CHG_002881,SUB_008202,2026-03-07,Basic-Ads,(cancelled),Cancellation,Cost
CHG_002882,SUB_008204,2025-11-19,Standard,(cancelled),Cancellation,Other
CHG_002883,SUB_008211,2025-09-03,Standard,(cancelled),Cancellation,Cost
CHG_002884,SUB_008213,2025-10-16,Standard,(cancelled),Cancellation,Cost
CHG_002885,SUB_008220,2026-03-17,Basic-Ads,(cancelled),Cancellation,Cost
CHG_002886,SUB_008222,2026-03-26,Basic-Ads,(cancelled),Cancellation,Content
CHG_002887,SUB_008224,2025-05-04,Basic-Ads,(cancelled),Cancellation,Cost
CHG_002888,SUB_008226,2026-03-05,Basic-Ads,(cancelled),Cancellation,Technical
CHG_002889,SUB_008231,2026-02-13,Standard,(cancelled),Cancellation,Cost
CHG_002890,SUB_008232,2025-10-09,Standard,(cancelled),Cancellation,Content
CHG_002891,SUB_008234,2025-10-18,Basic-Ads,(cancelled),Cancellation,Cost
CHG_002892,SUB_008238,2025-11-08,Basic-Ads,(cancelled),Cancellation,Cost
CHG_002893,SUB_008240,2025-07-17,Basic-Ads,(cancelled),Cancellation,Cost
CHG_002894,SUB_008241,2025-07-25,Premium,(cancelled),Cancellation,Cost
CHG_002895,SUB_008248,2025-06-07,Basic-Ads,(cancelled),Cancellation,Cost
CHG_002896,SUB_008251,2026-03-05,Premium,(cancelled),Cancellation,Service
CHG_002897,SUB_008254,2025-12-20,Basic-Ads,(cancelled),Cancellation,Technical
CHG_002898,SUB_008260,2025-04-02,Standard,(cancelled),Cancellation,Cost
CHG_002899,SUB_008266,2026-03-05,Basic-Ads,(cancelled),Cancellation,Cost
CHG_002900,SUB_008267,2026-03-26,Basic-Ads,(cancelled),Cancellation,Cost
CHG_002901,SUB_008270,2026-01-20,Basic-Ads,(cancelled),Cancellation,Cost
CHG_002902,SUB_008271,2025-09-16,Basic-Ads,(cancelled),Cancellation,NoReason
CHG_002903,SUB_008272,2026-03-17,Basic-Ads,(cancelled),Cancellation,Cost
CHG_002904,SUB_008275,2025-10-05,Basic-Ads,(cancelled),Cancellation,Cost
CHG_002905,SUB_008276,2025-07-04,Basic-Ads,(cancelled),Cancellation,Service
CHG_002906,SUB_008278,2026-01-06,Basic-Ads,(cancelled),Cancellation,Service
CHG_002907,SUB_008283,2025-10-01,Basic-Ads,(cancelled),Cancellation,Other
CHG_002908,SUB_008284,2026-02-06,Standard,(cancelled),Cancellation,Cost
CHG_002909,SUB_008286,2026-02-24,Premium,(cancelled),Cancellation,Content
CHG_002910,SUB_008289,2025-11-25,Basic-Ads,(cancelled),Cancellation,NoReason
CHG_002911,SUB_008291,2026-01-24,Basic-Ads,(cancelled),Cancellation,Cost
CHG_002912,SUB_008292,2025-12-12,Premium,(cancelled),Cancellation,Cost
CHG_002913,SUB_008293,2025-08-25,Basic-Ads,(cancelled),Cancellation,Content
CHG_002914,SUB_008295,2025-05-01,Standard,(cancelled),Cancellation,Cost
CHG_002915,SUB_008298,2025-05-25,Basic-Ads,(cancelled),Cancellation,Service
CHG_002916,SUB_008299,2025-10-26,Premium,(cancelled),Cancellation,Content
CHG_002917,SUB_008300,2025-04-06,Basic-Ads,(cancelled),Cancellation,Content
CHG_002918,SUB_008301,2026-02-28,Basic-Ads,(cancelled),Cancellation,Service
CHG_002919,SUB_008302,2026-01-13,Basic-Ads,(cancelled),Cancellation,Service
CHG_002920,SUB_008315,2025-11-17,Basic-Ads,(cancelled),Cancellation,Cost
CHG_002921,SUB_008316,2025-07-25,Basic-Ads,(cancelled),Cancellation,Cost
CHG_002922,SUB_008317,2025-07-09,Standard,(cancelled),Cancellation,Other
CHG_002923,SUB_008318,2025-10-31,Basic-Ads,(cancelled),Cancellation,Cost
CHG_002924,SUB_008323,2025-08-15,Standard,(cancelled),Cancellation,Cost
CHG_002925,SUB_008324,2025-12-21,Basic-Ads,(cancelled),Cancellation,Cost
CHG_002926,SUB_008333,2025-08-15,Basic-Ads,(cancelled),Cancellation,Cost
CHG_002927,SUB_008336,2025-08-17,Standard,(cancelled),Cancellation,Content
CHG_002928,SUB_008337,2025-09-18,Standard,(cancelled),Cancellation,Cost
CHG_002929,SUB_008339,2026-02-04,Standard,(cancelled),Cancellation,Content
CHG_002930,SUB_008342,2025-06-19,Basic-Ads,(cancelled),Cancellation,Service
CHG_002931,SUB_008343,2025-06-24,Basic-Ads,(cancelled),Cancellation,Cost
CHG_002932,SUB_008344,2026-02-12,Standard,(cancelled),Cancellation,Cost
CHG_002933,SUB_008348,2025-11-26,Basic-Ads,(cancelled),Cancellation,Cost
CHG_002934,SUB_008349,2025-10-01,Basic-Ads,(cancelled),Cancellation,Cost
CHG_002935,SUB_008354,2026-02-24,Premium,(cancelled),Cancellation,Content
CHG_002936,SUB_008356,2026-01-23,Premium,(cancelled),Cancellation,Cost
CHG_002937,SUB_008362,2025-12-16,Basic-Ads,(cancelled),Cancellation,Content
CHG_002938,SUB_008365,2025-06-17,Basic-Ads,(cancelled),Cancellation,NoReason
CHG_002939,SUB_008374,2025-10-11,Basic-Ads,(cancelled),Cancellation,Content
CHG_002940,SUB_008375,2026-02-08,Premium,(cancelled),Cancellation,Cost
CHG_002941,SUB_008384,2025-10-02,Basic-Ads,(cancelled),Cancellation,Technical
CHG_002942,SUB_008386,2025-11-07,Basic-Ads,(cancelled),Cancellation,Cost
CHG_002943,SUB_008390,2026-01-23,Standard,(cancelled),Cancellation,Cost
CHG_002944,SUB_008391,2025-11-13,Basic-Ads,(cancelled),Cancellation,Technical
CHG_002945,SUB_008394,2026-01-01,Basic-Ads,(cancelled),Cancellation,Service
CHG_002946,SUB_008399,2025-12-11,Standard,(cancelled),Cancellation,Cost
CHG_002947,SUB_008400,2025-12-27,Standard,(cancelled),Cancellation,NoReason
CHG_002948,SUB_008402,2025-08-13,Basic-Ads,(cancelled),Cancellation,Service
CHG_002949,SUB_008405,2026-01-16,Standard,(cancelled),Cancellation,Cost
CHG_002950,SUB_008410,2026-01-30,Standard,(cancelled),Cancellation,Technical
CHG_002951,SUB_008417,2026-01-06,Basic-Ads,(cancelled),Cancellation,Cost
CHG_002952,SUB_008418,2026-02-07,Standard,(cancelled),Cancellation,Technical
CHG_002953,SUB_008421,2025-11-04,Standard,(cancelled),Cancellation,Cost
CHG_002954,SUB_008423,2025-07-24,Basic-Ads,(cancelled),Cancellation,Technical
CHG_002955,SUB_008424,2025-09-24,Basic-Ads,(cancelled),Cancellation,Content
CHG_002956,SUB_008426,2026-01-12,Basic-Ads,(cancelled),Cancellation,Content
CHG_002957,SUB_008428,2025-08-16,Basic-Ads,(cancelled),Cancellation,Service
CHG_002958,SUB_008433,2025-12-08,Basic-Ads,(cancelled),Cancellation,Technical
CHG_002959,SUB_008435,2025-07-13,Basic-Ads,(cancelled),Cancellation,Cost
CHG_002960,SUB_008438,2026-03-29,Premium,(cancelled),Cancellation,Content
CHG_002961,SUB_008447,2025-05-22,Standard,(cancelled),Cancellation,Service
CHG_002962,SUB_008458,2025-07-21,Standard,(cancelled),Cancellation,Cost
CHG_002963,SUB_008459,2026-01-26,Basic-Ads,(cancelled),Cancellation,Content
CHG_002964,SUB_008464,2026-01-15,Basic-Ads,(cancelled),Cancellation,Other
CHG_002965,SUB_008465,2026-01-12,Basic-Ads,(cancelled),Cancellation,Content
CHG_002966,SUB_008467,2025-05-26,Basic-Ads,(cancelled),Cancellation,Cost
CHG_002967,SUB_008470,2026-02-08,Basic-Ads,(cancelled),Cancellation,Content
CHG_002968,SUB_008474,2025-05-03,Basic-Ads,(cancelled),Cancellation,Content
CHG_002969,SUB_008477,2026-02-26,Basic-Ads,(cancelled),Cancellation,Technical
CHG_002970,SUB_008479,2025-04-26,Premium,(cancelled),Cancellation,Technical
CHG_002971,SUB_008482,2026-02-01,Basic-Ads,(cancelled),Cancellation,Other
CHG_002972,SUB_008483,2026-03-23,Basic-Ads,(cancelled),Cancellation,Service
CHG_002973,SUB_008485,2025-11-01,Premium,(cancelled),Cancellation,Content
CHG_002974,SUB_008486,2026-03-25,Basic-Ads,(cancelled),Cancellation,Cost
CHG_002975,SUB_008489,2026-03-26,Standard,(cancelled),Cancellation,Technical
CHG_002976,SUB_008493,2025-11-13,Basic-Ads,(cancelled),Cancellation,Other
CHG_002977,SUB_008497,2026-03-26,Premium,(cancelled),Cancellation,Cost
CHG_002978,SUB_008500,2025-08-20,Standard,(cancelled),Cancellation,Service
CHG_002979,SUB_008508,2026-03-17,Basic-Ads,(cancelled),Cancellation,Technical
CHG_002980,SUB_008509,2026-01-17,Standard,(cancelled),Cancellation,Cost
CHG_002981,SUB_008510,2025-10-27,Basic-Ads,(cancelled),Cancellation,Service
CHG_002982,SUB_008511,2025-07-12,Basic-Ads,(cancelled),Cancellation,Technical
CHG_002983,SUB_008512,2026-01-22,Basic-Ads,(cancelled),Cancellation,Service
CHG_002984,SUB_008514,2025-05-04,Basic-Ads,(cancelled),Cancellation,Other
CHG_002985,SUB_008519,2026-03-03,Basic-Ads,(cancelled),Cancellation,Cost
CHG_002986,SUB_008520,2026-03-14,Basic-Ads,(cancelled),Cancellation,Cost
CHG_002987,SUB_008522,2026-03-17,Standard,(cancelled),Cancellation,Service
CHG_002988,SUB_008523,2025-12-01,Basic-Ads,(cancelled),Cancellation,Technical
CHG_002989,SUB_008524,2026-03-16,Basic-Ads,(cancelled),Cancellation,Cost
CHG_002990,SUB_008526,2025-08-30,Standard,(cancelled),Cancellation,Content
CHG_002991,SUB_008527,2026-02-15,Standard,(cancelled),Cancellation,Cost
CHG_002992,SUB_008529,2025-12-25,Standard,(cancelled),Cancellation,Cost
CHG_002993,SUB_008530,2026-02-11,Standard,(cancelled),Cancellation,Cost
CHG_002994,SUB_008531,2025-10-05,Basic-Ads,(cancelled),Cancellation,Technical
CHG_002995,SUB_008533,2025-06-19,Premium,(cancelled),Cancellation,Content
CHG_002996,SUB_008534,2026-02-24,Standard,(cancelled),Cancellation,Other
CHG_002997,SUB_008536,2025-11-05,Standard,(cancelled),Cancellation,Service
CHG_002998,SUB_008537,2025-06-15,Standard,(cancelled),Cancellation,Cost
CHG_002999,SUB_008542,2025-10-07,Standard,(cancelled),Cancellation,NoReason
CHG_003000,SUB_008543,2025-12-21,Standard,(cancelled),Cancellation,Other
CHG_003001,SUB_008544,2026-03-28,Standard,(cancelled),Cancellation,Cost
CHG_003002,SUB_008545,2025-05-26,Premium,(cancelled),Cancellation,Cost
CHG_003003,SUB_008548,2026-01-02,Basic-Ads,(cancelled),Cancellation,Cost
CHG_003004,SUB_008552,2026-03-18,Basic-Ads,(cancelled),Cancellation,Other
CHG_003005,SUB_008558,2025-05-25,Basic-Ads,(cancelled),Cancellation,Other
CHG_003006,SUB_008560,2026-03-24,Standard,(cancelled),Cancellation,Cost
CHG_003007,SUB_008568,2025-12-21,Basic-Ads,(cancelled),Cancellation,Content
CHG_003008,SUB_008572,2025-06-30,Premium,(cancelled),Cancellation,Cost
CHG_003009,SUB_008573,2025-11-14,Basic-Ads,(cancelled),Cancellation,Cost
CHG_003010,SUB_008575,2025-07-15,Premium,(cancelled),Cancellation,Other
CHG_003011,SUB_008576,2025-06-23,Standard,(cancelled),Cancellation,Content
CHG_003012,SUB_008578,2025-11-11,Premium,(cancelled),Cancellation,Cost
CHG_003013,SUB_008579,2025-10-07,Basic-Ads,(cancelled),Cancellation,Service
CHG_003014,SUB_008580,2026-02-06,Standard,(cancelled),Cancellation,Cost
CHG_003015,SUB_008581,2025-11-05,Premium,(cancelled),Cancellation,Content
CHG_003016,SUB_008582,2025-08-24,Standard,(cancelled),Cancellation,Technical
CHG_003017,SUB_008583,2026-03-16,Premium,(cancelled),Cancellation,Cost
CHG_003018,SUB_008594,2026-03-12,Basic-Ads,(cancelled),Cancellation,Content
CHG_003019,SUB_008597,2026-02-13,Basic-Ads,(cancelled),Cancellation,Other
CHG_003020,SUB_008599,2026-01-03,Basic-Ads,(cancelled),Cancellation,Cost
CHG_003021,SUB_008601,2026-01-25,Standard,(cancelled),Cancellation,Content
CHG_003022,SUB_008604,2026-01-07,Basic-Ads,(cancelled),Cancellation,Cost
CHG_003023,SUB_008606,2025-09-24,Premium,(cancelled),Cancellation,Cost
CHG_003024,SUB_008607,2026-02-15,Standard,(cancelled),Cancellation,Cost
CHG_003025,SUB_008609,2025-05-30,Standard,(cancelled),Cancellation,Cost
CHG_003026,SUB_008610,2026-03-20,Basic-Ads,(cancelled),Cancellation,Cost
CHG_003027,SUB_008612,2025-08-29,Standard,(cancelled),Cancellation,Service
CHG_003028,SUB_008614,2026-02-05,Basic-Ads,(cancelled),Cancellation,Cost
CHG_003029,SUB_008616,2025-04-20,Standard,(cancelled),Cancellation,Technical
CHG_003030,SUB_008623,2026-02-16,Basic-Ads,(cancelled),Cancellation,Cost
CHG_003031,SUB_008624,2025-05-18,Basic-Ads,(cancelled),Cancellation,Content
CHG_003032,SUB_008629,2025-07-14,Premium,(cancelled),Cancellation,Cost
CHG_003033,SUB_008630,2026-03-06,Standard,(cancelled),Cancellation,Cost
CHG_003034,SUB_008631,2026-02-16,Basic-Ads,(cancelled),Cancellation,Content
CHG_003035,SUB_008634,2026-02-20,Standard,(cancelled),Cancellation,Cost
CHG_003036,SUB_008642,2025-04-19,Standard,(cancelled),Cancellation,Cost
CHG_003037,SUB_008645,2026-02-23,Basic-Ads,(cancelled),Cancellation,Other
CHG_003038,SUB_008647,2025-05-27,Standard,(cancelled),Cancellation,Technical
CHG_003039,SUB_008654,2025-11-29,Premium,(cancelled),Cancellation,Content
CHG_003040,SUB_008655,2026-03-16,Standard,(cancelled),Cancellation,Cost
CHG_003041,SUB_008656,2026-03-16,Standard,(cancelled),Cancellation,Content
CHG_003042,SUB_008659,2025-06-04,Basic-Ads,(cancelled),Cancellation,Technical
CHG_003043,SUB_008660,2025-08-25,Standard,(cancelled),Cancellation,Content
CHG_003044,SUB_008670,2025-07-24,Basic-Ads,(cancelled),Cancellation,Cost
CHG_003045,SUB_008672,2025-05-09,Standard,(cancelled),Cancellation,Service
CHG_003046,SUB_008675,2026-02-17,Standard,(cancelled),Cancellation,Technical
CHG_003047,SUB_008679,2025-08-10,Premium,(cancelled),Cancellation,NoReason
CHG_003048,SUB_008680,2025-11-29,Standard,(cancelled),Cancellation,Content
CHG_003049,SUB_008681,2025-09-06,Standard,(cancelled),Cancellation,Content
CHG_003050,SUB_008683,2026-01-09,Basic-Ads,(cancelled),Cancellation,Cost
CHG_003051,SUB_008686,2025-09-14,Basic-Ads,(cancelled),Cancellation,Cost
CHG_003052,SUB_008689,2025-12-03,Basic-Ads,(cancelled),Cancellation,Content
CHG_003053,SUB_008690,2025-04-19,Basic-Ads,(cancelled),Cancellation,Other
CHG_003054,SUB_008692,2026-01-20,Basic-Ads,(cancelled),Cancellation,Cost
CHG_003055,SUB_008697,2025-07-20,Standard,(cancelled),Cancellation,Cost
CHG_003056,SUB_008699,2026-03-14,Basic-Ads,(cancelled),Cancellation,Content
CHG_003057,SUB_008700,2025-12-28,Premium,(cancelled),Cancellation,Content
CHG_003058,SUB_008701,2025-05-21,Standard,(cancelled),Cancellation,Cost
CHG_003059,SUB_008704,2026-03-30,Basic-Ads,(cancelled),Cancellation,NoReason
CHG_003060,SUB_008707,2025-11-12,Standard,(cancelled),Cancellation,Technical
CHG_003061,SUB_008708,2025-12-28,Basic-Ads,(cancelled),Cancellation,Technical
CHG_003062,SUB_008709,2025-12-09,Standard,(cancelled),Cancellation,Cost
CHG_003063,SUB_008710,2026-02-04,Premium,(cancelled),Cancellation,Content
CHG_003064,SUB_008716,2026-01-21,Basic-Ads,(cancelled),Cancellation,Cost
CHG_003065,SUB_008720,2025-12-31,Premium,(cancelled),Cancellation,Cost
CHG_003066,SUB_008721,2025-06-30,Basic-Ads,(cancelled),Cancellation,Cost
CHG_003067,SUB_008724,2026-02-21,Premium,(cancelled),Cancellation,Technical
CHG_003068,SUB_008726,2026-03-19,Basic-Ads,(cancelled),Cancellation,Cost
CHG_003069,SUB_008731,2025-08-05,Standard,(cancelled),Cancellation,Content
CHG_003070,SUB_008733,2025-06-20,Standard,(cancelled),Cancellation,Content
CHG_003071,SUB_008737,2026-03-03,Basic-Ads,(cancelled),Cancellation,Cost
CHG_003072,SUB_008741,2026-01-25,Basic-Ads,(cancelled),Cancellation,Cost
CHG_003073,SUB_008743,2025-10-20,Basic-Ads,(cancelled),Cancellation,Service
CHG_003074,SUB_008747,2025-11-21,Basic-Ads,(cancelled),Cancellation,Content
CHG_003075,SUB_008748,2025-08-27,Basic-Ads,(cancelled),Cancellation,Cost
CHG_003076,SUB_008749,2025-11-15,Standard,(cancelled),Cancellation,Cost
CHG_003077,SUB_008752,2026-03-09,Standard,(cancelled),Cancellation,Cost
CHG_003078,SUB_008753,2025-08-09,Basic-Ads,(cancelled),Cancellation,Cost
CHG_003079,SUB_008754,2026-01-30,Basic-Ads,(cancelled),Cancellation,Cost
CHG_003080,SUB_008755,2025-09-17,Basic-Ads,(cancelled),Cancellation,Cost
CHG_003081,SUB_008756,2025-11-29,Basic-Ads,(cancelled),Cancellation,Other
CHG_003082,SUB_008757,2026-02-14,Standard,(cancelled),Cancellation,Cost
CHG_003083,SUB_008758,2026-03-09,Standard,(cancelled),Cancellation,Content
CHG_003084,SUB_008761,2025-12-27,Basic-Ads,(cancelled),Cancellation,Cost
CHG_003085,SUB_008762,2025-09-30,Standard,(cancelled),Cancellation,Cost
CHG_003086,SUB_008765,2025-06-07,Standard,(cancelled),Cancellation,Cost
CHG_003087,SUB_008766,2025-05-24,Standard,(cancelled),Cancellation,Cost
CHG_003088,SUB_008779,2025-08-05,Basic-Ads,(cancelled),Cancellation,Service
CHG_003089,SUB_008781,2026-03-08,Basic-Ads,(cancelled),Cancellation,Service
CHG_003090,SUB_008783,2025-08-28,Standard,(cancelled),Cancellation,Content
CHG_003091,SUB_008784,2025-11-27,Standard,(cancelled),Cancellation,Cost
CHG_003092,SUB_008785,2026-03-02,Basic-Ads,(cancelled),Cancellation,Cost
CHG_003093,SUB_008786,2026-03-26,Standard,(cancelled),Cancellation,Content
CHG_003094,SUB_008787,2025-11-30,Basic-Ads,(cancelled),Cancellation,NoReason
CHG_003095,SUB_008788,2025-09-01,Premium,(cancelled),Cancellation,Cost
CHG_003096,SUB_008791,2026-02-08,Basic-Ads,(cancelled),Cancellation,Cost
CHG_003097,SUB_008793,2026-02-07,Basic-Ads,(cancelled),Cancellation,Cost
CHG_003098,SUB_008797,2025-06-23,Standard,(cancelled),Cancellation,Content
CHG_003099,SUB_008802,2025-09-26,Basic-Ads,(cancelled),Cancellation,NoReason
CHG_003100,SUB_008809,2025-12-06,Basic-Ads,(cancelled),Cancellation,Cost
CHG_003101,SUB_008812,2025-10-24,Premium,(cancelled),Cancellation,Service
CHG_003102,SUB_008814,2025-07-04,Basic-Ads,(cancelled),Cancellation,Cost
CHG_003103,SUB_008815,2025-06-25,Basic-Ads,(cancelled),Cancellation,Service
CHG_003104,SUB_008816,2025-05-01,Standard,(cancelled),Cancellation,Cost
CHG_003105,SUB_008817,2025-11-26,Basic-Ads,(cancelled),Cancellation,Cost
CHG_003106,SUB_008820,2025-05-19,Basic-Ads,(cancelled),Cancellation,Service
CHG_003107,SUB_008821,2026-02-23,Basic-Ads,(cancelled),Cancellation,Cost
CHG_003108,SUB_008822,2025-07-09,Standard,(cancelled),Cancellation,NoReason
CHG_003109,SUB_008828,2025-08-04,Standard,(cancelled),Cancellation,Service
CHG_003110,SUB_008832,2025-12-02,Basic-Ads,(cancelled),Cancellation,Cost
CHG_003111,SUB_008836,2025-06-17,Basic-Ads,(cancelled),Cancellation,Technical
CHG_003112,SUB_008845,2026-01-10,Standard,(cancelled),Cancellation,Cost
CHG_003113,SUB_008846,2025-10-07,Standard,(cancelled),Cancellation,Technical
CHG_003114,SUB_008847,2026-02-14,Standard,(cancelled),Cancellation,Content
CHG_003115,SUB_008848,2026-03-31,Standard,(cancelled),Cancellation,Service
CHG_003116,SUB_008855,2026-03-09,Standard,(cancelled),Cancellation,Cost
CHG_003117,SUB_008857,2026-01-22,Basic-Ads,(cancelled),Cancellation,Cost
CHG_003118,SUB_008859,2025-10-30,Standard,(cancelled),Cancellation,Cost
CHG_003119,SUB_008863,2026-02-04,Basic-Ads,(cancelled),Cancellation,Content
CHG_003120,SUB_008866,2025-05-02,Basic-Ads,(cancelled),Cancellation,Cost
CHG_003121,SUB_008867,2026-03-07,Basic-Ads,(cancelled),Cancellation,Service
CHG_003122,SUB_008871,2025-04-18,Basic-Ads,(cancelled),Cancellation,Service
CHG_003123,SUB_008872,2025-09-13,Standard,(cancelled),Cancellation,Cost
CHG_003124,SUB_008879,2025-09-24,Basic-Ads,(cancelled),Cancellation,Service
CHG_003125,SUB_008881,2026-02-28,Basic-Ads,(cancelled),Cancellation,Cost
CHG_003126,SUB_008888,2025-11-17,Basic-Ads,(cancelled),Cancellation,Content
CHG_003127,SUB_008891,2025-06-21,Standard,(cancelled),Cancellation,Cost
CHG_003128,SUB_008892,2025-12-21,Basic-Ads,(cancelled),Cancellation,Content
CHG_003129,SUB_008893,2026-02-23,Standard,(cancelled),Cancellation,Cost
CHG_003130,SUB_008894,2026-02-17,Basic-Ads,(cancelled),Cancellation,Cost
CHG_003131,SUB_008897,2025-11-06,Basic-Ads,(cancelled),Cancellation,Cost
CHG_003132,SUB_008900,2025-09-07,Basic-Ads,(cancelled),Cancellation,Technical
CHG_003133,SUB_008905,2026-03-19,Basic-Ads,(cancelled),Cancellation,Cost
CHG_003134,SUB_008908,2025-12-16,Basic-Ads,(cancelled),Cancellation,Cost
CHG_003135,SUB_008909,2026-03-03,Premium,(cancelled),Cancellation,NoReason
CHG_003136,SUB_008910,2025-11-16,Standard,(cancelled),Cancellation,Service
CHG_003137,SUB_008913,2025-08-21,Basic-Ads,(cancelled),Cancellation,Cost
CHG_003138,SUB_008918,2026-02-11,Standard,(cancelled),Cancellation,Cost
CHG_003139,SUB_008923,2026-01-12,Standard,(cancelled),Cancellation,Cost
CHG_003140,SUB_008927,2025-11-06,Basic-Ads,(cancelled),Cancellation,Cost
CHG_003141,SUB_008930,2025-08-30,Standard,(cancelled),Cancellation,Cost
CHG_003142,SUB_008931,2026-03-28,Standard,(cancelled),Cancellation,Content
CHG_003143,SUB_008934,2026-03-19,Standard,(cancelled),Cancellation,Service
CHG_003144,SUB_008936,2025-12-29,Basic-Ads,(cancelled),Cancellation,NoReason
CHG_003145,SUB_008937,2025-11-07,Basic-Ads,(cancelled),Cancellation,Cost
CHG_003146,SUB_008939,2025-07-14,Standard,(cancelled),Cancellation,Cost
CHG_003147,SUB_008940,2025-11-08,Basic-Ads,(cancelled),Cancellation,Cost
CHG_003148,SUB_008941,2026-02-08,Basic-Ads,(cancelled),Cancellation,Content
CHG_003149,SUB_008946,2025-10-04,Standard,(cancelled),Cancellation,Cost
CHG_003150,SUB_008947,2025-04-04,Basic-Ads,(cancelled),Cancellation,Cost
CHG_003151,SUB_008949,2025-11-07,Premium,(cancelled),Cancellation,NoReason
CHG_003152,SUB_008954,2026-02-07,Standard,(cancelled),Cancellation,Technical
CHG_003153,SUB_008955,2025-08-06,Premium,(cancelled),Cancellation,Service
CHG_003154,SUB_008957,2025-11-06,Basic-Ads,(cancelled),Cancellation,Technical
CHG_003155,SUB_008962,2026-01-28,Basic-Ads,(cancelled),Cancellation,Cost
CHG_003156,SUB_008964,2025-12-08,Basic-Ads,(cancelled),Cancellation,Cost
CHG_003157,SUB_008966,2025-07-08,Standard,(cancelled),Cancellation,NoReason
CHG_003158,SUB_008968,2025-09-07,Basic-Ads,(cancelled),Cancellation,Cost
CHG_003159,SUB_008973,2025-12-07,Standard,(cancelled),Cancellation,Cost
CHG_003160,SUB_008974,2025-05-04,Standard,(cancelled),Cancellation,Service
CHG_003161,SUB_008975,2025-12-10,Standard,(cancelled),Cancellation,Cost
CHG_003162,SUB_008977,2026-03-03,Standard,(cancelled),Cancellation,Cost
CHG_003163,SUB_008978,2026-01-31,Standard,(cancelled),Cancellation,Service
CHG_003164,SUB_008982,2026-03-25,Basic-Ads,(cancelled),Cancellation,Cost
CHG_003165,SUB_008985,2026-03-14,Standard,(cancelled),Cancellation,Other
CHG_003166,SUB_008986,2026-03-18,Basic-Ads,(cancelled),Cancellation,Cost
CHG_003167,SUB_008989,2025-08-17,Basic-Ads,(cancelled),Cancellation,Technical
CHG_003168,SUB_008991,2026-03-16,Basic-Ads,(cancelled),Cancellation,Technical
CHG_003169,SUB_008992,2025-11-12,Basic-Ads,(cancelled),Cancellation,Technical
CHG_003170,SUB_008997,2025-05-06,Basic-Ads,(cancelled),Cancellation,Cost
CHG_003171,SUB_009002,2025-04-27,Standard,(cancelled),Cancellation,NoReason
CHG_003172,SUB_009003,2025-05-18,Standard,(cancelled),Cancellation,Content
CHG_003173,SUB_009007,2025-04-04,Premium,(cancelled),Cancellation,Content
CHG_003174,SUB_009012,2025-07-19,Premium,(cancelled),Cancellation,Cost
CHG_003175,SUB_009020,2025-11-01,Basic-Ads,(cancelled),Cancellation,Cost
CHG_003176,SUB_009021,2026-02-13,Basic-Ads,(cancelled),Cancellation,Content
CHG_003177,SUB_009023,2025-07-20,Standard,(cancelled),Cancellation,Content
CHG_003178,SUB_009026,2026-03-29,Basic-Ads,(cancelled),Cancellation,Content
CHG_003179,SUB_009027,2026-03-16,Basic-Ads,(cancelled),Cancellation,Content
CHG_003180,SUB_009028,2025-06-22,Basic-Ads,(cancelled),Cancellation,Other
CHG_003181,SUB_009029,2025-08-29,Standard,(cancelled),Cancellation,Cost
CHG_003182,SUB_009030,2025-06-26,Basic-Ads,(cancelled),Cancellation,Technical
CHG_003183,SUB_009031,2025-07-05,Basic-Ads,(cancelled),Cancellation,Content
CHG_003184,SUB_009033,2026-03-04,Standard,(cancelled),Cancellation,Technical
CHG_003185,SUB_009041,2026-03-21,Basic-Ads,(cancelled),Cancellation,Cost
CHG_003186,SUB_009049,2025-11-10,Standard,(cancelled),Cancellation,Technical
CHG_003187,SUB_009054,2025-11-22,Standard,(cancelled),Cancellation,Content
CHG_003188,SUB_009060,2026-01-20,Standard,(cancelled),Cancellation,Cost
CHG_003189,SUB_009064,2025-10-08,Basic-Ads,(cancelled),Cancellation,Content
CHG_003190,SUB_009065,2025-10-08,Standard,(cancelled),Cancellation,Content
CHG_003191,SUB_009072,2026-02-09,Standard,(cancelled),Cancellation,Cost
CHG_003192,SUB_009073,2025-08-19,Basic-Ads,(cancelled),Cancellation,Other
CHG_003193,SUB_009082,2026-02-25,Standard,(cancelled),Cancellation,Content
CHG_003194,SUB_009084,2025-09-22,Basic-Ads,(cancelled),Cancellation,Cost
CHG_003195,SUB_009085,2026-02-20,Basic-Ads,(cancelled),Cancellation,Cost
CHG_003196,SUB_009087,2025-09-30,Basic-Ads,(cancelled),Cancellation,Cost
CHG_003197,SUB_009089,2025-12-07,Premium,(cancelled),Cancellation,Cost
CHG_003198,SUB_009091,2025-05-25,Basic-Ads,(cancelled),Cancellation,Cost
CHG_003199,SUB_009094,2025-12-19,Basic-Ads,(cancelled),Cancellation,Cost
CHG_003200,SUB_009100,2025-09-19,Basic-Ads,(cancelled),Cancellation,Content
CHG_003201,SUB_009103,2026-02-06,Basic-Ads,(cancelled),Cancellation,Cost
CHG_003202,SUB_009106,2025-10-07,Basic-Ads,(cancelled),Cancellation,Cost
CHG_003203,SUB_009112,2025-04-13,Basic-Ads,(cancelled),Cancellation,Technical
CHG_003204,SUB_009120,2026-02-15,Standard,(cancelled),Cancellation,Service
CHG_003205,SUB_009121,2026-03-22,Premium,(cancelled),Cancellation,Technical
CHG_003206,SUB_009124,2025-05-03,Basic-Ads,(cancelled),Cancellation,Cost
CHG_003207,SUB_009125,2025-12-05,Basic-Ads,(cancelled),Cancellation,Cost
CHG_003208,SUB_009127,2026-03-19,Standard,(cancelled),Cancellation,Other
CHG_003209,SUB_009139,2025-09-25,Standard,(cancelled),Cancellation,Cost
CHG_003210,SUB_009141,2025-12-25,Basic-Ads,(cancelled),Cancellation,Content
CHG_003211,SUB_009146,2025-04-16,Standard,(cancelled),Cancellation,Cost
CHG_003212,SUB_009147,2025-12-19,Basic-Ads,(cancelled),Cancellation,Cost
CHG_003213,SUB_009150,2026-03-26,Basic-Ads,(cancelled),Cancellation,Content
CHG_003214,SUB_009151,2026-02-19,Basic-Ads,(cancelled),Cancellation,Content
CHG_003215,SUB_009155,2026-03-06,Basic-Ads,(cancelled),Cancellation,Cost
CHG_003216,SUB_009159,2026-01-04,Standard,(cancelled),Cancellation,Cost
CHG_003217,SUB_009162,2026-03-24,Standard,(cancelled),Cancellation,Cost
CHG_003218,SUB_009163,2026-01-14,Basic-Ads,(cancelled),Cancellation,Service
CHG_003219,SUB_009164,2026-02-23,Basic-Ads,(cancelled),Cancellation,Technical
CHG_003220,SUB_009165,2025-12-31,Basic-Ads,(cancelled),Cancellation,NoReason
CHG_003221,SUB_009170,2026-02-28,Standard,(cancelled),Cancellation,Cost
CHG_003222,SUB_009173,2026-03-06,Basic-Ads,(cancelled),Cancellation,Cost
CHG_003223,SUB_009176,2025-08-22,Standard,(cancelled),Cancellation,Cost
CHG_003224,SUB_009178,2025-05-29,Basic-Ads,(cancelled),Cancellation,Technical
CHG_003225,SUB_009180,2026-03-02,Basic-Ads,(cancelled),Cancellation,Cost
CHG_003226,SUB_009184,2026-02-24,Standard,(cancelled),Cancellation,Technical
CHG_003227,SUB_009185,2025-09-29,Basic-Ads,(cancelled),Cancellation,Cost
CHG_003228,SUB_009186,2025-08-30,Standard,(cancelled),Cancellation,Other
CHG_003229,SUB_009187,2025-11-28,Standard,(cancelled),Cancellation,Technical
CHG_003230,SUB_009188,2026-03-16,Basic-Ads,(cancelled),Cancellation,Technical
CHG_003231,SUB_009194,2025-11-24,Standard,(cancelled),Cancellation,NoReason
CHG_003232,SUB_009198,2025-08-10,Basic-Ads,(cancelled),Cancellation,Cost
CHG_003233,SUB_009199,2025-08-13,Basic-Ads,(cancelled),Cancellation,Cost
CHG_003234,SUB_009200,2025-10-30,Standard,(cancelled),Cancellation,Cost
CHG_003235,SUB_009205,2025-08-04,Basic-Ads,(cancelled),Cancellation,Service
CHG_003236,SUB_009206,2025-09-06,Basic-Ads,(cancelled),Cancellation,Cost
CHG_003237,SUB_009207,2025-07-03,Premium,(cancelled),Cancellation,Technical
CHG_003238,SUB_009210,2025-12-08,Basic-Ads,(cancelled),Cancellation,Cost
CHG_003239,SUB_009216,2026-01-18,Standard,(cancelled),Cancellation,Cost
CHG_003240,SUB_009217,2025-09-13,Standard,(cancelled),Cancellation,Content
CHG_003241,SUB_009223,2025-09-05,Basic-Ads,(cancelled),Cancellation,Cost
CHG_003242,SUB_009224,2025-05-25,Basic-Ads,(cancelled),Cancellation,NoReason
CHG_003243,SUB_009227,2025-10-18,Basic-Ads,(cancelled),Cancellation,Technical
CHG_003244,SUB_009228,2026-01-15,Basic-Ads,(cancelled),Cancellation,Content
CHG_003245,SUB_009232,2025-12-21,Basic-Ads,(cancelled),Cancellation,Cost
CHG_003246,SUB_009242,2026-03-15,Basic-Ads,(cancelled),Cancellation,Technical
CHG_003247,SUB_009246,2026-02-09,Basic-Ads,(cancelled),Cancellation,Service
CHG_003248,SUB_009249,2025-10-17,Basic-Ads,(cancelled),Cancellation,Cost
CHG_003249,SUB_009250,2026-02-04,Standard,(cancelled),Cancellation,Cost
CHG_003250,SUB_009253,2025-08-11,Basic-Ads,(cancelled),Cancellation,Content
CHG_003251,SUB_009254,2025-10-30,Basic-Ads,(cancelled),Cancellation,Cost
CHG_003252,SUB_009255,2025-08-22,Basic-Ads,(cancelled),Cancellation,NoReason
CHG_003253,SUB_009257,2026-03-16,Basic-Ads,(cancelled),Cancellation,Service
CHG_003254,SUB_009259,2025-05-30,Premium,(cancelled),Cancellation,Service
CHG_003255,SUB_009260,2025-05-06,Standard,(cancelled),Cancellation,Other
CHG_003256,SUB_009267,2026-01-18,Basic-Ads,(cancelled),Cancellation,Cost
CHG_003257,SUB_009268,2026-03-12,Basic-Ads,(cancelled),Cancellation,Cost
CHG_003258,SUB_009276,2025-08-09,Standard,(cancelled),Cancellation,Cost
CHG_003259,SUB_009280,2026-02-11,Basic-Ads,(cancelled),Cancellation,Cost
CHG_003260,SUB_009283,2026-02-07,Basic-Ads,(cancelled),Cancellation,Cost
CHG_003261,SUB_009284,2025-10-22,Premium,(cancelled),Cancellation,Cost
CHG_003262,SUB_009285,2026-02-07,Basic-Ads,(cancelled),Cancellation,Other
CHG_003263,SUB_009293,2025-07-19,Standard,(cancelled),Cancellation,Cost
CHG_003264,SUB_009295,2025-05-30,Basic-Ads,(cancelled),Cancellation,Technical
CHG_003265,SUB_009299,2025-12-13,Basic-Ads,(cancelled),Cancellation,Cost
CHG_003266,SUB_009300,2025-12-14,Standard,(cancelled),Cancellation,Technical
CHG_003267,SUB_009304,2025-12-25,Standard,(cancelled),Cancellation,Other
CHG_003268,SUB_009305,2026-02-22,Standard,(cancelled),Cancellation,Other
CHG_003269,SUB_009311,2026-03-06,Basic-Ads,(cancelled),Cancellation,Cost
CHG_003270,SUB_009321,2026-03-23,Basic-Ads,(cancelled),Cancellation,Content
CHG_003271,SUB_009323,2025-07-05,Basic-Ads,(cancelled),Cancellation,Cost
CHG_003272,SUB_009329,2025-09-21,Basic-Ads,(cancelled),Cancellation,Cost
CHG_003273,SUB_009331,2026-02-12,Standard,(cancelled),Cancellation,Other
CHG_003274,SUB_009339,2025-10-05,Standard,(cancelled),Cancellation,Cost
CHG_003275,SUB_009342,2025-09-13,Basic-Ads,(cancelled),Cancellation,Other
CHG_003276,SUB_009343,2026-03-23,Basic-Ads,(cancelled),Cancellation,Cost
CHG_003277,SUB_009347,2025-12-03,Premium,(cancelled),Cancellation,Cost
CHG_003278,SUB_009348,2025-08-09,Basic-Ads,(cancelled),Cancellation,Content
CHG_003279,SUB_009349,2026-01-15,Basic-Ads,(cancelled),Cancellation,Content
CHG_003280,SUB_009351,2026-02-01,Basic-Ads,(cancelled),Cancellation,Cost
CHG_003281,SUB_009352,2025-08-06,Standard,(cancelled),Cancellation,NoReason
CHG_003282,SUB_009356,2025-11-19,Basic-Ads,(cancelled),Cancellation,Cost
CHG_003283,SUB_009361,2025-11-03,Standard,(cancelled),Cancellation,Content
CHG_003284,SUB_009366,2025-09-20,Basic-Ads,(cancelled),Cancellation,Technical
CHG_003285,SUB_009367,2025-06-14,Basic-Ads,(cancelled),Cancellation,Cost
CHG_003286,SUB_009373,2025-08-04,Basic-Ads,(cancelled),Cancellation,Cost
CHG_003287,SUB_009375,2025-05-15,Premium,(cancelled),Cancellation,Cost
CHG_003288,SUB_009377,2026-03-13,Basic-Ads,(cancelled),Cancellation,Cost
CHG_003289,SUB_009379,2026-02-15,Standard,(cancelled),Cancellation,Cost
CHG_003290,SUB_009380,2026-03-06,Premium,(cancelled),Cancellation,Cost
CHG_003291,SUB_009381,2025-09-10,Basic-Ads,(cancelled),Cancellation,Cost
CHG_003292,SUB_009383,2025-04-18,Standard,(cancelled),Cancellation,Technical
CHG_003293,SUB_009391,2025-10-30,Standard,(cancelled),Cancellation,Content
CHG_003294,SUB_009394,2025-04-22,Basic-Ads,(cancelled),Cancellation,Content
CHG_003295,SUB_009396,2026-02-10,Standard,(cancelled),Cancellation,Cost
CHG_003296,SUB_009400,2026-03-19,Basic-Ads,(cancelled),Cancellation,Service
CHG_003297,SUB_009401,2025-06-09,Basic-Ads,(cancelled),Cancellation,Cost
CHG_003298,SUB_009403,2026-03-26,Basic-Ads,(cancelled),Cancellation,Cost
CHG_003299,SUB_009411,2025-04-24,Standard,(cancelled),Cancellation,Cost
CHG_003300,SUB_009412,2026-03-16,Premium,(cancelled),Cancellation,Cost
CHG_003301,SUB_009413,2026-03-05,Basic-Ads,(cancelled),Cancellation,Cost
CHG_003302,SUB_009415,2026-01-31,Basic-Ads,(cancelled),Cancellation,Cost
CHG_003303,SUB_009422,2025-11-10,Standard,(cancelled),Cancellation,Service
CHG_003304,SUB_009424,2025-10-14,Standard,(cancelled),Cancellation,Other
CHG_003305,SUB_009425,2026-01-19,Basic-Ads,(cancelled),Cancellation,Cost
CHG_003306,SUB_009429,2026-01-27,Standard,(cancelled),Cancellation,Cost
CHG_003307,SUB_009430,2025-09-04,Basic-Ads,(cancelled),Cancellation,Cost
CHG_003308,SUB_009432,2025-11-28,Basic-Ads,(cancelled),Cancellation,Cost
CHG_003309,SUB_009435,2026-02-13,Standard,(cancelled),Cancellation,Technical
CHG_003310,SUB_009436,2025-05-24,Premium,(cancelled),Cancellation,Content
CHG_003311,SUB_009438,2025-04-10,Premium,(cancelled),Cancellation,Cost
CHG_003312,SUB_009445,2026-03-01,Basic-Ads,(cancelled),Cancellation,Technical
CHG_003313,SUB_009446,2025-12-30,Standard,(cancelled),Cancellation,Cost
CHG_003314,SUB_009447,2026-03-14,Basic-Ads,(cancelled),Cancellation,Service
CHG_003315,SUB_009451,2025-08-03,Standard,(cancelled),Cancellation,Cost
CHG_003316,SUB_009454,2025-11-01,Basic-Ads,(cancelled),Cancellation,Content
CHG_003317,SUB_009462,2026-03-15,Basic-Ads,(cancelled),Cancellation,Cost
CHG_003318,SUB_009464,2025-11-18,Basic-Ads,(cancelled),Cancellation,Other
CHG_003319,SUB_009475,2026-01-17,Basic-Ads,(cancelled),Cancellation,Content
CHG_003320,SUB_009476,2026-03-22,Standard,(cancelled),Cancellation,Cost
CHG_003321,SUB_009477,2026-03-13,Standard,(cancelled),Cancellation,Cost
CHG_003322,SUB_009487,2025-06-23,Basic-Ads,(cancelled),Cancellation,Cost
CHG_003323,SUB_009490,2025-05-01,Basic-Ads,(cancelled),Cancellation,Other
CHG_003324,SUB_009494,2025-11-06,Basic-Ads,(cancelled),Cancellation,Cost
CHG_003325,SUB_009496,2025-09-21,Basic-Ads,(cancelled),Cancellation,NoReason
CHG_003326,SUB_009499,2026-01-11,Basic-Ads,(cancelled),Cancellation,Cost
CHG_003327,SUB_009504,2025-07-22,Premium,(cancelled),Cancellation,Technical
CHG_003328,SUB_009507,2025-08-26,Basic-Ads,(cancelled),Cancellation,Other
CHG_003329,SUB_009509,2026-01-07,Basic-Ads,(cancelled),Cancellation,Service
CHG_003330,SUB_009511,2025-11-02,Basic-Ads,(cancelled),Cancellation,Cost
CHG_003331,SUB_009513,2026-03-26,Basic-Ads,(cancelled),Cancellation,Cost
CHG_003332,SUB_009523,2026-02-28,Standard,(cancelled),Cancellation,Cost
CHG_003333,SUB_009524,2025-04-26,Basic-Ads,(cancelled),Cancellation,Content
CHG_003334,SUB_009525,2025-11-08,Basic-Ads,(cancelled),Cancellation,Technical
CHG_003335,SUB_009526,2025-11-08,Basic-Ads,(cancelled),Cancellation,Cost
CHG_003336,SUB_009530,2026-03-24,Standard,(cancelled),Cancellation,Cost
CHG_003337,SUB_009532,2025-05-19,Standard,(cancelled),Cancellation,NoReason
CHG_003338,SUB_009533,2025-09-22,Standard,(cancelled),Cancellation,Content
CHG_003339,SUB_009537,2025-12-13,Basic-Ads,(cancelled),Cancellation,Content
CHG_003340,SUB_009538,2026-03-07,Standard,(cancelled),Cancellation,Cost
CHG_003341,SUB_009539,2025-05-21,Basic-Ads,(cancelled),Cancellation,Content
CHG_003342,SUB_009540,2026-01-16,Standard,(cancelled),Cancellation,Cost
CHG_003343,SUB_009544,2025-06-16,Standard,(cancelled),Cancellation,Cost
CHG_003344,SUB_009547,2025-10-14,Standard,(cancelled),Cancellation,Content
CHG_003345,SUB_009548,2026-03-02,Standard,(cancelled),Cancellation,Content
CHG_003346,SUB_009549,2025-12-12,Standard,(cancelled),Cancellation,Other
CHG_003347,SUB_009555,2026-01-05,Basic-Ads,(cancelled),Cancellation,Content
CHG_003348,SUB_009564,2026-03-04,Standard,(cancelled),Cancellation,Cost
CHG_003349,SUB_009566,2025-06-20,Basic-Ads,(cancelled),Cancellation,Content
CHG_003350,SUB_009567,2025-05-28,Premium,(cancelled),Cancellation,Cost
CHG_003351,SUB_009568,2026-01-06,Basic-Ads,(cancelled),Cancellation,Cost
CHG_003352,SUB_009571,2025-12-15,Standard,(cancelled),Cancellation,Technical
CHG_003353,SUB_009572,2025-12-14,Basic-Ads,(cancelled),Cancellation,Cost
CHG_003354,SUB_009575,2025-09-29,Standard,(cancelled),Cancellation,Content
CHG_003355,SUB_009576,2026-03-23,Basic-Ads,(cancelled),Cancellation,Content
CHG_003356,SUB_009579,2025-10-10,Basic-Ads,(cancelled),Cancellation,Service
CHG_003357,SUB_009581,2025-10-15,Basic-Ads,(cancelled),Cancellation,Service
CHG_003358,SUB_009584,2025-10-29,Basic-Ads,(cancelled),Cancellation,Content
CHG_003359,SUB_009587,2025-11-27,Standard,(cancelled),Cancellation,Cost
CHG_003360,SUB_009600,2025-10-24,Standard,(cancelled),Cancellation,Content
CHG_003361,SUB_009602,2026-03-19,Basic-Ads,(cancelled),Cancellation,Cost
CHG_003362,SUB_009604,2026-03-25,Basic-Ads,(cancelled),Cancellation,Cost
CHG_003363,SUB_009607,2025-04-19,Basic-Ads,(cancelled),Cancellation,Service
CHG_003364,SUB_009612,2025-06-01,Standard,(cancelled),Cancellation,Content
CHG_003365,SUB_009616,2026-01-23,Premium,(cancelled),Cancellation,Cost
CHG_003366,SUB_009618,2026-03-11,Basic-Ads,(cancelled),Cancellation,Cost
CHG_003367,SUB_009619,2025-09-07,Standard,(cancelled),Cancellation,Technical
CHG_003368,SUB_009620,2026-01-19,Standard,(cancelled),Cancellation,Other
CHG_003369,SUB_009626,2025-09-06,Standard,(cancelled),Cancellation,Cost
CHG_003370,SUB_009627,2026-03-13,Basic-Ads,(cancelled),Cancellation,Cost
CHG_003371,SUB_009630,2025-10-13,Standard,(cancelled),Cancellation,Cost
CHG_003372,SUB_009632,2026-03-25,Standard,(cancelled),Cancellation,Content
CHG_003373,SUB_009633,2026-02-01,Basic-Ads,(cancelled),Cancellation,Cost
CHG_003374,SUB_009637,2025-11-07,Basic-Ads,(cancelled),Cancellation,Content
CHG_003375,SUB_009641,2026-03-20,Standard,(cancelled),Cancellation,Service
CHG_003376,SUB_009643,2025-08-27,Basic-Ads,(cancelled),Cancellation,Content
CHG_003377,SUB_009644,2026-03-24,Standard,(cancelled),Cancellation,Cost
CHG_003378,SUB_009646,2025-11-29,Standard,(cancelled),Cancellation,Cost
CHG_003379,SUB_009648,2025-12-21,Premium,(cancelled),Cancellation,Cost
CHG_003380,SUB_009652,2025-07-24,Standard,(cancelled),Cancellation,Other
CHG_003381,SUB_009661,2026-01-09,Basic-Ads,(cancelled),Cancellation,Other
CHG_003382,SUB_009663,2025-12-14,Basic-Ads,(cancelled),Cancellation,Cost
CHG_003383,SUB_009664,2025-12-07,Basic-Ads,(cancelled),Cancellation,Technical
CHG_003384,SUB_009666,2025-07-13,Basic-Ads,(cancelled),Cancellation,Content
CHG_003385,SUB_009667,2025-05-19,Premium,(cancelled),Cancellation,Cost
CHG_003386,SUB_009668,2026-01-09,Premium,(cancelled),Cancellation,Other
CHG_003387,SUB_009669,2025-11-01,Basic-Ads,(cancelled),Cancellation,Service
CHG_003388,SUB_009675,2026-03-13,Basic-Ads,(cancelled),Cancellation,Cost
CHG_003389,SUB_009676,2026-03-22,Basic-Ads,(cancelled),Cancellation,Service
CHG_003390,SUB_009679,2025-10-22,Basic-Ads,(cancelled),Cancellation,Technical
CHG_003391,SUB_009682,2026-01-29,Standard,(cancelled),Cancellation,Cost
CHG_003392,SUB_009683,2026-02-05,Basic-Ads,(cancelled),Cancellation,Technical
CHG_003393,SUB_009684,2025-09-15,Basic-Ads,(cancelled),Cancellation,Cost
CHG_003394,SUB_009692,2026-03-28,Standard,(cancelled),Cancellation,Cost
CHG_003395,SUB_009693,2025-12-17,Standard,(cancelled),Cancellation,Content
CHG_003396,SUB_009699,2026-03-16,Basic-Ads,(cancelled),Cancellation,NoReason
CHG_003397,SUB_009700,2026-01-26,Basic-Ads,(cancelled),Cancellation,Service
CHG_003398,SUB_009703,2025-10-07,Basic-Ads,(cancelled),Cancellation,Cost
CHG_003399,SUB_009704,2026-01-20,Basic-Ads,(cancelled),Cancellation,Technical
CHG_003400,SUB_009706,2025-06-13,Standard,(cancelled),Cancellation,Content
CHG_003401,SUB_009708,2026-03-23,Standard,(cancelled),Cancellation,Other
CHG_003402,SUB_009710,2025-11-16,Standard,(cancelled),Cancellation,Cost
CHG_003403,SUB_009711,2026-02-16,Basic-Ads,(cancelled),Cancellation,Cost
CHG_003404,SUB_009720,2026-02-13,Basic-Ads,(cancelled),Cancellation,Content
CHG_003405,SUB_009729,2026-03-05,Basic-Ads,(cancelled),Cancellation,Technical
CHG_003406,SUB_009731,2026-01-21,Basic-Ads,(cancelled),Cancellation,Cost
CHG_003407,SUB_009733,2025-09-26,Basic-Ads,(cancelled),Cancellation,Cost
CHG_003408,SUB_009736,2025-05-14,Basic-Ads,(cancelled),Cancellation,Cost
CHG_003409,SUB_009738,2025-10-16,Basic-Ads,(cancelled),Cancellation,Cost
CHG_003410,SUB_009747,2025-12-30,Standard,(cancelled),Cancellation,Technical
CHG_003411,SUB_009750,2025-12-13,Basic-Ads,(cancelled),Cancellation,Cost
CHG_003412,SUB_009752,2025-11-08,Standard,(cancelled),Cancellation,Cost
CHG_003413,SUB_009755,2026-02-02,Premium,(cancelled),Cancellation,Cost
CHG_003414,SUB_009757,2025-11-19,Basic-Ads,(cancelled),Cancellation,Content
CHG_003415,SUB_009763,2026-01-23,Basic-Ads,(cancelled),Cancellation,Cost
CHG_003416,SUB_009764,2025-11-09,Standard,(cancelled),Cancellation,Cost
CHG_003417,SUB_009766,2025-11-19,Basic-Ads,(cancelled),Cancellation,Cost
CHG_003418,SUB_009769,2026-02-14,Basic-Ads,(cancelled),Cancellation,Service
CHG_003419,SUB_009774,2026-01-03,Standard,(cancelled),Cancellation,Cost
CHG_003420,SUB_009776,2025-09-02,Basic-Ads,(cancelled),Cancellation,Service
CHG_003421,SUB_009777,2025-07-13,Basic-Ads,(cancelled),Cancellation,Cost
CHG_003422,SUB_009781,2025-10-22,Basic-Ads,(cancelled),Cancellation,Service
CHG_003423,SUB_009782,2025-09-16,Basic-Ads,(cancelled),Cancellation,Cost
CHG_003424,SUB_009783,2026-01-21,Premium,(cancelled),Cancellation,Other
CHG_003425,SUB_009784,2025-11-16,Basic-Ads,(cancelled),Cancellation,Cost
CHG_003426,SUB_009787,2025-10-27,Basic-Ads,(cancelled),Cancellation,Content
CHG_003427,SUB_009791,2025-11-26,Standard,(cancelled),Cancellation,Technical
CHG_003428,SUB_009796,2025-06-02,Premium,(cancelled),Cancellation,Cost
CHG_003429,SUB_009803,2025-11-17,Standard,(cancelled),Cancellation,Cost
CHG_003430,SUB_009810,2025-10-29,Basic-Ads,(cancelled),Cancellation,NoReason
CHG_003431,SUB_009811,2025-06-13,Basic-Ads,(cancelled),Cancellation,Service
CHG_003432,SUB_009817,2025-12-05,Standard,(cancelled),Cancellation,Technical
CHG_003433,SUB_009824,2025-09-10,Standard,(cancelled),Cancellation,Content
CHG_003434,SUB_009825,2025-07-08,Basic-Ads,(cancelled),Cancellation,Technical
CHG_003435,SUB_009831,2025-12-31,Premium,(cancelled),Cancellation,Cost
CHG_003436,SUB_009835,2025-12-14,Basic-Ads,(cancelled),Cancellation,Cost
CHG_003437,SUB_009838,2025-08-18,Basic-Ads,(cancelled),Cancellation,Cost
CHG_003438,SUB_009840,2025-10-13,Basic-Ads,(cancelled),Cancellation,Content
CHG_003439,SUB_009845,2026-03-12,Basic-Ads,(cancelled),Cancellation,Cost
CHG_003440,SUB_009848,2026-03-07,Standard,(cancelled),Cancellation,Cost
CHG_003441,SUB_009851,2026-03-30,Basic-Ads,(cancelled),Cancellation,Cost
CHG_003442,SUB_009853,2026-03-31,Basic-Ads,(cancelled),Cancellation,Service
CHG_003443,SUB_009855,2026-03-23,Standard,(cancelled),Cancellation,Cost
CHG_003444,SUB_009859,2025-06-10,Standard,(cancelled),Cancellation,Content
CHG_003445,SUB_009861,2025-06-26,Basic-Ads,(cancelled),Cancellation,Other
CHG_003446,SUB_009863,2026-01-09,Basic-Ads,(cancelled),Cancellation,Cost
CHG_003447,SUB_009864,2025-08-31,Basic-Ads,(cancelled),Cancellation,Service
CHG_003448,SUB_009865,2026-03-14,Basic-Ads,(cancelled),Cancellation,Cost
CHG_003449,SUB_009867,2026-01-03,Standard,(cancelled),Cancellation,Cost
CHG_003450,SUB_009868,2025-11-18,Basic-Ads,(cancelled),Cancellation,Content
CHG_003451,SUB_009870,2026-01-10,Basic-Ads,(cancelled),Cancellation,Cost
CHG_003452,SUB_009873,2026-03-30,Basic-Ads,(cancelled),Cancellation,Cost
CHG_003453,SUB_009874,2026-01-25,Standard,(cancelled),Cancellation,Content
CHG_003454,SUB_009881,2026-03-28,Basic-Ads,(cancelled),Cancellation,Cost
CHG_003455,SUB_009884,2025-11-08,Basic-Ads,(cancelled),Cancellation,Technical
CHG_003456,SUB_009886,2026-01-09,Basic-Ads,(cancelled),Cancellation,Content
CHG_003457,SUB_009887,2026-02-12,Basic-Ads,(cancelled),Cancellation,Other
CHG_003458,SUB_009893,2025-12-08,Standard,(cancelled),Cancellation,Content
CHG_003459,SUB_009894,2025-08-24,Standard,(cancelled),Cancellation,Content
CHG_003460,SUB_009896,2025-09-08,Basic-Ads,(cancelled),Cancellation,Content
CHG_003461,SUB_009898,2025-04-09,Basic-Ads,(cancelled),Cancellation,Technical
CHG_003462,SUB_009903,2026-03-18,Basic-Ads,(cancelled),Cancellation,Cost
CHG_003463,SUB_009906,2025-08-21,Standard,(cancelled),Cancellation,Cost
CHG_003464,SUB_009908,2026-03-04,Premium,(cancelled),Cancellation,Service
CHG_003465,SUB_009909,2025-05-20,Premium,(cancelled),Cancellation,Cost
CHG_003466,SUB_009910,2025-07-20,Basic-Ads,(cancelled),Cancellation,Other
CHG_003467,SUB_009911,2025-04-01,Premium,(cancelled),Cancellation,Cost
CHG_003468,SUB_009915,2025-12-20,Standard,(cancelled),Cancellation,Cost
CHG_003469,SUB_009916,2025-05-12,Basic-Ads,(cancelled),Cancellation,Cost
CHG_003470,SUB_009917,2026-02-11,Basic-Ads,(cancelled),Cancellation,Content
CHG_003471,SUB_009921,2026-01-24,Basic-Ads,(cancelled),Cancellation,Content
CHG_003472,SUB_009924,2026-01-01,Basic-Ads,(cancelled),Cancellation,Service
CHG_003473,SUB_009926,2026-02-10,Premium,(cancelled),Cancellation,Cost
CHG_003474,SUB_009927,2025-09-24,Basic-Ads,(cancelled),Cancellation,Content
CHG_003475,SUB_009933,2025-08-27,Standard,(cancelled),Cancellation,Content
CHG_003476,SUB_009935,2025-10-11,Standard,(cancelled),Cancellation,Cost
CHG_003477,SUB_009939,2025-10-08,Basic-Ads,(cancelled),Cancellation,Other
CHG_003478,SUB_009941,2025-09-05,Basic-Ads,(cancelled),Cancellation,Cost
CHG_003479,SUB_009942,2026-02-03,Premium,(cancelled),Cancellation,Cost
CHG_003480,SUB_009944,2025-12-18,Premium,(cancelled),Cancellation,Cost
CHG_003481,SUB_009945,2025-12-14,Basic-Ads,(cancelled),Cancellation,Cost
CHG_003482,SUB_009946,2025-06-15,Premium,(cancelled),Cancellation,Service
CHG_003483,SUB_009948,2025-08-23,Standard,(cancelled),Cancellation,Cost
CHG_003484,SUB_009949,2026-02-28,Basic-Ads,(cancelled),Cancellation,Cost
CHG_003485,SUB_009953,2026-02-20,Standard,(cancelled),Cancellation,Cost
CHG_003486,SUB_009954,2025-05-25,Premium,(cancelled),Cancellation,Cost
CHG_003487,SUB_009957,2026-02-19,Basic-Ads,(cancelled),Cancellation,Cost
CHG_003488,SUB_009959,2026-02-01,Basic-Ads,(cancelled),Cancellation,Content
CHG_003489,SUB_009963,2026-03-21,Basic-Ads,(cancelled),Cancellation,Other
CHG_003490,SUB_009967,2025-10-25,Basic-Ads,(cancelled),Cancellation,Cost
CHG_003491,SUB_009970,2025-06-25,Standard,(cancelled),Cancellation,Technical
CHG_003492,SUB_009974,2025-07-02,Basic-Ads,(cancelled),Cancellation,Cost
CHG_003493,SUB_009979,2026-02-11,Basic-Ads,(cancelled),Cancellation,Other
CHG_003494,SUB_009980,2026-01-23,Basic-Ads,(cancelled),Cancellation,Content
CHG_003495,SUB_009983,2025-04-12,Basic-Ads,(cancelled),Cancellation,Service
CHG_003496,SUB_009987,2025-05-30,Standard,(cancelled),Cancellation,Cost
CHG_003497,SUB_009988,2025-12-27,Basic-Ads,(cancelled),Cancellation,Cost
CHG_003498,SUB_009991,2025-11-19,Basic-Ads,(cancelled),Cancellation,Technical
CHG_003499,SUB_009993,2025-06-24,Standard,(cancelled),Cancellation,Cost
CHG_003500,SUB_009994,2025-10-23,Premium,(cancelled),Cancellation,Cost
CHG_003501,SUB_009997,2025-11-26,Basic-Ads,(cancelled),Cancellation,Content
CHG_003502,SUB_001732,2026-03-27,Standard,Basic-Ads,Downgrade,NoReason
CHG_003503,SUB_004743,2025-08-02,Standard,Basic-Ads,Downgrade,NoReason
CHG_003504,SUB_006341,2025-04-20,Standard,Premium,Upgrade,NoReason
CHG_003505,SUB_006364,2025-10-23,Basic-Ads,Standard,Upgrade,NoReason
CHG_003506,SUB_000440,2025-10-12,Basic-Ads,Standard,Upgrade,NoReason
CHG_003507,SUB_004000,2026-01-23,(cancelled),Standard,Reactivation,NoReason
CHG_003508,SUB_000583,2025-07-29,Standard,Basic-Ads,Downgrade,NoReason
CHG_003509,SUB_009931,2026-03-31,Standard,Basic-Ads,Downgrade,NoReason
CHG_003510,SUB_007052,2026-01-07,Premium,Standard,Downgrade,NoReason
CHG_003511,SUB_008159,2025-09-20,Basic-Ads,Standard,Upgrade,NoReason
CHG_003512,SUB_009897,2025-11-17,Standard,Basic-Ads,Downgrade,NoReason
CHG_003513,SUB_002250,2026-02-10,Premium,Standard,Downgrade,NoReason
CHG_003514,SUB_004641,2026-01-07,Premium,Standard,Downgrade,NoReason
CHG_003515,SUB_009486,2026-03-22,Premium,Standard,Downgrade,NoReason
CHG_003516,SUB_001964,2025-12-07,Standard,Premium,Upgrade,NoReason
CHG_003517,SUB_008244,2025-08-27,Standard,Basic-Ads,Downgrade,NoReason
CHG_003518,SUB_006591,2025-08-23,Standard,Premium,Upgrade,NoReason
CHG_003519,SUB_008848,2025-12-29,Standard,Basic-Ads,Downgrade,NoReason
CHG_003520,SUB_000322,2025-08-26,Standard,Basic-Ads,Downgrade,NoReason
CHG_003521,SUB_002679,2025-08-12,Standard,Premium,Upgrade,NoReason
CHG_003522,SUB_004626,2025-11-30,Premium,Standard,Downgrade,NoReason
CHG_003523,SUB_004950,2026-02-28,(cancelled),Basic-Ads,Reactivation,NoReason
CHG_003524,SUB_008329,2025-06-30,Premium,Standard,Downgrade,NoReason
CHG_003525,SUB_003974,2025-12-28,Premium,Standard,Downgrade,NoReason
CHG_003526,SUB_006631,2025-08-01,Basic-Ads,Standard,Upgrade,NoReason
CHG_003527,SUB_008363,2026-02-13,Standard,Basic-Ads,Downgrade,NoReason
CHG_003528,SUB_001514,2026-03-28,Basic-Ads,Standard,Upgrade,NoReason
CHG_003529,SUB_001761,2025-12-05,Standard,Basic-Ads,Downgrade,NoReason
CHG_003530,SUB_003724,2025-06-14,Basic-Ads,Standard,Upgrade,NoReason
CHG_003531,SUB_008285,2025-08-23,Standard,Basic-Ads,Downgrade,NoReason
CHG_003532,SUB_004994,2026-01-22,Basic-Ads,Standard,Upgrade,NoReason
CHG_003533,SUB_003033,2025-07-25,Standard,Basic-Ads,Downgrade,NoReason
CHG_003534,SUB_007939,2025-07-16,Standard,Basic-Ads,Downgrade,NoReason
CHG_003535,SUB_003040,2026-02-19,Premium,Standard,Downgrade,NoReason
CHG_003536,SUB_002546,2025-10-11,Standard,Basic-Ads,Downgrade,NoReason
CHG_003537,SUB_002593,2026-03-30,Premium,Standard,Downgrade,NoReason
CHG_003538,SUB_001189,2025-05-03,Standard,Basic-Ads,Downgrade,NoReason
CHG_003539,SUB_007967,2026-03-31,(cancelled),Standard,Reactivation,NoReason
CHG_003540,SUB_006078,2025-05-20,(cancelled),Premium,Reactivation,NoReason
CHG_003541,SUB_001316,2026-02-25,Basic-Ads,Standard,Upgrade,NoReason
CHG_003542,SUB_008188,2025-05-28,Premium,Standard,Downgrade,NoReason
CHG_003543,SUB_002754,2025-07-11,Basic-Ads,Standard,Upgrade,NoReason
CHG_003544,SUB_002877,2026-03-23,Standard,Basic-Ads,Downgrade,NoReason
CHG_003545,SUB_000800,2025-12-16,Standard,Basic-Ads,Downgrade,NoReason
CHG_003546,SUB_002895,2026-03-29,Basic-Ads,Standard,Upgrade,NoReason
CHG_003547,SUB_002928,2025-07-07,Standard,Basic-Ads,Downgrade,NoReason
CHG_003548,SUB_008179,2026-02-08,Premium,Standard,Downgrade,NoReason
CHG_003549,SUB_000972,2025-07-01,Basic-Ads,Standard,Upgrade,NoReason
CHG_003550,SUB_006688,2025-09-16,Standard,Basic-Ads,Downgrade,NoReason
CHG_003551,SUB_008576,2025-06-19,Standard,Basic-Ads,Downgrade,NoReason
CHG_003552,SUB_009055,2025-09-23,Basic-Ads,Standard,Upgrade,NoReason
CHG_003553,SUB_000953,2025-07-22,Premium,Standard,Downgrade,NoReason
CHG_003554,SUB_005360,2025-05-30,Premium,Standard,Downgrade,NoReason
CHG_003555,SUB_003306,2026-01-31,Premium,Standard,Downgrade,NoReason
CHG_003556,SUB_003007,2025-10-26,Standard,Basic-Ads,Downgrade,NoReason
CHG_003557,SUB_009002,2025-04-23,Standard,Basic-Ads,Downgrade,NoReason
CHG_003558,SUB_007439,2025-08-10,Premium,Standard,Downgrade,NoReason
CHG_003559,SUB_007943,2026-03-24,Standard,Basic-Ads,Downgrade,NoReason
CHG_003560,SUB_001057,2025-05-19,Basic-Ads,Standard,Upgrade,NoReason
CHG_003561,SUB_009190,2025-09-11,Standard,Premium,Upgrade,NoReason
CHG_003562,SUB_007826,2025-08-24,Standard,Premium,Upgrade,NoReason
CHG_003563,SUB_007232,2025-04-02,Standard,Premium,Upgrade,NoReason
CHG_003564,SUB_004904,2025-10-12,Premium,Standard,Downgrade,NoReason
CHG_003565,SUB_006844,2025-06-28,Standard,Basic-Ads,Downgrade,NoReason
CHG_003566,SUB_004004,2025-05-04,Standard,Basic-Ads,Downgrade,NoReason
CHG_003567,SUB_008710,2025-12-10,Premium,Standard,Downgrade,NoReason
CHG_003568,SUB_007641,2025-04-09,Basic-Ads,Standard,Upgrade,NoReason
CHG_003569,SUB_002345,2025-08-06,Standard,Basic-Ads,Downgrade,NoReason
CHG_003570,SUB_005971,2025-10-03,Premium,Standard,Downgrade,NoReason
CHG_003571,SUB_004696,2025-05-31,Standard,Basic-Ads,Downgrade,NoReason
CHG_003572,SUB_003400,2025-08-30,Standard,Premium,Upgrade,NoReason
CHG_003573,SUB_001225,2026-03-04,Standard,Premium,Upgrade,NoReason
CHG_003574,SUB_006293,2025-11-28,Basic-Ads,Standard,Upgrade,NoReason
CHG_003575,SUB_003123,2025-06-13,Standard,Basic-Ads,Downgrade,NoReason
CHG_003576,SUB_005795,2025-09-17,Standard,Basic-Ads,Downgrade,NoReason
CHG_003577,SUB_000097,2026-03-13,Standard,Premium,Upgrade,NoReason
CHG_003578,SUB_001513,2025-07-14,Standard,Basic-Ads,Downgrade,NoReason
CHG_003579,SUB_008792,2026-02-14,Standard,Basic-Ads,Downgrade,NoReason
CHG_003580,SUB_000120,2026-03-13,Standard,Basic-Ads,Downgrade,NoReason
CHG_003581,SUB_007792,2025-09-22,Basic-Ads,Standard,Upgrade,NoReason
CHG_003582,SUB_006518,2025-08-25,Standard,Premium,Upgrade,NoReason
CHG_003583,SUB_006831,2026-02-01,Premium,Standard,Downgrade,NoReason
CHG_003584,SUB_001069,2025-09-05,Standard,Basic-Ads,Downgrade,NoReason
CHG_003585,SUB_001348,2025-05-14,Premium,Standard,Downgrade,NoReason
CHG_003586,SUB_004748,2025-09-09,Standard,Premium,Upgrade,NoReason
CHG_003587,SUB_003818,2026-02-28,Standard,Basic-Ads,Downgrade,NoReason
CHG_003588,SUB_008447,2025-05-07,Standard,Premium,Upgrade,NoReason
CHG_003589,SUB_005270,2025-11-27,Basic-Ads,Standard,Upgrade,NoReason
CHG_003590,SUB_005310,2025-12-08,Premium,Standard,Downgrade,NoReason
CHG_003591,SUB_000032,2025-05-07,Standard,Basic-Ads,Downgrade,NoReason
CHG_003592,SUB_004387,2026-02-04,Premium,Standard,Downgrade,NoReason
CHG_003593,SUB_000030,2025-08-13,Standard,Basic-Ads,Downgrade,NoReason
CHG_003594,SUB_004203,2025-09-20,Standard,Basic-Ads,Downgrade,NoReason
CHG_003595,SUB_000736,2025-10-01,Basic-Ads,Standard,Upgrade,NoReason
CHG_003596,SUB_008895,2025-04-04,Standard,Basic-Ads,Downgrade,NoReason
CHG_003597,SUB_008021,2025-11-08,Standard,Basic-Ads,Downgrade,NoReason
CHG_003598,SUB_002233,2025-04-14,Basic-Ads,Standard,Upgrade,NoReason
CHG_003599,SUB_009413,2025-05-26,Basic-Ads,Standard,Upgrade,NoReason
CHG_003600,SUB_000305,2026-03-22,Standard,Basic-Ads,Downgrade,NoReason
CHG_003601,SUB_008966,2025-05-25,Standard,Premium,Upgrade,NoReason
CHG_003602,SUB_004514,2026-03-31,(cancelled),Standard,Reactivation,NoReason
CHG_003603,SUB_005911,2025-11-03,Premium,Standard,Downgrade,NoReason
CHG_003604,SUB_003899,2025-09-04,Standard,Basic-Ads,Downgrade,NoReason
CHG_003605,SUB_005441,2025-07-01,Standard,Premium,Upgrade,NoReason
CHG_003606,SUB_000622,2025-04-19,Standard,Premium,Upgrade,NoReason
CHG_003607,SUB_000714,2025-06-03,Premium,Standard,Downgrade,NoReason
CHG_003608,SUB_008404,2025-09-10,Premium,Standard,Downgrade,NoReason
CHG_003609,SUB_002856,2025-06-04,Standard,Basic-Ads,Downgrade,NoReason
CHG_003610,SUB_004517,2025-09-25,Basic-Ads,Standard,Upgrade,NoReason
CHG_003611,SUB_003913,2026-03-26,Standard,Basic-Ads,Downgrade,NoReason
CHG_003612,SUB_005199,2026-02-28,Standard,Basic-Ads,Downgrade,NoReason
CHG_003613,SUB_000260,2025-08-15,Premium,Standard,Downgrade,NoReason
CHG_003614,SUB_009203,2025-04-29,Standard,Basic-Ads,Downgrade,NoReason
CHG_003615,SUB_000519,2026-02-08,Standard,Basic-Ads,Downgrade,NoReason
CHG_003616,SUB_000312,2025-11-24,Premium,Standard,Downgrade,NoReason
CHG_003617,SUB_003232,2026-03-28,Standard,Basic-Ads,Downgrade,NoReason
CHG_003618,SUB_007458,2026-02-13,Basic-Ads,Standard,Upgrade,NoReason
CHG_003619,SUB_005184,2025-07-09,Basic-Ads,Standard,Upgrade,NoReason
CHG_003620,SUB_008077,2025-06-23,Premium,Standard,Downgrade,NoReason
CHG_003621,SUB_006502,2026-01-11,Standard,Basic-Ads,Downgrade,NoReason
CHG_003622,SUB_006791,2025-11-07,Basic-Ads,Standard,Upgrade,NoReason
CHG_003623,SUB_007842,2025-06-04,Standard,Basic-Ads,Downgrade,NoReason
CHG_003624,SUB_006262,2025-09-03,Standard,Premium,Upgrade,NoReason
CHG_003625,SUB_001248,2026-02-26,(cancelled),Standard,Reactivation,NoReason
CHG_003626,SUB_009336,2025-04-08,Standard,Basic-Ads,Downgrade,NoReason
CHG_003627,SUB_000959,2025-11-14,Premium,Standard,Downgrade,NoReason
CHG_003628,SUB_005742,2025-06-04,Standard,Basic-Ads,Downgrade,NoReason
CHG_003629,SUB_001113,2026-03-12,Standard,Basic-Ads,Downgrade,NoReason
CHG_003630,SUB_002689,2025-08-16,Standard,Basic-Ads,Downgrade,NoReason
CHG_003631,SUB_006473,2025-05-10,Standard,Basic-Ads,Downgrade,NoReason
CHG_003632,SUB_007808,2026-03-30,Standard,Basic-Ads,Downgrade,NoReason
CHG_003633,SUB_000081,2026-03-30,Standard,Basic-Ads,Downgrade,NoReason
CHG_003634,SUB_001510,2025-11-01,Premium,Standard,Downgrade,NoReason
CHG_003635,SUB_007822,2025-07-06,Standard,Premium,Upgrade,NoReason
CHG_003636,SUB_000093,2026-02-22,Standard,Premium,Upgrade,NoReason
CHG_003637,SUB_006600,2026-03-31,Premium,Standard,Downgrade,NoReason
CHG_003638,SUB_007602,2025-12-10,Basic-Ads,Standard,Upgrade,NoReason
CHG_003639,SUB_003835,2025-09-11,Basic-Ads,Standard,Upgrade,NoReason
CHG_003640,SUB_004322,2026-03-31,Standard,Premium,Upgrade,NoReason
CHG_003641,SUB_003394,2026-01-29,Standard,Basic-Ads,Downgrade,NoReason
CHG_003642,SUB_007229,2025-10-22,Standard,Premium,Upgrade,NoReason
CHG_003643,SUB_001148,2026-02-03,Basic-Ads,Standard,Upgrade,NoReason
CHG_003644,SUB_005666,2025-12-07,Standard,Premium,Upgrade,NoReason
CHG_003645,SUB_001563,2025-06-12,Premium,Standard,Downgrade,NoReason
CHG_003646,SUB_004113,2026-02-14,Basic-Ads,Standard,Upgrade,NoReason
CHG_003647,SUB_009276,2025-05-01,Standard,Basic-Ads,Downgrade,NoReason
CHG_003648,SUB_005854,2025-05-25,Standard,Premium,Upgrade,NoReason
CHG_003649,SUB_007619,2025-07-13,Basic-Ads,Standard,Upgrade,NoReason
CHG_003650,SUB_001594,2026-02-22,Standard,Basic-Ads,Downgrade,NoReason
CHG_003651,SUB_007418,2025-05-12,Standard,Basic-Ads,Downgrade,NoReason
CHG_003652,SUB_000089,2025-04-08,(cancelled),Standard,Reactivation,NoReason
CHG_003653,SUB_008695,2025-12-05,Premium,Standard,Downgrade,NoReason
CHG_003654,SUB_009446,2025-06-20,Standard,Premium,Upgrade,NoReason
CHG_003655,SUB_006754,2026-03-26,Standard,Basic-Ads,Downgrade,NoReason
CHG_003656,SUB_002234,2026-02-07,Basic-Ads,Standard,Upgrade,NoReason
CHG_003657,SUB_007170,2025-05-16,Standard,Premium,Upgrade,NoReason
CHG_003658,SUB_008337,2025-07-10,Standard,Basic-Ads,Downgrade,NoReason
CHG_003659,SUB_006551,2025-07-14,Standard,Basic-Ads,Downgrade,NoReason
CHG_003660,SUB_007643,2025-10-22,Premium,Standard,Downgrade,NoReason
CHG_003661,SUB_006164,2025-12-11,Basic-Ads,Standard,Upgrade,NoReason
CHG_003662,SUB_001495,2025-07-22,Standard,Premium,Upgrade,NoReason
CHG_003663,SUB_007696,2025-09-13,Premium,Standard,Downgrade,NoReason
CHG_003664,SUB_007094,2025-04-28,Standard,Basic-Ads,Downgrade,NoReason
CHG_003665,SUB_003401,2025-06-10,Premium,Standard,Downgrade,NoReason
CHG_003666,SUB_000109,2025-06-21,Standard,Basic-Ads,Downgrade,NoReason
CHG_003667,SUB_005636,2026-01-31,Basic-Ads,Standard,Upgrade,NoReason
CHG_003668,SUB_005560,2025-09-04,Standard,Premium,Upgrade,NoReason
CHG_003669,SUB_008143,2026-03-02,Basic-Ads,Standard,Upgrade,NoReason
CHG_003670,SUB_008664,2026-02-16,Basic-Ads,Standard,Upgrade,NoReason
CHG_003671,SUB_006596,2025-04-05,Basic-Ads,Standard,Upgrade,NoReason
CHG_003672,SUB_000624,2025-09-26,Standard,Premium,Upgrade,NoReason
CHG_003673,SUB_007437,2025-04-17,Basic-Ads,Standard,Upgrade,NoReason
CHG_003674,SUB_004218,2025-04-04,Premium,Standard,Downgrade,NoReason
CHG_003675,SUB_006429,2026-02-13,Premium,Standard,Downgrade,NoReason
CHG_003676,SUB_006827,2025-07-11,Standard,Basic-Ads,Downgrade,NoReason
CHG_003677,SUB_004131,2025-11-10,Premium,Standard,Downgrade,NoReason
CHG_003678,SUB_004141,2025-09-30,Standard,Basic-Ads,Downgrade,NoReason
CHG_003679,SUB_002030,2025-04-05,Basic-Ads,Standard,Upgrade,NoReason
CHG_003680,SUB_003993,2025-04-12,Basic-Ads,Standard,Upgrade,NoReason
CHG_003681,SUB_007377,2026-03-22,Basic-Ads,Standard,Upgrade,NoReason
CHG_003682,SUB_004732,2025-09-12,Premium,Standard,Downgrade,NoReason
CHG_003683,SUB_008135,2025-08-02,Standard,Premium,Upgrade,NoReason
CHG_003684,SUB_008110,2025-06-01,Standard,Basic-Ads,Downgrade,NoReason
CHG_003685,SUB_006952,2026-03-05,Basic-Ads,Standard,Upgrade,NoReason
CHG_003686,SUB_006005,2025-07-29,Standard,Basic-Ads,Downgrade,NoReason
CHG_003687,SUB_003542,2025-07-12,Basic-Ads,Standard,Upgrade,NoReason
CHG_003688,SUB_008732,2025-07-23,Standard,Basic-Ads,Downgrade,NoReason
CHG_003689,SUB_003873,2025-08-24,Standard,Premium,Upgrade,NoReason
CHG_003690,SUB_002255,2025-10-18,Basic-Ads,Standard,Upgrade,NoReason
CHG_003691,SUB_005460,2026-02-18,Standard,Basic-Ads,Downgrade,NoReason
CHG_003692,SUB_004956,2026-03-02,Basic-Ads,Standard,Upgrade,NoReason
CHG_003693,SUB_007397,2025-11-25,Standard,Basic-Ads,Downgrade,NoReason
CHG_003694,SUB_009101,2025-06-19,Standard,Basic-Ads,Downgrade,NoReason
CHG_003695,SUB_004852,2026-02-18,Standard,Premium,Upgrade,NoReason
CHG_003696,SUB_001122,2026-02-26,Standard,Basic-Ads,Downgrade,NoReason
CHG_003697,SUB_002911,2025-06-13,Basic-Ads,Standard,Upgrade,NoReason
CHG_003698,SUB_007384,2025-09-21,Premium,Standard,Downgrade,NoReason
CHG_003699,SUB_006267,2025-09-02,Standard,Premium,Upgrade,NoReason
CHG_003700,SUB_002459,2026-01-20,Premium,Standard,Downgrade,NoReason
CHG_003701,SUB_003313,2026-01-31,Standard,Basic-Ads,Downgrade,NoReason
CHG_003702,SUB_001254,2025-10-27,Basic-Ads,Standard,Upgrade,NoReason
CHG_003703,SUB_006835,2026-01-14,Basic-Ads,Standard,Upgrade,NoReason
CHG_003704,SUB_008795,2026-02-05,Standard,Basic-Ads,Downgrade,NoReason
CHG_003705,SUB_003838,2025-04-19,Standard,Basic-Ads,Downgrade,NoReason
CHG_003706,SUB_004399,2025-11-06,Standard,Basic-Ads,Downgrade,NoReason
CHG_003707,SUB_003596,2025-08-22,Standard,Basic-Ads,Downgrade,NoReason
CHG_003708,SUB_002125,2025-08-01,Basic-Ads,Standard,Upgrade,NoReason
CHG_003709,SUB_005404,2025-08-07,Standard,Basic-Ads,Downgrade,NoReason
CHG_003710,SUB_005999,2026-02-15,Standard,Premium,Upgrade,NoReason
CHG_003711,SUB_002674,2026-03-25,Standard,Basic-Ads,Downgrade,NoReason
CHG_003712,SUB_008721,2025-06-21,Basic-Ads,Standard,Upgrade,NoReason
CHG_003713,SUB_008850,2025-11-11,Premium,Standard,Downgrade,NoReason
CHG_003714,SUB_001085,2026-03-13,Basic-Ads,Standard,Upgrade,NoReason
CHG_003715,SUB_007156,2026-01-14,Premium,Standard,Downgrade,NoReason
CHG_003716,SUB_002885,2025-10-19,Standard,Basic-Ads,Downgrade,NoReason
CHG_003717,SUB_000334,2025-10-15,Basic-Ads,Standard,Upgrade,NoReason
CHG_003718,SUB_007205,2026-02-09,Basic-Ads,Standard,Upgrade,NoReason
CHG_003719,SUB_004368,2025-09-08,(cancelled),Standard,Reactivation,NoReason
CHG_003720,SUB_007204,2025-04-05,Standard,Premium,Upgrade,NoReason
CHG_003721,SUB_001499,2026-01-19,Basic-Ads,Standard,Upgrade,NoReason
CHG_003722,SUB_009644,2026-03-23,Standard,Basic-Ads,Downgrade,NoReason
CHG_003723,SUB_008311,2026-03-03,Standard,Premium,Upgrade,NoReason
CHG_003724,SUB_007591,2025-04-01,Basic-Ads,Standard,Upgrade,NoReason
CHG_003725,SUB_009156,2025-12-21,Basic-Ads,Standard,Upgrade,NoReason
CHG_003726,SUB_008175,2025-05-19,Premium,Standard,Downgrade,NoReason
CHG_003727,SUB_006071,2025-12-10,Standard,Basic-Ads,Downgrade,NoReason
CHG_003728,SUB_002665,2025-12-09,Basic-Ads,Standard,Upgrade,NoReason
CHG_003729,SUB_005909,2025-10-27,Basic-Ads,Standard,Upgrade,NoReason
CHG_003730,SUB_005051,2026-01-29,Standard,Basic-Ads,Downgrade,NoReason
CHG_003731,SUB_006329,2026-02-26,Standard,Basic-Ads,Downgrade,NoReason
CHG_003732,SUB_009734,2025-06-20,Premium,Standard,Downgrade,NoReason
CHG_003733,SUB_001692,2025-05-07,Premium,Standard,Downgrade,NoReason
CHG_003734,SUB_005573,2026-01-30,Premium,Standard,Downgrade,NoReason
CHG_003735,SUB_005767,2025-10-06,Standard,Premium,Upgrade,NoReason
CHG_003736,SUB_005157,2026-03-29,Standard,Premium,Upgrade,NoReason
CHG_003737,SUB_000734,2025-06-07,Standard,Basic-Ads,Downgrade,NoReason
CHG_003738,SUB_009188,2026-01-16,Basic-Ads,Standard,Upgrade,NoReason
CHG_003739,SUB_001559,2026-03-22,Basic-Ads,Standard,Upgrade,NoReason
CHG_003740,SUB_000102,2025-06-08,Basic-Ads,Standard,Upgrade,NoReason
CHG_003741,SUB_007202,2026-03-07,Standard,Premium,Upgrade,NoReason
CHG_003742,SUB_008215,2025-09-28,Standard,Basic-Ads,Downgrade,NoReason
CHG_003743,SUB_008945,2025-11-13,Premium,Standard,Downgrade,NoReason
CHG_003744,SUB_003474,2025-12-03,Premium,Standard,Downgrade,NoReason
CHG_003745,SUB_000484,2025-10-24,Premium,Standard,Downgrade,NoReason
CHG_003746,SUB_000347,2025-09-09,Standard,Basic-Ads,Downgrade,NoReason
CHG_003747,SUB_005482,2025-08-08,Premium,Standard,Downgrade,NoReason
CHG_003748,SUB_001473,2025-05-28,Standard,Basic-Ads,Downgrade,NoReason
CHG_003749,SUB_006766,2025-06-30,Premium,Standard,Downgrade,NoReason
CHG_003750,SUB_008707,2025-11-05,Standard,Basic-Ads,Downgrade,NoReason
CHG_003751,SUB_002214,2025-05-19,Basic-Ads,Standard,Upgrade,NoReason
CHG_003752,SUB_000857,2025-05-05,Standard,Basic-Ads,Downgrade,NoReason
CHG_003753,SUB_005886,2025-04-09,Standard,Basic-Ads,Downgrade,NoReason
CHG_003754,SUB_000291,2026-03-26,Standard,Premium,Upgrade,NoReason
CHG_003755,SUB_008265,2025-11-26,(cancelled),Standard,Reactivation,NoReason
CHG_003756,SUB_001632,2025-06-17,Standard,Basic-Ads,Downgrade,NoReason
CHG_003757,SUB_005171,2025-12-20,Basic-Ads,Standard,Upgrade,NoReason
CHG_003758,SUB_002523,2025-05-12,(cancelled),Basic-Ads,Reactivation,NoReason
CHG_003759,SUB_006969,2025-09-18,Standard,Basic-Ads,Downgrade,NoReason
CHG_003760,SUB_007033,2025-06-06,Basic-Ads,Standard,Upgrade,NoReason
CHG_003761,SUB_007421,2025-04-11,Premium,Standard,Downgrade,NoReason
CHG_003762,SUB_006290,2025-11-10,Standard,Basic-Ads,Downgrade,NoReason
CHG_003763,SUB_009967,2025-07-06,Basic-Ads,Standard,Upgrade,NoReason
CHG_003764,SUB_000136,2025-11-20,Premium,Standard,Downgrade,NoReason
CHG_003765,SUB_003405,2025-09-01,Standard,Basic-Ads,Downgrade,NoReason
CHG_003766,SUB_008305,2025-07-09,Premium,Standard,Downgrade,NoReason
CHG_003767,SUB_007493,2025-07-11,Standard,Premium,Upgrade,NoReason
CHG_003768,SUB_004505,2026-03-23,Basic-Ads,Standard,Upgrade,NoReason
CHG_003769,SUB_004081,2026-02-23,Basic-Ads,Standard,Upgrade,NoReason
CHG_003770,SUB_000533,2025-10-26,Premium,Standard,Downgrade,NoReason
CHG_003771,SUB_004831,2025-04-27,Basic-Ads,Standard,Upgrade,NoReason
CHG_003772,SUB_004039,2025-07-18,Standard,Basic-Ads,Downgrade,NoReason
CHG_003773,SUB_004958,2025-11-28,Premium,Standard,Downgrade,NoReason
CHG_003774,SUB_009039,2026-02-19,Premium,Standard,Downgrade,NoReason
CHG_003775,SUB_008002,2025-05-06,Standard,Basic-Ads,Downgrade,NoReason
CHG_003776,SUB_000591,2025-12-26,Basic-Ads,Standard,Upgrade,NoReason
CHG_003777,SUB_008016,2025-09-30,Basic-Ads,Standard,Upgrade,NoReason
CHG_003778,SUB_003772,2025-08-20,Standard,Basic-Ads,Downgrade,NoReason
CHG_003779,SUB_009040,2025-04-29,Basic-Ads,Standard,Upgrade,NoReason
CHG_003780,SUB_009363,2025-10-11,Basic-Ads,Standard,Upgrade,NoReason
CHG_003781,SUB_004211,2026-03-29,Standard,Basic-Ads,Downgrade,NoReason
CHG_003782,SUB_008835,2026-02-17,Standard,Basic-Ads,Downgrade,NoReason
CHG_003783,SUB_002587,2025-04-05,Premium,Standard,Downgrade,NoReason
CHG_003784,SUB_002317,2025-05-16,Standard,Premium,Upgrade,NoReason
CHG_003785,SUB_007073,2026-01-22,Basic-Ads,Standard,Upgrade,NoReason
CHG_003786,SUB_008744,2025-10-05,Standard,Basic-Ads,Downgrade,NoReason
CHG_003787,SUB_004769,2026-02-01,Premium,Standard,Downgrade,NoReason
CHG_003788,SUB_009973,2026-03-03,Standard,Basic-Ads,Downgrade,NoReason
CHG_003789,SUB_007145,2025-11-21,Standard,Basic-Ads,Downgrade,NoReason
CHG_003790,SUB_002914,2025-06-17,Standard,Premium,Upgrade,NoReason
CHG_003791,SUB_009894,2025-08-03,Standard,Basic-Ads,Downgrade,NoReason
CHG_003792,SUB_004303,2025-08-20,Standard,Basic-Ads,Downgrade,NoReason
CHG_003793,SUB_005823,2025-08-12,Basic-Ads,Standard,Upgrade,NoReason
CHG_003794,SUB_002150,2025-06-13,Premium,Standard,Downgrade,NoReason
CHG_003795,SUB_000145,2026-03-15,Premium,Standard,Downgrade,NoReason
CHG_003796,SUB_004964,2025-12-23,Premium,Standard,Downgrade,NoReason
CHG_003797,SUB_009031,2025-06-21,Basic-Ads,Standard,Upgrade,NoReason
CHG_003798,SUB_008934,2026-03-05,Standard,Basic-Ads,Downgrade,NoReason
CHG_003799,SUB_009829,2026-03-03,Basic-Ads,Standard,Upgrade,NoReason
CHG_003800,SUB_009215,2025-11-29,Standard,Basic-Ads,Downgrade,NoReason
CHG_003801,SUB_006061,2026-01-25,Basic-Ads,Standard,Upgrade,NoReason
CHG_003802,SUB_009476,2026-03-14,Standard,Basic-Ads,Downgrade,NoReason
CHG_003803,SUB_006410,2025-08-25,Standard,Basic-Ads,Downgrade,NoReason
CHG_003804,SUB_003318,2026-01-05,Basic-Ads,Standard,Upgrade,NoReason
CHG_003805,SUB_007465,2025-10-02,Basic-Ads,Standard,Upgrade,NoReason
CHG_003806,SUB_003062,2025-12-26,Standard,Basic-Ads,Downgrade,NoReason
CHG_003807,SUB_005506,2026-03-01,Standard,Basic-Ads,Downgrade,NoReason
CHG_003808,SUB_005251,2026-02-09,Premium,Standard,Downgrade,NoReason
CHG_003809,SUB_001731,2025-05-18,Standard,Basic-Ads,Downgrade,NoReason
CHG_003810,SUB_001759,2025-08-04,Standard,Basic-Ads,Downgrade,NoReason
CHG_003811,SUB_009394,2025-04-05,Basic-Ads,Standard,Upgrade,NoReason
CHG_003812,SUB_001865,2025-06-30,Standard,Basic-Ads,Downgrade,NoReason
CHG_003813,SUB_000544,2025-12-18,Standard,Premium,Upgrade,NoReason
CHG_003814,SUB_000350,2025-10-06,Standard,Basic-Ads,Downgrade,NoReason
CHG_003815,SUB_006907,2026-02-15,Standard,Basic-Ads,Downgrade,NoReason
CHG_003816,SUB_002524,2025-11-26,Standard,Premium,Upgrade,NoReason
CHG_003817,SUB_003465,2026-03-20,Standard,Basic-Ads,Downgrade,NoReason
CHG_003818,SUB_000458,2025-10-23,Basic-Ads,Standard,Upgrade,NoReason
CHG_003819,SUB_000132,2026-02-12,Standard,Basic-Ads,Downgrade,NoReason
CHG_003820,SUB_001373,2025-07-25,Standard,Basic-Ads,Downgrade,NoReason
CHG_003821,SUB_005545,2025-07-22,Standard,Basic-Ads,Downgrade,NoReason
CHG_003822,SUB_001414,2025-04-09,Premium,Standard,Downgrade,NoReason
CHG_003823,SUB_004114,2025-05-28,Premium,Standard,Downgrade,NoReason
CHG_003824,SUB_000656,2026-01-22,Premium,Standard,Downgrade,NoReason
CHG_003825,SUB_000593,2025-05-19,Standard,Basic-Ads,Downgrade,NoReason
CHG_003826,SUB_003888,2026-03-11,Premium,Standard,Downgrade,NoReason
CHG_003827,SUB_002185,2025-12-21,Standard,Premium,Upgrade,NoReason
CHG_003828,SUB_002770,2026-02-17,Standard,Basic-Ads,Downgrade,NoReason
CHG_003829,SUB_000266,2025-10-05,Standard,Premium,Upgrade,NoReason
CHG_003830,SUB_005145,2026-02-22,Basic-Ads,Standard,Upgrade,NoReason
CHG_003831,SUB_003938,2025-04-08,Standard,Basic-Ads,Downgrade,NoReason
CHG_003832,SUB_000762,2025-07-08,Standard,Basic-Ads,Downgrade,NoReason
CHG_003833,SUB_008440,2026-03-27,Standard,Basic-Ads,Downgrade,NoReason
CHG_003834,SUB_004339,2025-11-22,Standard,Basic-Ads,Downgrade,NoReason
CHG_003835,SUB_004363,2025-04-09,Standard,Basic-Ads,Downgrade,NoReason
CHG_003836,SUB_000317,2025-05-12,Premium,Standard,Downgrade,NoReason
CHG_003837,SUB_002485,2025-10-01,Standard,Basic-Ads,Downgrade,NoReason
CHG_003838,SUB_009874,2025-12-03,Standard,Basic-Ads,Downgrade,NoReason
CHG_003839,SUB_009575,2025-07-29,Standard,Premium,Upgrade,NoReason
CHG_003840,SUB_008359,2025-08-09,Standard,Basic-Ads,Downgrade,NoReason
CHG_003841,SUB_007334,2026-03-31,Standard,Basic-Ads,Downgrade,NoReason
CHG_003842,SUB_001072,2025-11-21,Standard,Basic-Ads,Downgrade,NoReason
CHG_003843,SUB_001419,2025-04-27,Premium,Standard,Downgrade,NoReason
CHG_003844,SUB_001659,2025-04-04,Standard,Basic-Ads,Downgrade,NoReason
CHG_003845,SUB_005285,2026-01-26,Standard,Basic-Ads,Downgrade,NoReason
CHG_003846,SUB_001150,2025-11-24,Standard,Basic-Ads,Downgrade,NoReason
CHG_003847,SUB_007151,2025-10-30,Basic-Ads,Standard,Upgrade,NoReason
CHG_003848,SUB_001088,2026-03-13,Standard,Basic-Ads,Downgrade,NoReason
CHG_003849,SUB_008675,2025-12-02,Standard,Basic-Ads,Downgrade,NoReason
CHG_003850,SUB_007812,2026-03-31,Standard,Basic-Ads,Downgrade,NoReason
CHG_003851,SUB_006085,2025-05-12,Standard,Basic-Ads,Downgrade,NoReason
CHG_003852,SUB_008758,2026-02-19,Standard,Premium,Upgrade,NoReason
CHG_003853,SUB_001684,2025-11-12,Premium,Standard,Downgrade,NoReason
CHG_003854,SUB_000009,2026-02-26,Premium,Standard,Downgrade,NoReason
CHG_003855,SUB_006063,2025-07-02,Standard,Basic-Ads,Downgrade,NoReason
CHG_003856,SUB_006517,2026-01-06,Standard,Basic-Ads,Downgrade,NoReason
CHG_003857,SUB_004124,2025-11-03,Standard,Basic-Ads,Downgrade,NoReason
CHG_003858,SUB_001804,2026-03-25,Standard,Basic-Ads,Downgrade,NoReason
CHG_003859,SUB_006548,2025-11-04,Standard,Basic-Ads,Downgrade,NoReason
CHG_003860,SUB_009089,2025-12-04,Premium,Standard,Downgrade,NoReason
CHG_003861,SUB_007621,2025-11-11,Standard,Premium,Upgrade,NoReason
CHG_003862,SUB_009135,2025-07-09,Standard,Premium,Upgrade,NoReason
CHG_003863,SUB_001191,2025-08-26,Standard,Premium,Upgrade,NoReason
CHG_003864,SUB_008521,2025-08-12,Premium,Standard,Downgrade,NoReason
CHG_003865,SUB_007645,2025-06-17,Standard,Basic-Ads,Downgrade,NoReason
CHG_003866,SUB_004439,2026-01-03,Standard,Basic-Ads,Downgrade,NoReason
CHG_003867,SUB_006162,2025-07-28,(cancelled),Standard,Reactivation,NoReason
CHG_003868,SUB_009588,2026-03-10,Premium,Standard,Downgrade,NoReason
CHG_003869,SUB_007647,2025-05-02,Basic-Ads,Standard,Upgrade,NoReason
CHG_003870,SUB_007472,2026-03-17,Standard,Basic-Ads,Downgrade,NoReason
CHG_003871,SUB_001834,2026-03-31,Standard,Basic-Ads,Downgrade,NoReason
CHG_003872,SUB_002288,2026-03-14,Standard,Premium,Upgrade,NoReason
CHG_003873,SUB_001331,2026-03-24,Standard,Basic-Ads,Downgrade,NoReason
CHG_003874,SUB_002772,2025-11-01,Standard,Basic-Ads,Downgrade,NoReason
CHG_003875,SUB_008284,2025-08-14,Standard,Basic-Ads,Downgrade,NoReason
CHG_003876,SUB_005929,2025-04-06,Standard,Basic-Ads,Downgrade,NoReason
CHG_003877,SUB_000638,2026-01-08,Premium,Standard,Downgrade,NoReason
CHG_003878,SUB_002603,2025-04-27,Standard,Premium,Upgrade,NoReason
CHG_003879,SUB_001966,2026-03-18,Standard,Basic-Ads,Downgrade,NoReason
CHG_003880,SUB_003020,2025-09-21,Standard,Premium,Upgrade,NoReason
CHG_003881,SUB_008765,2025-05-25,Standard,Premium,Upgrade,NoReason
CHG_003882,SUB_001361,2025-08-24,Standard,Basic-Ads,Downgrade,NoReason
CHG_003883,SUB_005799,2025-09-17,Standard,Basic-Ads,Downgrade,NoReason
CHG_003884,SUB_003252,2025-11-18,Standard,Basic-Ads,Downgrade,NoReason
CHG_003885,SUB_008800,2026-01-27,Basic-Ads,Standard,Upgrade,NoReason
CHG_003886,SUB_003280,2025-09-04,(cancelled),Basic-Ads,Reactivation,NoReason
CHG_003887,SUB_003397,2025-04-26,Standard,Basic-Ads,Downgrade,NoReason
CHG_003888,SUB_006940,2025-05-11,Standard,Premium,Upgrade,NoReason
CHG_003889,SUB_000743,2026-03-13,Basic-Ads,Standard,Upgrade,NoReason
CHG_003890,SUB_007515,2025-11-07,Standard,Basic-Ads,Downgrade,NoReason
CHG_003891,SUB_004673,2026-03-21,Standard,Basic-Ads,Downgrade,NoReason
CHG_003892,SUB_002615,2026-02-03,Standard,Basic-Ads,Downgrade,NoReason
CHG_003893,SUB_008715,2025-05-14,Premium,Standard,Downgrade,NoReason
CHG_003894,SUB_003380,2026-02-07,Standard,Basic-Ads,Downgrade,NoReason
CHG_003895,SUB_005606,2025-06-26,Standard,Basic-Ads,Downgrade,NoReason
CHG_003896,SUB_009814,2025-05-13,Standard,Basic-Ads,Downgrade,NoReason
CHG_003897,SUB_005787,2026-01-06,Standard,Basic-Ads,Downgrade,NoReason
CHG_003898,SUB_001517,2026-01-07,Standard,Basic-Ads,Downgrade,NoReason
CHG_003899,SUB_005099,2025-10-27,Standard,Basic-Ads,Downgrade,NoReason
CHG_003900,SUB_008024,2025-04-23,Standard,Basic-Ads,Downgrade,NoReason
CHG_003901,SUB_002393,2025-06-16,Standard,Basic-Ads,Downgrade,NoReason
CHG_003902,SUB_003520,2025-12-26,Standard,Basic-Ads,Downgrade,NoReason
CHG_003903,SUB_000851,2025-06-30,Standard,Basic-Ads,Downgrade,NoReason
CHG_003904,SUB_006635,2025-06-21,Basic-Ads,Standard,Upgrade,NoReason
CHG_003905,SUB_008973,2025-04-19,Standard,Premium,Upgrade,NoReason
CHG_003906,SUB_002869,2026-01-02,Standard,Basic-Ads,Downgrade,NoReason
CHG_003907,SUB_004873,2025-10-31,Standard,Premium,Upgrade,NoReason
CHG_003908,SUB_003843,2026-03-29,Standard,Premium,Upgrade,NoReason
CHG_003909,SUB_005825,2025-08-06,Standard,Basic-Ads,Downgrade,NoReason
CHG_003910,SUB_000024,2025-05-24,Premium,Standard,Downgrade,NoReason
CHG_003911,SUB_009407,2026-03-28,Standard,Basic-Ads,Downgrade,NoReason
CHG_003912,SUB_005815,2025-10-20,Basic-Ads,Standard,Upgrade,NoReason
CHG_003913,SUB_005551,2025-08-12,Standard,Premium,Upgrade,NoReason
CHG_003914,SUB_001619,2026-02-21,Basic-Ads,Standard,Upgrade,NoReason
CHG_003915,SUB_008673,2026-02-24,Standard,Basic-Ads,Downgrade,NoReason
CHG_003916,SUB_009313,2025-11-15,Basic-Ads,Standard,Upgrade,NoReason
CHG_003917,SUB_005649,2025-09-22,Standard,Basic-Ads,Downgrade,NoReason
CHG_003918,SUB_006217,2025-10-14,Basic-Ads,Standard,Upgrade,NoReason
CHG_003919,SUB_002287,2025-06-02,Premium,Standard,Downgrade,NoReason
CHG_003920,SUB_009994,2025-09-30,Premium,Standard,Downgrade,NoReason
CHG_003921,SUB_006002,2025-05-04,Basic-Ads,Standard,Upgrade,NoReason
CHG_003922,SUB_002517,2025-08-07,Basic-Ads,Standard,Upgrade,NoReason
CHG_003923,SUB_005522,2025-11-08,Standard,Basic-Ads,Downgrade,NoReason
CHG_003924,SUB_005628,2025-06-23,Standard,Basic-Ads,Downgrade,NoReason
CHG_003925,SUB_005873,2025-06-01,Standard,Premium,Upgrade,NoReason
CHG_003926,SUB_005969,2025-04-23,Basic-Ads,Standard,Upgrade,NoReason
CHG_003927,SUB_008763,2026-03-30,Basic-Ads,Standard,Upgrade,NoReason
CHG_003928,SUB_008236,2025-07-28,Premium,Standard,Downgrade,NoReason
CHG_003929,SUB_002819,2025-04-22,Basic-Ads,Standard,Upgrade,NoReason
CHG_003930,SUB_009965,2026-03-20,Basic-Ads,Standard,Upgrade,NoReason
CHG_003931,SUB_006609,2025-12-08,Standard,Basic-Ads,Downgrade,NoReason
CHG_003932,SUB_002240,2026-02-17,Standard,Basic-Ads,Downgrade,NoReason
CHG_003933,SUB_006203,2025-11-15,Standard,Basic-Ads,Downgrade,NoReason
CHG_003934,SUB_006998,2025-04-18,Standard,Basic-Ads,Downgrade,NoReason
CHG_003935,SUB_001157,2025-09-03,Standard,Premium,Upgrade,NoReason
CHG_003936,SUB_005806,2025-04-10,Standard,Basic-Ads,Downgrade,NoReason
CHG_003937,SUB_004880,2025-06-30,Basic-Ads,Standard,Upgrade,NoReason
CHG_003938,SUB_001703,2025-12-27,Standard,Basic-Ads,Downgrade,NoReason
CHG_003939,SUB_002493,2026-01-31,Basic-Ads,Standard,Upgrade,NoReason
CHG_003940,SUB_003707,2025-07-20,Basic-Ads,Standard,Upgrade,NoReason
CHG_003941,SUB_008277,2026-01-06,Standard,Premium,Upgrade,NoReason
CHG_003942,SUB_000287,2025-07-05,Premium,Standard,Downgrade,NoReason
CHG_003943,SUB_001609,2026-01-05,Standard,Premium,Upgrade,NoReason
CHG_003944,SUB_006632,2025-05-13,Premium,Standard,Downgrade,NoReason
CHG_003945,SUB_007316,2026-02-08,Standard,Basic-Ads,Downgrade,NoReason
CHG_003946,SUB_007416,2026-01-14,Standard,Basic-Ads,Downgrade,NoReason
CHG_003947,SUB_008366,2025-05-03,Premium,Standard,Downgrade,NoReason
CHG_003948,SUB_001892,2026-02-22,Standard,Basic-Ads,Downgrade,NoReason
CHG_003949,SUB_007709,2026-02-15,(cancelled),Standard,Reactivation,NoReason
CHG_003950,SUB_000268,2025-12-12,Standard,Premium,Upgrade,NoReason
CHG_003951,SUB_004639,2025-07-30,Basic-Ads,Standard,Upgrade,NoReason
CHG_003952,SUB_007078,2025-05-01,Premium,Standard,Downgrade,NoReason
CHG_003953,SUB_008280,2026-03-19,Premium,Standard,Downgrade,NoReason
CHG_003954,SUB_006729,2026-03-24,Standard,Basic-Ads,Downgrade,NoReason
CHG_003955,SUB_004068,2026-02-21,Premium,Standard,Downgrade,NoReason
CHG_003956,SUB_001836,2026-03-30,Standard,Premium,Upgrade,NoReason
CHG_003957,SUB_006411,2025-08-02,Standard,Premium,Upgrade,NoReason
CHG_003958,SUB_004314,2025-04-08,Basic-Ads,Standard,Upgrade,NoReason
CHG_003959,SUB_000873,2026-02-23,Basic-Ads,Standard,Upgrade,NoReason
CHG_003960,SUB_008882,2026-02-24,Standard,Basic-Ads,Downgrade,NoReason
CHG_003961,SUB_005852,2025-10-27,Standard,Basic-Ads,Downgrade,NoReason
CHG_003962,SUB_008104,2025-06-25,Standard,Basic-Ads,Downgrade,NoReason
CHG_003963,SUB_007018,2026-03-26,Standard,Basic-Ads,Downgrade,NoReason
CHG_003964,SUB_001727,2026-03-27,Standard,Basic-Ads,Downgrade,NoReason
CHG_003965,SUB_008385,2026-01-02,Standard,Premium,Upgrade,NoReason
CHG_003966,SUB_006941,2025-05-03,Basic-Ads,Standard,Upgrade,NoReason
CHG_003967,SUB_004396,2025-06-20,Basic-Ads,Standard,Upgrade,NoReason
CHG_003968,SUB_003046,2026-01-03,Standard,Premium,Upgrade,NoReason
CHG_003969,SUB_003704,2026-03-29,Standard,Basic-Ads,Downgrade,NoReason
CHG_003970,SUB_008192,2026-03-31,Standard,Basic-Ads,Downgrade,NoReason
CHG_003971,SUB_005332,2025-10-26,Standard,Basic-Ads,Downgrade,NoReason
CHG_003972,SUB_007895,2025-10-25,Basic-Ads,Standard,Upgrade,NoReason
CHG_003973,SUB_008729,2025-07-19,Standard,Basic-Ads,Downgrade,NoReason
CHG_003974,SUB_007829,2026-02-02,Standard,Basic-Ads,Downgrade,NoReason
CHG_003975,SUB_003870,2025-06-10,Standard,Basic-Ads,Downgrade,NoReason
CHG_003976,SUB_000684,2025-12-14,Standard,Basic-Ads,Downgrade,NoReason
CHG_003977,SUB_004171,2025-11-08,Standard,Basic-Ads,Downgrade,NoReason
CHG_003978,SUB_004478,2025-06-21,Basic-Ads,Standard,Upgrade,NoReason
CHG_003979,SUB_000462,2026-01-17,Standard,Basic-Ads,Downgrade,NoReason
CHG_003980,SUB_001146,2026-01-07,Standard,Premium,Upgrade,NoReason
CHG_003981,SUB_005095,2026-01-07,Standard,Basic-Ads,Downgrade,NoReason
CHG_003982,SUB_003152,2025-12-02,Standard,Basic-Ads,Downgrade,NoReason
CHG_003983,SUB_005803,2025-08-03,Basic-Ads,Standard,Upgrade,NoReason
CHG_003984,SUB_005307,2025-08-04,Basic-Ads,Standard,Upgrade,NoReason
CHG_003985,SUB_007087,2025-06-22,(cancelled),Basic-Ads,Reactivation,NoReason
CHG_003986,SUB_009616,2025-09-08,Premium,Standard,Downgrade,NoReason
CHG_003987,SUB_009218,2026-01-14,Basic-Ads,Standard,Upgrade,NoReason
CHG_003988,SUB_008468,2026-01-05,Standard,Basic-Ads,Downgrade,NoReason
CHG_003989,SUB_004772,2025-05-02,Basic-Ads,Standard,Upgrade,NoReason
CHG_003990,SUB_002108,2025-04-18,Standard,Premium,Upgrade,NoReason
CHG_003991,SUB_007501,2025-10-19,Standard,Basic-Ads,Downgrade,NoReason
CHG_003992,SUB_004415,2025-11-09,Standard,Premium,Upgrade,NoReason
CHG_003993,SUB_008139,2025-10-05,Basic-Ads,Standard,Upgrade,NoReason
CHG_003994,SUB_008661,2026-03-31,Premium,Standard,Downgrade,NoReason
CHG_003995,SUB_008240,2025-06-20,Basic-Ads,Standard,Upgrade,NoReason
CHG_003996,SUB_002418,2025-08-25,Standard,Premium,Upgrade,NoReason
CHG_003997,SUB_001384,2026-02-05,Standard,Basic-Ads,Downgrade,NoReason
CHG_003998,SUB_003102,2025-05-17,Basic-Ads,Standard,Upgrade,NoReason
CHG_003999,SUB_003922,2025-11-17,Standard,Basic-Ads,Downgrade,NoReason
CHG_004000,SUB_001942,2026-03-12,Premium,Standard,Downgrade,NoReason
CHG_004001,SUB_007714,2025-05-24,Standard,Basic-Ads,Downgrade,NoReason
CHG_004002,SUB_004897,2026-01-16,Basic-Ads,Standard,Upgrade,NoReason
CHG_004003,SUB_004783,2025-08-26,Standard,Basic-Ads,Downgrade,NoReason
CHG_004004,SUB_001958,2025-10-31,Basic-Ads,Standard,Upgrade,NoReason
CHG_004005,SUB_009746,2025-07-12,Basic-Ads,Standard,Upgrade,NoReason
CHG_004006,SUB_006747,2026-03-28,Standard,Basic-Ads,Downgrade,NoReason
CHG_004007,SUB_000514,2025-08-18,Basic-Ads,Standard,Upgrade,NoReason
CHG_004008,SUB_003026,2025-04-26,Standard,Basic-Ads,Downgrade,NoReason
CHG_004009,SUB_005029,2026-02-01,Standard,Premium,Upgrade,NoReason
CHG_004010,SUB_009785,2025-06-23,Standard,Premium,Upgrade,NoReason
CHG_004011,SUB_009411,2025-04-04,Standard,Basic-Ads,Downgrade,NoReason
CHG_004012,SUB_001672,2026-01-04,Premium,Standard,Downgrade,NoReason
CHG_004013,SUB_009187,2025-09-10,Standard,Premium,Upgrade,NoReason
CHG_004014,SUB_005494,2025-04-07,Premium,Standard,Downgrade,NoReason
CHG_004015,SUB_003915,2025-05-13,Standard,Basic-Ads,Downgrade,NoReason
CHG_004016,SUB_002139,2026-01-30,Premium,Standard,Downgrade,NoReason
CHG_004017,SUB_005455,2025-11-25,Premium,Standard,Downgrade,NoReason
CHG_004018,SUB_004024,2025-04-22,Standard,Basic-Ads,Downgrade,NoReason
CHG_004019,SUB_003486,2026-01-14,Basic-Ads,Standard,Upgrade,NoReason
CHG_004020,SUB_008697,2025-04-20,Standard,Basic-Ads,Downgrade,NoReason
CHG_004021,SUB_009975,2025-07-30,Premium,Standard,Downgrade,NoReason
CHG_004022,SUB_004711,2026-03-30,Standard,Basic-Ads,Downgrade,NoReason
CHG_004023,SUB_001794,2025-05-12,Premium,Standard,Downgrade,NoReason
CHG_004024,SUB_002875,2025-12-18,Standard,Basic-Ads,Downgrade,NoReason
CHG_004025,SUB_006218,2025-04-12,Standard,Basic-Ads,Downgrade,NoReason
CHG_004026,SUB_002246,2025-08-28,Standard,Premium,Upgrade,NoReason
CHG_004027,SUB_001742,2026-01-28,Standard,Basic-Ads,Downgrade,NoReason
CHG_004028,SUB_001021,2025-12-20,Basic-Ads,Standard,Upgrade,NoReason
CHG_004029,SUB_000706,2025-09-20,Premium,Standard,Downgrade,NoReason
CHG_004030,SUB_007167,2025-06-05,Premium,Standard,Downgrade,NoReason
CHG_004031,SUB_000909,2026-02-24,Basic-Ads,Standard,Upgrade,NoReason
CHG_004032,SUB_005305,2025-10-29,Basic-Ads,Standard,Upgrade,NoReason
CHG_004033,SUB_004093,2025-09-14,Standard,Premium,Upgrade,NoReason
CHG_004034,SUB_000011,2025-07-22,Standard,Basic-Ads,Downgrade,NoReason
CHG_004035,SUB_003777,2026-03-08,Basic-Ads,Standard,Upgrade,NoReason
CHG_004036,SUB_009000,2025-12-22,Standard,Premium,Upgrade,NoReason
CHG_004037,SUB_003709,2025-12-24,Standard,Premium,Upgrade,NoReason
CHG_004038,SUB_003781,2026-02-25,Basic-Ads,Standard,Upgrade,NoReason
CHG_004039,SUB_000094,2025-04-21,Standard,Basic-Ads,Downgrade,NoReason
CHG_004040,SUB_000293,2025-04-19,Standard,Premium,Upgrade,NoReason
CHG_004041,SUB_007406,2025-12-05,Standard,Premium,Upgrade,NoReason
CHG_004042,SUB_002887,2025-08-06,Standard,Premium,Upgrade,NoReason
CHG_004043,SUB_009730,2025-09-22,Premium,Standard,Downgrade,NoReason
CHG_004044,SUB_009609,2025-06-05,Premium,Standard,Downgrade,NoReason
CHG_004045,SUB_002686,2026-01-26,Premium,Standard,Downgrade,NoReason
CHG_004046,SUB_008931,2025-07-05,Standard,Premium,Upgrade,NoReason
CHG_004047,SUB_003459,2026-02-12,Premium,Standard,Downgrade,NoReason
CHG_004048,SUB_004542,2025-10-06,Standard,Premium,Upgrade,NoReason
CHG_004049,SUB_003860,2025-07-17,Standard,Premium,Upgrade,NoReason
CHG_004050,SUB_007655,2026-03-05,Standard,Basic-Ads,Downgrade,NoReason
CHG_004051,SUB_002886,2025-10-24,Basic-Ads,Standard,Upgrade,NoReason
CHG_004052,SUB_004540,2026-03-10,Standard,Basic-Ads,Downgrade,NoReason
CHG_004053,SUB_005640,2025-11-06,Premium,Standard,Downgrade,NoReason
CHG_004054,SUB_008263,2025-11-03,Standard,Basic-Ads,Downgrade,NoReason
CHG_004055,SUB_003206,2026-03-29,Premium,Standard,Downgrade,NoReason
CHG_004056,SUB_009893,2025-12-06,Standard,Basic-Ads,Downgrade,NoReason
CHG_004057,SUB_004048,2026-02-21,Basic-Ads,Standard,Upgrade,NoReason
CHG_004058,SUB_002946,2026-03-01,Basic-Ads,Standard,Upgrade,NoReason
CHG_004059,SUB_005791,2025-06-11,Premium,Standard,Downgrade,NoReason
CHG_004060,SUB_008582,2025-06-09,Standard,Basic-Ads,Downgrade,NoReason
CHG_004061,SUB_003685,2026-02-27,Basic-Ads,Standard,Upgrade,NoReason
CHG_004062,SUB_002996,2025-10-26,Standard,Basic-Ads,Downgrade,NoReason
CHG_004063,SUB_007963,2026-01-12,Standard,Basic-Ads,Downgrade,NoReason
CHG_004064,SUB_004049,2026-02-17,Standard,Basic-Ads,Downgrade,NoReason
CHG_004065,SUB_001898,2025-08-02,Standard,Basic-Ads,Downgrade,NoReason
CHG_004066,SUB_000604,2026-03-15,Standard,Premium,Upgrade,NoReason
CHG_004067,SUB_002847,2026-02-13,Standard,Basic-Ads,Downgrade,NoReason
CHG_004068,SUB_008208,2026-03-29,Premium,Standard,Downgrade,NoReason
CHG_004069,SUB_000394,2025-09-29,Basic-Ads,Standard,Upgrade,NoReason
CHG_004070,SUB_009448,2026-02-08,Standard,Premium,Upgrade,NoReason
CHG_004071,SUB_007235,2025-10-21,Premium,Standard,Downgrade,NoReason
CHG_004072,SUB_005399,2025-08-19,Standard,Premium,Upgrade,NoReason
CHG_004073,SUB_001663,2025-04-17,Basic-Ads,Standard,Upgrade,NoReason
CHG_004074,SUB_008971,2026-02-05,Standard,Basic-Ads,Downgrade,NoReason
CHG_004075,SUB_005131,2026-03-10,Standard,Basic-Ads,Downgrade,NoReason
CHG_004076,SUB_008317,2025-06-05,Standard,Basic-Ads,Downgrade,NoReason
CHG_004077,SUB_002708,2025-08-28,Premium,Standard,Downgrade,NoReason
CHG_004078,SUB_009278,2025-10-16,Standard,Basic-Ads,Downgrade,NoReason
CHG_004079,SUB_002378,2026-01-31,Premium,Standard,Downgrade,NoReason
CHG_004080,SUB_006148,2025-10-11,Standard,Basic-Ads,Downgrade,NoReason
CHG_004081,SUB_008242,2025-05-27,Standard,Premium,Upgrade,NoReason
CHG_004082,SUB_003934,2026-03-28,Basic-Ads,Standard,Upgrade,NoReason
CHG_004083,SUB_004798,2025-04-14,Standard,Premium,Upgrade,NoReason
CHG_004084,SUB_008243,2025-07-06,Standard,Basic-Ads,Downgrade,NoReason
CHG_004085,SUB_002944,2025-12-11,Standard,Premium,Upgrade,NoReason
CHG_004086,SUB_002699,2026-03-02,Standard,Basic-Ads,Downgrade,NoReason
CHG_004087,SUB_000020,2026-01-01,Premium,Standard,Downgrade,NoReason
CHG_004088,SUB_002749,2026-01-03,Basic-Ads,Standard,Upgrade,NoReason
CHG_004089,SUB_006872,2026-03-31,Premium,Standard,Downgrade,NoReason
CHG_004090,SUB_009477,2026-03-03,Standard,Basic-Ads,Downgrade,NoReason
CHG_004091,SUB_000810,2026-03-02,Basic-Ads,Standard,Upgrade,NoReason
CHG_004092,SUB_001924,2025-07-30,Premium,Standard,Downgrade,NoReason
CHG_004093,SUB_007408,2025-11-24,Premium,Standard,Downgrade,NoReason
CHG_004094,SUB_004976,2025-06-01,Standard,Premium,Upgrade,NoReason
CHG_004095,SUB_007301,2025-06-29,Basic-Ads,Standard,Upgrade,NoReason
CHG_004096,SUB_008149,2026-01-14,Standard,Basic-Ads,Downgrade,NoReason
CHG_004097,SUB_003132,2026-03-25,Standard,Basic-Ads,Downgrade,NoReason
CHG_004098,SUB_006775,2025-07-13,Standard,Basic-Ads,Downgrade,NoReason
CHG_004099,SUB_006757,2025-07-23,Basic-Ads,Standard,Upgrade,NoReason
CHG_004100,SUB_000621,2025-12-28,Premium,Standard,Downgrade,NoReason
CHG_004101,SUB_001047,2026-01-20,Basic-Ads,Standard,Upgrade,NoReason
CHG_004102,SUB_005769,2026-03-21,Premium,Standard,Downgrade,NoReason
CHG_004103,SUB_009948,2025-06-11,Standard,Basic-Ads,Downgrade,NoReason
CHG_004104,SUB_003150,2025-09-10,Basic-Ads,Standard,Upgrade,NoReason
CHG_004105,SUB_009335,2026-03-07,Basic-Ads,Standard,Upgrade,NoReason
CHG_004106,SUB_007567,2026-03-13,Standard,Basic-Ads,Downgrade,NoReason
CHG_004107,SUB_009647,2026-03-16,Basic-Ads,Standard,Upgrade,NoReason
CHG_004108,SUB_009686,2026-03-12,Premium,Standard,Downgrade,NoReason
CHG_004109,SUB_000354,2025-05-09,Premium,Standard,Downgrade,NoReason
CHG_004110,SUB_002475,2025-11-09,Basic-Ads,Standard,Upgrade,NoReason
CHG_004111,SUB_008014,2026-03-18,Standard,Basic-Ads,Downgrade,NoReason
CHG_004112,SUB_006476,2025-06-13,Basic-Ads,Standard,Upgrade,NoReason
CHG_004113,SUB_006450,2025-12-24,Premium,Standard,Downgrade,NoReason
CHG_004114,SUB_002998,2025-12-13,Standard,Basic-Ads,Downgrade,NoReason
CHG_004115,SUB_006441,2025-11-07,Basic-Ads,Standard,Upgrade,NoReason
CHG_004116,SUB_008615,2026-02-07,Standard,Basic-Ads,Downgrade,NoReason
CHG_004117,SUB_001480,2026-03-24,Standard,Basic-Ads,Downgrade,NoReason
CHG_004118,SUB_006183,2025-06-01,Standard,Premium,Upgrade,NoReason
CHG_004119,SUB_004961,2026-01-03,Standard,Premium,Upgrade,NoReason
CHG_004120,SUB_005191,2025-10-11,Standard,Basic-Ads,Downgrade,NoReason
CHG_004121,SUB_006718,2026-03-31,Basic-Ads,Standard,Upgrade,NoReason
CHG_004122,SUB_002868,2025-12-26,(cancelled),Basic-Ads,Reactivation,NoReason
CHG_004123,SUB_001433,2025-09-08,Standard,Basic-Ads,Downgrade,NoReason
CHG_004124,SUB_007984,2026-03-31,Standard,Basic-Ads,Downgrade,NoReason
CHG_004125,SUB_009347,2025-11-13,Premium,Standard,Downgrade,NoReason
CHG_004126,SUB_009420,2025-12-05,Basic-Ads,Standard,Upgrade,NoReason
CHG_004127,SUB_000218,2025-10-26,Standard,Basic-Ads,Downgrade,NoReason
CHG_004128,SUB_003556,2026-02-15,Standard,Basic-Ads,Downgrade,NoReason
CHG_004129,SUB_001035,2025-08-14,Basic-Ads,Standard,Upgrade,NoReason
CHG_004130,SUB_002336,2025-12-28,Basic-Ads,Standard,Upgrade,NoReason
CHG_004131,SUB_000907,2025-08-24,Standard,Basic-Ads,Downgrade,NoReason
CHG_004132,SUB_006089,2025-07-07,Standard,Basic-Ads,Downgrade,NoReason
CHG_004133,SUB_002771,2026-01-25,Standard,Premium,Upgrade,NoReason
CHG_004134,SUB_008526,2025-05-02,Standard,Basic-Ads,Downgrade,NoReason
CHG_004135,SUB_003471,2026-01-23,Basic-Ads,Standard,Upgrade,NoReason
CHG_004136,SUB_008025,2026-03-03,Standard,Premium,Upgrade,NoReason
CHG_004137,SUB_007566,2025-03-31,Premium,Standard,Downgrade,NoReason
CHG_004138,SUB_009716,2025-08-20,Standard,Basic-Ads,Downgrade,NoReason
CHG_004139,SUB_003847,2025-03-31,Basic-Ads,Standard,Upgrade,NoReason
CHG_004140,SUB_006484,2026-03-30,Basic-Ads,Standard,Upgrade,NoReason
CHG_004141,SUB_000748,2025-07-02,Standard,Basic-Ads,Downgrade,NoReason
CHG_004142,SUB_003035,2026-02-04,Standard,Basic-Ads,Downgrade,NoReason
CHG_004143,SUB_000348,2025-11-25,Standard,Basic-Ads,Downgrade,NoReason
CHG_004144,SUB_002168,2026-01-07,Standard,Basic-Ads,Downgrade,NoReason
CHG_004145,SUB_005658,2026-02-24,Basic-Ads,Standard,Upgrade,NoReason
CHG_004146,SUB_002484,2025-05-20,Standard,Premium,Upgrade,NoReason
CHG_004147,SUB_002883,2025-11-13,Standard,Premium,Upgrade,NoReason
CHG_004148,SUB_005562,2026-02-28,Premium,Standard,Downgrade,NoReason
CHG_004149,SUB_001223,2026-01-25,Standard,Basic-Ads,Downgrade,NoReason
CHG_004150,SUB_006222,2025-11-06,(cancelled),Premium,Reactivation,NoReason
CHG_004151,SUB_001577,2026-03-26,Basic-Ads,Standard,Upgrade,NoReason
CHG_004152,SUB_009392,2026-01-02,Standard,Basic-Ads,Downgrade,NoReason
CHG_004153,SUB_004375,2025-12-04,Basic-Ads,Standard,Upgrade,NoReason
CHG_004154,SUB_007538,2026-01-16,Standard,Basic-Ads,Downgrade,NoReason
CHG_004155,SUB_008923,2025-08-13,Standard,Basic-Ads,Downgrade,NoReason
CHG_004156,SUB_007163,2026-03-16,Standard,Premium,Upgrade,NoReason
CHG_004157,SUB_006829,2025-10-10,Standard,Basic-Ads,Downgrade,NoReason
CHG_004158,SUB_003616,2025-10-31,Standard,Basic-Ads,Downgrade,NoReason
CHG_004159,SUB_006976,2026-03-12,Basic-Ads,Standard,Upgrade,NoReason
CHG_004160,SUB_004351,2025-04-21,Basic-Ads,Standard,Upgrade,NoReason
CHG_004161,SUB_000712,2025-09-15,Basic-Ads,Standard,Upgrade,NoReason
CHG_004162,SUB_009204,2025-11-16,Standard,Basic-Ads,Downgrade,NoReason
CHG_004163,SUB_009786,2026-02-24,Basic-Ads,Standard,Upgrade,NoReason
CHG_004164,SUB_003464,2025-05-27,Basic-Ads,Standard,Upgrade,NoReason
CHG_004165,SUB_004395,2026-01-17,Standard,Basic-Ads,Downgrade,NoReason
CHG_004166,SUB_008490,2025-12-01,Basic-Ads,Standard,Upgrade,NoReason
CHG_004167,SUB_007702,2025-07-14,Standard,Premium,Upgrade,NoReason
CHG_004168,SUB_009768,2025-11-23,Standard,Premium,Upgrade,NoReason
CHG_004169,SUB_005397,2026-03-13,Standard,Premium,Upgrade,NoReason
CHG_004170,SUB_005991,2025-10-25,Premium,Standard,Downgrade,NoReason
CHG_004171,SUB_000335,2025-05-02,Basic-Ads,Standard,Upgrade,NoReason
CHG_004172,SUB_000234,2025-12-23,Standard,Premium,Upgrade,NoReason
CHG_004173,SUB_005951,2025-12-05,Standard,Basic-Ads,Downgrade,NoReason
CHG_004174,SUB_005738,2025-08-24,Premium,Standard,Downgrade,NoReason
CHG_004175,SUB_002349,2025-04-06,Premium,Standard,Downgrade,NoReason
CHG_004176,SUB_002037,2025-07-28,Standard,Premium,Upgrade,NoReason
CHG_004177,SUB_006007,2025-04-01,Basic-Ads,Standard,Upgrade,NoReason
CHG_004178,SUB_008073,2025-11-01,Premium,Standard,Downgrade,NoReason
CHG_004179,SUB_001459,2025-06-30,Standard,Premium,Upgrade,NoReason
CHG_004180,SUB_003289,2025-12-05,Premium,Standard,Downgrade,NoReason
CHG_004181,SUB_000775,2025-09-19,Standard,Basic-Ads,Downgrade,NoReason
CHG_004182,SUB_006833,2025-10-12,Standard,Basic-Ads,Downgrade,NoReason
CHG_004183,SUB_000872,2025-07-31,Premium,Standard,Downgrade,NoReason
CHG_004184,SUB_001264,2026-03-30,Standard,Basic-Ads,Downgrade,NoReason
CHG_004185,SUB_009213,2025-11-22,Premium,Standard,Downgrade,NoReason
CHG_004186,SUB_007020,2026-03-29,Premium,Standard,Downgrade,NoReason
CHG_004187,SUB_001221,2026-03-09,Standard,Basic-Ads,Downgrade,NoReason
CHG_004188,SUB_004345,2025-12-23,Standard,Basic-Ads,Downgrade,NoReason
CHG_004189,SUB_002304,2025-07-17,Standard,Basic-Ads,Downgrade,NoReason
CHG_004190,SUB_006272,2025-09-26,Standard,Basic-Ads,Downgrade,NoReason
CHG_004191,SUB_008281,2026-01-09,Standard,Premium,Upgrade,NoReason
CHG_004192,SUB_006642,2025-05-24,Standard,Basic-Ads,Downgrade,NoReason
CHG_004193,SUB_008344,2025-09-14,Standard,Basic-Ads,Downgrade,NoReason
CHG_004194,SUB_004550,2025-08-20,Standard,Basic-Ads,Downgrade,NoReason
CHG_004195,SUB_003209,2026-01-13,Premium,Standard,Downgrade,NoReason
CHG_004196,SUB_007083,2025-10-15,Standard,Basic-Ads,Downgrade,NoReason
CHG_004197,SUB_001689,2026-01-25,Basic-Ads,Standard,Upgrade,NoReason
CHG_004198,SUB_004780,2025-04-24,Standard,Basic-Ads,Downgrade,NoReason
CHG_004199,SUB_008123,2025-08-05,Standard,Premium,Upgrade,NoReason
CHG_004200,SUB_008540,2026-02-05,Premium,Standard,Downgrade,NoReason
CHG_004201,SUB_006326,2025-10-07,Standard,Basic-Ads,Downgrade,NoReason
CHG_004202,SUB_007024,2026-02-01,Premium,Standard,Downgrade,NoReason
CHG_004203,SUB_000711,2025-03-31,Premium,Standard,Downgrade,NoReason
CHG_004204,SUB_008783,2025-08-25,Standard,Premium,Upgrade,NoReason
CHG_004205,SUB_008859,2025-10-28,Standard,Basic-Ads,Downgrade,NoReason
CHG_004206,SUB_007153,2025-08-08,Standard,Premium,Upgrade,NoReason
CHG_004207,SUB_003498,2025-07-28,Standard,Basic-Ads,Downgrade,NoReason
CHG_004208,SUB_003890,2025-09-06,Standard,Basic-Ads,Downgrade,NoReason
CHG_004209,SUB_004485,2025-07-08,Standard,Basic-Ads,Downgrade,NoReason
CHG_004210,SUB_002620,2025-04-21,Basic-Ads,Standard,Upgrade,NoReason
CHG_004211,SUB_006513,2026-03-21,Basic-Ads,Standard,Upgrade,NoReason
CHG_004212,SUB_003468,2025-04-16,Premium,Standard,Downgrade,NoReason
CHG_004213,SUB_008606,2025-07-18,Premium,Standard,Downgrade,NoReason
CHG_004214,SUB_002983,2026-01-03,Premium,Standard,Downgrade,NoReason
CHG_004215,SUB_009171,2026-03-13,Standard,Basic-Ads,Downgrade,NoReason
CHG_004216,SUB_001350,2025-04-16,Premium,Standard,Downgrade,NoReason
CHG_004217,SUB_009495,2026-03-19,Standard,Basic-Ads,Downgrade,NoReason
CHG_004218,SUB_000654,2025-11-30,Standard,Basic-Ads,Downgrade,NoReason
CHG_004219,SUB_009914,2026-01-01,Standard,Premium,Upgrade,NoReason
CHG_004220,SUB_003536,2025-07-23,Standard,Premium,Upgrade,NoReason
CHG_004221,SUB_009069,2025-12-21,Standard,Basic-Ads,Downgrade,NoReason
CHG_004222,SUB_006960,2025-08-08,Basic-Ads,Standard,Upgrade,NoReason
CHG_004223,SUB_004289,2025-05-22,Standard,Basic-Ads,Downgrade,NoReason
CHG_004224,SUB_008571,2026-03-13,Basic-Ads,Standard,Upgrade,NoReason
CHG_004225,SUB_001544,2026-02-18,Standard,Basic-Ads,Downgrade,NoReason
CHG_004226,SUB_003854,2025-09-22,Basic-Ads,Standard,Upgrade,NoReason
CHG_004227,SUB_000555,2025-05-11,Premium,Standard,Downgrade,NoReason
CHG_004228,SUB_006366,2025-05-25,Basic-Ads,Standard,Upgrade,NoReason
CHG_004229,SUB_000968,2026-03-19,Basic-Ads,Standard,Upgrade,NoReason
CHG_004230,SUB_006044,2025-07-05,Standard,Basic-Ads,Downgrade,NoReason
CHG_004231,SUB_006880,2026-03-20,Standard,Premium,Upgrade,NoReason
CHG_004232,SUB_003430,2025-08-13,Standard,Basic-Ads,Downgrade,NoReason
CHG_004233,SUB_008871,2025-04-15,Basic-Ads,Standard,Upgrade,NoReason
CHG_004234,SUB_006963,2025-05-29,Standard,Basic-Ads,Downgrade,NoReason
CHG_004235,SUB_008500,2025-06-06,Standard,Basic-Ads,Downgrade,NoReason
CHG_004236,SUB_003211,2026-03-20,Standard,Basic-Ads,Downgrade,NoReason
CHG_004237,SUB_006606,2025-09-03,Standard,Basic-Ads,Downgrade,NoReason
CHG_004238,SUB_005729,2025-04-29,Standard,Premium,Upgrade,NoReason
CHG_004239,SUB_007830,2025-05-22,Basic-Ads,Standard,Upgrade,NoReason
CHG_004240,SUB_001039,2026-03-17,Standard,Basic-Ads,Downgrade,NoReason
CHG_004241,SUB_002123,2025-06-12,Standard,Basic-Ads,Downgrade,NoReason
CHG_004242,SUB_008974,2025-04-15,Standard,Premium,Upgrade,NoReason
CHG_004243,SUB_005701,2025-11-04,Basic-Ads,Standard,Upgrade,NoReason
CHG_004244,SUB_006102,2026-03-31,Standard,Basic-Ads,Downgrade,NoReason
CHG_004245,SUB_004690,2025-06-14,Premium,Standard,Downgrade,NoReason
CHG_004246,SUB_002192,2025-05-11,Premium,Standard,Downgrade,NoReason
CHG_004247,SUB_001298,2025-04-05,Basic-Ads,Standard,Upgrade,NoReason
CHG_004248,SUB_001163,2025-09-02,Premium,Standard,Downgrade,NoReason
CHG_004249,SUB_000059,2026-02-15,Standard,Premium,Upgrade,NoReason
CHG_004250,SUB_002406,2025-05-03,Premium,Standard,Downgrade,NoReason
CHG_004251,SUB_007376,2026-01-31,Standard,Premium,Upgrade,NoReason
CHG_004252,SUB_004507,2025-05-10,Basic-Ads,Standard,Upgrade,NoReason
CHG_004253,SUB_001781,2026-03-10,Standard,Basic-Ads,Downgrade,NoReason
CHG_004254,SUB_005448,2026-03-21,Standard,Basic-Ads,Downgrade,NoReason
CHG_004255,SUB_004607,2025-11-07,Standard,Basic-Ads,Downgrade,NoReason
CHG_004256,SUB_006915,2025-12-06,Standard,Premium,Upgrade,NoReason
CHG_004257,SUB_000677,2025-05-20,Premium,Standard,Downgrade,NoReason
CHG_004258,SUB_003583,2025-12-02,Standard,Premium,Upgrade,NoReason
CHG_004259,SUB_003654,2025-07-20,Standard,Basic-Ads,Downgrade,NoReason
CHG_004260,SUB_009500,2025-12-09,Standard,Basic-Ads,Downgrade,NoReason
CHG_004261,SUB_002733,2026-02-11,Standard,Basic-Ads,Downgrade,NoReason
CHG_004262,SUB_002755,2025-09-23,Standard,Basic-Ads,Downgrade,NoReason
CHG_004263,SUB_002338,2026-03-28,Basic-Ads,Standard,Upgrade,NoReason
CHG_004264,SUB_007738,2025-04-12,Standard,Premium,Upgrade,NoReason
CHG_004265,SUB_005517,2025-06-22,Basic-Ads,Standard,Upgrade,NoReason
CHG_004266,SUB_005247,2025-11-29,Basic-Ads,Standard,Upgrade,NoReason
CHG_004267,SUB_004882,2025-07-09,Standard,Basic-Ads,Downgrade,NoReason
CHG_004268,SUB_009511,2025-08-19,Basic-Ads,Standard,Upgrade,NoReason
CHG_004269,SUB_009057,2026-03-15,Standard,Basic-Ads,Downgrade,NoReason
CHG_004270,SUB_004827,2025-09-21,Standard,Basic-Ads,Downgrade,NoReason
CHG_004271,SUB_007622,2025-07-14,Basic-Ads,Standard,Upgrade,NoReason
CHG_004272,SUB_009690,2025-10-05,Standard,Premium,Upgrade,NoReason
CHG_004273,SUB_005501,2025-08-03,Basic-Ads,Standard,Upgrade,NoReason
CHG_004274,SUB_008479,2025-04-19,Premium,Standard,Downgrade,NoReason
CHG_004275,SUB_005503,2025-06-30,Premium,Standard,Downgrade,NoReason
CHG_004276,SUB_009084,2025-08-28,Basic-Ads,Standard,Upgrade,NoReason
CHG_004277,SUB_002289,2025-04-30,Standard,Basic-Ads,Downgrade,NoReason
CHG_004278,SUB_002184,2025-06-29,Standard,Basic-Ads,Downgrade,NoReason
CHG_004279,SUB_008464,2025-12-13,(cancelled),Basic-Ads,Reactivation,NoReason
CHG_004280,SUB_006333,2025-12-09,Premium,Standard,Downgrade,NoReason
CHG_004281,SUB_004065,2025-08-16,(cancelled),Basic-Ads,Reactivation,NoReason
CHG_004282,SUB_009547,2025-07-22,Standard,Basic-Ads,Downgrade,NoReason
CHG_004283,SUB_003282,2025-05-21,Standard,Basic-Ads,Downgrade,NoReason
CHG_004284,SUB_005280,2025-04-07,Basic-Ads,Standard,Upgrade,NoReason
CHG_004285,SUB_001145,2025-05-28,(cancelled),Basic-Ads,Reactivation,NoReason
CHG_004286,SUB_004111,2026-01-04,Premium,Standard,Downgrade,NoReason
CHG_004287,SUB_002933,2025-06-24,Premium,Standard,Downgrade,NoReason
CHG_004288,SUB_003814,2025-09-28,Basic-Ads,Standard,Upgrade,NoReason
CHG_004289,SUB_006309,2025-06-25,Standard,Basic-Ads,Downgrade,NoReason
CHG_004290,SUB_004342,2025-09-30,Standard,Premium,Upgrade,NoReason
CHG_004291,SUB_007962,2025-09-30,Premium,Standard,Downgrade,NoReason
CHG_004292,SUB_000829,2025-05-24,Standard,Premium,Upgrade,NoReason
CHG_004293,SUB_006487,2026-01-24,Standard,Basic-Ads,Downgrade,NoReason
CHG_004294,SUB_007600,2025-09-28,Standard,Basic-Ads,Downgrade,NoReason
CHG_004295,SUB_009567,2025-04-16,Premium,Standard,Downgrade,NoReason
CHG_004296,SUB_003525,2026-02-14,Standard,Basic-Ads,Downgrade,NoReason
CHG_004297,SUB_000021,2026-03-17,Premium,Standard,Downgrade,NoReason
CHG_004298,SUB_006572,2026-03-29,Standard,Basic-Ads,Downgrade,NoReason
CHG_004299,SUB_001296,2025-08-24,(cancelled),Basic-Ads,Reactivation,NoReason
CHG_004300,SUB_000592,2025-08-08,Standard,Basic-Ads,Downgrade,NoReason
CHG_004301,SUB_000222,2026-03-18,Basic-Ads,Standard,Upgrade,NoReason
CHG_004302,SUB_005618,2026-02-04,Standard,Basic-Ads,Downgrade,NoReason
CHG_004303,SUB_006249,2026-01-24,Standard,Basic-Ads,Downgrade,NoReason
CHG_004304,SUB_004419,2025-05-10,Standard,Basic-Ads,Downgrade,NoReason
CHG_004305,SUB_001784,2025-10-03,Standard,Basic-Ads,Downgrade,NoReason
CHG_004306,SUB_007260,2025-08-11,Standard,Basic-Ads,Downgrade,NoReason
CHG_004307,SUB_001955,2025-10-27,Standard,Basic-Ads,Downgrade,NoReason
CHG_004308,SUB_001747,2025-07-26,Standard,Basic-Ads,Downgrade,NoReason
CHG_004309,SUB_008037,2025-10-19,Basic-Ads,Standard,Upgrade,NoReason
CHG_004310,SUB_008851,2026-03-31,Basic-Ads,Standard,Upgrade,NoReason
CHG_004311,SUB_000731,2026-03-28,Premium,Standard,Downgrade,NoReason
CHG_004312,SUB_006274,2026-02-01,Premium,Standard,Downgrade,NoReason
CHG_004313,SUB_002514,2026-01-11,Standard,Basic-Ads,Downgrade,NoReason
CHG_004314,SUB_006760,2025-05-26,Premium,Standard,Downgrade,NoReason
CHG_004315,SUB_000158,2025-10-29,Standard,Basic-Ads,Downgrade,NoReason
CHG_004316,SUB_005471,2026-03-10,Standard,Basic-Ads,Downgrade,NoReason
CHG_004317,SUB_005624,2025-08-20,Basic-Ads,Standard,Upgrade,NoReason
CHG_004318,SUB_006241,2026-01-22,Basic-Ads,Standard,Upgrade,NoReason
CHG_004319,SUB_009933,2025-07-24,Standard,Premium,Upgrade,NoReason
CHG_004320,SUB_007343,2025-07-17,Premium,Standard,Downgrade,NoReason
CHG_004321,SUB_009833,2026-01-05,Basic-Ads,Standard,Upgrade,NoReason
CHG_004322,SUB_008757,2025-04-05,Standard,Premium,Upgrade,NoReason
CHG_004323,SUB_003144,2026-03-07,Premium,Standard,Downgrade,NoReason
CHG_004324,SUB_007431,2025-08-22,Premium,Standard,Downgrade,NoReason
CHG_004325,SUB_001114,2025-05-12,Standard,Premium,Upgrade,NoReason
CHG_004326,SUB_003058,2025-06-17,Standard,Basic-Ads,Downgrade,NoReason
CHG_004327,SUB_009570,2026-03-31,Premium,Standard,Downgrade,NoReason
CHG_004328,SUB_004996,2026-02-19,Basic-Ads,Standard,Upgrade,NoReason
CHG_004329,SUB_002073,2026-02-09,Basic-Ads,Standard,Upgrade,NoReason
CHG_004330,SUB_008219,2025-07-25,Standard,Basic-Ads,Downgrade,NoReason
CHG_004331,SUB_007568,2025-08-26,Basic-Ads,Standard,Upgrade,NoReason
CHG_004332,SUB_001551,2026-03-14,Basic-Ads,Standard,Upgrade,NoReason
CHG_004333,SUB_008682,2025-09-03,Basic-Ads,Standard,Upgrade,NoReason
CHG_004334,SUB_003861,2025-07-28,Standard,Premium,Upgrade,NoReason
CHG_004335,SUB_003149,2026-03-17,Basic-Ads,Standard,Upgrade,NoReason
CHG_004336,SUB_001196,2026-03-21,Standard,Premium,Upgrade,NoReason
CHG_004337,SUB_002488,2026-03-03,Basic-Ads,Standard,Upgrade,NoReason
CHG_004338,SUB_004330,2026-03-03,Standard,Basic-Ads,Downgrade,NoReason
CHG_004339,SUB_002486,2026-02-02,Standard,Basic-Ads,Downgrade,NoReason
CHG_004340,SUB_000884,2026-02-24,Premium,Standard,Downgrade,NoReason
CHG_004341,SUB_002276,2026-02-06,Standard,Basic-Ads,Downgrade,NoReason
CHG_004342,SUB_003320,2026-01-17,Premium,Standard,Downgrade,NoReason
CHG_004343,SUB_009835,2025-09-09,Basic-Ads,Standard,Upgrade,NoReason
CHG_004344,SUB_001439,2025-05-03,Standard,Basic-Ads,Downgrade,NoReason
CHG_004345,SUB_000468,2026-02-06,Premium,Standard,Downgrade,NoReason
CHG_004346,SUB_005467,2025-05-20,Basic-Ads,Standard,Upgrade,NoReason
CHG_004347,SUB_003330,2026-01-07,Standard,Premium,Upgrade,NoReason
CHG_004348,SUB_007268,2025-07-27,Basic-Ads,Standard,Upgrade,NoReason
CHG_004349,SUB_007109,2025-10-13,Standard,Premium,Upgrade,NoReason
CHG_004350,SUB_003667,2026-03-15,Basic-Ads,Standard,Upgrade,NoReason
CHG_004351,SUB_001537,2025-11-16,Standard,Basic-Ads,Downgrade,NoReason
CHG_004352,SUB_000737,2025-09-07,Standard,Basic-Ads,Downgrade,NoReason
CHG_004353,SUB_000454,2025-12-22,Standard,Basic-Ads,Downgrade,NoReason
CHG_004354,SUB_008723,2025-06-20,Standard,Basic-Ads,Downgrade,NoReason
CHG_004355,SUB_000038,2025-08-13,Standard,Premium,Upgrade,NoReason
CHG_004356,SUB_002555,2025-12-03,Premium,Standard,Downgrade,NoReason
CHG_004357,SUB_007633,2025-09-01,Standard,Basic-Ads,Downgrade,NoReason
CHG_004358,SUB_009830,2025-08-11,Premium,Standard,Downgrade,NoReason
CHG_004359,SUB_003059,2026-03-19,Premium,Standard,Downgrade,NoReason
CHG_004360,SUB_003326,2026-01-17,Premium,Standard,Downgrade,NoReason
CHG_004361,SUB_004240,2026-01-25,Standard,Premium,Upgrade,NoReason
CHG_004362,SUB_001401,2026-03-16,Standard,Basic-Ads,Downgrade,NoReason
CHG_004363,SUB_004047,2025-06-22,Premium,Standard,Downgrade,NoReason
CHG_004364,SUB_004230,2026-03-25,Standard,Basic-Ads,Downgrade,NoReason
CHG_004365,SUB_009143,2025-07-28,Basic-Ads,Standard,Upgrade,NoReason
CHG_004366,SUB_005341,2025-04-21,Standard,Basic-Ads,Downgrade,NoReason
CHG_004367,SUB_007671,2025-11-23,Basic-Ads,Standard,Upgrade,NoReason
CHG_004368,SUB_009174,2025-07-25,Standard,Basic-Ads,Downgrade,NoReason
CHG_004369,SUB_006652,2025-05-01,Standard,Premium,Upgrade,NoReason
CHG_004370,SUB_008288,2026-03-04,Standard,Premium,Upgrade,NoReason
CHG_004371,SUB_004017,2025-07-26,Basic-Ads,Standard,Upgrade,NoReason
CHG_004372,SUB_004340,2025-10-23,Standard,Basic-Ads,Downgrade,NoReason
CHG_004373,SUB_004646,2025-11-09,Standard,Basic-Ads,Downgrade,NoReason
CHG_004374,SUB_007092,2025-06-10,Standard,Basic-Ads,Downgrade,NoReason
CHG_004375,SUB_001740,2025-09-05,Basic-Ads,Standard,Upgrade,NoReason
CHG_004376,SUB_002158,2025-07-06,Standard,Basic-Ads,Downgrade,NoReason
CHG_004377,SUB_008637,2025-10-22,Basic-Ads,Standard,Upgrade,NoReason
CHG_004378,SUB_001826,2026-03-15,Basic-Ads,Standard,Upgrade,NoReason
CHG_004379,SUB_004231,2026-02-09,Standard,Premium,Upgrade,NoReason
CHG_004380,SUB_003488,2026-02-21,Standard,Basic-Ads,Downgrade,NoReason
CHG_004381,SUB_009054,2025-07-23,Standard,Premium,Upgrade,NoReason
CHG_004382,SUB_005639,2025-12-27,Standard,Basic-Ads,Downgrade,NoReason
CHG_004383,SUB_006424,2025-10-28,Standard,Basic-Ads,Downgrade,NoReason
CHG_004384,SUB_007827,2026-02-11,Standard,Basic-Ads,Downgrade,NoReason
CHG_004385,SUB_007744,2025-11-03,Premium,Standard,Downgrade,NoReason
CHG_004386,SUB_007620,2025-06-05,Standard,Basic-Ads,Downgrade,NoReason
CHG_004387,SUB_008441,2025-11-15,Standard,Basic-Ads,Downgrade,NoReason
CHG_004388,SUB_007088,2025-10-09,Standard,Basic-Ads,Downgrade,NoReason
CHG_004389,SUB_008948,2026-03-04,Standard,Basic-Ads,Downgrade,NoReason
CHG_004390,SUB_007429,2026-01-27,Premium,Standard,Downgrade,NoReason
CHG_004391,SUB_009960,2025-05-17,Premium,Standard,Downgrade,NoReason
CHG_004392,SUB_009767,2026-03-15,Premium,Standard,Downgrade,NoReason
CHG_004393,SUB_002956,2025-07-09,Standard,Premium,Upgrade,NoReason
CHG_004394,SUB_000834,2025-12-02,Standard,Basic-Ads,Downgrade,NoReason
CHG_004395,SUB_006499,2025-05-09,Standard,Premium,Upgrade,NoReason
CHG_004396,SUB_002992,2026-02-17,Standard,Basic-Ads,Downgrade,NoReason
CHG_004397,SUB_002151,2025-10-05,Standard,Basic-Ads,Downgrade,NoReason
CHG_004398,SUB_004023,2026-01-20,Standard,Premium,Upgrade,NoReason
CHG_004399,SUB_004344,2025-09-11,Premium,Standard,Downgrade,NoReason
CHG_004400,SUB_002376,2025-08-19,Premium,Standard,Downgrade,NoReason
CHG_004401,SUB_001887,2025-08-16,Standard,Basic-Ads,Downgrade,NoReason
CHG_004402,SUB_008911,2026-02-15,Premium,Standard,Downgrade,NoReason
CHG_004403,SUB_002936,2026-01-30,Premium,Standard,Downgrade,NoReason
CHG_004404,SUB_006342,2025-09-25,Basic-Ads,Standard,Upgrade,NoReason
CHG_004405,SUB_006307,2026-03-16,Standard,Basic-Ads,Downgrade,NoReason
CHG_004406,SUB_001938,2025-08-26,Premium,Standard,Downgrade,NoReason
CHG_004407,SUB_007764,2025-11-18,Standard,Basic-Ads,Downgrade,NoReason
CHG_004408,SUB_006393,2025-12-16,Premium,Standard,Downgrade,NoReason
CHG_004409,SUB_004229,2025-04-11,Premium,Standard,Downgrade,NoReason
CHG_004410,SUB_009594,2026-03-20,Standard,Basic-Ads,Downgrade,NoReason
CHG_004411,SUB_006954,2025-06-09,Standard,Premium,Upgrade,NoReason
CHG_004412,SUB_000606,2025-07-30,Standard,Premium,Upgrade,NoReason
CHG_004413,SUB_003609,2025-08-25,Standard,Basic-Ads,Downgrade,NoReason
CHG_004414,SUB_009352,2025-07-15,Standard,Basic-Ads,Downgrade,NoReason
CHG_004415,SUB_001427,2025-10-04,(cancelled),Standard,Reactivation,NoReason
CHG_004416,SUB_000497,2025-07-18,(cancelled),Basic-Ads,Reactivation,NoReason
CHG_004417,SUB_000759,2025-08-15,Premium,Standard,Downgrade,NoReason
CHG_004418,SUB_004327,2025-08-02,Standard,Premium,Upgrade,NoReason
CHG_004419,SUB_002128,2026-03-17,Basic-Ads,Standard,Upgrade,NoReason
CHG_004420,SUB_001023,2025-06-11,Basic-Ads,Standard,Upgrade,NoReason
CHG_004421,SUB_008762,2025-09-30,Standard,Basic-Ads,Downgrade,NoReason
CHG_004422,SUB_001058,2025-04-04,Standard,Basic-Ads,Downgrade,NoReason
CHG_004423,SUB_009542,2026-02-26,Standard,Basic-Ads,Downgrade,NoReason
CHG_004424,SUB_006856,2025-05-20,Basic-Ads,Standard,Upgrade,NoReason
CHG_004425,SUB_007349,2025-07-18,Basic-Ads,Standard,Upgrade,NoReason
CHG_004426,SUB_002767,2025-12-30,Premium,Standard,Downgrade,NoReason
CHG_004427,SUB_003617,2025-09-08,Basic-Ads,Standard,Upgrade,NoReason
CHG_004428,SUB_001545,2025-08-10,Standard,Basic-Ads,Downgrade,NoReason
CHG_004429,SUB_001719,2025-10-07,Premium,Standard,Downgrade,NoReason
CHG_004430,SUB_006235,2025-11-14,Premium,Standard,Downgrade,NoReason
CHG_004431,SUB_000725,2026-02-17,Basic-Ads,Standard,Upgrade,NoReason
CHG_004432,SUB_001128,2025-10-03,Basic-Ads,Standard,Upgrade,NoReason
CHG_004433,SUB_004817,2025-12-04,Standard,Basic-Ads,Downgrade,NoReason
CHG_004434,SUB_006224,2025-11-08,Premium,Standard,Downgrade,NoReason
CHG_004435,SUB_008686,2025-08-29,Basic-Ads,Standard,Upgrade,NoReason
CHG_004436,SUB_005275,2025-07-06,Standard,Premium,Upgrade,NoReason
CHG_004437,SUB_008536,2025-09-08,Standard,Basic-Ads,Downgrade,NoReason
CHG_004438,SUB_003044,2025-12-15,Standard,Basic-Ads,Downgrade,NoReason
CHG_004439,SUB_006912,2025-04-02,Standard,Basic-Ads,Downgrade,NoReason
CHG_004440,SUB_007574,2026-03-18,Standard,Basic-Ads,Downgrade,NoReason
CHG_004441,SUB_004206,2025-04-27,Standard,Basic-Ads,Downgrade,NoReason
CHG_004442,SUB_005493,2025-08-11,Basic-Ads,Standard,Upgrade,NoReason
CHG_004443,SUB_004221,2025-08-01,Premium,Standard,Downgrade,NoReason
CHG_004444,SUB_000842,2025-06-29,Premium,Standard,Downgrade,NoReason
CHG_004445,SUB_006438,2025-07-01,Premium,Standard,Downgrade,NoReason
CHG_004446,SUB_006200,2026-03-20,Premium,Standard,Downgrade,NoReason
CHG_004447,SUB_007626,2025-08-01,Basic-Ads,Standard,Upgrade,NoReason
CHG_004448,SUB_008475,2025-06-23,Basic-Ads,Standard,Upgrade,NoReason
CHG_004449,SUB_007890,2026-01-10,Premium,Standard,Downgrade,NoReason
CHG_004450,SUB_006608,2025-06-29,Premium,Standard,Downgrade,NoReason
CHG_004451,SUB_001393,2025-12-08,Premium,Standard,Downgrade,NoReason
CHG_004452,SUB_001922,2025-06-29,Basic-Ads,Standard,Upgrade,NoReason
CHG_004453,SUB_003622,2025-11-24,Basic-Ads,Standard,Upgrade,NoReason
CHG_004454,SUB_000551,2026-02-16,Basic-Ads,Standard,Upgrade,NoReason
CHG_004455,SUB_004699,2025-10-04,Premium,Standard,Downgrade,NoReason
CHG_004456,SUB_005182,2025-10-29,Standard,Premium,Upgrade,NoReason
CHG_004457,SUB_003019,2025-04-04,Basic-Ads,Standard,Upgrade,NoReason
CHG_004458,SUB_007847,2025-04-21,Premium,Standard,Downgrade,NoReason
CHG_004459,SUB_008899,2026-03-27,Basic-Ads,Standard,Upgrade,NoReason
CHG_004460,SUB_000133,2025-08-27,Standard,Basic-Ads,Downgrade,NoReason
CHG_004461,SUB_007723,2025-05-15,Standard,Basic-Ads,Downgrade,NoReason
CHG_004462,SUB_000965,2025-07-17,Standard,Premium,Upgrade,NoReason
CHG_004463,SUB_008720,2025-12-25,Premium,Standard,Downgrade,NoReason
CHG_004464,SUB_006413,2025-08-09,Standard,Premium,Upgrade,NoReason
CHG_004465,SUB_008286,2025-05-17,(cancelled),Premium,Reactivation,NoReason
CHG_004466,SUB_001096,2025-06-25,Premium,Standard,Downgrade,NoReason
CHG_004467,SUB_006930,2025-07-19,Standard,Basic-Ads,Downgrade,NoReason
CHG_004468,SUB_008830,2026-02-25,Standard,Premium,Upgrade,NoReason
CHG_004469,SUB_002003,2026-01-31,Standard,Premium,Upgrade,NoReason
CHG_004470,SUB_000169,2026-02-25,Standard,Basic-Ads,Downgrade,NoReason
CHG_004471,SUB_002589,2026-01-06,Standard,Premium,Upgrade,NoReason
CHG_004472,SUB_007825,2026-02-05,Standard,Basic-Ads,Downgrade,NoReason
CHG_004473,SUB_009780,2025-06-30,Standard,Basic-Ads,Downgrade,NoReason
CHG_004474,SUB_006875,2026-02-13,Standard,Basic-Ads,Downgrade,NoReason
CHG_004475,SUB_006522,2025-09-04,Standard,Basic-Ads,Downgrade,NoReason
CHG_004476,SUB_009826,2025-09-25,Standard,Basic-Ads,Downgrade,NoReason
CHG_004477,SUB_000211,2025-11-02,Standard,Basic-Ads,Downgrade,NoReason
CHG_004478,SUB_001920,2025-12-17,Basic-Ads,Standard,Upgrade,NoReason
CHG_004479,SUB_000719,2025-05-14,Standard,Premium,Upgrade,NoReason
CHG_004480,SUB_007835,2026-01-13,Basic-Ads,Standard,Upgrade,NoReason
CHG_004481,SUB_009194,2025-11-11,Standard,Basic-Ads,Downgrade,NoReason
CHG_004482,SUB_004618,2025-05-11,Standard,Basic-Ads,Downgrade,NoReason
CHG_004483,SUB_003129,2025-05-09,Premium,Standard,Downgrade,NoReason
CHG_004484,SUB_009796,2025-05-19,Premium,Standard,Downgrade,NoReason
CHG_004485,SUB_008318,2025-06-10,Basic-Ads,Standard,Upgrade,NoReason
CHG_004486,SUB_001288,2026-03-16,Standard,Basic-Ads,Downgrade,NoReason
CHG_004487,SUB_004356,2026-02-17,Standard,Basic-Ads,Downgrade,NoReason
CHG_004488,SUB_005750,2026-03-27,Premium,Standard,Downgrade,NoReason
CHG_004489,SUB_009170,2026-02-28,Standard,Premium,Upgrade,NoReason
CHG_004490,SUB_005154,2025-08-03,Premium,Standard,Downgrade,NoReason
CHG_004491,SUB_004377,2025-06-06,Standard,Basic-Ads,Downgrade,NoReason
CHG_004492,SUB_004274,2025-12-25,Standard,Basic-Ads,Downgrade,NoReason
CHG_004493,SUB_006700,2025-11-27,Standard,Basic-Ads,Downgrade,NoReason
CHG_004494,SUB_007244,2025-07-14,Standard,Basic-Ads,Downgrade,NoReason
CHG_004495,SUB_002228,2025-08-23,Standard,Basic-Ads,Downgrade,NoReason
CHG_004496,SUB_005757,2025-05-01,Standard,Premium,Upgrade,NoReason
CHG_004497,SUB_004181,2026-02-17,Standard,Basic-Ads,Downgrade,NoReason
CHG_004498,SUB_005439,2025-06-06,Standard,Premium,Upgrade,NoReason
CHG_004499,SUB_007534,2025-08-05,Premium,Standard,Downgrade,NoReason
CHG_004500,SUB_001478,2025-08-16,Standard,Premium,Upgrade,NoReason
CHG_004501,SUB_001791,2025-09-30,Basic-Ads,Standard,Upgrade,NoReason
CHG_004502,SUB_002817,2026-02-18,Standard,Basic-Ads,Downgrade,NoReason
CHG_004503,SUB_006496,2026-02-25,Standard,Basic-Ads,Downgrade,NoReason
CHG_004504,SUB_008879,2025-04-11,Basic-Ads,Standard,Upgrade,NoReason
CHG_004505,SUB_007475,2025-05-15,Standard,Basic-Ads,Downgrade,NoReason
CHG_004506,SUB_000031,2025-07-17,Basic-Ads,Standard,Upgrade,NoReason
CHG_004507,SUB_001469,2026-03-19,Standard,Premium,Upgrade,NoReason
CHG_004508,SUB_004853,2025-04-04,Standard,Basic-Ads,Downgrade,NoReason
CHG_004509,SUB_000386,2026-03-10,Basic-Ads,Standard,Upgrade,NoReason
CHG_004510,SUB_000474,2026-01-11,Premium,Standard,Downgrade,NoReason
CHG_004511,SUB_006557,2025-05-21,Premium,Standard,Downgrade,NoReason
CHG_004512,SUB_005817,2026-01-03,Standard,Basic-Ads,Downgrade,NoReason
CHG_004513,SUB_000812,2025-11-06,Basic-Ads,Standard,Upgrade,NoReason
CHG_004514,SUB_004574,2025-07-01,Standard,Basic-Ads,Downgrade,NoReason
CHG_004515,SUB_000112,2026-03-26,Premium,Standard,Downgrade,NoReason
CHG_004516,SUB_008910,2025-04-15,Standard,Basic-Ads,Downgrade,NoReason
CHG_004517,SUB_001453,2026-03-06,Standard,Basic-Ads,Downgrade,NoReason
CHG_004518,SUB_005866,2025-06-26,Standard,Premium,Upgrade,NoReason
CHG_004519,SUB_009529,2026-01-24,Standard,Basic-Ads,Downgrade,NoReason
CHG_004520,SUB_003686,2025-12-16,Standard,Basic-Ads,Downgrade,NoReason
CHG_004521,SUB_004890,2026-03-05,Premium,Standard,Downgrade,NoReason
CHG_004522,SUB_007509,2026-03-24,Premium,Standard,Downgrade,NoReason
CHG_004523,SUB_004282,2025-04-06,Standard,Basic-Ads,Downgrade,NoReason
CHG_004524,SUB_006463,2026-01-18,Standard,Basic-Ads,Downgrade,NoReason
CHG_004525,SUB_007913,2025-09-20,Standard,Basic-Ads,Downgrade,NoReason
CHG_004526,SUB_001415,2025-08-06,Basic-Ads,Standard,Upgrade,NoReason
CHG_004527,SUB_005816,2025-12-11,Standard,Premium,Upgrade,NoReason
CHG_004528,SUB_008200,2025-09-20,Standard,Basic-Ads,Downgrade,NoReason
CHG_004529,SUB_004197,2025-07-06,Basic-Ads,Standard,Upgrade,NoReason
CHG_004530,SUB_003729,2026-03-21,Standard,Basic-Ads,Downgrade,NoReason
CHG_004531,SUB_007108,2025-07-30,Basic-Ads,Standard,Upgrade,NoReason
CHG_004532,SUB_007326,2025-04-14,Premium,Standard,Downgrade,NoReason
CHG_004533,SUB_008768,2025-12-23,Standard,Premium,Upgrade,NoReason
CHG_004534,SUB_006501,2026-01-11,Premium,Standard,Downgrade,NoReason
CHG_004535,SUB_007964,2026-01-15,Basic-Ads,Standard,Upgrade,NoReason
CHG_004536,SUB_009250,2026-01-07,Standard,Basic-Ads,Downgrade,NoReason
CHG_004537,SUB_008920,2025-09-18,Standard,Basic-Ads,Downgrade,NoReason
CHG_004538,SUB_006815,2026-02-05,Basic-Ads,Standard,Upgrade,NoReason
CHG_004539,SUB_005412,2026-01-09,Standard,Basic-Ads,Downgrade,NoReason
CHG_004540,SUB_001045,2025-11-27,Standard,Basic-Ads,Downgrade,NoReason
CHG_004541,SUB_007335,2025-06-30,Standard,Premium,Upgrade,NoReason
CHG_004542,SUB_003740,2025-10-05,Standard,Basic-Ads,Downgrade,NoReason
CHG_004543,SUB_002116,2025-11-13,Standard,Premium,Upgrade,NoReason
CHG_004544,SUB_007230,2026-01-31,Premium,Standard,Downgrade,NoReason
CHG_004545,SUB_000619,2026-01-28,Standard,Premium,Upgrade,NoReason
CHG_004546,SUB_003182,2026-01-23,Basic-Ads,Standard,Upgrade,NoReason
CHG_004547,SUB_009852,2025-12-10,Standard,Basic-Ads,Downgrade,NoReason
CHG_004548,SUB_005964,2025-05-07,Standard,Premium,Upgrade,NoReason
CHG_004549,SUB_001616,2026-03-26,Basic-Ads,Standard,Upgrade,NoReason
CHG_004550,SUB_009592,2025-08-12,Standard,Premium,Upgrade,NoReason
CHG_004551,SUB_003892,2025-06-03,Standard,Basic-Ads,Downgrade,NoReason
CHG_004552,SUB_004575,2025-05-01,Standard,Basic-Ads,Downgrade,NoReason
CHG_004553,SUB_005122,2026-03-24,Basic-Ads,Standard,Upgrade,NoReason
CHG_004554,SUB_004588,2025-12-10,Standard,Premium,Upgrade,NoReason
