ticket_id,subscriber_id,ticket_date,issue_category,resolution_status,resolution_time_hours,csat_score,contact_channel
TKT_000001,SUB_000003,2025-09-05,Streaming Quality,Resolved,1.4,,Email
TKT_000002,SUB_000003,2025-05-28,Billing,Resolved,47.0,4.0,Chat
TKT_000003,SUB_000005,2025-12-06,Account Access,Resolved,2.8,5.0,Email
TKT_000004,SUB_000016,2026-03-29,Content Request,Resolved,47.7,5.0,In-App
TKT_000005,SUB_000019,2025-09-25,Content Request,Resolved,17.5,,In-App
TKT_000006,SUB_000020,2025-12-24,Billing,Unresolved,1.8,1.0,Chat
TKT_000007,SUB_000023,2025-12-25,Billing,Resolved,33.5,4.0,Chat
TKT_000008,SUB_000026,2026-02-13,Billing,Resolved,2.1,5.0,Chat
TKT_000009,SUB_000026,2025-08-27,Billing,Resolved,93.3,5.0,Phone
TKT_000010,SUB_000036,2025-10-03,Billing,Resolved,11.6,,Email
TKT_000011,SUB_000037,2025-11-21,Cancellation Help,Customer-Closed,4.2,1.0,Chat
TKT_000012,SUB_000038,2025-10-30,Account Access,Resolved,27.4,4.0,In-App
TKT_000013,SUB_000038,2025-09-03,Streaming Quality,Resolved,29.6,5.0,Email
TKT_000014,SUB_000039,2025-12-30,Streaming Quality,Unresolved,9.8,,Chat
TKT_000015,SUB_000044,2026-03-24,Content Request,Resolved,19.3,4.0,In-App
TKT_000016,SUB_000045,2025-07-14,Cancellation Help,Resolved,1.1,5.0,Chat
TKT_000017,SUB_000045,2025-06-30,Billing,Resolved,36.3,,In-App
TKT_000018,SUB_000046,2026-02-28,Billing,Unresolved,17.2,,Chat
TKT_000019,SUB_000049,2026-03-01,Streaming Quality,Resolved,7.3,5.0,Chat
TKT_000020,SUB_000051,2025-10-14,Cancellation Help,Resolved,8.5,3.0,Email
TKT_000021,SUB_000057,2026-02-03,Cancellation Help,Resolved,12.0,4.0,In-App
TKT_000022,SUB_000060,2026-02-19,Account Access,Resolved,43.3,3.0,In-App
TKT_000023,SUB_000065,2025-04-04,Billing,Resolved,20.3,5.0,In-App
TKT_000024,SUB_000066,2025-06-18,Streaming Quality,Unresolved,37.4,1.0,In-App
TKT_000025,SUB_000073,2025-12-08,Account Access,Customer-Closed,2.5,,Chat
TKT_000026,SUB_000073,2025-06-14,Account Access,Resolved,36.7,,Chat
TKT_000027,SUB_000075,2025-09-29,Cancellation Help,Unresolved,7.4,1.0,In-App
TKT_000028,SUB_000078,2025-04-15,Billing,Resolved,9.6,4.0,In-App
TKT_000029,SUB_000094,2025-04-24,Streaming Quality,Unresolved,5.4,1.0,In-App
TKT_000030,SUB_000094,2025-04-20,Account Access,Resolved,10.6,,Chat
TKT_000031,SUB_000104,2025-08-04,Streaming Quality,Resolved,6.1,5.0,Chat
TKT_000032,SUB_000109,2025-11-13,Billing,Pending,16.8,3.0,In-App
TKT_000033,SUB_000116,2025-05-29,Billing,Resolved,3.3,4.0,Chat
TKT_000034,SUB_000116,2026-03-21,Billing,Resolved,12.1,5.0,Chat
TKT_000035,SUB_000116,2025-09-13,Billing,Resolved,44.3,,Chat
TKT_000036,SUB_000116,2025-12-02,Billing,Resolved,2.8,4.0,Chat
TKT_000037,SUB_000117,2026-01-12,Content Request,Resolved,4.7,5.0,Phone
TKT_000038,SUB_000117,2026-01-24,Account Access,Resolved,5.9,,Chat
TKT_000039,SUB_000117,2025-09-12,Streaming Quality,Pending,44.6,3.0,In-App
TKT_000040,SUB_000117,2025-07-28,Content Request,Resolved,8.7,5.0,Chat
TKT_000041,SUB_000118,2025-05-04,Streaming Quality,Resolved,0.5,4.0,Chat
TKT_000042,SUB_000118,2025-05-22,Content Request,Resolved,16.6,,Email
TKT_000043,SUB_000119,2026-03-18,Streaming Quality,Resolved,41.1,4.0,Chat
TKT_000044,SUB_000122,2025-05-29,Streaming Quality,Unresolved,9.4,2.0,Chat
TKT_000045,SUB_000124,2025-05-13,Account Access,Resolved,37.8,5.0,Email
TKT_000046,SUB_000124,2025-05-04,Streaming Quality,Resolved,31.6,,Chat
TKT_000047,SUB_000124,2025-07-08,Account Access,Customer-Closed,3.4,,Chat
TKT_000048,SUB_000131,2026-03-21,Content Request,Resolved,35.3,5.0,In-App
TKT_000049,SUB_000143,2025-05-24,Streaming Quality,Resolved,7.6,4.0,Chat
TKT_000050,SUB_000143,2026-02-04,Cancellation Help,Resolved,17.0,,In-App
TKT_000051,SUB_000143,2025-06-08,Content Request,Customer-Closed,14.6,1.0,In-App
TKT_000052,SUB_000143,2026-01-27,Cancellation Help,Resolved,21.5,5.0,Phone
TKT_000053,SUB_000147,2025-06-09,Billing,Customer-Closed,12.7,3.0,Email
TKT_000054,SUB_000148,2026-03-01,Content Request,Resolved,2.8,5.0,In-App
TKT_000055,SUB_000148,2025-12-25,Content Request,Customer-Closed,16.5,,Phone
TKT_000056,SUB_000150,2025-11-15,Content Request,Resolved,37.4,4.0,In-App
TKT_000057,SUB_000161,2025-11-17,Billing,Unresolved,6.5,1.0,In-App
TKT_000058,SUB_000161,2025-11-15,Billing,Pending,11.7,3.0,In-App
TKT_000059,SUB_000161,2025-12-01,Billing,Unresolved,10.2,1.0,In-App
TKT_000060,SUB_000163,2025-04-18,Account Access,Resolved,2.6,4.0,In-App
TKT_000061,SUB_000164,2025-05-09,Streaming Quality,Unresolved,30.8,1.0,In-App
TKT_000062,SUB_000168,2025-09-14,Streaming Quality,Resolved,14.4,3.0,In-App
TKT_000063,SUB_000168,2026-02-03,Content Request,Resolved,23.7,5.0,In-App
TKT_000064,SUB_000173,2025-04-12,Streaming Quality,Unresolved,6.2,1.0,In-App
TKT_000065,SUB_000174,2025-07-06,Content Request,Resolved,5.5,5.0,In-App
TKT_000066,SUB_000175,2025-10-15,Account Access,Resolved,53.9,3.0,In-App
TKT_000067,SUB_000176,2025-12-09,Streaming Quality,Unresolved,9.5,1.0,Email
TKT_000068,SUB_000178,2025-06-29,Streaming Quality,Customer-Closed,5.8,1.0,In-App
TKT_000069,SUB_000178,2025-07-31,Account Access,Resolved,14.1,5.0,In-App
TKT_000070,SUB_000178,2025-06-10,Streaming Quality,Unresolved,2.1,2.0,Chat
TKT_000071,SUB_000192,2025-10-09,Cancellation Help,Resolved,50.9,,Chat
TKT_000072,SUB_000196,2025-06-01,Streaming Quality,Resolved,13.7,5.0,Email
TKT_000073,SUB_000204,2025-11-05,Content Request,Unresolved,6.2,1.0,Chat
TKT_000074,SUB_000216,2025-12-09,Streaming Quality,Resolved,43.7,3.0,Chat
TKT_000075,SUB_000216,2025-09-16,Account Access,Resolved,34.6,4.0,Chat
TKT_000076,SUB_000218,2025-04-12,Streaming Quality,Resolved,56.2,5.0,Email
TKT_000077,SUB_000218,2025-12-23,Streaming Quality,Unresolved,2.6,2.0,In-App
TKT_000078,SUB_000222,2026-03-30,Streaming Quality,Resolved,3.8,,Email
TKT_000079,SUB_000222,2025-07-20,Account Access,Resolved,16.3,,In-App
TKT_000080,SUB_000222,2025-09-16,Streaming Quality,Resolved,6.5,,In-App
TKT_000081,SUB_000225,2025-04-27,Account Access,Customer-Closed,2.9,3.0,In-App
TKT_000082,SUB_000227,2025-12-28,Cancellation Help,Resolved,12.0,3.0,Chat
TKT_000083,SUB_000228,2025-08-17,Streaming Quality,Resolved,49.3,3.0,In-App
TKT_000084,SUB_000230,2026-03-25,Billing,Customer-Closed,51.4,2.0,Chat
TKT_000085,SUB_000233,2026-02-03,Streaming Quality,Resolved,28.9,4.0,In-App
TKT_000086,SUB_000236,2026-03-23,Streaming Quality,Resolved,9.8,4.0,In-App
TKT_000087,SUB_000236,2026-03-18,Streaming Quality,Customer-Closed,3.8,2.0,Phone
TKT_000088,SUB_000239,2026-02-07,Streaming Quality,Resolved,6.9,,Chat
TKT_000089,SUB_000248,2025-05-05,Billing,Resolved,28.4,,Email
TKT_000090,SUB_000257,2025-11-19,Streaming Quality,Pending,77.2,2.0,In-App
TKT_000091,SUB_000257,2025-08-10,Streaming Quality,Unresolved,68.2,2.0,In-App
TKT_000092,SUB_000258,2025-10-29,Account Access,Pending,5.4,,In-App
TKT_000093,SUB_000259,2025-04-17,Billing,Customer-Closed,10.1,,In-App
TKT_000094,SUB_000262,2025-10-04,Account Access,Unresolved,55.2,,In-App
TKT_000095,SUB_000268,2025-10-07,Account Access,Resolved,34.3,,In-App
TKT_000096,SUB_000269,2025-08-17,Account Access,Resolved,14.6,,In-App
TKT_000097,SUB_000271,2026-01-03,Streaming Quality,Resolved,25.9,5.0,Phone
TKT_000098,SUB_000276,2026-01-03,Streaming Quality,Unresolved,17.7,2.0,In-App
TKT_000099,SUB_000278,2025-09-30,Billing,Resolved,9.0,,Phone
TKT_000100,SUB_000285,2025-05-04,Streaming Quality,Unresolved,39.6,2.0,Phone
TKT_000101,SUB_000285,2025-04-18,Billing,Unresolved,12.2,,In-App
TKT_000102,SUB_000285,2025-04-19,Content Request,Unresolved,18.8,3.0,Email
TKT_000103,SUB_000287,2025-05-27,Streaming Quality,Unresolved,51.2,1.0,Phone
TKT_000104,SUB_000293,2025-04-01,Billing,Customer-Closed,8.6,1.0,In-App
TKT_000105,SUB_000300,2026-02-10,Streaming Quality,Resolved,122.2,4.0,In-App
TKT_000106,SUB_000302,2025-09-11,Billing,Resolved,40.9,5.0,Chat
TKT_000107,SUB_000302,2025-10-09,Billing,Resolved,5.2,4.0,Email
TKT_000108,SUB_000307,2025-04-21,Billing,Resolved,6.6,,In-App
TKT_000109,SUB_000313,2025-04-30,Content Request,Resolved,8.7,,Email
TKT_000110,SUB_000313,2025-06-30,Billing,Unresolved,3.7,2.0,In-App
TKT_000111,SUB_000315,2026-03-25,Account Access,Resolved,5.6,5.0,Chat
TKT_000112,SUB_000315,2026-03-25,Content Request,Resolved,3.3,4.0,Chat
TKT_000113,SUB_000319,2025-10-01,Account Access,Resolved,13.9,,In-App
TKT_000114,SUB_000324,2025-12-15,Cancellation Help,Unresolved,2.8,,Email
TKT_000115,SUB_000333,2025-11-11,Billing,Resolved,20.3,,Chat
TKT_000116,SUB_000338,2025-06-12,Account Access,Unresolved,29.3,,Chat
TKT_000117,SUB_000340,2026-01-19,Billing,Unresolved,3.1,,In-App
TKT_000118,SUB_000348,2025-10-25,Streaming Quality,Unresolved,5.7,,Email
TKT_000119,SUB_000349,2025-03-31,Streaming Quality,Resolved,2.5,,In-App
TKT_000120,SUB_000349,2025-12-18,Billing,Resolved,93.6,5.0,In-App
TKT_000121,SUB_000349,2025-12-14,Cancellation Help,Resolved,62.4,5.0,In-App
TKT_000122,SUB_000349,2025-05-10,Billing,Unresolved,64.8,,Chat
TKT_000123,SUB_000351,2026-03-25,Content Request,Resolved,75.2,3.0,Chat
TKT_000124,SUB_000354,2025-04-26,Streaming Quality,Unresolved,2.9,3.0,In-App
TKT_000125,SUB_000362,2025-08-04,Streaming Quality,Resolved,21.8,5.0,In-App
TKT_000126,SUB_000363,2025-11-22,Streaming Quality,Resolved,6.8,,In-App
TKT_000127,SUB_000365,2026-03-27,Streaming Quality,Resolved,45.4,5.0,In-App
TKT_000128,SUB_000365,2026-03-31,Streaming Quality,Customer-Closed,10.3,1.0,Chat
TKT_000129,SUB_000366,2025-05-06,Streaming Quality,Resolved,37.3,,Email
TKT_000130,SUB_000366,2025-05-19,Streaming Quality,Customer-Closed,7.4,,In-App
TKT_000131,SUB_000366,2025-05-13,Content Request,Resolved,1.5,,Chat
TKT_000132,SUB_000374,2025-06-20,Content Request,Resolved,19.8,,In-App
TKT_000133,SUB_000374,2025-08-17,Account Access,Resolved,5.7,3.0,In-App
TKT_000134,SUB_000376,2026-02-28,Streaming Quality,Resolved,11.3,3.0,In-App
TKT_000135,SUB_000377,2025-04-23,Billing,Resolved,17.9,5.0,Chat
TKT_000136,SUB_000384,2026-01-24,Billing,Pending,28.5,,In-App
TKT_000137,SUB_000389,2025-09-24,Account Access,Resolved,3.5,5.0,Chat
TKT_000138,SUB_000395,2025-07-05,Account Access,Resolved,26.7,,Chat
TKT_000139,SUB_000395,2025-08-13,Account Access,Resolved,54.5,5.0,Email
TKT_000140,SUB_000398,2025-08-05,Streaming Quality,Pending,20.3,,Chat
TKT_000141,SUB_000398,2025-12-23,Billing,Resolved,9.8,,In-App
TKT_000142,SUB_000403,2025-11-02,Billing,Resolved,33.1,5.0,Email
TKT_000143,SUB_000406,2026-02-19,Content Request,Resolved,15.8,,In-App
TKT_000144,SUB_000407,2025-07-05,Billing,Unresolved,6.1,1.0,Chat
TKT_000145,SUB_000409,2025-11-25,Account Access,Resolved,11.8,3.0,In-App
TKT_000146,SUB_000411,2026-02-07,Billing,Unresolved,14.1,1.0,Chat
TKT_000147,SUB_000418,2025-06-08,Billing,Unresolved,2.5,,Phone
TKT_000148,SUB_000419,2025-10-05,Streaming Quality,Unresolved,8.8,,Chat
TKT_000149,SUB_000423,2025-05-08,Billing,Unresolved,6.2,3.0,In-App
TKT_000150,SUB_000424,2025-10-30,Billing,Resolved,10.3,,Chat
TKT_000151,SUB_000424,2026-01-05,Billing,Resolved,16.1,5.0,In-App
TKT_000152,SUB_000426,2025-04-20,Cancellation Help,Resolved,17.7,,Chat
TKT_000153,SUB_000428,2026-02-01,Billing,Resolved,31.3,,In-App
TKT_000154,SUB_000429,2025-04-17,Streaming Quality,Unresolved,5.2,2.0,Email
TKT_000155,SUB_000429,2026-01-19,Billing,Resolved,12.9,,Email
TKT_000156,SUB_000429,2025-07-20,Content Request,Resolved,18.5,3.0,In-App
TKT_000157,SUB_000430,2026-03-26,Cancellation Help,Resolved,16.2,5.0,Email
TKT_000158,SUB_000434,2025-10-15,Billing,Resolved,7.0,,Chat
TKT_000159,SUB_000437,2026-02-11,Billing,Pending,13.0,,Chat
TKT_000160,SUB_000443,2025-09-08,Billing,Pending,23.0,1.0,In-App
TKT_000161,SUB_000443,2025-08-25,Cancellation Help,Resolved,22.1,3.0,In-App
TKT_000162,SUB_000450,2025-04-06,Account Access,Resolved,52.7,,In-App
TKT_000163,SUB_000450,2025-11-18,Streaming Quality,Resolved,17.0,,In-App
TKT_000164,SUB_000451,2025-11-05,Billing,Resolved,7.2,4.0,Chat
TKT_000165,SUB_000455,2025-06-27,Billing,Pending,3.2,3.0,In-App
TKT_000166,SUB_000459,2026-02-02,Streaming Quality,Resolved,41.6,5.0,In-App
TKT_000167,SUB_000459,2025-09-26,Account Access,Unresolved,18.2,3.0,Chat
TKT_000168,SUB_000462,2026-02-12,Streaming Quality,Resolved,18.1,,Chat
TKT_000169,SUB_000471,2025-07-17,Billing,Unresolved,4.4,2.0,Phone
TKT_000170,SUB_000475,2026-02-20,Streaming Quality,Resolved,12.3,,Chat
TKT_000171,SUB_000475,2026-01-21,Billing,Resolved,5.9,4.0,In-App
TKT_000172,SUB_000482,2025-09-02,Streaming Quality,Unresolved,9.9,1.0,Email
TKT_000173,SUB_000486,2025-11-12,Billing,Pending,5.6,,Chat
TKT_000174,SUB_000486,2026-03-24,Streaming Quality,Resolved,19.4,3.0,Chat
TKT_000175,SUB_000493,2025-04-15,Billing,Customer-Closed,2.5,2.0,In-App
TKT_000176,SUB_000497,2025-08-06,Streaming Quality,Resolved,11.3,5.0,Chat
TKT_000177,SUB_000500,2026-03-29,Account Access,Customer-Closed,14.5,3.0,Chat
TKT_000178,SUB_000502,2026-01-16,Streaming Quality,Resolved,12.4,,Email
TKT_000179,SUB_000503,2025-05-07,Streaming Quality,Customer-Closed,8.7,1.0,Chat
TKT_000180,SUB_000507,2026-03-06,Content Request,Resolved,13.8,4.0,In-App
TKT_000181,SUB_000509,2025-04-05,Streaming Quality,Unresolved,4.0,1.0,Email
TKT_000182,SUB_000515,2025-07-09,Streaming Quality,Resolved,9.3,,Phone
TKT_000183,SUB_000520,2025-05-09,Billing,Resolved,19.0,,In-App
TKT_000184,SUB_000521,2025-07-18,Billing,Resolved,24.9,5.0,In-App
TKT_000185,SUB_000525,2025-07-11,Billing,Resolved,13.9,,In-App
TKT_000186,SUB_000525,2025-10-03,Streaming Quality,Customer-Closed,50.4,2.0,Chat
TKT_000187,SUB_000525,2025-05-13,Billing,Unresolved,7.5,1.0,Chat
TKT_000188,SUB_000527,2025-05-14,Cancellation Help,Resolved,11.8,5.0,Chat
TKT_000189,SUB_000527,2025-05-03,Streaming Quality,Resolved,3.5,5.0,Email
TKT_000190,SUB_000530,2026-02-16,Billing,Unresolved,5.0,2.0,In-App
TKT_000191,SUB_000530,2026-01-21,Account Access,Unresolved,14.9,2.0,In-App
TKT_000192,SUB_000530,2026-01-31,Cancellation Help,Resolved,54.0,,Email
TKT_000193,SUB_000530,2026-03-03,Content Request,Resolved,8.6,5.0,Phone
TKT_000194,SUB_000538,2025-08-08,Billing,Resolved,8.9,5.0,Chat
TKT_000195,SUB_000546,2025-12-02,Streaming Quality,Resolved,29.3,5.0,Chat
TKT_000196,SUB_000551,2025-05-25,Cancellation Help,Unresolved,40.5,3.0,Chat
TKT_000197,SUB_000551,2025-04-04,Billing,Unresolved,13.3,,In-App
TKT_000198,SUB_000554,2025-09-15,Billing,Resolved,162.1,5.0,Chat
TKT_000199,SUB_000558,2025-08-21,Cancellation Help,Resolved,4.0,5.0,Email
TKT_000200,SUB_000563,2025-04-23,Cancellation Help,Unresolved,32.1,,Email
TKT_000201,SUB_000563,2025-11-13,Streaming Quality,Resolved,29.8,4.0,Chat
TKT_000202,SUB_000564,2025-12-07,Cancellation Help,Resolved,12.1,5.0,In-App
TKT_000203,SUB_000568,2025-04-21,Streaming Quality,Unresolved,4.9,,Phone
TKT_000204,SUB_000577,2025-10-16,Content Request,Pending,11.3,3.0,Email
TKT_000205,SUB_000581,2025-05-30,Account Access,Pending,13.9,1.0,In-App
TKT_000206,SUB_000581,2025-05-05,Billing,Unresolved,60.1,,In-App
TKT_000207,SUB_000581,2025-10-12,Account Access,Unresolved,28.7,1.0,In-App
TKT_000208,SUB_000584,2025-05-07,Billing,Resolved,5.1,5.0,Chat
TKT_000209,SUB_000584,2025-11-03,Cancellation Help,Resolved,4.9,5.0,Email
TKT_000210,SUB_000584,2025-10-02,Billing,Customer-Closed,6.4,,In-App
TKT_000211,SUB_000584,2025-04-11,Billing,Resolved,4.2,3.0,Chat
TKT_000212,SUB_000594,2025-09-04,Account Access,Resolved,3.9,3.0,Chat
TKT_000213,SUB_000597,2025-06-07,Content Request,Unresolved,1.4,1.0,Chat
TKT_000214,SUB_000599,2025-05-07,Streaming Quality,Resolved,23.9,,In-App
TKT_000215,SUB_000605,2026-02-23,Content Request,Unresolved,16.7,,Chat
TKT_000216,SUB_000609,2025-10-28,Account Access,Resolved,29.4,4.0,Chat
TKT_000217,SUB_000614,2025-10-08,Billing,Resolved,4.8,4.0,Email
TKT_000218,SUB_000614,2025-04-07,Account Access,Pending,12.4,1.0,Chat
TKT_000219,SUB_000622,2025-04-01,Account Access,Resolved,46.0,5.0,Email
TKT_000220,SUB_000626,2026-03-16,Streaming Quality,Pending,23.0,2.0,Chat
TKT_000221,SUB_000638,2025-12-06,Billing,Resolved,10.4,,Chat
TKT_000222,SUB_000639,2026-02-01,Streaming Quality,Customer-Closed,46.3,1.0,In-App
TKT_000223,SUB_000644,2026-01-14,Streaming Quality,Customer-Closed,7.2,2.0,Email
TKT_000224,SUB_000650,2025-04-24,Streaming Quality,Resolved,109.5,5.0,Chat
TKT_000225,SUB_000650,2025-09-06,Billing,Resolved,8.7,5.0,In-App
TKT_000226,SUB_000651,2026-03-30,Cancellation Help,Resolved,25.5,,Chat
TKT_000227,SUB_000659,2025-11-14,Billing,Customer-Closed,11.5,3.0,Chat
TKT_000228,SUB_000659,2025-11-01,Cancellation Help,Unresolved,44.3,1.0,Phone
TKT_000229,SUB_000660,2026-02-08,Content Request,Resolved,5.3,,Email
TKT_000230,SUB_000661,2025-04-29,Billing,Customer-Closed,5.8,3.0,Chat
TKT_000231,SUB_000663,2025-06-08,Streaming Quality,Resolved,16.4,4.0,In-App
TKT_000232,SUB_000665,2025-05-08,Content Request,Customer-Closed,56.3,,Chat
TKT_000233,SUB_000667,2025-05-09,Account Access,Resolved,44.6,5.0,Chat
TKT_000234,SUB_000668,2025-05-25,Account Access,Pending,8.7,,Chat
TKT_000235,SUB_000678,2025-05-30,Streaming Quality,Pending,31.0,1.0,In-App
TKT_000236,SUB_000681,2026-02-28,Billing,Unresolved,26.3,1.0,In-App
TKT_000237,SUB_000689,2025-12-29,Streaming Quality,Resolved,3.4,3.0,In-App
TKT_000238,SUB_000689,2026-03-24,Content Request,Resolved,66.8,,Phone
TKT_000239,SUB_000689,2026-02-06,Streaming Quality,Resolved,16.4,4.0,Email
TKT_000240,SUB_000689,2025-11-20,Billing,Resolved,22.5,,In-App
TKT_000241,SUB_000694,2025-12-11,Streaming Quality,Resolved,18.2,5.0,Email
TKT_000242,SUB_000695,2025-08-01,Content Request,Pending,17.4,3.0,Chat
TKT_000243,SUB_000699,2025-07-16,Cancellation Help,Resolved,9.1,,Chat
TKT_000244,SUB_000699,2025-11-08,Account Access,Customer-Closed,3.7,2.0,In-App
TKT_000245,SUB_000699,2026-03-09,Account Access,Resolved,13.6,,In-App
TKT_000246,SUB_000706,2026-01-31,Account Access,Resolved,34.7,5.0,In-App
TKT_000247,SUB_000706,2025-10-06,Billing,Resolved,10.0,,In-App
TKT_000248,SUB_000706,2025-06-06,Streaming Quality,Resolved,13.8,,Chat
TKT_000249,SUB_000706,2025-11-19,Streaming Quality,Resolved,22.2,5.0,Email
TKT_000250,SUB_000710,2026-03-15,Streaming Quality,Unresolved,2.6,1.0,Phone
TKT_000251,SUB_000718,2025-04-15,Cancellation Help,Unresolved,1.4,2.0,Chat
TKT_000252,SUB_000722,2025-07-31,Cancellation Help,Resolved,12.5,4.0,In-App
TKT_000253,SUB_000723,2026-03-25,Cancellation Help,Resolved,11.9,,Phone
TKT_000254,SUB_000723,2026-03-20,Streaming Quality,Resolved,11.7,5.0,In-App
TKT_000255,SUB_000723,2026-03-30,Streaming Quality,Customer-Closed,2.1,1.0,Chat
TKT_000256,SUB_000724,2026-01-29,Content Request,Resolved,13.5,,Phone
TKT_000257,SUB_000724,2025-06-12,Account Access,Resolved,41.7,5.0,In-App
TKT_000258,SUB_000725,2025-09-03,Billing,Resolved,22.0,,Chat
TKT_000259,SUB_000725,2026-02-24,Content Request,Resolved,5.2,3.0,In-App
TKT_000260,SUB_000725,2025-10-09,Cancellation Help,Resolved,36.9,5.0,In-App
TKT_000261,SUB_000727,2025-12-14,Content Request,Resolved,1.7,,In-App
TKT_000262,SUB_000730,2026-02-15,Billing,Resolved,25.1,5.0,In-App
TKT_000263,SUB_000731,2026-02-18,Billing,Resolved,5.1,5.0,Email
TKT_000264,SUB_000734,2025-07-13,Streaming Quality,Resolved,15.5,,In-App
TKT_000265,SUB_000738,2026-01-29,Streaming Quality,Resolved,11.5,5.0,In-App
TKT_000266,SUB_000738,2025-12-16,Cancellation Help,Resolved,68.8,5.0,In-App
TKT_000267,SUB_000739,2026-03-20,Streaming Quality,Unresolved,75.9,1.0,In-App
TKT_000268,SUB_000745,2025-09-24,Billing,Resolved,2.6,,In-App
TKT_000269,SUB_000746,2025-08-05,Content Request,Resolved,2.7,5.0,Phone
TKT_000270,SUB_000746,2025-06-19,Account Access,Resolved,46.5,3.0,In-App
TKT_000271,SUB_000750,2025-07-08,Streaming Quality,Unresolved,26.3,1.0,Chat
TKT_000272,SUB_000754,2025-06-10,Streaming Quality,Unresolved,9.2,,In-App
TKT_000273,SUB_000755,2025-12-11,Cancellation Help,Resolved,19.8,,Email
TKT_000274,SUB_000756,2025-12-03,Account Access,Unresolved,16.5,1.0,In-App
TKT_000275,SUB_000757,2025-07-18,Streaming Quality,Unresolved,19.3,,In-App
TKT_000276,SUB_000763,2025-12-07,Streaming Quality,Resolved,14.9,,Chat
TKT_000277,SUB_000763,2025-05-07,Streaming Quality,Resolved,51.4,5.0,In-App
TKT_000278,SUB_000764,2025-04-29,Streaming Quality,Pending,8.9,1.0,Chat
TKT_000279,SUB_000766,2025-09-11,Billing,Unresolved,16.7,1.0,Email
TKT_000280,SUB_000767,2025-10-24,Cancellation Help,Resolved,15.5,5.0,In-App
TKT_000281,SUB_000775,2025-09-09,Account Access,Resolved,74.7,,Chat
TKT_000282,SUB_000779,2025-07-16,Streaming Quality,Resolved,38.4,,In-App
TKT_000283,SUB_000781,2025-11-06,Billing,Resolved,3.7,,In-App
TKT_000284,SUB_000793,2025-07-01,Cancellation Help,Resolved,16.6,4.0,Email
TKT_000285,SUB_000796,2025-05-11,Billing,Resolved,3.1,4.0,Email
TKT_000286,SUB_000809,2025-11-06,Billing,Pending,8.3,,In-App
TKT_000287,SUB_000810,2025-10-31,Streaming Quality,Unresolved,57.1,3.0,In-App
TKT_000288,SUB_000810,2025-07-21,Streaming Quality,Customer-Closed,35.1,,Phone
TKT_000289,SUB_000810,2025-09-11,Account Access,Unresolved,3.4,1.0,In-App
TKT_000290,SUB_000810,2025-08-22,Content Request,Customer-Closed,11.2,1.0,Chat
TKT_000291,SUB_000818,2025-10-19,Billing,Resolved,25.3,,In-App
TKT_000292,SUB_000818,2026-02-14,Billing,Resolved,10.3,5.0,In-App
TKT_000293,SUB_000821,2026-02-24,Cancellation Help,Resolved,121.2,5.0,In-App
TKT_000294,SUB_000822,2026-03-25,Billing,Resolved,29.2,5.0,In-App
TKT_000295,SUB_000824,2026-03-03,Streaming Quality,Unresolved,2.4,,Chat
TKT_000296,SUB_000829,2025-07-06,Streaming Quality,Unresolved,26.8,1.0,Email
TKT_000297,SUB_000829,2025-07-14,Streaming Quality,Resolved,9.8,5.0,In-App
TKT_000298,SUB_000831,2025-05-03,Streaming Quality,Customer-Closed,40.0,2.0,Chat
TKT_000299,SUB_000834,2025-09-01,Billing,Pending,2.3,1.0,Email
TKT_000300,SUB_000838,2025-12-05,Account Access,Resolved,12.9,4.0,Chat
TKT_000301,SUB_000841,2025-06-28,Billing,Resolved,3.9,5.0,Phone
TKT_000302,SUB_000844,2025-09-12,Account Access,Unresolved,6.3,,In-App
TKT_000303,SUB_000845,2025-10-25,Account Access,Resolved,54.5,,In-App
TKT_000304,SUB_000849,2025-05-17,Billing,Unresolved,4.2,,Email
TKT_000305,SUB_000849,2025-05-07,Account Access,Resolved,13.3,,Phone
TKT_000306,SUB_000854,2025-05-07,Content Request,Resolved,15.4,5.0,In-App
TKT_000307,SUB_000854,2025-04-15,Cancellation Help,Resolved,8.9,5.0,In-App
TKT_000308,SUB_000854,2025-05-06,Content Request,Customer-Closed,11.4,3.0,Chat
TKT_000309,SUB_000854,2025-04-25,Streaming Quality,Resolved,8.6,,Email
TKT_000310,SUB_000857,2025-05-06,Billing,Resolved,7.9,5.0,In-App
TKT_000311,SUB_000858,2026-02-13,Account Access,Resolved,15.5,5.0,In-App
TKT_000312,SUB_000860,2025-12-01,Account Access,Resolved,26.5,5.0,In-App
TKT_000313,SUB_000867,2025-08-28,Streaming Quality,Resolved,8.6,5.0,Chat
TKT_000314,SUB_000868,2025-06-23,Cancellation Help,Unresolved,11.0,,In-App
TKT_000315,SUB_000885,2025-06-20,Billing,Customer-Closed,11.3,,In-App
TKT_000316,SUB_000886,2026-03-21,Billing,Unresolved,5.8,3.0,In-App
TKT_000317,SUB_000888,2025-05-08,Streaming Quality,Unresolved,18.8,,In-App
TKT_000318,SUB_000891,2025-08-25,Content Request,Resolved,20.3,5.0,In-App
TKT_000319,SUB_000891,2025-12-21,Account Access,Resolved,12.8,,Chat
TKT_000320,SUB_000894,2025-05-16,Streaming Quality,Resolved,14.7,,In-App
TKT_000321,SUB_000900,2025-07-13,Cancellation Help,Resolved,12.2,5.0,Chat
TKT_000322,SUB_000900,2025-10-11,Account Access,Customer-Closed,3.9,2.0,Email
TKT_000323,SUB_000914,2025-10-12,Streaming Quality,Resolved,24.4,4.0,Phone
TKT_000324,SUB_000927,2025-04-27,Account Access,Resolved,33.6,,In-App
TKT_000325,SUB_000927,2025-06-21,Content Request,Pending,25.3,,In-App
TKT_000326,SUB_000927,2025-10-09,Billing,Unresolved,21.8,,In-App
TKT_000327,SUB_000930,2025-12-23,Streaming Quality,Unresolved,11.1,,Email
TKT_000328,SUB_000935,2026-03-28,Cancellation Help,Unresolved,58.6,1.0,In-App
TKT_000329,SUB_000935,2026-03-24,Billing,Resolved,7.4,5.0,In-App
TKT_000330,SUB_000936,2025-08-13,Account Access,Customer-Closed,21.5,,In-App
TKT_000331,SUB_000941,2025-05-08,Cancellation Help,Unresolved,13.2,2.0,In-App
TKT_000332,SUB_000942,2025-11-11,Streaming Quality,Resolved,24.2,5.0,Email
TKT_000333,SUB_000943,2025-06-08,Billing,Unresolved,70.4,,Email
TKT_000334,SUB_000943,2025-07-16,Streaming Quality,Unresolved,13.4,1.0,In-App
TKT_000335,SUB_000944,2025-04-26,Cancellation Help,Pending,5.3,,In-App
TKT_000336,SUB_000944,2025-06-26,Content Request,Resolved,3.8,5.0,Email
TKT_000337,SUB_000944,2025-09-04,Streaming Quality,Unresolved,6.0,1.0,Phone
TKT_000338,SUB_000945,2026-02-06,Billing,Unresolved,5.5,,In-App
TKT_000339,SUB_000949,2025-05-07,Billing,Resolved,15.8,,Chat
TKT_000340,SUB_000960,2026-03-25,Streaming Quality,Customer-Closed,49.3,2.0,Email
TKT_000341,SUB_000963,2025-11-15,Billing,Unresolved,8.8,,In-App
TKT_000342,SUB_000963,2025-12-26,Billing,Resolved,3.4,4.0,Chat
TKT_000343,SUB_000963,2025-11-10,Streaming Quality,Resolved,2.4,3.0,Email
TKT_000344,SUB_000963,2025-12-16,Streaming Quality,Unresolved,23.5,,Chat
TKT_000345,SUB_000965,2025-09-26,Billing,Unresolved,2.2,,Email
TKT_000346,SUB_000969,2025-05-14,Cancellation Help,Unresolved,17.9,1.0,In-App
TKT_000347,SUB_000969,2025-06-22,Billing,Unresolved,13.7,2.0,Chat
TKT_000348,SUB_000974,2025-11-22,Billing,Resolved,2.8,,In-App
TKT_000349,SUB_000974,2025-12-28,Account Access,Resolved,24.5,4.0,In-App
TKT_000350,SUB_000976,2025-06-09,Billing,Resolved,28.6,,Chat
TKT_000351,SUB_000980,2025-05-18,Account Access,Resolved,13.3,5.0,In-App
TKT_000352,SUB_000986,2025-04-03,Content Request,Resolved,12.2,,Email
TKT_000353,SUB_000991,2026-03-05,Billing,Resolved,73.1,,Email
TKT_000354,SUB_000992,2025-12-01,Cancellation Help,Resolved,37.4,5.0,Email
TKT_000355,SUB_000998,2025-04-05,Content Request,Resolved,3.8,4.0,Chat
TKT_000356,SUB_001003,2025-04-02,Content Request,Pending,12.2,,In-App
TKT_000357,SUB_001013,2026-02-04,Content Request,Pending,12.7,,Chat
TKT_000358,SUB_001015,2025-05-07,Billing,Resolved,8.3,5.0,In-App
TKT_000359,SUB_001017,2025-07-01,Cancellation Help,Resolved,1.8,4.0,Chat
TKT_000360,SUB_001022,2025-10-21,Content Request,Resolved,11.0,4.0,Email
TKT_000361,SUB_001022,2025-09-27,Streaming Quality,Resolved,21.0,,In-App
TKT_000362,SUB_001022,2025-05-07,Streaming Quality,Resolved,13.8,4.0,In-App
TKT_000363,SUB_001022,2025-08-02,Streaming Quality,Resolved,2.5,,In-App
TKT_000364,SUB_001025,2025-11-11,Streaming Quality,Customer-Closed,5.5,,Email
TKT_000365,SUB_001033,2025-04-17,Content Request,Resolved,13.2,4.0,In-App
TKT_000366,SUB_001041,2025-05-03,Cancellation Help,Unresolved,6.3,2.0,Email
TKT_000367,SUB_001044,2025-06-20,Billing,Unresolved,6.0,1.0,Email
TKT_000368,SUB_001058,2025-04-13,Streaming Quality,Resolved,6.2,3.0,Chat
TKT_000369,SUB_001058,2025-04-12,Billing,Customer-Closed,21.6,2.0,Chat
TKT_000370,SUB_001058,2025-04-07,Billing,Resolved,15.6,,In-App
TKT_000371,SUB_001062,2025-08-04,Content Request,Resolved,4.6,3.0,Email
TKT_000372,SUB_001062,2025-06-16,Cancellation Help,Customer-Closed,6.9,,In-App
TKT_000373,SUB_001062,2025-10-05,Streaming Quality,Resolved,11.9,5.0,Email
TKT_000374,SUB_001069,2025-11-17,Streaming Quality,Resolved,9.3,3.0,Chat
TKT_000375,SUB_001070,2025-04-17,Billing,Unresolved,6.9,2.0,Email
TKT_000376,SUB_001071,2025-06-03,Account Access,Resolved,5.9,5.0,In-App
TKT_000377,SUB_001077,2025-05-23,Cancellation Help,Unresolved,14.0,,Chat
TKT_000378,SUB_001078,2025-04-13,Billing,Resolved,43.2,,Phone
TKT_000379,SUB_001080,2025-10-11,Billing,Resolved,1.8,5.0,In-App
TKT_000380,SUB_001082,2025-10-20,Content Request,Resolved,15.4,,In-App
TKT_000381,SUB_001088,2026-02-14,Content Request,Resolved,26.0,4.0,Email
TKT_000382,SUB_001094,2025-12-19,Billing,Pending,3.5,1.0,In-App
TKT_000383,SUB_001107,2026-03-29,Streaming Quality,Resolved,7.3,4.0,Email
TKT_000384,SUB_001110,2026-01-05,Billing,Resolved,5.8,,In-App
TKT_000385,SUB_001115,2025-10-28,Streaming Quality,Resolved,70.1,4.0,Chat
TKT_000386,SUB_001115,2025-11-03,Content Request,Unresolved,100.7,,In-App
TKT_000387,SUB_001115,2025-11-08,Cancellation Help,Pending,25.3,2.0,Chat
TKT_000388,SUB_001118,2026-03-03,Content Request,Resolved,19.2,,Chat
TKT_000389,SUB_001123,2025-09-21,Content Request,Resolved,4.8,5.0,In-App
TKT_000390,SUB_001125,2026-03-05,Content Request,Resolved,61.0,4.0,Chat
TKT_000391,SUB_001125,2025-11-04,Cancellation Help,Resolved,4.8,,Chat
TKT_000392,SUB_001137,2025-07-29,Streaming Quality,Customer-Closed,10.1,,Chat
TKT_000393,SUB_001137,2025-09-27,Billing,Unresolved,8.3,2.0,In-App
TKT_000394,SUB_001137,2025-06-18,Cancellation Help,Resolved,0.7,,In-App
TKT_000395,SUB_001148,2025-10-24,Streaming Quality,Customer-Closed,2.8,2.0,In-App
TKT_000396,SUB_001152,2025-12-20,Streaming Quality,Unresolved,26.8,,Chat
TKT_000397,SUB_001155,2025-09-28,Content Request,Customer-Closed,168.0,,In-App
TKT_000398,SUB_001155,2025-07-23,Content Request,Unresolved,4.6,2.0,Email
TKT_000399,SUB_001155,2025-06-11,Billing,Unresolved,7.8,3.0,Email
TKT_000400,SUB_001155,2025-08-08,Account Access,Resolved,17.4,,Email
TKT_000401,SUB_001166,2025-08-22,Account Access,Customer-Closed,66.0,1.0,In-App
TKT_000402,SUB_001166,2025-10-11,Streaming Quality,Pending,9.5,1.0,Email
TKT_000403,SUB_001169,2025-06-19,Account Access,Unresolved,6.0,1.0,Chat
TKT_000404,SUB_001174,2025-12-28,Streaming Quality,Unresolved,17.3,,Chat
TKT_000405,SUB_001176,2025-06-10,Account Access,Unresolved,2.0,3.0,Email
TKT_000406,SUB_001176,2025-04-25,Content Request,Resolved,9.9,4.0,In-App
TKT_000407,SUB_001183,2025-08-24,Account Access,Customer-Closed,7.3,2.0,In-App
TKT_000408,SUB_001189,2025-07-12,Streaming Quality,Resolved,5.5,5.0,Phone
TKT_000409,SUB_001189,2025-07-30,Streaming Quality,Resolved,4.1,,Chat
TKT_000410,SUB_001195,2025-05-03,Billing,Customer-Closed,3.6,1.0,In-App
TKT_000411,SUB_001198,2026-03-11,Streaming Quality,Resolved,19.4,4.0,Email
TKT_000412,SUB_001212,2026-01-05,Account Access,Resolved,23.1,,In-App
TKT_000413,SUB_001212,2025-12-08,Content Request,Resolved,25.3,3.0,In-App
TKT_000414,SUB_001216,2025-08-30,Billing,Customer-Closed,3.1,,Email
TKT_000415,SUB_001216,2025-09-04,Billing,Resolved,7.3,4.0,Chat
TKT_000416,SUB_001218,2025-07-13,Cancellation Help,Pending,2.4,2.0,Email
TKT_000417,SUB_001218,2026-01-31,Account Access,Resolved,8.1,4.0,Chat
TKT_000418,SUB_001248,2026-03-27,Streaming Quality,Resolved,5.3,4.0,In-App
TKT_000419,SUB_001248,2026-02-16,Account Access,Resolved,5.7,5.0,In-App
TKT_000420,SUB_001250,2026-03-30,Account Access,Resolved,6.3,,Email
TKT_000421,SUB_001250,2026-03-28,Streaming Quality,Customer-Closed,9.7,,Chat
TKT_000422,SUB_001250,2026-03-26,Content Request,Resolved,1.9,4.0,In-App
TKT_000423,SUB_001250,2026-03-28,Streaming Quality,Resolved,3.2,4.0,Email
TKT_000424,SUB_001260,2025-06-11,Billing,Unresolved,7.4,3.0,In-App
TKT_000425,SUB_001269,2026-02-03,Content Request,Resolved,5.3,,Email
TKT_000426,SUB_001270,2025-10-25,Billing,Resolved,82.8,5.0,In-App
TKT_000427,SUB_001271,2025-06-30,Billing,Resolved,5.0,5.0,In-App
TKT_000428,SUB_001280,2025-07-22,Streaming Quality,Pending,63.1,2.0,In-App
TKT_000429,SUB_001280,2025-07-07,Billing,Pending,10.4,1.0,Email
TKT_000430,SUB_001281,2025-05-29,Account Access,Resolved,9.1,3.0,Email
TKT_000431,SUB_001281,2025-05-08,Billing,Resolved,19.0,5.0,Phone
TKT_000432,SUB_001283,2025-09-26,Streaming Quality,Resolved,7.3,5.0,Chat
TKT_000433,SUB_001283,2025-08-04,Streaming Quality,Resolved,12.2,,Chat
TKT_000434,SUB_001284,2025-07-09,Account Access,Resolved,6.7,4.0,In-App
TKT_000435,SUB_001284,2025-07-09,Streaming Quality,Resolved,16.2,,Chat
TKT_000436,SUB_001286,2025-04-02,Streaming Quality,Customer-Closed,1.9,1.0,In-App
TKT_000437,SUB_001286,2025-05-05,Streaming Quality,Resolved,22.8,,In-App
TKT_000438,SUB_001286,2025-04-09,Account Access,Resolved,26.5,,Phone
TKT_000439,SUB_001287,2025-11-18,Account Access,Resolved,10.5,4.0,Phone
TKT_000440,SUB_001294,2025-04-23,Streaming Quality,Customer-Closed,7.0,2.0,Email
TKT_000441,SUB_001295,2025-08-03,Cancellation Help,Resolved,6.3,4.0,Email
TKT_000442,SUB_001302,2025-06-17,Billing,Resolved,30.2,,In-App
TKT_000443,SUB_001302,2025-06-17,Content Request,Customer-Closed,32.5,,In-App
TKT_000444,SUB_001304,2025-07-05,Cancellation Help,Resolved,5.5,5.0,In-App
TKT_000445,SUB_001304,2025-06-28,Account Access,Resolved,4.3,5.0,Email
TKT_000446,SUB_001304,2025-06-28,Account Access,Resolved,16.9,4.0,Email
TKT_000447,SUB_001305,2026-02-01,Billing,Resolved,30.9,5.0,Phone
TKT_000448,SUB_001309,2025-10-01,Account Access,Customer-Closed,2.0,,In-App
TKT_000449,SUB_001314,2025-12-28,Cancellation Help,Resolved,15.1,5.0,In-App
TKT_000450,SUB_001318,2025-12-24,Streaming Quality,Unresolved,24.4,2.0,Email
TKT_000451,SUB_001325,2025-07-02,Account Access,Resolved,5.9,4.0,In-App
TKT_000452,SUB_001334,2025-10-28,Account Access,Resolved,8.0,5.0,In-App
TKT_000453,SUB_001335,2025-12-12,Account Access,Unresolved,11.1,,In-App
TKT_000454,SUB_001337,2025-07-31,Billing,Customer-Closed,13.2,1.0,In-App
TKT_000455,SUB_001341,2025-10-12,Content Request,Customer-Closed,2.1,1.0,In-App
TKT_000456,SUB_001341,2025-10-15,Streaming Quality,Resolved,6.6,4.0,Chat
TKT_000457,SUB_001345,2026-02-04,Content Request,Resolved,17.0,5.0,In-App
TKT_000458,SUB_001345,2025-05-02,Cancellation Help,Resolved,8.4,,In-App
TKT_000459,SUB_001345,2026-01-22,Streaming Quality,Resolved,33.4,5.0,In-App
TKT_000460,SUB_001346,2025-08-24,Content Request,Unresolved,7.4,2.0,Email
TKT_000461,SUB_001347,2026-03-10,Account Access,Resolved,29.2,5.0,In-App
TKT_000462,SUB_001347,2026-03-28,Account Access,Unresolved,2.2,1.0,Email
TKT_000463,SUB_001349,2026-01-26,Billing,Unresolved,12.7,,Chat
TKT_000464,SUB_001353,2025-10-02,Streaming Quality,Customer-Closed,52.3,1.0,Chat
TKT_000465,SUB_001358,2025-06-20,Billing,Customer-Closed,15.3,,Chat
TKT_000466,SUB_001364,2026-02-05,Account Access,Resolved,46.5,5.0,Email
TKT_000467,SUB_001372,2025-07-03,Account Access,Resolved,5.3,4.0,In-App
TKT_000468,SUB_001372,2025-06-14,Billing,Unresolved,82.1,,Phone
TKT_000469,SUB_001377,2026-02-15,Billing,Resolved,24.9,5.0,In-App
TKT_000470,SUB_001378,2026-01-09,Cancellation Help,Resolved,8.1,,Email
TKT_000471,SUB_001384,2025-05-22,Billing,Resolved,9.8,3.0,In-App
TKT_000472,SUB_001384,2026-02-03,Account Access,Unresolved,35.9,2.0,In-App
TKT_000473,SUB_001392,2026-03-07,Billing,Resolved,32.1,,Chat
TKT_000474,SUB_001400,2025-08-22,Cancellation Help,Customer-Closed,2.8,2.0,Chat
TKT_000475,SUB_001403,2025-12-06,Billing,Resolved,14.4,5.0,In-App
TKT_000476,SUB_001403,2026-02-13,Account Access,Resolved,55.0,,Chat
TKT_000477,SUB_001403,2026-01-16,Billing,Resolved,7.1,5.0,Chat
TKT_000478,SUB_001406,2025-08-27,Cancellation Help,Resolved,5.0,5.0,In-App
TKT_000479,SUB_001406,2025-07-23,Streaming Quality,Pending,12.7,,In-App
TKT_000480,SUB_001407,2025-12-17,Billing,Unresolved,22.6,2.0,Phone
TKT_000481,SUB_001411,2025-05-05,Streaming Quality,Resolved,8.1,3.0,In-App
TKT_000482,SUB_001415,2025-04-16,Content Request,Customer-Closed,57.3,,Email
TKT_000483,SUB_001419,2026-03-12,Account Access,Resolved,2.6,3.0,Phone
TKT_000484,SUB_001419,2025-06-26,Billing,Resolved,16.8,4.0,In-App
TKT_000485,SUB_001422,2026-01-17,Cancellation Help,Pending,14.4,1.0,Chat
TKT_000486,SUB_001428,2025-07-01,Account Access,Resolved,16.9,4.0,In-App
TKT_000487,SUB_001435,2026-03-01,Streaming Quality,Pending,14.6,,Email
TKT_000488,SUB_001445,2025-07-17,Account Access,Resolved,48.8,5.0,Phone
TKT_000489,SUB_001445,2025-11-04,Streaming Quality,Resolved,26.0,4.0,In-App
TKT_000490,SUB_001445,2026-01-26,Account Access,Resolved,2.8,5.0,Email
TKT_000491,SUB_001467,2025-04-18,Billing,Unresolved,5.2,1.0,Email
TKT_000492,SUB_001475,2026-02-17,Account Access,Resolved,41.3,4.0,Chat
TKT_000493,SUB_001476,2026-03-25,Billing,Pending,7.6,1.0,Chat
TKT_000494,SUB_001477,2025-04-05,Cancellation Help,Customer-Closed,12.1,2.0,Chat
TKT_000495,SUB_001477,2025-03-31,Billing,Resolved,7.7,4.0,Chat
TKT_000496,SUB_001478,2025-07-29,Content Request,Unresolved,11.8,,In-App
TKT_000497,SUB_001479,2025-05-26,Account Access,Unresolved,17.0,1.0,Email
TKT_000498,SUB_001479,2025-11-16,Streaming Quality,Unresolved,20.1,,Email
TKT_000499,SUB_001479,2026-03-26,Cancellation Help,Pending,4.8,1.0,In-App
TKT_000500,SUB_001483,2026-02-27,Streaming Quality,Resolved,6.9,4.0,Chat
TKT_000501,SUB_001490,2025-12-26,Billing,Unresolved,9.9,,Email
TKT_000502,SUB_001490,2026-01-04,Billing,Resolved,16.1,5.0,Chat
TKT_000503,SUB_001490,2025-12-13,Streaming Quality,Unresolved,22.8,,In-App
TKT_000504,SUB_001490,2026-01-01,Streaming Quality,Unresolved,22.6,2.0,Email
TKT_000505,SUB_001492,2025-12-23,Cancellation Help,Resolved,15.5,5.0,Email
TKT_000506,SUB_001492,2026-01-18,Streaming Quality,Unresolved,52.5,,Phone
TKT_000507,SUB_001499,2026-02-01,Cancellation Help,Resolved,16.7,4.0,Phone
TKT_000508,SUB_001508,2025-04-10,Account Access,Unresolved,34.6,1.0,In-App
TKT_000509,SUB_001509,2025-06-19,Account Access,Resolved,1.2,5.0,Email
TKT_000510,SUB_001513,2025-06-05,Streaming Quality,Resolved,45.6,,In-App
TKT_000511,SUB_001513,2025-07-01,Account Access,Customer-Closed,10.6,2.0,In-App
TKT_000512,SUB_001515,2025-07-19,Cancellation Help,Resolved,3.1,5.0,Email
TKT_000513,SUB_001516,2025-12-09,Streaming Quality,Resolved,14.4,,Email
TKT_000514,SUB_001519,2025-08-03,Cancellation Help,Resolved,24.9,4.0,In-App
TKT_000515,SUB_001522,2026-03-17,Account Access,Unresolved,4.4,,In-App
TKT_000516,SUB_001522,2025-07-24,Billing,Resolved,48.2,,Phone
TKT_000517,SUB_001526,2025-04-24,Account Access,Resolved,2.3,4.0,Phone
TKT_000518,SUB_001531,2025-12-14,Billing,Pending,2.6,,Chat
TKT_000519,SUB_001531,2026-01-09,Billing,Resolved,1.9,,Chat
TKT_000520,SUB_001542,2025-12-20,Billing,Resolved,42.6,3.0,In-App
TKT_000521,SUB_001556,2025-07-15,Billing,Unresolved,10.6,,Chat
TKT_000522,SUB_001563,2025-10-28,Account Access,Resolved,34.7,,Chat
TKT_000523,SUB_001565,2025-10-23,Cancellation Help,Resolved,3.1,,Chat
TKT_000524,SUB_001571,2026-03-31,Cancellation Help,Resolved,5.5,3.0,In-App
TKT_000525,SUB_001571,2026-03-18,Streaming Quality,Resolved,5.8,5.0,In-App
TKT_000526,SUB_001571,2026-03-24,Billing,Resolved,20.7,5.0,In-App
TKT_000527,SUB_001579,2026-03-24,Streaming Quality,Customer-Closed,5.8,,In-App
TKT_000528,SUB_001580,2026-01-24,Streaming Quality,Unresolved,30.9,3.0,Phone
TKT_000529,SUB_001586,2025-04-26,Account Access,Resolved,30.0,5.0,Phone
TKT_000530,SUB_001588,2025-04-12,Cancellation Help,Pending,5.7,3.0,In-App
TKT_000531,SUB_001591,2026-02-01,Streaming Quality,Unresolved,168.0,,Chat
TKT_000532,SUB_001591,2026-02-21,Streaming Quality,Unresolved,116.5,1.0,Email
TKT_000533,SUB_001591,2026-02-10,Content Request,Resolved,13.8,5.0,Chat
TKT_000534,SUB_001592,2026-01-25,Streaming Quality,Resolved,70.3,,In-App
TKT_000535,SUB_001599,2026-03-12,Streaming Quality,Customer-Closed,21.4,,In-App
TKT_000536,SUB_001602,2025-04-05,Billing,Pending,8.2,1.0,In-App
TKT_000537,SUB_001603,2026-03-04,Streaming Quality,Resolved,1.4,5.0,Chat
TKT_000538,SUB_001603,2026-02-24,Cancellation Help,Resolved,18.1,,Chat
TKT_000539,SUB_001603,2026-03-27,Streaming Quality,Resolved,24.9,,Email
TKT_000540,SUB_001605,2025-04-07,Billing,Unresolved,3.1,,In-App
TKT_000541,SUB_001610,2025-06-10,Billing,Resolved,12.9,4.0,In-App
TKT_000542,SUB_001610,2025-07-20,Billing,Resolved,28.1,3.0,In-App
TKT_000543,SUB_001610,2025-06-14,Streaming Quality,Resolved,6.4,5.0,In-App
TKT_000544,SUB_001611,2025-09-02,Content Request,Resolved,26.7,,Chat
TKT_000545,SUB_001612,2025-06-11,Billing,Resolved,5.7,5.0,Email
TKT_000546,SUB_001612,2025-04-25,Streaming Quality,Resolved,36.5,5.0,Chat
TKT_000547,SUB_001622,2026-03-27,Account Access,Resolved,85.4,5.0,In-App
TKT_000548,SUB_001622,2025-06-06,Billing,Resolved,94.2,,Email
TKT_000549,SUB_001623,2025-11-04,Content Request,Resolved,8.0,4.0,In-App
TKT_000550,SUB_001623,2026-01-31,Cancellation Help,Resolved,2.4,3.0,In-App
TKT_000551,SUB_001623,2026-02-03,Streaming Quality,Pending,28.3,2.0,Phone
TKT_000552,SUB_001633,2025-08-27,Billing,Unresolved,3.1,,Phone
TKT_000553,SUB_001635,2025-08-02,Billing,Resolved,36.3,4.0,In-App
TKT_000554,SUB_001636,2025-10-11,Account Access,Customer-Closed,29.0,,In-App
TKT_000555,SUB_001639,2025-10-24,Billing,Resolved,2.7,5.0,In-App
TKT_000556,SUB_001646,2025-10-26,Billing,Resolved,5.9,5.0,In-App
TKT_000557,SUB_001651,2025-06-07,Streaming Quality,Resolved,8.9,4.0,Chat
TKT_000558,SUB_001652,2026-02-01,Billing,Unresolved,2.7,3.0,Email
TKT_000559,SUB_001652,2026-01-17,Streaming Quality,Resolved,21.4,4.0,Chat
TKT_000560,SUB_001652,2026-02-01,Content Request,Unresolved,5.1,,Email
TKT_000561,SUB_001653,2025-05-24,Account Access,Resolved,27.7,5.0,Email
TKT_000562,SUB_001656,2025-07-25,Content Request,Customer-Closed,2.4,,Email
TKT_000563,SUB_001658,2026-03-21,Billing,Resolved,3.9,,Phone
TKT_000564,SUB_001674,2025-09-18,Account Access,Resolved,24.8,4.0,Chat
TKT_000565,SUB_001679,2025-04-06,Cancellation Help,Pending,20.7,,In-App
TKT_000566,SUB_001679,2025-06-03,Content Request,Unresolved,3.1,,In-App
TKT_000567,SUB_001690,2026-01-21,Streaming Quality,Unresolved,30.4,,Chat
TKT_000568,SUB_001690,2025-12-02,Billing,Resolved,7.0,5.0,Chat
TKT_000569,SUB_001694,2025-08-31,Billing,Resolved,40.8,5.0,In-App
TKT_000570,SUB_001695,2025-05-03,Content Request,Resolved,13.7,5.0,Chat
TKT_000571,SUB_001695,2025-05-02,Streaming Quality,Resolved,15.8,4.0,In-App
TKT_000572,SUB_001696,2025-04-24,Streaming Quality,Resolved,4.3,4.0,In-App
TKT_000573,SUB_001696,2026-01-29,Account Access,Resolved,41.1,,Email
TKT_000574,SUB_001699,2025-10-18,Cancellation Help,Unresolved,9.2,1.0,In-App
TKT_000575,SUB_001699,2025-09-07,Content Request,Resolved,35.6,,Email
TKT_000576,SUB_001699,2025-07-09,Billing,Customer-Closed,8.5,1.0,Email
TKT_000577,SUB_001699,2025-07-18,Billing,Unresolved,0.6,,In-App
TKT_000578,SUB_001703,2025-10-04,Billing,Unresolved,2.4,1.0,In-App
TKT_000579,SUB_001705,2025-05-18,Account Access,Pending,13.7,,In-App
TKT_000580,SUB_001711,2025-11-17,Account Access,Resolved,15.6,5.0,Phone
TKT_000581,SUB_001711,2025-05-14,Streaming Quality,Pending,3.4,3.0,Email
TKT_000582,SUB_001711,2025-12-28,Billing,Customer-Closed,3.3,1.0,In-App
TKT_000583,SUB_001712,2025-09-30,Account Access,Resolved,6.9,,In-App
TKT_000584,SUB_001718,2025-07-20,Account Access,Resolved,6.1,4.0,Phone
TKT_000585,SUB_001719,2025-11-15,Content Request,Resolved,34.4,,Email
TKT_000586,SUB_001731,2025-04-06,Billing,Customer-Closed,13.9,2.0,In-App
TKT_000587,SUB_001737,2025-11-13,Account Access,Customer-Closed,16.9,,Chat
TKT_000588,SUB_001738,2026-03-27,Account Access,Resolved,2.3,,Chat
TKT_000589,SUB_001738,2026-03-30,Billing,Resolved,15.0,,In-App
TKT_000590,SUB_001739,2025-07-29,Cancellation Help,Customer-Closed,4.8,2.0,In-App
TKT_000591,SUB_001740,2025-10-28,Account Access,Unresolved,5.7,,Email
TKT_000592,SUB_001752,2026-01-20,Streaming Quality,Pending,56.3,2.0,In-App
TKT_000593,SUB_001752,2026-01-17,Content Request,Resolved,48.3,,Email
TKT_000594,SUB_001752,2026-02-21,Account Access,Resolved,5.9,4.0,Chat
TKT_000595,SUB_001753,2025-05-20,Billing,Unresolved,4.2,2.0,In-App
TKT_000596,SUB_001753,2025-06-24,Streaming Quality,Resolved,5.4,5.0,Email
TKT_000597,SUB_001753,2025-04-13,Streaming Quality,Resolved,7.3,5.0,In-App
TKT_000598,SUB_001755,2025-07-07,Streaming Quality,Resolved,7.1,3.0,In-App
TKT_000599,SUB_001758,2025-06-10,Account Access,Resolved,16.0,5.0,In-App
TKT_000600,SUB_001759,2025-09-18,Cancellation Help,Resolved,44.3,,In-App
TKT_000601,SUB_001765,2025-09-26,Account Access,Pending,18.3,,Chat
TKT_000602,SUB_001768,2025-09-18,Billing,Unresolved,5.5,1.0,Phone
TKT_000603,SUB_001769,2025-09-20,Cancellation Help,Resolved,3.6,5.0,Email
TKT_000604,SUB_001769,2025-06-27,Content Request,Customer-Closed,8.1,1.0,In-App
TKT_000605,SUB_001771,2025-08-08,Billing,Unresolved,4.9,1.0,Email
TKT_000606,SUB_001772,2025-06-08,Account Access,Resolved,7.1,5.0,Phone
TKT_000607,SUB_001782,2025-05-14,Billing,Unresolved,12.8,3.0,Phone
TKT_000608,SUB_001785,2026-03-01,Streaming Quality,Resolved,19.3,4.0,In-App
TKT_000609,SUB_001785,2026-01-10,Content Request,Resolved,13.7,4.0,Email
TKT_000610,SUB_001786,2025-08-12,Cancellation Help,Unresolved,25.6,1.0,In-App
TKT_000611,SUB_001791,2025-07-06,Cancellation Help,Resolved,31.9,,In-App
TKT_000612,SUB_001792,2025-05-15,Streaming Quality,Resolved,56.9,,In-App
TKT_000613,SUB_001792,2026-02-14,Streaming Quality,Unresolved,8.0,,In-App
TKT_000614,SUB_001793,2025-04-14,Streaming Quality,Resolved,25.2,5.0,Chat
TKT_000615,SUB_001797,2025-06-01,Cancellation Help,Resolved,40.3,3.0,Phone
TKT_000616,SUB_001800,2025-07-19,Streaming Quality,Resolved,12.3,,Chat
TKT_000617,SUB_001803,2025-08-11,Cancellation Help,Unresolved,12.2,,In-App
TKT_000618,SUB_001803,2025-09-11,Billing,Unresolved,5.5,,In-App
TKT_000619,SUB_001805,2025-05-11,Cancellation Help,Resolved,9.6,,In-App
TKT_000620,SUB_001806,2025-11-14,Account Access,Resolved,22.6,3.0,Chat
TKT_000621,SUB_001809,2025-05-11,Cancellation Help,Resolved,77.8,3.0,Chat
TKT_000622,SUB_001813,2026-03-11,Billing,Resolved,7.9,3.0,Chat
TKT_000623,SUB_001821,2026-03-05,Streaming Quality,Customer-Closed,11.4,3.0,Phone
TKT_000624,SUB_001823,2025-10-05,Billing,Resolved,8.8,5.0,Chat
TKT_000625,SUB_001833,2025-11-11,Streaming Quality,Resolved,78.8,5.0,Chat
TKT_000626,SUB_001840,2025-04-01,Streaming Quality,Unresolved,30.2,1.0,In-App
TKT_000627,SUB_001844,2025-06-04,Billing,Unresolved,45.9,3.0,In-App
TKT_000628,SUB_001855,2026-03-26,Account Access,Unresolved,21.6,,Chat
TKT_000629,SUB_001862,2025-05-01,Billing,Pending,15.0,1.0,Email
TKT_000630,SUB_001863,2025-06-06,Cancellation Help,Unresolved,4.5,1.0,Phone
TKT_000631,SUB_001867,2025-12-01,Content Request,Resolved,45.7,5.0,In-App
TKT_000632,SUB_001867,2026-02-24,Streaming Quality,Resolved,12.7,5.0,Chat
TKT_000633,SUB_001868,2025-10-16,Billing,Unresolved,42.1,,Chat
TKT_000634,SUB_001870,2025-04-30,Cancellation Help,Resolved,36.9,4.0,Email
TKT_000635,SUB_001879,2025-09-07,Streaming Quality,Resolved,32.1,4.0,Chat
TKT_000636,SUB_001879,2025-09-24,Cancellation Help,Customer-Closed,6.9,2.0,Chat
TKT_000637,SUB_001880,2026-03-23,Cancellation Help,Resolved,9.5,4.0,In-App
TKT_000638,SUB_001885,2026-02-05,Cancellation Help,Unresolved,7.7,,In-App
TKT_000639,SUB_001888,2026-02-22,Cancellation Help,Resolved,8.1,,Chat
TKT_000640,SUB_001888,2026-02-24,Cancellation Help,Unresolved,8.5,1.0,Chat
TKT_000641,SUB_001892,2026-03-25,Cancellation Help,Resolved,5.3,5.0,In-App
TKT_000642,SUB_001897,2026-02-01,Account Access,Customer-Closed,3.7,3.0,In-App
TKT_000643,SUB_001900,2025-06-01,Account Access,Unresolved,4.9,2.0,Email
TKT_000644,SUB_001901,2025-10-01,Account Access,Resolved,20.2,3.0,Phone
TKT_000645,SUB_001908,2025-10-02,Cancellation Help,Resolved,18.6,5.0,In-App
TKT_000646,SUB_001908,2025-09-13,Account Access,Resolved,27.4,,Chat
TKT_000647,SUB_001914,2025-05-27,Billing,Customer-Closed,4.5,,In-App
TKT_000648,SUB_001922,2025-07-27,Billing,Pending,6.0,,Chat
TKT_000649,SUB_001928,2025-11-26,Streaming Quality,Unresolved,30.9,,In-App
TKT_000650,SUB_001933,2025-12-17,Content Request,Resolved,8.5,5.0,Phone
TKT_000651,SUB_001937,2025-05-07,Billing,Pending,6.3,,Phone
TKT_000652,SUB_001940,2025-08-07,Streaming Quality,Resolved,24.1,5.0,In-App
TKT_000653,SUB_001940,2026-01-07,Streaming Quality,Resolved,12.7,5.0,In-App
TKT_000654,SUB_001940,2026-01-04,Cancellation Help,Resolved,5.6,,In-App
TKT_000655,SUB_001940,2025-09-02,Streaming Quality,Resolved,5.7,,In-App
TKT_000656,SUB_001948,2025-04-22,Cancellation Help,Resolved,22.9,5.0,Email
TKT_000657,SUB_001948,2025-09-26,Billing,Customer-Closed,8.6,,In-App
TKT_000658,SUB_001948,2025-05-19,Streaming Quality,Unresolved,6.2,1.0,In-App
TKT_000659,SUB_001948,2025-06-30,Billing,Resolved,10.4,,Email
TKT_000660,SUB_001950,2026-03-25,Billing,Resolved,14.2,,Email
TKT_000661,SUB_001955,2025-08-11,Streaming Quality,Resolved,168.0,4.0,Phone
TKT_000662,SUB_001960,2025-11-21,Content Request,Resolved,106.5,,Chat
TKT_000663,SUB_001961,2025-06-09,Billing,Pending,3.2,2.0,Phone
TKT_000664,SUB_001961,2026-01-16,Streaming Quality,Resolved,10.2,5.0,In-App
TKT_000665,SUB_001962,2026-02-04,Billing,Resolved,23.5,3.0,In-App
TKT_000666,SUB_001968,2025-10-26,Account Access,Unresolved,37.2,1.0,Email
TKT_000667,SUB_001972,2025-05-28,Content Request,Unresolved,9.8,1.0,Email
TKT_000668,SUB_001974,2026-02-17,Content Request,Unresolved,3.5,1.0,In-App
TKT_000669,SUB_001976,2025-09-10,Billing,Customer-Closed,12.7,1.0,Phone
TKT_000670,SUB_001996,2025-12-18,Streaming Quality,Resolved,8.0,4.0,Chat
TKT_000671,SUB_001998,2026-02-01,Content Request,Unresolved,7.3,2.0,In-App
TKT_000672,SUB_001998,2026-02-05,Billing,Unresolved,29.8,,Chat
TKT_000673,SUB_001998,2026-01-22,Streaming Quality,Resolved,19.6,5.0,Email
TKT_000674,SUB_001998,2026-01-25,Streaming Quality,Unresolved,11.1,,In-App
TKT_000675,SUB_001999,2025-06-28,Cancellation Help,Customer-Closed,41.4,2.0,In-App
TKT_000676,SUB_002000,2025-07-19,Content Request,Resolved,6.7,,Email
TKT_000677,SUB_002001,2025-08-09,Content Request,Resolved,23.6,,Chat
TKT_000678,SUB_002001,2025-09-17,Streaming Quality,Resolved,13.7,5.0,In-App
TKT_000679,SUB_002004,2025-12-08,Billing,Pending,5.2,,Email
TKT_000680,SUB_002005,2026-02-05,Cancellation Help,Resolved,4.3,4.0,Chat
TKT_000681,SUB_002013,2026-03-11,Account Access,Pending,60.6,1.0,Phone
TKT_000682,SUB_002013,2026-03-27,Content Request,Customer-Closed,13.9,,Chat
TKT_000683,SUB_002015,2025-06-16,Billing,Pending,9.0,,In-App
TKT_000684,SUB_002016,2026-03-10,Billing,Unresolved,18.1,1.0,Chat
TKT_000685,SUB_002016,2025-07-21,Account Access,Resolved,4.9,5.0,Email
TKT_000686,SUB_002016,2026-01-21,Account Access,Unresolved,3.4,,Chat
TKT_000687,SUB_002019,2025-11-11,Streaming Quality,Pending,4.1,2.0,Phone
TKT_000688,SUB_002024,2025-09-13,Billing,Resolved,12.8,5.0,In-App
TKT_000689,SUB_002032,2025-09-20,Streaming Quality,Resolved,33.0,5.0,Email
TKT_000690,SUB_002032,2025-08-06,Streaming Quality,Resolved,28.0,3.0,Email
TKT_000691,SUB_002032,2025-08-25,Content Request,Resolved,29.5,4.0,Email
TKT_000692,SUB_002041,2025-11-22,Streaming Quality,Unresolved,4.2,,Phone
TKT_000693,SUB_002043,2025-09-28,Account Access,Resolved,2.2,4.0,Chat
TKT_000694,SUB_002043,2025-08-22,Streaming Quality,Resolved,38.3,5.0,Chat
TKT_000695,SUB_002048,2025-08-09,Billing,Resolved,2.0,,Chat
TKT_000696,SUB_002051,2025-09-08,Streaming Quality,Customer-Closed,3.4,,Phone
TKT_000697,SUB_002055,2026-01-11,Account Access,Pending,4.5,,In-App
TKT_000698,SUB_002058,2025-08-03,Billing,Unresolved,20.4,2.0,In-App
TKT_000699,SUB_002064,2026-01-31,Account Access,Pending,14.9,2.0,Chat
TKT_000700,SUB_002064,2026-02-17,Cancellation Help,Resolved,36.9,,Chat
TKT_000701,SUB_002070,2025-10-09,Billing,Resolved,8.9,4.0,Phone
TKT_000702,SUB_002072,2025-04-11,Billing,Resolved,14.4,4.0,Phone
TKT_000703,SUB_002072,2025-05-02,Content Request,Pending,17.6,,In-App
TKT_000704,SUB_002079,2025-05-11,Streaming Quality,Unresolved,10.0,,In-App
TKT_000705,SUB_002079,2025-06-14,Billing,Pending,8.1,3.0,Email
TKT_000706,SUB_002079,2025-05-14,Account Access,Resolved,76.7,4.0,In-App
TKT_000707,SUB_002080,2026-03-30,Streaming Quality,Resolved,6.5,4.0,Chat
TKT_000708,SUB_002089,2026-02-23,Billing,Unresolved,24.1,2.0,Chat
TKT_000709,SUB_002090,2025-06-25,Content Request,Resolved,22.9,,Phone
TKT_000710,SUB_002096,2025-04-22,Billing,Resolved,6.1,5.0,Chat
TKT_000711,SUB_002098,2025-09-25,Billing,Resolved,6.2,,Email
TKT_000712,SUB_002103,2025-08-19,Cancellation Help,Resolved,3.1,3.0,Email
TKT_000713,SUB_002103,2025-05-29,Billing,Resolved,1.8,,In-App
TKT_000714,SUB_002107,2025-05-11,Account Access,Resolved,56.6,,In-App
TKT_000715,SUB_002109,2026-03-10,Account Access,Unresolved,2.5,1.0,Chat
TKT_000716,SUB_002109,2026-03-10,Account Access,Resolved,19.2,4.0,In-App
TKT_000717,SUB_002114,2026-02-05,Cancellation Help,Unresolved,3.7,2.0,Email
TKT_000718,SUB_002116,2025-06-13,Streaming Quality,Resolved,7.5,4.0,Chat
TKT_000719,SUB_002133,2025-12-25,Account Access,Resolved,2.6,,In-App
TKT_000720,SUB_002143,2025-06-15,Account Access,Unresolved,7.3,,Chat
TKT_000721,SUB_002143,2025-05-11,Account Access,Resolved,5.6,5.0,Phone
TKT_000722,SUB_002150,2025-04-20,Content Request,Resolved,11.1,5.0,Chat
TKT_000723,SUB_002154,2026-03-29,Streaming Quality,Resolved,41.4,5.0,Chat
TKT_000724,SUB_002171,2025-10-24,Streaming Quality,Pending,2.7,3.0,Email
TKT_000725,SUB_002176,2026-01-08,Cancellation Help,Resolved,18.5,5.0,Email
TKT_000726,SUB_002176,2025-10-24,Account Access,Resolved,11.8,,In-App
TKT_000727,SUB_002179,2025-11-10,Streaming Quality,Unresolved,28.7,,Chat
TKT_000728,SUB_002180,2025-04-12,Streaming Quality,Resolved,21.3,5.0,Chat
TKT_000729,SUB_002183,2025-06-13,Streaming Quality,Resolved,20.2,,In-App
TKT_000730,SUB_002184,2025-05-10,Streaming Quality,Resolved,5.2,5.0,Phone
TKT_000731,SUB_002186,2025-12-16,Content Request,Resolved,13.1,5.0,Chat
TKT_000732,SUB_002212,2025-11-07,Billing,Resolved,19.9,5.0,In-App
TKT_000733,SUB_002212,2025-11-25,Content Request,Resolved,9.2,5.0,Email
TKT_000734,SUB_002213,2025-05-02,Account Access,Resolved,8.6,5.0,In-App
TKT_000735,SUB_002215,2025-07-30,Streaming Quality,Unresolved,2.2,,In-App
TKT_000736,SUB_002231,2025-04-06,Streaming Quality,Resolved,15.0,,Phone
TKT_000737,SUB_002235,2026-02-24,Cancellation Help,Resolved,11.7,5.0,Chat
TKT_000738,SUB_002237,2025-12-28,Streaming Quality,Resolved,2.8,3.0,Chat
TKT_000739,SUB_002239,2025-12-04,Cancellation Help,Resolved,20.5,4.0,Phone
TKT_000740,SUB_002243,2025-04-30,Content Request,Resolved,4.8,4.0,In-App
TKT_000741,SUB_002244,2025-08-18,Billing,Customer-Closed,3.9,,Email
TKT_000742,SUB_002252,2026-02-04,Streaming Quality,Resolved,7.8,3.0,In-App
TKT_000743,SUB_002253,2025-07-27,Billing,Resolved,3.1,5.0,Email
TKT_000744,SUB_002256,2025-09-12,Cancellation Help,Pending,5.5,3.0,Email
TKT_000745,SUB_002257,2026-01-01,Account Access,Resolved,9.5,3.0,In-App
TKT_000746,SUB_002258,2025-04-18,Billing,Resolved,16.1,,Phone
TKT_000747,SUB_002258,2025-06-05,Streaming Quality,Unresolved,3.3,1.0,In-App
TKT_000748,SUB_002270,2025-09-15,Streaming Quality,Pending,54.1,1.0,Email
TKT_000749,SUB_002274,2025-10-28,Billing,Resolved,17.7,4.0,Chat
TKT_000750,SUB_002287,2025-04-14,Streaming Quality,Resolved,25.9,4.0,In-App
TKT_000751,SUB_002287,2025-05-25,Streaming Quality,Unresolved,6.1,1.0,Chat
TKT_000752,SUB_002288,2026-03-16,Billing,Resolved,13.0,,Phone
TKT_000753,SUB_002291,2025-09-13,Content Request,Resolved,11.8,5.0,Chat
TKT_000754,SUB_002297,2025-04-19,Content Request,Unresolved,8.7,3.0,Email
TKT_000755,SUB_002301,2026-02-01,Streaming Quality,Resolved,4.8,5.0,Phone
TKT_000756,SUB_002304,2026-01-02,Cancellation Help,Resolved,2.8,4.0,In-App
TKT_000757,SUB_002304,2025-05-30,Cancellation Help,Unresolved,9.8,1.0,Email
TKT_000758,SUB_002304,2025-09-26,Billing,Resolved,7.3,,Phone
TKT_000759,SUB_002305,2025-09-18,Billing,Unresolved,43.4,1.0,Phone
TKT_000760,SUB_002308,2025-12-20,Cancellation Help,Resolved,2.0,,In-App
TKT_000761,SUB_002318,2025-05-11,Account Access,Resolved,17.7,4.0,Chat
TKT_000762,SUB_002318,2025-04-24,Content Request,Unresolved,103.8,1.0,Email
TKT_000763,SUB_002323,2025-04-19,Billing,Unresolved,16.5,,Phone
TKT_000764,SUB_002332,2025-10-19,Content Request,Resolved,11.2,4.0,In-App
TKT_000765,SUB_002332,2025-12-27,Content Request,Resolved,8.0,4.0,Chat
TKT_000766,SUB_002332,2026-03-05,Content Request,Resolved,15.7,5.0,Email
TKT_000767,SUB_002336,2025-10-31,Cancellation Help,Resolved,10.1,,In-App
TKT_000768,SUB_002342,2025-06-23,Billing,Customer-Closed,13.1,,Email
TKT_000769,SUB_002342,2026-01-12,Streaming Quality,Resolved,7.7,,Phone
TKT_000770,SUB_002342,2025-05-01,Streaming Quality,Resolved,12.1,4.0,Email
TKT_000771,SUB_002351,2025-06-21,Cancellation Help,Resolved,28.9,4.0,Chat
TKT_000772,SUB_002351,2025-09-30,Cancellation Help,Customer-Closed,15.7,1.0,Email
TKT_000773,SUB_002354,2025-05-18,Content Request,Customer-Closed,23.3,1.0,In-App
TKT_000774,SUB_002354,2025-06-29,Streaming Quality,Resolved,64.4,5.0,Phone
TKT_000775,SUB_002361,2025-10-13,Billing,Unresolved,4.3,3.0,Email
TKT_000776,SUB_002361,2025-08-20,Streaming Quality,Resolved,3.7,,Chat
TKT_000777,SUB_002364,2025-12-07,Content Request,Resolved,31.3,3.0,In-App
TKT_000778,SUB_002366,2025-09-15,Cancellation Help,Resolved,17.3,,Chat
TKT_000779,SUB_002367,2025-06-07,Streaming Quality,Resolved,9.6,4.0,In-App
TKT_000780,SUB_002376,2025-05-17,Streaming Quality,Pending,9.4,1.0,Chat
TKT_000781,SUB_002379,2025-08-10,Streaming Quality,Resolved,11.4,4.0,Chat
TKT_000782,SUB_002380,2025-04-07,Streaming Quality,Customer-Closed,0.9,1.0,In-App
TKT_000783,SUB_002382,2025-06-03,Account Access,Pending,1.8,2.0,In-App
TKT_000784,SUB_002386,2025-04-24,Billing,Customer-Closed,8.1,2.0,In-App
TKT_000785,SUB_002392,2025-04-06,Billing,Resolved,45.0,5.0,In-App
TKT_000786,SUB_002394,2025-12-31,Streaming Quality,Pending,24.7,1.0,Chat
TKT_000787,SUB_002395,2026-03-25,Streaming Quality,Resolved,11.9,5.0,Email
TKT_000788,SUB_002397,2025-10-11,Billing,Resolved,4.2,,In-App
TKT_000789,SUB_002408,2025-05-06,Account Access,Resolved,5.7,4.0,Email
TKT_000790,SUB_002411,2025-11-22,Billing,Customer-Closed,13.9,,In-App
TKT_000791,SUB_002411,2025-09-01,Streaming Quality,Unresolved,19.5,1.0,Email
TKT_000792,SUB_002413,2026-03-16,Account Access,Unresolved,10.6,,Email
TKT_000793,SUB_002415,2026-01-31,Streaming Quality,Resolved,44.2,,In-App
TKT_000794,SUB_002426,2026-01-26,Cancellation Help,Pending,9.2,,In-App
TKT_000795,SUB_002428,2026-01-23,Content Request,Resolved,10.6,4.0,In-App
TKT_000796,SUB_002428,2026-03-07,Billing,Resolved,168.0,5.0,Email
TKT_000797,SUB_002428,2025-06-11,Streaming Quality,Resolved,15.6,5.0,Chat
TKT_000798,SUB_002428,2026-01-12,Account Access,Resolved,9.8,5.0,In-App
TKT_000799,SUB_002436,2025-10-27,Account Access,Unresolved,17.7,,In-App
TKT_000800,SUB_002436,2025-06-21,Billing,Resolved,23.4,5.0,Phone
TKT_000801,SUB_002436,2025-06-02,Cancellation Help,Resolved,22.7,,In-App
TKT_000802,SUB_002436,2025-11-25,Account Access,Customer-Closed,5.3,,In-App
TKT_000803,SUB_002444,2025-09-20,Cancellation Help,Customer-Closed,46.5,2.0,In-App
TKT_000804,SUB_002444,2025-05-17,Account Access,Unresolved,3.6,1.0,Chat
TKT_000805,SUB_002446,2026-01-01,Content Request,Resolved,11.6,,In-App
TKT_000806,SUB_002449,2025-04-13,Account Access,Resolved,9.0,4.0,In-App
TKT_000807,SUB_002449,2025-04-19,Streaming Quality,Resolved,7.0,5.0,In-App
TKT_000808,SUB_002451,2025-08-10,Account Access,Resolved,0.6,,In-App
TKT_000809,SUB_002455,2025-12-20,Streaming Quality,Unresolved,15.6,3.0,Chat
TKT_000810,SUB_002464,2026-01-07,Content Request,Unresolved,40.7,2.0,In-App
TKT_000811,SUB_002464,2025-08-15,Streaming Quality,Resolved,7.3,,In-App
TKT_000812,SUB_002464,2025-11-19,Content Request,Resolved,88.4,4.0,In-App
TKT_000813,SUB_002464,2025-10-18,Billing,Unresolved,16.3,,Chat
TKT_000814,SUB_002466,2025-06-23,Billing,Customer-Closed,10.6,2.0,Chat
TKT_000815,SUB_002467,2025-10-08,Billing,Unresolved,21.4,,In-App
TKT_000816,SUB_002467,2025-12-05,Cancellation Help,Customer-Closed,34.6,1.0,In-App
TKT_000817,SUB_002467,2025-10-27,Streaming Quality,Resolved,20.8,,In-App
TKT_000818,SUB_002467,2025-10-20,Cancellation Help,Customer-Closed,60.1,3.0,Phone
TKT_000819,SUB_002469,2025-09-21,Billing,Resolved,9.7,5.0,Email
TKT_000820,SUB_002472,2025-04-12,Streaming Quality,Resolved,11.0,,Chat
TKT_000821,SUB_002473,2025-08-13,Streaming Quality,Customer-Closed,19.1,,In-App
TKT_000822,SUB_002476,2025-08-22,Billing,Resolved,16.9,5.0,In-App
TKT_000823,SUB_002481,2025-04-30,Cancellation Help,Pending,57.5,2.0,Chat
TKT_000824,SUB_002485,2025-09-13,Billing,Resolved,39.3,4.0,Chat
TKT_000825,SUB_002488,2026-02-12,Streaming Quality,Resolved,8.4,5.0,In-App
TKT_000826,SUB_002488,2026-01-29,Billing,Resolved,20.8,5.0,In-App
TKT_000827,SUB_002496,2025-11-06,Billing,Pending,4.0,2.0,In-App
TKT_000828,SUB_002496,2025-12-30,Streaming Quality,Resolved,36.0,5.0,Email
TKT_000829,SUB_002498,2025-12-25,Billing,Resolved,3.4,,Email
TKT_000830,SUB_002506,2025-05-05,Streaming Quality,Resolved,95.0,5.0,In-App
TKT_000831,SUB_002506,2025-04-19,Billing,Customer-Closed,2.7,,Chat
TKT_000832,SUB_002525,2026-02-04,Cancellation Help,Customer-Closed,3.3,2.0,Chat
TKT_000833,SUB_002526,2025-08-03,Streaming Quality,Resolved,34.0,,Chat
TKT_000834,SUB_002540,2025-07-31,Streaming Quality,Resolved,7.0,4.0,In-App
TKT_000835,SUB_002542,2026-02-10,Streaming Quality,Resolved,2.9,5.0,Email
TKT_000836,SUB_002544,2026-03-15,Cancellation Help,Resolved,14.6,,Chat
TKT_000837,SUB_002544,2026-02-13,Streaming Quality,Resolved,4.9,5.0,In-App
TKT_000838,SUB_002546,2025-09-26,Streaming Quality,Resolved,29.3,,In-App
TKT_000839,SUB_002551,2026-03-23,Streaming Quality,Resolved,2.3,4.0,In-App
TKT_000840,SUB_002553,2025-11-18,Streaming Quality,Resolved,6.3,,Phone
TKT_000841,SUB_002559,2025-08-25,Streaming Quality,Resolved,16.2,,Email
TKT_000842,SUB_002563,2026-02-09,Billing,Pending,7.0,,Chat
TKT_000843,SUB_002564,2025-04-04,Streaming Quality,Customer-Closed,15.1,1.0,Email
TKT_000844,SUB_002564,2025-05-01,Account Access,Unresolved,4.4,2.0,Email
TKT_000845,SUB_002565,2026-03-27,Billing,Resolved,13.8,5.0,Phone
TKT_000846,SUB_002567,2026-02-23,Billing,Resolved,15.1,,Email
TKT_000847,SUB_002575,2025-06-05,Streaming Quality,Customer-Closed,14.1,1.0,Email
TKT_000848,SUB_002577,2025-09-25,Streaming Quality,Resolved,5.6,,Phone
TKT_000849,SUB_002577,2025-12-06,Streaming Quality,Resolved,21.6,,Chat
TKT_000850,SUB_002577,2025-12-23,Streaming Quality,Resolved,10.9,4.0,In-App
TKT_000851,SUB_002578,2025-10-10,Billing,Resolved,6.0,,In-App
TKT_000852,SUB_002602,2026-03-06,Content Request,Unresolved,8.6,1.0,Phone
TKT_000853,SUB_002602,2026-02-27,Streaming Quality,Resolved,11.1,,Chat
TKT_000854,SUB_002605,2026-01-14,Streaming Quality,Customer-Closed,6.4,2.0,Email
TKT_000855,SUB_002608,2025-07-22,Billing,Resolved,6.9,3.0,In-App
TKT_000856,SUB_002609,2025-12-04,Billing,Unresolved,29.6,2.0,Email
TKT_000857,SUB_002609,2025-06-03,Streaming Quality,Customer-Closed,1.8,,In-App
TKT_000858,SUB_002609,2025-07-02,Content Request,Unresolved,12.9,,In-App
TKT_000859,SUB_002610,2025-08-09,Streaming Quality,Resolved,17.7,3.0,Chat
TKT_000860,SUB_002613,2025-08-18,Billing,Customer-Closed,33.4,2.0,Chat
TKT_000861,SUB_002617,2025-11-26,Billing,Resolved,14.0,,In-App
TKT_000862,SUB_002617,2026-01-25,Account Access,Resolved,70.1,,Chat
TKT_000863,SUB_002619,2025-07-08,Account Access,Unresolved,9.0,1.0,In-App
TKT_000864,SUB_002621,2025-11-27,Billing,Resolved,8.9,,In-App
TKT_000865,SUB_002621,2025-08-23,Cancellation Help,Resolved,2.2,,Chat
TKT_000866,SUB_002634,2025-06-06,Billing,Resolved,43.5,5.0,In-App
TKT_000867,SUB_002636,2025-10-20,Streaming Quality,Unresolved,34.9,2.0,Phone
TKT_000868,SUB_002636,2025-10-10,Content Request,Customer-Closed,5.3,1.0,In-App
TKT_000869,SUB_002642,2025-08-15,Account Access,Resolved,68.4,,Chat
TKT_000870,SUB_002646,2026-03-18,Streaming Quality,Customer-Closed,11.2,,In-App
TKT_000871,SUB_002650,2025-10-12,Billing,Resolved,13.0,5.0,Phone
TKT_000872,SUB_002650,2025-11-28,Account Access,Resolved,11.9,5.0,In-App
TKT_000873,SUB_002660,2025-04-17,Billing,Resolved,4.7,5.0,Chat
TKT_000874,SUB_002662,2026-03-21,Streaming Quality,Unresolved,14.1,2.0,In-App
TKT_000875,SUB_002663,2025-05-20,Account Access,Resolved,15.7,,Chat
TKT_000876,SUB_002666,2025-11-13,Cancellation Help,Resolved,4.0,4.0,Email
TKT_000877,SUB_002668,2025-08-05,Billing,Resolved,168.0,5.0,In-App
TKT_000878,SUB_002678,2026-02-14,Cancellation Help,Resolved,2.4,,Email
TKT_000879,SUB_002680,2026-03-28,Billing,Resolved,5.8,,Phone
TKT_000880,SUB_002685,2025-09-12,Streaming Quality,Pending,11.4,3.0,Email
TKT_000881,SUB_002693,2025-09-27,Streaming Quality,Resolved,13.5,4.0,Phone
TKT_000882,SUB_002693,2026-03-04,Billing,Resolved,22.5,4.0,Chat
TKT_000883,SUB_002695,2025-10-08,Billing,Resolved,20.2,,In-App
TKT_000884,SUB_002701,2025-07-30,Cancellation Help,Customer-Closed,7.9,2.0,Email
TKT_000885,SUB_002701,2025-08-08,Account Access,Unresolved,5.7,,Email
TKT_000886,SUB_002701,2025-05-15,Cancellation Help,Unresolved,67.4,1.0,In-App
TKT_000887,SUB_002707,2025-07-31,Billing,Unresolved,12.8,1.0,In-App
TKT_000888,SUB_002714,2025-11-13,Streaming Quality,Resolved,27.3,,In-App
TKT_000889,SUB_002715,2025-06-02,Account Access,Pending,17.3,2.0,Phone
TKT_000890,SUB_002718,2026-02-07,Streaming Quality,Resolved,4.8,,Email
TKT_000891,SUB_002718,2026-03-16,Streaming Quality,Resolved,49.8,4.0,Chat
TKT_000892,SUB_002719,2025-09-13,Content Request,Unresolved,12.0,1.0,Chat
TKT_000893,SUB_002720,2026-03-31,Streaming Quality,Resolved,18.0,4.0,Email
TKT_000894,SUB_002722,2025-06-13,Billing,Resolved,11.9,,Email
TKT_000895,SUB_002724,2026-03-17,Content Request,Resolved,4.3,4.0,In-App
TKT_000896,SUB_002724,2026-03-03,Cancellation Help,Unresolved,4.5,,Phone
TKT_000897,SUB_002725,2025-09-19,Streaming Quality,Resolved,11.2,,In-App
TKT_000898,SUB_002729,2025-08-08,Content Request,Customer-Closed,17.2,1.0,Phone
TKT_000899,SUB_002733,2026-02-02,Streaming Quality,Resolved,2.5,5.0,Chat
TKT_000900,SUB_002735,2026-03-30,Streaming Quality,Unresolved,2.8,2.0,Email
TKT_000901,SUB_002739,2025-11-09,Account Access,Pending,6.5,1.0,In-App
TKT_000902,SUB_002740,2026-01-29,Billing,Resolved,10.5,4.0,In-App
TKT_000903,SUB_002753,2025-11-25,Billing,Resolved,2.7,5.0,In-App
TKT_000904,SUB_002754,2025-11-05,Billing,Unresolved,23.8,1.0,Chat
TKT_000905,SUB_002760,2026-01-02,Streaming Quality,Resolved,12.6,3.0,Email
TKT_000906,SUB_002762,2025-10-29,Streaming Quality,Resolved,24.5,,In-App
TKT_000907,SUB_002772,2025-03-31,Cancellation Help,Resolved,20.6,4.0,In-App
TKT_000908,SUB_002782,2025-08-16,Content Request,Resolved,34.0,,In-App
TKT_000909,SUB_002804,2025-06-04,Streaming Quality,Resolved,14.6,5.0,Chat
TKT_000910,SUB_002807,2025-04-26,Content Request,Unresolved,2.1,3.0,Chat
TKT_000911,SUB_002807,2025-04-22,Billing,Resolved,23.8,,Phone
TKT_000912,SUB_002821,2025-04-05,Billing,Customer-Closed,5.6,,In-App
TKT_000913,SUB_002831,2025-10-01,Cancellation Help,Resolved,5.6,4.0,In-App
TKT_000914,SUB_002832,2025-05-23,Streaming Quality,Unresolved,2.7,1.0,Chat
TKT_000915,SUB_002833,2025-11-04,Streaming Quality,Resolved,16.9,4.0,Phone
TKT_000916,SUB_002835,2026-02-12,Streaming Quality,Customer-Closed,23.1,2.0,Chat
TKT_000917,SUB_002838,2025-09-27,Billing,Resolved,20.0,,In-App
TKT_000918,SUB_002838,2025-11-17,Streaming Quality,Unresolved,44.6,,Email
TKT_000919,SUB_002840,2025-09-13,Content Request,Resolved,4.7,5.0,In-App
TKT_000920,SUB_002856,2025-08-15,Account Access,Resolved,10.2,5.0,In-App
TKT_000921,SUB_002865,2026-03-11,Streaming Quality,Customer-Closed,138.3,2.0,Chat
TKT_000922,SUB_002865,2026-03-17,Account Access,Resolved,10.9,5.0,Chat
TKT_000923,SUB_002868,2025-04-06,Streaming Quality,Resolved,5.3,,Email
TKT_000924,SUB_002868,2026-02-06,Billing,Resolved,22.7,4.0,In-App
TKT_000925,SUB_002872,2026-02-12,Streaming Quality,Customer-Closed,37.8,,In-App
TKT_000926,SUB_002872,2026-02-03,Billing,Resolved,13.2,,In-App
TKT_000927,SUB_002872,2026-02-16,Content Request,Unresolved,36.4,,Email
TKT_000928,SUB_002873,2026-03-15,Billing,Unresolved,2.9,2.0,Email
TKT_000929,SUB_002885,2026-03-16,Content Request,Pending,58.5,2.0,In-App
TKT_000930,SUB_002887,2025-12-28,Streaming Quality,Resolved,11.5,,In-App
TKT_000931,SUB_002888,2026-03-30,Streaming Quality,Resolved,29.5,,Phone
TKT_000932,SUB_002892,2026-03-08,Cancellation Help,Pending,5.1,3.0,Email
TKT_000933,SUB_002895,2026-02-24,Streaming Quality,Resolved,51.2,,Phone
TKT_000934,SUB_002899,2025-04-29,Streaming Quality,Resolved,9.0,,Chat
TKT_000935,SUB_002904,2026-01-12,Streaming Quality,Resolved,21.1,4.0,In-App
TKT_000936,SUB_002909,2025-09-20,Billing,Resolved,2.3,,In-App
TKT_000937,SUB_002919,2026-01-19,Billing,Resolved,12.8,4.0,Chat
TKT_000938,SUB_002920,2026-03-16,Streaming Quality,Resolved,10.4,5.0,In-App
TKT_000939,SUB_002922,2026-02-08,Cancellation Help,Customer-Closed,128.9,2.0,Chat
TKT_000940,SUB_002923,2026-03-28,Content Request,Resolved,13.5,5.0,Email
TKT_000941,SUB_002923,2026-03-25,Cancellation Help,Resolved,11.1,,Chat
TKT_000942,SUB_002928,2026-01-17,Streaming Quality,Resolved,1.7,5.0,Chat
TKT_000943,SUB_002933,2025-04-22,Billing,Customer-Closed,9.5,1.0,Email
TKT_000944,SUB_002941,2025-08-01,Cancellation Help,Resolved,10.4,4.0,Email
TKT_000945,SUB_002942,2025-06-27,Billing,Resolved,10.7,5.0,Chat
TKT_000946,SUB_002949,2026-02-16,Content Request,Unresolved,6.7,,Phone
TKT_000947,SUB_002953,2025-08-08,Billing,Resolved,7.2,4.0,In-App
TKT_000948,SUB_002954,2026-02-18,Cancellation Help,Resolved,4.9,4.0,In-App
TKT_000949,SUB_002964,2026-02-11,Billing,Resolved,18.7,3.0,In-App
TKT_000950,SUB_002966,2026-02-05,Content Request,Resolved,36.1,,Chat
TKT_000951,SUB_002966,2025-05-25,Content Request,Resolved,7.5,3.0,Chat
TKT_000952,SUB_002979,2025-10-30,Streaming Quality,Resolved,168.0,4.0,In-App
TKT_000953,SUB_002979,2025-06-12,Account Access,Resolved,10.4,3.0,In-App
TKT_000954,SUB_003003,2025-07-21,Billing,Resolved,5.4,,In-App
TKT_000955,SUB_003003,2025-12-14,Billing,Resolved,1.3,3.0,In-App
TKT_000956,SUB_003003,2025-12-04,Billing,Resolved,2.2,,Chat
TKT_000957,SUB_003003,2026-02-23,Streaming Quality,Pending,15.0,,Chat
TKT_000958,SUB_003014,2025-05-07,Streaming Quality,Resolved,6.4,5.0,Email
TKT_000959,SUB_003021,2025-06-08,Account Access,Resolved,25.0,4.0,In-App
TKT_000960,SUB_003021,2025-09-05,Account Access,Customer-Closed,30.7,,In-App
TKT_000961,SUB_003022,2026-01-28,Streaming Quality,Resolved,5.9,4.0,In-App
TKT_000962,SUB_003023,2025-08-28,Streaming Quality,Resolved,24.2,,In-App
TKT_000963,SUB_003031,2025-04-22,Cancellation Help,Resolved,6.6,4.0,Chat
TKT_000964,SUB_003031,2025-04-13,Billing,Resolved,18.1,4.0,Chat
TKT_000965,SUB_003034,2025-04-11,Billing,Resolved,2.6,4.0,In-App
TKT_000966,SUB_003034,2025-06-11,Streaming Quality,Resolved,1.8,4.0,Email
TKT_000967,SUB_003038,2025-11-10,Streaming Quality,Resolved,82.2,5.0,In-App
TKT_000968,SUB_003041,2025-07-25,Cancellation Help,Resolved,30.3,,Email
TKT_000969,SUB_003044,2025-12-28,Streaming Quality,Resolved,20.5,4.0,In-App
TKT_000970,SUB_003044,2026-02-18,Streaming Quality,Resolved,38.7,4.0,Email
TKT_000971,SUB_003045,2026-01-08,Billing,Resolved,13.7,4.0,Phone
TKT_000972,SUB_003045,2025-06-13,Billing,Unresolved,7.3,,Chat
TKT_000973,SUB_003045,2026-03-23,Billing,Resolved,47.2,3.0,Phone
TKT_000974,SUB_003045,2026-03-23,Streaming Quality,Unresolved,24.0,,Chat
TKT_000975,SUB_003048,2026-03-12,Billing,Unresolved,31.9,2.0,Phone
TKT_000976,SUB_003049,2026-03-16,Streaming Quality,Resolved,2.9,,Chat
TKT_000977,SUB_003050,2025-09-16,Content Request,Resolved,8.9,3.0,In-App
TKT_000978,SUB_003054,2026-03-02,Cancellation Help,Resolved,9.8,4.0,Email
TKT_000979,SUB_003059,2025-10-04,Streaming Quality,Customer-Closed,50.9,1.0,Phone
TKT_000980,SUB_003066,2025-05-19,Cancellation Help,Resolved,11.9,,In-App
TKT_000981,SUB_003066,2025-03-31,Account Access,Resolved,6.7,3.0,Chat
TKT_000982,SUB_003071,2025-06-17,Content Request,Resolved,12.4,5.0,Email
TKT_000983,SUB_003080,2026-01-31,Streaming Quality,Customer-Closed,3.6,,Email
TKT_000984,SUB_003102,2026-01-11,Cancellation Help,Resolved,9.7,5.0,In-App
TKT_000985,SUB_003103,2025-09-18,Billing,Resolved,23.1,5.0,Chat
TKT_000986,SUB_003106,2025-04-24,Billing,Unresolved,12.8,1.0,In-App
TKT_000987,SUB_003111,2025-10-05,Cancellation Help,Resolved,4.1,4.0,Phone
TKT_000988,SUB_003117,2025-10-29,Cancellation Help,Unresolved,29.0,,In-App
TKT_000989,SUB_003121,2025-08-17,Billing,Customer-Closed,61.7,1.0,Email
TKT_000990,SUB_003125,2026-02-17,Billing,Resolved,1.9,,Chat
TKT_000991,SUB_003129,2025-11-01,Streaming Quality,Resolved,6.2,,Email
TKT_000992,SUB_003129,2025-10-31,Content Request,Resolved,17.1,5.0,In-App
TKT_000993,SUB_003130,2025-07-02,Streaming Quality,Resolved,7.4,4.0,In-App
TKT_000994,SUB_003130,2025-06-07,Billing,Resolved,4.1,5.0,Chat
TKT_000995,SUB_003131,2025-08-25,Billing,Customer-Closed,6.5,,Email
TKT_000996,SUB_003138,2026-02-15,Streaming Quality,Customer-Closed,2.7,1.0,Chat
TKT_000997,SUB_003138,2026-02-17,Account Access,Resolved,11.7,,Chat
TKT_000998,SUB_003141,2026-03-31,Cancellation Help,Resolved,10.1,4.0,In-App
TKT_000999,SUB_003143,2026-02-01,Account Access,Resolved,79.2,4.0,In-App
TKT_001000,SUB_003145,2025-04-06,Billing,Unresolved,26.0,,In-App
TKT_001001,SUB_003158,2026-03-31,Account Access,Resolved,14.3,5.0,In-App
TKT_001002,SUB_003159,2025-11-07,Cancellation Help,Resolved,13.2,5.0,Email
TKT_001003,SUB_003162,2026-02-28,Streaming Quality,Resolved,40.3,,Chat
TKT_001004,SUB_003168,2025-12-24,Billing,Resolved,11.0,,Email
TKT_001005,SUB_003171,2025-12-07,Billing,Unresolved,7.6,1.0,In-App
TKT_001006,SUB_003171,2025-12-14,Streaming Quality,Customer-Closed,4.1,,Email
TKT_001007,SUB_003173,2025-10-18,Streaming Quality,Resolved,6.3,,In-App
TKT_001008,SUB_003174,2026-03-26,Account Access,Resolved,26.6,,Chat
TKT_001009,SUB_003174,2026-02-03,Streaming Quality,Resolved,16.5,5.0,Chat
TKT_001010,SUB_003174,2026-02-08,Streaming Quality,Resolved,3.5,,In-App
TKT_001011,SUB_003180,2025-04-19,Billing,Unresolved,10.8,2.0,In-App
TKT_001012,SUB_003186,2026-03-26,Billing,Resolved,15.5,5.0,Email
TKT_001013,SUB_003187,2026-02-28,Cancellation Help,Resolved,30.3,,Email
TKT_001014,SUB_003192,2025-10-19,Billing,Resolved,13.7,,Phone
TKT_001015,SUB_003192,2026-03-27,Streaming Quality,Resolved,8.4,5.0,Email
TKT_001016,SUB_003204,2026-01-26,Account Access,Unresolved,9.9,2.0,Phone
TKT_001017,SUB_003206,2026-03-22,Billing,Resolved,8.4,4.0,Chat
TKT_001018,SUB_003212,2026-03-01,Account Access,Resolved,19.8,4.0,In-App
TKT_001019,SUB_003212,2026-03-16,Streaming Quality,Unresolved,22.4,,Email
TKT_001020,SUB_003213,2025-08-05,Streaming Quality,Customer-Closed,38.0,,Chat
TKT_001021,SUB_003213,2025-07-27,Content Request,Pending,23.5,1.0,Phone
TKT_001022,SUB_003215,2025-11-02,Account Access,Resolved,78.1,3.0,In-App
TKT_001023,SUB_003215,2026-01-15,Account Access,Resolved,64.4,,In-App
TKT_001024,SUB_003216,2026-02-10,Account Access,Customer-Closed,57.7,2.0,In-App
TKT_001025,SUB_003229,2026-03-21,Content Request,Resolved,12.1,4.0,In-App
TKT_001026,SUB_003249,2025-08-24,Content Request,Resolved,6.8,3.0,Chat
TKT_001027,SUB_003251,2025-06-30,Billing,Resolved,7.4,,In-App
TKT_001028,SUB_003262,2025-07-02,Content Request,Resolved,15.9,,Email
TKT_001029,SUB_003263,2025-10-31,Cancellation Help,Customer-Closed,14.3,1.0,In-App
TKT_001030,SUB_003272,2026-03-01,Streaming Quality,Pending,39.2,2.0,Chat
TKT_001031,SUB_003285,2026-02-28,Streaming Quality,Resolved,45.0,4.0,In-App
TKT_001032,SUB_003285,2026-03-10,Streaming Quality,Resolved,7.0,4.0,Chat
TKT_001033,SUB_003285,2026-03-05,Account Access,Unresolved,3.4,1.0,Chat
TKT_001034,SUB_003288,2025-09-23,Content Request,Unresolved,58.8,1.0,In-App
TKT_001035,SUB_003293,2026-02-16,Billing,Customer-Closed,1.9,2.0,Phone
TKT_001036,SUB_003295,2025-04-12,Billing,Resolved,15.4,5.0,In-App
TKT_001037,SUB_003297,2026-02-05,Account Access,Resolved,13.9,,Email
TKT_001038,SUB_003297,2025-06-10,Account Access,Resolved,3.7,5.0,Email
TKT_001039,SUB_003305,2025-11-06,Billing,Unresolved,6.0,,In-App
TKT_001040,SUB_003305,2025-11-10,Billing,Unresolved,3.4,1.0,Phone
TKT_001041,SUB_003305,2025-11-04,Content Request,Pending,94.7,,Chat
TKT_001042,SUB_003305,2025-10-31,Billing,Unresolved,19.0,2.0,In-App
TKT_001043,SUB_003307,2025-09-09,Streaming Quality,Resolved,3.3,,Email
TKT_001044,SUB_003307,2026-03-22,Billing,Resolved,2.0,,In-App
TKT_001045,SUB_003315,2025-05-16,Billing,Unresolved,22.3,3.0,In-App
TKT_001046,SUB_003315,2025-04-10,Streaming Quality,Unresolved,43.3,,In-App
TKT_001047,SUB_003317,2025-08-27,Account Access,Resolved,47.5,,In-App
TKT_001048,SUB_003317,2025-09-03,Account Access,Unresolved,4.3,1.0,Chat
TKT_001049,SUB_003320,2025-06-28,Streaming Quality,Resolved,14.1,5.0,Phone
TKT_001050,SUB_003320,2025-08-05,Billing,Unresolved,16.7,2.0,Chat
TKT_001051,SUB_003323,2026-03-22,Account Access,Resolved,7.2,5.0,Chat
TKT_001052,SUB_003323,2026-02-17,Billing,Resolved,26.5,4.0,Chat
TKT_001053,SUB_003332,2026-01-18,Streaming Quality,Resolved,8.4,,Chat
TKT_001054,SUB_003332,2025-10-04,Account Access,Resolved,46.8,3.0,Email
TKT_001055,SUB_003333,2025-06-09,Cancellation Help,Resolved,18.6,,Phone
TKT_001056,SUB_003340,2025-09-06,Billing,Resolved,12.2,4.0,Phone
TKT_001057,SUB_003341,2026-02-25,Streaming Quality,Resolved,14.5,5.0,Chat
TKT_001058,SUB_003349,2025-04-23,Streaming Quality,Customer-Closed,12.9,2.0,In-App
TKT_001059,SUB_003358,2025-08-08,Content Request,Unresolved,10.3,,Chat
TKT_001060,SUB_003359,2025-10-22,Streaming Quality,Resolved,52.5,5.0,In-App
TKT_001061,SUB_003359,2026-01-13,Billing,Pending,26.1,3.0,Chat
TKT_001062,SUB_003359,2025-07-17,Billing,Customer-Closed,17.6,3.0,In-App
TKT_001063,SUB_003359,2025-12-11,Streaming Quality,Unresolved,2.7,,In-App
TKT_001064,SUB_003362,2025-06-13,Streaming Quality,Customer-Closed,2.7,,In-App
TKT_001065,SUB_003369,2025-04-09,Billing,Unresolved,12.2,2.0,Chat
TKT_001066,SUB_003370,2026-03-21,Streaming Quality,Resolved,14.8,5.0,Email
TKT_001067,SUB_003372,2025-10-13,Streaming Quality,Resolved,1.2,5.0,In-App
TKT_001068,SUB_003375,2026-02-22,Streaming Quality,Resolved,19.9,,In-App
TKT_001069,SUB_003382,2025-04-04,Account Access,Pending,7.5,2.0,Phone
TKT_001070,SUB_003382,2025-05-22,Streaming Quality,Resolved,10.7,5.0,Email
TKT_001071,SUB_003388,2025-09-26,Billing,Resolved,12.7,,Phone
TKT_001072,SUB_003389,2025-07-06,Cancellation Help,Resolved,32.2,,Chat
TKT_001073,SUB_003394,2026-02-18,Account Access,Resolved,8.3,4.0,In-App
TKT_001074,SUB_003394,2025-10-16,Content Request,Pending,46.6,,In-App
TKT_001075,SUB_003395,2025-08-04,Streaming Quality,Resolved,27.3,3.0,In-App
TKT_001076,SUB_003400,2025-07-05,Content Request,Resolved,10.2,,Phone
TKT_001077,SUB_003401,2025-10-12,Streaming Quality,Resolved,4.6,5.0,In-App
TKT_001078,SUB_003403,2026-03-17,Billing,Resolved,15.1,5.0,Email
TKT_001079,SUB_003404,2025-11-06,Content Request,Resolved,8.2,5.0,Chat
TKT_001080,SUB_003413,2025-07-22,Account Access,Unresolved,45.1,1.0,Email
TKT_001081,SUB_003414,2025-06-04,Account Access,Unresolved,6.9,2.0,Email
TKT_001082,SUB_003416,2025-07-06,Streaming Quality,Resolved,3.9,4.0,In-App
TKT_001083,SUB_003425,2026-03-27,Billing,Resolved,18.9,,Chat
TKT_001084,SUB_003444,2025-11-29,Billing,Pending,2.1,2.0,Email
TKT_001085,SUB_003445,2026-03-12,Billing,Resolved,44.3,,Email
TKT_001086,SUB_003446,2025-05-09,Cancellation Help,Unresolved,38.7,1.0,In-App
TKT_001087,SUB_003448,2025-05-02,Billing,Resolved,14.4,,In-App
TKT_001088,SUB_003452,2025-05-18,Cancellation Help,Resolved,4.4,5.0,In-App
TKT_001089,SUB_003453,2025-06-02,Streaming Quality,Unresolved,11.1,1.0,Phone
TKT_001090,SUB_003464,2025-10-29,Cancellation Help,Resolved,16.4,,In-App
TKT_001091,SUB_003475,2025-10-15,Streaming Quality,Resolved,2.9,3.0,Chat
TKT_001092,SUB_003478,2026-03-10,Account Access,Resolved,33.0,3.0,Email
TKT_001093,SUB_003480,2025-12-12,Billing,Resolved,4.6,,Email
TKT_001094,SUB_003481,2025-09-27,Cancellation Help,Resolved,16.4,,In-App
TKT_001095,SUB_003481,2025-07-19,Content Request,Resolved,7.1,5.0,In-App
TKT_001096,SUB_003481,2025-08-29,Billing,Customer-Closed,23.7,1.0,Chat
TKT_001097,SUB_003481,2025-05-31,Content Request,Pending,28.5,,In-App
TKT_001098,SUB_003483,2025-12-03,Streaming Quality,Resolved,9.4,3.0,In-App
TKT_001099,SUB_003483,2025-12-10,Content Request,Resolved,56.8,,Email
TKT_001100,SUB_003498,2025-10-08,Billing,Unresolved,12.5,3.0,In-App
TKT_001101,SUB_003499,2025-09-16,Content Request,Customer-Closed,110.5,3.0,In-App
TKT_001102,SUB_003499,2025-08-06,Account Access,Unresolved,30.5,,In-App
TKT_001103,SUB_003499,2025-06-24,Streaming Quality,Resolved,11.0,5.0,In-App
TKT_001104,SUB_003499,2025-09-26,Content Request,Unresolved,28.1,3.0,In-App
TKT_001105,SUB_003500,2025-11-11,Streaming Quality,Unresolved,1.6,1.0,Email
TKT_001106,SUB_003510,2025-09-13,Streaming Quality,Pending,55.8,,Chat
TKT_001107,SUB_003512,2025-12-03,Streaming Quality,Resolved,13.8,3.0,In-App
TKT_001108,SUB_003512,2025-04-16,Streaming Quality,Resolved,13.9,,Phone
TKT_001109,SUB_003512,2025-06-13,Streaming Quality,Resolved,32.8,5.0,In-App
TKT_001110,SUB_003513,2025-11-27,Streaming Quality,Resolved,3.4,5.0,Chat
TKT_001111,SUB_003516,2025-08-07,Streaming Quality,Pending,4.8,1.0,Email
TKT_001112,SUB_003526,2026-03-13,Billing,Customer-Closed,80.5,2.0,Chat
TKT_001113,SUB_003530,2025-04-24,Cancellation Help,Resolved,24.4,5.0,Chat
TKT_001114,SUB_003530,2025-04-25,Account Access,Resolved,23.7,,In-App
TKT_001115,SUB_003531,2025-09-06,Streaming Quality,Resolved,10.1,5.0,In-App
TKT_001116,SUB_003533,2026-03-19,Account Access,Unresolved,3.0,,In-App
TKT_001117,SUB_003549,2025-08-05,Billing,Resolved,8.2,5.0,In-App
TKT_001118,SUB_003553,2026-03-23,Account Access,Pending,33.2,,Email
TKT_001119,SUB_003556,2026-03-30,Billing,Pending,11.2,1.0,In-App
TKT_001120,SUB_003560,2025-07-21,Content Request,Pending,0.6,,Chat
TKT_001121,SUB_003561,2025-09-17,Streaming Quality,Resolved,12.0,,Email
TKT_001122,SUB_003571,2026-03-31,Streaming Quality,Unresolved,7.2,,In-App
TKT_001123,SUB_003577,2026-03-02,Account Access,Unresolved,12.5,3.0,Chat
TKT_001124,SUB_003589,2025-04-17,Account Access,Resolved,5.1,4.0,In-App
TKT_001125,SUB_003595,2025-04-09,Content Request,Resolved,22.8,5.0,In-App
TKT_001126,SUB_003597,2025-04-25,Billing,Resolved,22.2,4.0,Email
TKT_001127,SUB_003607,2026-03-27,Cancellation Help,Resolved,19.4,5.0,Chat
TKT_001128,SUB_003609,2025-09-22,Account Access,Resolved,5.8,4.0,Email
TKT_001129,SUB_003609,2025-09-24,Account Access,Resolved,6.7,5.0,Chat
TKT_001130,SUB_003609,2025-10-02,Billing,Resolved,7.7,4.0,In-App
TKT_001131,SUB_003615,2025-06-25,Billing,Resolved,7.9,,Email
TKT_001132,SUB_003616,2025-08-27,Billing,Resolved,92.2,,In-App
TKT_001133,SUB_003616,2025-07-31,Billing,Resolved,66.1,5.0,In-App
TKT_001134,SUB_003617,2025-10-10,Account Access,Resolved,9.3,4.0,Email
TKT_001135,SUB_003617,2025-04-30,Cancellation Help,Customer-Closed,11.3,3.0,Chat
TKT_001136,SUB_003618,2025-12-20,Billing,Customer-Closed,9.2,1.0,In-App
TKT_001137,SUB_003618,2025-12-29,Cancellation Help,Resolved,18.2,,Chat
TKT_001138,SUB_003618,2025-10-12,Billing,Unresolved,14.7,2.0,Email
TKT_001139,SUB_003622,2025-12-14,Streaming Quality,Resolved,6.3,4.0,Chat
TKT_001140,SUB_003630,2025-05-06,Streaming Quality,Unresolved,12.2,,In-App
TKT_001141,SUB_003642,2026-01-19,Cancellation Help,Resolved,6.9,3.0,Email
TKT_001142,SUB_003644,2025-04-13,Account Access,Resolved,18.3,,Email
TKT_001143,SUB_003644,2025-12-24,Account Access,Resolved,18.0,,Phone
TKT_001144,SUB_003644,2025-07-04,Billing,Resolved,3.4,,Chat
TKT_001145,SUB_003644,2026-02-14,Account Access,Resolved,19.1,5.0,Phone
TKT_001146,SUB_003645,2026-03-19,Cancellation Help,Resolved,3.7,3.0,Email
TKT_001147,SUB_003650,2025-04-27,Billing,Customer-Closed,21.9,1.0,In-App
TKT_001148,SUB_003651,2025-11-22,Account Access,Resolved,16.8,5.0,In-App
TKT_001149,SUB_003661,2025-07-21,Content Request,Resolved,9.8,,In-App
TKT_001150,SUB_003661,2025-09-05,Billing,Pending,5.8,3.0,In-App
TKT_001151,SUB_003665,2025-09-28,Billing,Resolved,5.5,3.0,In-App
TKT_001152,SUB_003665,2025-10-13,Billing,Resolved,2.0,,Chat
TKT_001153,SUB_003671,2025-03-31,Streaming Quality,Resolved,44.5,4.0,In-App
TKT_001154,SUB_003672,2025-07-21,Content Request,Resolved,15.5,4.0,Email
TKT_001155,SUB_003677,2025-11-16,Streaming Quality,Resolved,43.9,,Phone
TKT_001156,SUB_003680,2025-07-07,Streaming Quality,Resolved,5.1,,Chat
TKT_001157,SUB_003683,2025-06-22,Billing,Resolved,11.3,3.0,In-App
TKT_001158,SUB_003683,2026-02-13,Streaming Quality,Resolved,11.6,,Email
TKT_001159,SUB_003684,2025-06-20,Streaming Quality,Resolved,28.6,3.0,Phone
TKT_001160,SUB_003684,2025-12-28,Streaming Quality,Unresolved,39.4,2.0,Chat
TKT_001161,SUB_003684,2025-09-25,Streaming Quality,Resolved,4.8,5.0,Email
TKT_001162,SUB_003688,2025-06-29,Streaming Quality,Resolved,12.9,4.0,In-App
TKT_001163,SUB_003689,2025-09-02,Billing,Unresolved,10.1,,Chat
TKT_001164,SUB_003689,2025-12-02,Billing,Resolved,52.1,,Chat
TKT_001165,SUB_003690,2025-09-13,Streaming Quality,Resolved,25.1,,In-App
TKT_001166,SUB_003691,2026-02-13,Content Request,Unresolved,4.7,1.0,In-App
TKT_001167,SUB_003691,2026-03-26,Billing,Resolved,40.4,5.0,Chat
TKT_001168,SUB_003706,2025-07-13,Streaming Quality,Resolved,20.0,,In-App
TKT_001169,SUB_003706,2025-07-10,Account Access,Resolved,11.6,,Chat
TKT_001170,SUB_003711,2025-11-19,Billing,Resolved,2.4,4.0,Chat
TKT_001171,SUB_003712,2025-04-27,Streaming Quality,Resolved,8.2,,Phone
TKT_001172,SUB_003714,2025-11-25,Cancellation Help,Resolved,6.3,3.0,Phone
TKT_001173,SUB_003716,2025-07-08,Account Access,Resolved,3.5,,In-App
TKT_001174,SUB_003717,2026-01-03,Cancellation Help,Resolved,88.3,,Chat
TKT_001175,SUB_003721,2026-01-09,Streaming Quality,Resolved,11.1,4.0,Chat
TKT_001176,SUB_003723,2026-01-28,Streaming Quality,Resolved,14.3,5.0,Email
TKT_001177,SUB_003725,2026-01-06,Streaming Quality,Resolved,8.9,5.0,Email
TKT_001178,SUB_003729,2025-11-27,Cancellation Help,Unresolved,28.1,1.0,In-App
TKT_001179,SUB_003730,2025-08-30,Streaming Quality,Resolved,38.3,4.0,In-App
TKT_001180,SUB_003730,2025-07-31,Cancellation Help,Customer-Closed,10.3,2.0,Chat
TKT_001181,SUB_003731,2025-05-15,Streaming Quality,Unresolved,11.2,,Email
TKT_001182,SUB_003733,2025-08-31,Billing,Resolved,8.6,,In-App
TKT_001183,SUB_003737,2025-09-06,Cancellation Help,Unresolved,6.4,,In-App
TKT_001184,SUB_003739,2025-08-28,Cancellation Help,Unresolved,11.1,3.0,In-App
TKT_001185,SUB_003742,2025-05-18,Account Access,Resolved,33.2,3.0,In-App
TKT_001186,SUB_003746,2025-07-15,Billing,Customer-Closed,80.4,3.0,Chat
TKT_001187,SUB_003750,2025-04-14,Cancellation Help,Pending,15.8,1.0,Chat
TKT_001188,SUB_003750,2025-05-11,Streaming Quality,Resolved,12.3,5.0,In-App
TKT_001189,SUB_003754,2026-03-26,Account Access,Resolved,5.2,5.0,Chat
TKT_001190,SUB_003762,2026-02-18,Streaming Quality,Resolved,20.6,5.0,In-App
TKT_001191,SUB_003762,2025-11-02,Account Access,Resolved,20.1,4.0,In-App
TKT_001192,SUB_003769,2025-09-20,Cancellation Help,Resolved,2.2,4.0,Email
TKT_001193,SUB_003772,2025-12-13,Billing,Customer-Closed,20.0,2.0,Email
TKT_001194,SUB_003779,2026-03-22,Cancellation Help,Customer-Closed,49.8,,In-App
TKT_001195,SUB_003779,2026-03-05,Account Access,Resolved,35.7,4.0,Chat
TKT_001196,SUB_003780,2025-06-19,Account Access,Resolved,22.0,4.0,Chat
TKT_001197,SUB_003780,2025-04-04,Streaming Quality,Pending,4.8,2.0,In-App
TKT_001198,SUB_003780,2025-06-21,Streaming Quality,Unresolved,1.6,,Email
TKT_001199,SUB_003785,2025-12-16,Streaming Quality,Unresolved,51.1,1.0,Chat
TKT_001200,SUB_003786,2025-06-23,Streaming Quality,Customer-Closed,11.6,,Email
TKT_001201,SUB_003787,2025-06-15,Billing,Resolved,9.6,,Chat
TKT_001202,SUB_003789,2026-02-07,Content Request,Resolved,23.7,5.0,In-App
TKT_001203,SUB_003793,2026-01-02,Billing,Pending,11.4,3.0,In-App
TKT_001204,SUB_003800,2025-05-29,Account Access,Resolved,9.1,5.0,Chat
TKT_001205,SUB_003801,2025-10-17,Account Access,Resolved,11.5,5.0,Email
TKT_001206,SUB_003801,2025-12-24,Streaming Quality,Unresolved,168.0,3.0,In-App
TKT_001207,SUB_003801,2026-01-06,Account Access,Resolved,0.5,,Phone
TKT_001208,SUB_003801,2025-07-17,Billing,Pending,21.6,1.0,In-App
TKT_001209,SUB_003802,2025-11-28,Account Access,Resolved,4.2,,Phone
TKT_001210,SUB_003802,2025-09-05,Cancellation Help,Resolved,60.3,4.0,Chat
TKT_001211,SUB_003803,2025-11-05,Streaming Quality,Unresolved,9.0,3.0,Chat
TKT_001212,SUB_003809,2026-03-14,Content Request,Pending,25.0,1.0,Chat
TKT_001213,SUB_003810,2025-05-03,Billing,Resolved,20.5,,In-App
TKT_001214,SUB_003810,2025-04-07,Account Access,Resolved,4.7,5.0,In-App
TKT_001215,SUB_003817,2026-03-06,Content Request,Customer-Closed,4.1,,Chat
TKT_001216,SUB_003822,2026-03-03,Cancellation Help,Resolved,5.1,,Chat
TKT_001217,SUB_003833,2025-11-13,Content Request,Resolved,8.1,5.0,In-App
TKT_001218,SUB_003835,2026-01-16,Streaming Quality,Resolved,2.2,,Chat
TKT_001219,SUB_003836,2025-09-14,Account Access,Resolved,17.8,,In-App
TKT_001220,SUB_003838,2025-04-29,Account Access,Resolved,34.2,4.0,Chat
TKT_001221,SUB_003838,2025-04-05,Streaming Quality,Customer-Closed,23.6,3.0,Email
TKT_001222,SUB_003838,2025-05-02,Streaming Quality,Unresolved,3.2,2.0,In-App
TKT_001223,SUB_003839,2025-09-04,Streaming Quality,Resolved,24.1,5.0,Email
TKT_001224,SUB_003840,2026-03-08,Content Request,Resolved,39.8,5.0,In-App
TKT_001225,SUB_003844,2025-11-04,Billing,Resolved,4.4,,Chat
TKT_001226,SUB_003849,2026-03-26,Streaming Quality,Resolved,5.7,5.0,Phone
TKT_001227,SUB_003855,2025-12-15,Account Access,Resolved,8.2,4.0,Chat
TKT_001228,SUB_003859,2025-09-10,Content Request,Resolved,9.4,4.0,Chat
TKT_001229,SUB_003863,2025-09-29,Content Request,Unresolved,8.0,3.0,Email
TKT_001230,SUB_003863,2025-08-25,Streaming Quality,Unresolved,26.9,1.0,Chat
TKT_001231,SUB_003865,2025-08-05,Streaming Quality,Resolved,11.4,5.0,Chat
TKT_001232,SUB_003867,2025-04-23,Streaming Quality,Unresolved,21.6,,Email
TKT_001233,SUB_003867,2025-10-21,Billing,Resolved,20.9,,Chat
TKT_001234,SUB_003873,2025-12-19,Account Access,Resolved,4.1,4.0,In-App
TKT_001235,SUB_003880,2025-04-20,Streaming Quality,Customer-Closed,10.1,,In-App
TKT_001236,SUB_003884,2025-11-23,Streaming Quality,Resolved,16.5,4.0,Chat
TKT_001237,SUB_003888,2026-01-14,Streaming Quality,Resolved,15.8,3.0,Email
TKT_001238,SUB_003889,2026-01-23,Billing,Unresolved,16.1,1.0,Email
TKT_001239,SUB_003891,2025-09-18,Cancellation Help,Resolved,5.9,5.0,Chat
TKT_001240,SUB_003896,2025-09-12,Content Request,Resolved,85.2,5.0,Email
TKT_001241,SUB_003896,2025-05-06,Content Request,Pending,12.6,1.0,Chat
TKT_001242,SUB_003904,2026-01-27,Cancellation Help,Customer-Closed,27.0,1.0,Email
TKT_001243,SUB_003908,2025-04-14,Billing,Resolved,2.8,,Chat
TKT_001244,SUB_003911,2026-03-16,Account Access,Resolved,6.3,5.0,In-App
TKT_001245,SUB_003916,2025-04-07,Content Request,Resolved,54.9,,In-App
TKT_001246,SUB_003926,2025-04-19,Cancellation Help,Unresolved,9.0,,Email
TKT_001247,SUB_003927,2026-01-09,Account Access,Unresolved,35.7,2.0,In-App
TKT_001248,SUB_003929,2026-02-03,Billing,Resolved,8.8,5.0,Chat
TKT_001249,SUB_003935,2026-02-16,Account Access,Resolved,22.9,,Email
TKT_001250,SUB_003939,2025-12-27,Account Access,Resolved,4.0,,Chat
TKT_001251,SUB_003939,2026-01-21,Content Request,Resolved,4.8,,Phone
TKT_001252,SUB_003957,2025-12-26,Content Request,Resolved,6.7,5.0,In-App
TKT_001253,SUB_003957,2026-02-25,Streaming Quality,Resolved,14.6,5.0,Email
TKT_001254,SUB_003958,2025-09-14,Streaming Quality,Unresolved,47.1,1.0,In-App
TKT_001255,SUB_003959,2025-08-07,Streaming Quality,Resolved,52.0,,Email
TKT_001256,SUB_003960,2026-02-24,Streaming Quality,Resolved,14.2,,In-App
TKT_001257,SUB_003962,2026-03-23,Content Request,Resolved,16.4,4.0,Chat
TKT_001258,SUB_003964,2026-03-30,Streaming Quality,Unresolved,3.6,,Email
TKT_001259,SUB_003975,2025-12-31,Cancellation Help,Resolved,13.4,4.0,Chat
TKT_001260,SUB_003975,2025-05-04,Cancellation Help,Resolved,6.2,5.0,Email
TKT_001261,SUB_003977,2025-12-25,Billing,Unresolved,10.4,1.0,In-App
TKT_001262,SUB_003985,2025-04-16,Streaming Quality,Customer-Closed,8.5,2.0,Chat
TKT_001263,SUB_003992,2025-10-21,Content Request,Customer-Closed,5.7,2.0,Chat
TKT_001264,SUB_003996,2025-10-12,Streaming Quality,Customer-Closed,73.3,,Email
TKT_001265,SUB_004004,2025-04-28,Billing,Unresolved,13.6,2.0,Email
TKT_001266,SUB_004007,2026-01-21,Billing,Resolved,91.1,4.0,In-App
TKT_001267,SUB_004007,2025-09-21,Account Access,Resolved,6.9,5.0,In-App
TKT_001268,SUB_004018,2025-05-16,Cancellation Help,Resolved,5.0,3.0,Email
TKT_001269,SUB_004038,2025-04-20,Content Request,Unresolved,21.6,,In-App
TKT_001270,SUB_004041,2025-11-19,Streaming Quality,Resolved,3.3,,In-App
TKT_001271,SUB_004043,2026-02-15,Streaming Quality,Unresolved,2.3,,Email
TKT_001272,SUB_004050,2025-09-11,Billing,Resolved,6.9,3.0,Chat
TKT_001273,SUB_004055,2025-07-12,Streaming Quality,Unresolved,3.4,2.0,In-App
TKT_001274,SUB_004065,2026-02-16,Billing,Resolved,7.9,4.0,In-App
TKT_001275,SUB_004066,2026-03-18,Billing,Resolved,12.7,,Email
TKT_001276,SUB_004066,2026-03-20,Content Request,Resolved,19.4,,Chat
TKT_001277,SUB_004067,2025-04-21,Account Access,Unresolved,44.2,1.0,Chat
TKT_001278,SUB_004073,2025-06-07,Account Access,Resolved,4.4,4.0,In-App
TKT_001279,SUB_004074,2025-07-29,Account Access,Resolved,8.5,,In-App
TKT_001280,SUB_004080,2025-06-03,Streaming Quality,Unresolved,2.7,1.0,Phone
TKT_001281,SUB_004081,2025-06-10,Cancellation Help,Pending,9.9,1.0,In-App
TKT_001282,SUB_004082,2025-11-22,Account Access,Resolved,8.4,5.0,In-App
TKT_001283,SUB_004093,2025-09-30,Streaming Quality,Resolved,4.9,,In-App
TKT_001284,SUB_004100,2025-08-31,Content Request,Resolved,13.5,5.0,Chat
TKT_001285,SUB_004104,2026-03-07,Streaming Quality,Pending,2.1,,In-App
TKT_001286,SUB_004112,2025-11-08,Account Access,Resolved,6.0,3.0,Phone
TKT_001287,SUB_004115,2025-04-13,Streaming Quality,Resolved,109.4,4.0,Chat
TKT_001288,SUB_004122,2025-06-25,Account Access,Pending,3.4,,In-App
TKT_001289,SUB_004129,2025-05-01,Account Access,Resolved,10.1,5.0,Phone
TKT_001290,SUB_004131,2025-11-06,Content Request,Resolved,1.9,4.0,Phone
TKT_001291,SUB_004141,2025-12-16,Content Request,Customer-Closed,4.0,2.0,In-App
TKT_001292,SUB_004144,2025-08-10,Cancellation Help,Resolved,81.6,,Email
TKT_001293,SUB_004152,2025-07-20,Account Access,Customer-Closed,5.9,2.0,Chat
TKT_001294,SUB_004152,2025-06-13,Cancellation Help,Customer-Closed,4.1,1.0,In-App
TKT_001295,SUB_004156,2025-08-28,Streaming Quality,Resolved,6.7,4.0,Email
TKT_001296,SUB_004156,2025-10-27,Streaming Quality,Resolved,31.2,,Chat
TKT_001297,SUB_004163,2025-10-17,Cancellation Help,Pending,10.1,1.0,In-App
TKT_001298,SUB_004168,2026-03-15,Account Access,Customer-Closed,25.5,3.0,Chat
TKT_001299,SUB_004168,2026-02-08,Streaming Quality,Resolved,7.2,4.0,Chat
TKT_001300,SUB_004168,2026-01-13,Streaming Quality,Resolved,145.5,4.0,In-App
TKT_001301,SUB_004169,2026-02-03,Billing,Resolved,32.0,,In-App
TKT_001302,SUB_004169,2025-05-08,Cancellation Help,Resolved,15.0,4.0,Email
TKT_001303,SUB_004169,2025-07-17,Billing,Resolved,10.3,4.0,In-App
TKT_001304,SUB_004169,2025-04-15,Account Access,Resolved,24.7,4.0,In-App
TKT_001305,SUB_004170,2025-04-16,Content Request,Unresolved,54.1,2.0,In-App
TKT_001306,SUB_004185,2026-01-30,Cancellation Help,Resolved,21.9,5.0,In-App
TKT_001307,SUB_004192,2026-03-17,Content Request,Resolved,35.0,,Email
TKT_001308,SUB_004197,2025-07-19,Cancellation Help,Unresolved,43.7,3.0,In-App
TKT_001309,SUB_004197,2025-07-27,Streaming Quality,Customer-Closed,6.0,1.0,Email
TKT_001310,SUB_004199,2025-05-24,Cancellation Help,Unresolved,46.9,2.0,Chat
TKT_001311,SUB_004203,2025-08-22,Content Request,Resolved,11.5,5.0,Email
TKT_001312,SUB_004203,2025-09-01,Cancellation Help,Customer-Closed,25.4,1.0,In-App
TKT_001313,SUB_004204,2025-07-03,Streaming Quality,Unresolved,22.1,1.0,Email
TKT_001314,SUB_004214,2025-12-02,Streaming Quality,Unresolved,3.3,1.0,In-App
TKT_001315,SUB_004214,2025-09-14,Cancellation Help,Unresolved,41.9,3.0,In-App
TKT_001316,SUB_004214,2025-04-13,Streaming Quality,Unresolved,8.6,2.0,Chat
TKT_001317,SUB_004218,2025-05-12,Cancellation Help,Customer-Closed,8.7,3.0,In-App
TKT_001318,SUB_004221,2025-09-04,Account Access,Unresolved,11.3,1.0,In-App
TKT_001319,SUB_004223,2025-09-27,Billing,Resolved,7.4,3.0,Chat
TKT_001320,SUB_004227,2026-01-26,Cancellation Help,Unresolved,47.4,,Chat
TKT_001321,SUB_004228,2026-02-11,Account Access,Resolved,3.1,4.0,Email
TKT_001322,SUB_004228,2026-01-15,Content Request,Customer-Closed,116.2,,In-App
TKT_001323,SUB_004228,2025-06-21,Streaming Quality,Pending,4.0,3.0,In-App
TKT_001324,SUB_004236,2025-08-16,Content Request,Resolved,7.4,,Chat
TKT_001325,SUB_004241,2025-05-23,Cancellation Help,Resolved,1.9,5.0,Chat
TKT_001326,SUB_004244,2025-09-11,Billing,Customer-Closed,51.8,1.0,In-App
TKT_001327,SUB_004244,2025-05-23,Account Access,Customer-Closed,58.6,,Chat
TKT_001328,SUB_004248,2026-01-26,Streaming Quality,Unresolved,13.0,1.0,In-App
TKT_001329,SUB_004252,2025-11-18,Billing,Resolved,38.0,5.0,Chat
TKT_001330,SUB_004260,2025-05-20,Billing,Resolved,17.5,,Chat
TKT_001331,SUB_004271,2026-03-04,Billing,Resolved,47.8,,Phone
TKT_001332,SUB_004272,2025-07-24,Billing,Customer-Closed,7.3,1.0,In-App
TKT_001333,SUB_004272,2025-07-03,Account Access,Customer-Closed,10.4,1.0,In-App
TKT_001334,SUB_004272,2025-07-17,Billing,Resolved,55.7,5.0,Chat
TKT_001335,SUB_004276,2025-03-31,Streaming Quality,Customer-Closed,12.1,2.0,Email
TKT_001336,SUB_004276,2026-01-06,Billing,Pending,1.7,,Chat
TKT_001337,SUB_004279,2026-03-29,Streaming Quality,Customer-Closed,2.9,1.0,Email
TKT_001338,SUB_004288,2026-03-28,Account Access,Resolved,5.1,5.0,Email
TKT_001339,SUB_004292,2025-09-09,Streaming Quality,Unresolved,6.4,,Phone
TKT_001340,SUB_004292,2025-09-21,Streaming Quality,Resolved,24.5,5.0,Phone
TKT_001341,SUB_004294,2026-02-21,Streaming Quality,Resolved,12.0,4.0,In-App
TKT_001342,SUB_004303,2025-06-27,Content Request,Resolved,7.5,5.0,Email
TKT_001343,SUB_004303,2025-09-28,Billing,Unresolved,22.3,,Chat
TKT_001344,SUB_004303,2025-06-16,Account Access,Unresolved,5.6,1.0,In-App
TKT_001345,SUB_004304,2025-07-20,Streaming Quality,Resolved,17.9,3.0,In-App
TKT_001346,SUB_004308,2025-10-10,Account Access,Resolved,46.2,4.0,Chat
TKT_001347,SUB_004319,2026-03-21,Billing,Resolved,2.6,5.0,In-App
TKT_001348,SUB_004319,2026-03-11,Billing,Resolved,14.7,4.0,In-App
TKT_001349,SUB_004323,2025-04-15,Account Access,Pending,27.7,2.0,In-App
TKT_001350,SUB_004327,2025-08-07,Content Request,Unresolved,6.6,,Chat
TKT_001351,SUB_004331,2025-06-16,Streaming Quality,Resolved,13.5,,Email
TKT_001352,SUB_004345,2025-11-22,Cancellation Help,Resolved,2.6,,Phone
TKT_001353,SUB_004353,2026-01-21,Account Access,Resolved,5.6,5.0,In-App
TKT_001354,SUB_004363,2025-04-02,Account Access,Pending,7.7,1.0,Chat
TKT_001355,SUB_004385,2025-12-05,Streaming Quality,Resolved,3.5,4.0,In-App
TKT_001356,SUB_004387,2025-08-09,Billing,Resolved,8.7,5.0,In-App
TKT_001357,SUB_004390,2025-10-14,Billing,Resolved,9.2,5.0,Chat
TKT_001358,SUB_004390,2025-12-11,Streaming Quality,Resolved,27.2,3.0,Chat
TKT_001359,SUB_004390,2025-12-01,Account Access,Resolved,74.8,,Email
TKT_001360,SUB_004395,2026-01-26,Streaming Quality,Unresolved,6.5,1.0,In-App
TKT_001361,SUB_004409,2026-02-21,Account Access,Resolved,8.7,,In-App
TKT_001362,SUB_004413,2025-07-26,Content Request,Resolved,9.0,5.0,Chat
TKT_001363,SUB_004420,2025-05-10,Account Access,Customer-Closed,85.3,,Phone
TKT_001364,SUB_004420,2025-05-20,Billing,Unresolved,21.2,2.0,Chat
TKT_001365,SUB_004430,2025-07-01,Streaming Quality,Resolved,14.3,5.0,Phone
TKT_001366,SUB_004430,2025-11-30,Content Request,Resolved,6.6,3.0,In-App
TKT_001367,SUB_004433,2025-04-08,Account Access,Resolved,16.8,4.0,In-App
TKT_001368,SUB_004436,2025-04-24,Account Access,Pending,6.8,,In-App
TKT_001369,SUB_004448,2026-03-30,Streaming Quality,Resolved,21.7,4.0,In-App
TKT_001370,SUB_004449,2025-08-20,Account Access,Resolved,4.0,,In-App
TKT_001371,SUB_004450,2026-01-16,Billing,Resolved,51.0,5.0,Email
TKT_001372,SUB_004450,2025-08-14,Account Access,Resolved,14.1,3.0,Chat
TKT_001373,SUB_004450,2025-05-18,Billing,Resolved,13.2,5.0,Email
TKT_001374,SUB_004450,2025-09-12,Billing,Resolved,8.6,5.0,Phone
TKT_001375,SUB_004451,2025-04-04,Streaming Quality,Resolved,11.5,4.0,Phone
TKT_001376,SUB_004459,2025-06-23,Streaming Quality,Customer-Closed,40.9,,Chat
TKT_001377,SUB_004476,2025-06-17,Account Access,Unresolved,3.9,1.0,Phone
TKT_001378,SUB_004476,2025-08-30,Billing,Customer-Closed,30.6,3.0,In-App
TKT_001379,SUB_004477,2025-05-09,Account Access,Resolved,5.3,,Chat
TKT_001380,SUB_004477,2025-06-12,Account Access,Unresolved,16.0,,Email
TKT_001381,SUB_004477,2025-09-27,Account Access,Resolved,5.0,,Chat
TKT_001382,SUB_004480,2025-11-09,Streaming Quality,Customer-Closed,38.4,,Email
TKT_001383,SUB_004481,2025-04-15,Cancellation Help,Resolved,9.5,5.0,In-App
TKT_001384,SUB_004481,2025-05-04,Streaming Quality,Customer-Closed,29.9,2.0,In-App
TKT_001385,SUB_004482,2026-03-18,Streaming Quality,Pending,7.5,3.0,Chat
TKT_001386,SUB_004492,2026-01-01,Streaming Quality,Resolved,19.8,5.0,In-App
TKT_001387,SUB_004492,2025-10-14,Content Request,Unresolved,6.8,1.0,Email
TKT_001388,SUB_004495,2026-03-03,Content Request,Resolved,107.3,4.0,In-App
TKT_001389,SUB_004500,2025-06-17,Billing,Resolved,22.6,5.0,Email
TKT_001390,SUB_004500,2025-04-01,Streaming Quality,Resolved,10.3,4.0,In-App
TKT_001391,SUB_004507,2026-01-31,Content Request,Customer-Closed,4.9,1.0,In-App
TKT_001392,SUB_004509,2025-10-30,Streaming Quality,Unresolved,12.1,,In-App
TKT_001393,SUB_004510,2025-07-04,Streaming Quality,Unresolved,15.2,,In-App
TKT_001394,SUB_004513,2025-04-19,Cancellation Help,Resolved,11.0,,In-App
TKT_001395,SUB_004516,2025-06-28,Streaming Quality,Unresolved,3.8,,In-App
TKT_001396,SUB_004522,2026-01-07,Streaming Quality,Unresolved,58.3,3.0,Phone
TKT_001397,SUB_004527,2026-03-05,Billing,Resolved,33.2,,Chat
TKT_001398,SUB_004540,2026-02-13,Account Access,Resolved,7.3,4.0,Chat
TKT_001399,SUB_004540,2026-03-04,Cancellation Help,Customer-Closed,87.1,,In-App
TKT_001400,SUB_004540,2026-01-27,Streaming Quality,Resolved,18.2,,In-App
TKT_001401,SUB_004540,2026-02-28,Streaming Quality,Resolved,37.9,3.0,Phone
TKT_001402,SUB_004542,2025-11-14,Account Access,Resolved,32.4,3.0,Email
TKT_001403,SUB_004544,2025-08-13,Content Request,Resolved,80.1,5.0,In-App
TKT_001404,SUB_004548,2025-12-03,Content Request,Resolved,7.7,4.0,Chat
TKT_001405,SUB_004550,2025-12-01,Streaming Quality,Customer-Closed,24.5,1.0,Chat
TKT_001406,SUB_004552,2025-04-05,Billing,Resolved,41.1,5.0,In-App
TKT_001407,SUB_004552,2025-04-06,Account Access,Resolved,9.4,4.0,Email
TKT_001408,SUB_004554,2026-03-27,Billing,Pending,19.1,2.0,Chat
TKT_001409,SUB_004554,2026-03-20,Account Access,Resolved,25.5,5.0,In-App
TKT_001410,SUB_004556,2025-07-07,Streaming Quality,Resolved,41.5,5.0,Chat
TKT_001411,SUB_004556,2025-07-24,Cancellation Help,Resolved,3.2,5.0,In-App
TKT_001412,SUB_004556,2025-09-24,Streaming Quality,Pending,13.7,1.0,Chat
TKT_001413,SUB_004558,2025-08-10,Content Request,Pending,4.1,3.0,Phone
TKT_001414,SUB_004560,2026-02-24,Billing,Resolved,13.1,,Phone
TKT_001415,SUB_004560,2025-09-30,Content Request,Unresolved,6.3,3.0,In-App
TKT_001416,SUB_004561,2026-01-19,Account Access,Unresolved,23.9,2.0,Phone
TKT_001417,SUB_004563,2025-04-17,Streaming Quality,Resolved,40.0,4.0,Email
TKT_001418,SUB_004563,2025-07-30,Streaming Quality,Resolved,62.1,,Phone
TKT_001419,SUB_004573,2025-04-17,Account Access,Unresolved,5.9,3.0,In-App
TKT_001420,SUB_004574,2025-05-18,Streaming Quality,Resolved,52.1,5.0,Phone
TKT_001421,SUB_004574,2025-07-17,Account Access,Unresolved,54.9,,In-App
TKT_001422,SUB_004576,2025-06-10,Billing,Resolved,1.5,5.0,Chat
TKT_001423,SUB_004576,2025-04-05,Streaming Quality,Unresolved,7.2,1.0,In-App
TKT_001424,SUB_004582,2025-11-01,Billing,Unresolved,36.2,2.0,In-App
TKT_001425,SUB_004586,2025-07-27,Billing,Resolved,20.9,5.0,Email
TKT_001426,SUB_004590,2025-04-21,Streaming Quality,Pending,10.3,2.0,In-App
TKT_001427,SUB_004592,2025-08-08,Billing,Resolved,4.3,4.0,Email
TKT_001428,SUB_004595,2026-02-07,Account Access,Customer-Closed,68.5,1.0,In-App
TKT_001429,SUB_004600,2026-01-30,Cancellation Help,Resolved,5.3,4.0,In-App
TKT_001430,SUB_004605,2025-04-26,Cancellation Help,Resolved,29.5,5.0,Phone
TKT_001431,SUB_004605,2025-04-17,Billing,Unresolved,7.9,,Email
TKT_001432,SUB_004605,2025-04-04,Cancellation Help,Unresolved,47.8,2.0,Chat
TKT_001433,SUB_004611,2025-09-02,Streaming Quality,Resolved,9.3,,In-App
TKT_001434,SUB_004612,2025-06-23,Cancellation Help,Resolved,14.0,4.0,Email
TKT_001435,SUB_004624,2026-02-01,Streaming Quality,Resolved,21.2,,Chat
TKT_001436,SUB_004630,2026-03-06,Billing,Resolved,2.1,4.0,Phone
TKT_001437,SUB_004631,2025-06-03,Billing,Unresolved,6.5,,Email
TKT_001438,SUB_004631,2025-04-01,Billing,Resolved,6.4,3.0,Email
TKT_001439,SUB_004631,2025-07-03,Billing,Resolved,23.1,5.0,In-App
TKT_001440,SUB_004632,2025-09-15,Account Access,Unresolved,6.2,1.0,Email
TKT_001441,SUB_004636,2025-10-07,Content Request,Unresolved,13.0,1.0,In-App
TKT_001442,SUB_004638,2026-03-17,Account Access,Resolved,43.1,4.0,In-App
TKT_001443,SUB_004639,2025-07-31,Cancellation Help,Customer-Closed,11.2,,Email
TKT_001444,SUB_004640,2025-06-17,Content Request,Customer-Closed,39.8,,Chat
TKT_001445,SUB_004646,2025-09-23,Billing,Customer-Closed,11.7,3.0,In-App
TKT_001446,SUB_004656,2025-08-20,Billing,Pending,5.1,,In-App
TKT_001447,SUB_004656,2025-09-24,Billing,Unresolved,11.4,,Email
TKT_001448,SUB_004658,2026-03-05,Streaming Quality,Resolved,7.4,,In-App
TKT_001449,SUB_004671,2025-11-02,Billing,Resolved,22.1,5.0,In-App
TKT_001450,SUB_004679,2026-03-08,Content Request,Resolved,3.4,,In-App
TKT_001451,SUB_004679,2026-03-12,Streaming Quality,Customer-Closed,15.0,,In-App
TKT_001452,SUB_004679,2026-03-28,Streaming Quality,Resolved,39.2,5.0,Phone
TKT_001453,SUB_004682,2025-10-25,Account Access,Resolved,14.4,5.0,In-App
TKT_001454,SUB_004691,2025-05-10,Streaming Quality,Resolved,4.6,,In-App
TKT_001455,SUB_004692,2025-09-01,Account Access,Unresolved,10.3,,In-App
TKT_001456,SUB_004699,2025-07-02,Cancellation Help,Resolved,18.6,,Chat
TKT_001457,SUB_004700,2025-06-13,Account Access,Unresolved,38.0,3.0,Phone
TKT_001458,SUB_004701,2025-06-14,Streaming Quality,Resolved,60.3,4.0,Chat
TKT_001459,SUB_004701,2025-06-17,Streaming Quality,Unresolved,54.0,1.0,Chat
TKT_001460,SUB_004703,2025-12-14,Account Access,Resolved,4.0,,Email
TKT_001461,SUB_004703,2026-01-30,Billing,Resolved,38.2,5.0,In-App
TKT_001462,SUB_004710,2026-02-26,Billing,Resolved,20.3,,Phone
TKT_001463,SUB_004714,2025-12-10,Cancellation Help,Resolved,8.0,4.0,In-App
TKT_001464,SUB_004719,2026-03-22,Billing,Resolved,12.7,3.0,Chat
TKT_001465,SUB_004724,2025-12-20,Cancellation Help,Resolved,102.7,5.0,Chat
TKT_001466,SUB_004728,2025-04-17,Streaming Quality,Unresolved,99.1,1.0,Phone
TKT_001467,SUB_004730,2025-12-29,Cancellation Help,Unresolved,23.3,1.0,Email
TKT_001468,SUB_004731,2026-01-13,Billing,Customer-Closed,10.6,1.0,Phone
TKT_001469,SUB_004736,2026-02-28,Streaming Quality,Customer-Closed,16.0,1.0,In-App
TKT_001470,SUB_004736,2026-02-27,Cancellation Help,Resolved,65.4,4.0,In-App
TKT_001471,SUB_004741,2026-03-15,Content Request,Resolved,3.3,3.0,Chat
TKT_001472,SUB_004742,2025-09-05,Account Access,Resolved,30.2,,Email
TKT_001473,SUB_004747,2026-03-27,Content Request,Resolved,7.7,,In-App
TKT_001474,SUB_004749,2025-07-07,Cancellation Help,Customer-Closed,2.8,2.0,In-App
TKT_001475,SUB_004749,2025-12-29,Billing,Resolved,3.3,4.0,In-App
TKT_001476,SUB_004750,2025-06-20,Account Access,Unresolved,4.3,,Chat
TKT_001477,SUB_004750,2025-05-04,Streaming Quality,Resolved,168.0,,Chat
TKT_001478,SUB_004752,2026-03-26,Account Access,Resolved,13.9,,In-App
TKT_001479,SUB_004766,2025-09-23,Account Access,Unresolved,45.6,2.0,Email
TKT_001480,SUB_004767,2026-03-06,Billing,Resolved,27.3,,Email
TKT_001481,SUB_004768,2025-12-10,Streaming Quality,Resolved,4.1,,Chat
TKT_001482,SUB_004774,2025-12-06,Streaming Quality,Resolved,29.1,,In-App
TKT_001483,SUB_004776,2025-06-04,Account Access,Resolved,7.7,5.0,Chat
TKT_001484,SUB_004776,2025-07-09,Streaming Quality,Resolved,34.4,,Email
TKT_001485,SUB_004776,2025-05-11,Streaming Quality,Resolved,12.7,,In-App
TKT_001486,SUB_004780,2025-04-16,Account Access,Unresolved,49.2,1.0,Email
TKT_001487,SUB_004780,2025-04-15,Billing,Pending,70.9,1.0,In-App
TKT_001488,SUB_004780,2025-04-19,Billing,Customer-Closed,21.0,2.0,Chat
TKT_001489,SUB_004783,2025-05-28,Streaming Quality,Customer-Closed,7.2,3.0,Email
TKT_001490,SUB_004786,2025-07-14,Cancellation Help,Resolved,5.0,5.0,In-App
TKT_001491,SUB_004796,2025-09-07,Cancellation Help,Unresolved,7.9,,Email
TKT_001492,SUB_004800,2025-08-21,Cancellation Help,Resolved,16.3,,In-App
TKT_001493,SUB_004800,2025-11-05,Streaming Quality,Resolved,5.6,5.0,Email
TKT_001494,SUB_004808,2026-03-20,Streaming Quality,Customer-Closed,5.3,3.0,Email
TKT_001495,SUB_004811,2025-08-13,Streaming Quality,Resolved,16.7,4.0,In-App
TKT_001496,SUB_004813,2026-03-26,Billing,Resolved,54.5,,Email
TKT_001497,SUB_004819,2025-10-01,Content Request,Resolved,9.4,5.0,Email
TKT_001498,SUB_004828,2026-02-26,Cancellation Help,Customer-Closed,13.9,1.0,In-App
TKT_001499,SUB_004834,2025-06-19,Streaming Quality,Customer-Closed,3.6,,In-App
TKT_001500,SUB_004834,2025-06-24,Streaming Quality,Resolved,27.5,4.0,Chat
TKT_001501,SUB_004834,2025-08-02,Cancellation Help,Unresolved,6.1,1.0,Chat
TKT_001502,SUB_004840,2025-11-23,Streaming Quality,Resolved,35.4,5.0,In-App
TKT_001503,SUB_004845,2025-04-26,Cancellation Help,Pending,5.5,1.0,In-App
TKT_001504,SUB_004847,2025-07-09,Billing,Pending,11.2,,In-App
TKT_001505,SUB_004854,2025-12-03,Billing,Resolved,119.4,4.0,In-App
TKT_001506,SUB_004858,2025-04-10,Account Access,Resolved,4.2,,In-App
TKT_001507,SUB_004858,2025-05-16,Billing,Unresolved,52.0,2.0,Email
TKT_001508,SUB_004858,2025-05-19,Account Access,Pending,10.2,,In-App
TKT_001509,SUB_004862,2025-10-24,Streaming Quality,Resolved,25.6,4.0,In-App
TKT_001510,SUB_004877,2025-04-23,Streaming Quality,Resolved,168.0,4.0,Phone
TKT_001511,SUB_004877,2025-04-07,Streaming Quality,Resolved,34.7,,Email
TKT_001512,SUB_004879,2025-06-21,Cancellation Help,Customer-Closed,25.8,3.0,Phone
TKT_001513,SUB_004880,2025-12-29,Billing,Unresolved,5.8,1.0,Chat
TKT_001514,SUB_004880,2025-10-05,Billing,Resolved,9.3,,In-App
TKT_001515,SUB_004890,2026-02-04,Content Request,Customer-Closed,97.1,2.0,In-App
TKT_001516,SUB_004901,2026-01-01,Billing,Customer-Closed,10.8,2.0,Phone
TKT_001517,SUB_004908,2026-03-02,Content Request,Resolved,68.9,,In-App
TKT_001518,SUB_004908,2026-03-27,Streaming Quality,Resolved,20.9,5.0,In-App
TKT_001519,SUB_004908,2026-01-31,Streaming Quality,Resolved,3.7,4.0,Phone
TKT_001520,SUB_004909,2025-08-01,Streaming Quality,Resolved,7.0,4.0,Email
TKT_001521,SUB_004912,2025-04-13,Billing,Resolved,17.0,4.0,Chat
TKT_001522,SUB_004922,2025-07-18,Account Access,Resolved,57.8,,In-App
TKT_001523,SUB_004922,2025-06-25,Account Access,Customer-Closed,9.6,2.0,In-App
TKT_001524,SUB_004928,2025-12-02,Streaming Quality,Resolved,2.9,5.0,In-App
TKT_001525,SUB_004928,2026-03-15,Streaming Quality,Resolved,7.5,5.0,Phone
TKT_001526,SUB_004944,2025-05-15,Streaming Quality,Resolved,30.7,5.0,Chat
TKT_001527,SUB_004965,2025-07-13,Billing,Customer-Closed,12.6,,Chat
TKT_001528,SUB_004967,2026-02-13,Account Access,Resolved,25.4,4.0,Chat
TKT_001529,SUB_004969,2025-08-15,Billing,Pending,8.8,,In-App
TKT_001530,SUB_004975,2025-10-14,Billing,Pending,23.3,1.0,In-App
TKT_001531,SUB_004980,2025-10-14,Streaming Quality,Resolved,15.9,4.0,Chat
TKT_001532,SUB_004984,2025-08-21,Account Access,Resolved,14.9,5.0,Email
TKT_001533,SUB_004985,2026-03-30,Content Request,Resolved,21.9,3.0,Email
TKT_001534,SUB_004986,2025-09-30,Account Access,Unresolved,10.4,,Email
TKT_001535,SUB_004990,2026-03-02,Streaming Quality,Resolved,27.9,,In-App
TKT_001536,SUB_004997,2025-10-02,Billing,Unresolved,68.7,2.0,Chat
TKT_001537,SUB_005005,2026-02-12,Streaming Quality,Resolved,24.9,,Chat
TKT_001538,SUB_005007,2025-09-28,Billing,Customer-Closed,29.9,2.0,Phone
TKT_001539,SUB_005007,2025-08-23,Cancellation Help,Resolved,20.2,,In-App
TKT_001540,SUB_005007,2025-10-19,Cancellation Help,Pending,6.1,3.0,Email
TKT_001541,SUB_005025,2025-08-10,Streaming Quality,Customer-Closed,6.3,1.0,In-App
TKT_001542,SUB_005025,2025-09-19,Account Access,Resolved,7.4,5.0,In-App
TKT_001543,SUB_005025,2025-09-29,Account Access,Resolved,12.3,5.0,Email
TKT_001544,SUB_005025,2025-05-25,Billing,Resolved,5.4,,Phone
TKT_001545,SUB_005029,2025-05-22,Streaming Quality,Resolved,45.0,5.0,In-App
TKT_001546,SUB_005034,2025-12-26,Account Access,Resolved,8.3,4.0,Email
TKT_001547,SUB_005037,2026-03-12,Account Access,Resolved,50.9,,Phone
TKT_001548,SUB_005043,2025-11-27,Billing,Unresolved,7.2,,Chat
TKT_001549,SUB_005044,2025-10-24,Streaming Quality,Resolved,14.0,5.0,In-App
TKT_001550,SUB_005046,2025-08-10,Billing,Pending,7.8,1.0,Chat
TKT_001551,SUB_005050,2025-12-31,Cancellation Help,Unresolved,38.3,3.0,Chat
TKT_001552,SUB_005050,2025-05-10,Cancellation Help,Customer-Closed,16.2,,Chat
TKT_001553,SUB_005051,2026-03-11,Billing,Resolved,10.7,4.0,Phone
TKT_001554,SUB_005051,2025-04-01,Streaming Quality,Resolved,26.5,3.0,Phone
TKT_001555,SUB_005055,2025-09-24,Cancellation Help,Resolved,4.8,,Email
TKT_001556,SUB_005065,2025-09-07,Billing,Resolved,5.6,3.0,In-App
TKT_001557,SUB_005070,2026-01-27,Cancellation Help,Resolved,10.9,4.0,Chat
TKT_001558,SUB_005070,2025-07-09,Billing,Resolved,11.2,4.0,Email
TKT_001559,SUB_005072,2025-11-06,Streaming Quality,Resolved,7.6,5.0,Chat
TKT_001560,SUB_005086,2025-06-15,Billing,Resolved,7.4,,In-App
TKT_001561,SUB_005088,2025-10-26,Streaming Quality,Resolved,18.8,5.0,Phone
TKT_001562,SUB_005092,2025-06-13,Streaming Quality,Unresolved,2.5,2.0,In-App
TKT_001563,SUB_005094,2025-11-30,Streaming Quality,Resolved,41.2,5.0,In-App
TKT_001564,SUB_005097,2025-10-15,Streaming Quality,Unresolved,12.6,2.0,Chat
TKT_001565,SUB_005097,2025-08-12,Streaming Quality,Unresolved,70.6,1.0,In-App
TKT_001566,SUB_005100,2025-09-20,Cancellation Help,Resolved,111.3,,Email
TKT_001567,SUB_005101,2025-12-21,Cancellation Help,Customer-Closed,7.4,3.0,Chat
TKT_001568,SUB_005119,2025-07-08,Billing,Resolved,18.2,,Chat
TKT_001569,SUB_005119,2025-10-03,Billing,Resolved,6.3,,Chat
TKT_001570,SUB_005127,2025-12-14,Content Request,Resolved,10.6,,Chat
TKT_001571,SUB_005130,2025-06-07,Content Request,Resolved,50.4,5.0,In-App
TKT_001572,SUB_005131,2025-11-10,Billing,Resolved,15.3,,Email
TKT_001573,SUB_005131,2025-06-01,Streaming Quality,Unresolved,4.6,2.0,In-App
TKT_001574,SUB_005131,2025-09-13,Billing,Resolved,11.5,3.0,Email
TKT_001575,SUB_005137,2026-02-08,Cancellation Help,Pending,62.2,3.0,Email
TKT_001576,SUB_005137,2026-03-15,Streaming Quality,Unresolved,168.0,2.0,Chat
TKT_001577,SUB_005141,2026-03-29,Streaming Quality,Resolved,9.6,5.0,Chat
TKT_001578,SUB_005144,2025-08-23,Streaming Quality,Resolved,5.4,5.0,Chat
TKT_001579,SUB_005146,2026-02-14,Billing,Resolved,3.1,,In-App
TKT_001580,SUB_005147,2026-01-08,Streaming Quality,Resolved,10.6,5.0,In-App
TKT_001581,SUB_005152,2026-03-13,Billing,Unresolved,3.6,3.0,Email
TKT_001582,SUB_005153,2026-03-31,Cancellation Help,Resolved,7.7,,In-App
TKT_001583,SUB_005157,2026-03-25,Streaming Quality,Resolved,7.9,,Email
TKT_001584,SUB_005163,2025-07-28,Billing,Resolved,27.8,4.0,Chat
TKT_001585,SUB_005167,2026-02-10,Streaming Quality,Resolved,40.6,4.0,Email
TKT_001586,SUB_005169,2025-08-05,Billing,Unresolved,6.2,,Phone
TKT_001587,SUB_005169,2025-06-22,Billing,Customer-Closed,24.6,,Email
TKT_001588,SUB_005174,2025-10-03,Billing,Resolved,0.7,4.0,In-App
TKT_001589,SUB_005176,2025-09-09,Account Access,Unresolved,13.0,1.0,In-App
TKT_001590,SUB_005176,2025-09-12,Streaming Quality,Unresolved,2.9,,In-App
TKT_001591,SUB_005183,2025-05-02,Billing,Customer-Closed,32.5,,Chat
TKT_001592,SUB_005183,2025-06-28,Streaming Quality,Unresolved,8.8,,Email
TKT_001593,SUB_005185,2025-08-04,Streaming Quality,Resolved,15.3,,In-App
TKT_001594,SUB_005185,2025-07-18,Account Access,Resolved,4.0,5.0,In-App
TKT_001595,SUB_005185,2025-06-13,Billing,Resolved,28.4,3.0,Email
TKT_001596,SUB_005190,2025-07-09,Billing,Unresolved,16.2,,Email
TKT_001597,SUB_005192,2025-09-12,Account Access,Customer-Closed,5.3,,In-App
TKT_001598,SUB_005193,2026-03-04,Billing,Unresolved,61.3,1.0,Phone
TKT_001599,SUB_005193,2025-06-17,Account Access,Resolved,5.6,4.0,Chat
TKT_001600,SUB_005193,2026-03-19,Streaming Quality,Pending,36.1,1.0,Chat
TKT_001601,SUB_005196,2026-01-16,Streaming Quality,Unresolved,3.7,1.0,Phone
TKT_001602,SUB_005199,2026-01-22,Account Access,Resolved,57.7,3.0,In-App
TKT_001603,SUB_005199,2025-08-17,Billing,Resolved,14.6,4.0,Chat
TKT_001604,SUB_005203,2026-01-10,Billing,Customer-Closed,2.7,2.0,In-App
TKT_001605,SUB_005204,2025-09-09,Streaming Quality,Resolved,38.9,,Chat
TKT_001606,SUB_005205,2026-03-06,Account Access,Resolved,15.0,5.0,Email
TKT_001607,SUB_005205,2026-02-16,Billing,Resolved,15.0,5.0,Email
TKT_001608,SUB_005206,2026-02-11,Content Request,Resolved,28.6,5.0,Chat
TKT_001609,SUB_005206,2026-02-25,Account Access,Unresolved,15.9,1.0,Chat
TKT_001610,SUB_005207,2025-07-09,Streaming Quality,Resolved,24.1,3.0,Chat
TKT_001611,SUB_005207,2026-02-15,Cancellation Help,Customer-Closed,4.8,3.0,In-App
TKT_001612,SUB_005208,2026-02-04,Streaming Quality,Customer-Closed,16.7,,Chat
TKT_001613,SUB_005215,2025-10-08,Billing,Pending,3.0,1.0,In-App
TKT_001614,SUB_005219,2025-06-08,Streaming Quality,Unresolved,2.0,,In-App
TKT_001615,SUB_005220,2025-06-08,Content Request,Resolved,3.7,5.0,Phone
TKT_001616,SUB_005221,2025-09-15,Streaming Quality,Resolved,5.1,4.0,In-App
TKT_001617,SUB_005221,2025-05-28,Account Access,Pending,9.0,,Chat
TKT_001618,SUB_005227,2025-12-02,Billing,Customer-Closed,47.8,,In-App
TKT_001619,SUB_005236,2025-11-12,Streaming Quality,Resolved,3.1,,In-App
TKT_001620,SUB_005236,2025-06-30,Account Access,Resolved,7.2,4.0,Chat
TKT_001621,SUB_005237,2025-07-29,Cancellation Help,Pending,57.6,2.0,Chat
TKT_001622,SUB_005246,2025-12-25,Billing,Unresolved,3.8,1.0,Chat
TKT_001623,SUB_005246,2025-08-04,Billing,Customer-Closed,6.4,,Email
TKT_001624,SUB_005254,2026-02-13,Account Access,Resolved,19.5,5.0,Email
TKT_001625,SUB_005254,2026-02-02,Cancellation Help,Resolved,33.2,5.0,Email
TKT_001626,SUB_005258,2025-06-21,Streaming Quality,Customer-Closed,62.8,,In-App
TKT_001627,SUB_005260,2025-10-22,Streaming Quality,Pending,35.9,1.0,Phone
TKT_001628,SUB_005267,2026-01-04,Streaming Quality,Unresolved,11.5,,Phone
TKT_001629,SUB_005267,2026-01-02,Streaming Quality,Resolved,111.7,5.0,In-App
TKT_001630,SUB_005268,2025-05-13,Account Access,Resolved,6.6,4.0,In-App
TKT_001631,SUB_005272,2025-06-27,Account Access,Resolved,3.9,,In-App
TKT_001632,SUB_005277,2026-02-28,Cancellation Help,Resolved,109.1,5.0,In-App
TKT_001633,SUB_005290,2025-07-27,Account Access,Unresolved,22.1,2.0,In-App
TKT_001634,SUB_005301,2026-03-25,Billing,Resolved,1.8,3.0,Phone
TKT_001635,SUB_005304,2025-05-09,Billing,Unresolved,18.5,3.0,Chat
TKT_001636,SUB_005307,2025-11-28,Billing,Unresolved,10.9,,In-App
TKT_001637,SUB_005307,2025-11-07,Account Access,Resolved,1.6,5.0,Phone
TKT_001638,SUB_005308,2026-01-24,Account Access,Pending,78.7,,Email
TKT_001639,SUB_005318,2025-12-21,Content Request,Resolved,2.6,5.0,In-App
TKT_001640,SUB_005320,2025-09-06,Content Request,Resolved,10.6,,Email
TKT_001641,SUB_005320,2025-09-03,Streaming Quality,Resolved,19.7,,In-App
TKT_001642,SUB_005320,2025-09-17,Content Request,Resolved,4.3,5.0,Chat
TKT_001643,SUB_005321,2026-03-22,Account Access,Resolved,10.6,,Chat
TKT_001644,SUB_005321,2026-03-19,Account Access,Resolved,18.3,4.0,In-App
TKT_001645,SUB_005325,2025-07-11,Billing,Customer-Closed,18.0,2.0,Phone
TKT_001646,SUB_005329,2026-02-10,Cancellation Help,Resolved,61.5,,In-App
TKT_001647,SUB_005330,2025-12-14,Billing,Resolved,11.9,3.0,Phone
TKT_001648,SUB_005334,2025-06-20,Account Access,Pending,10.9,1.0,Chat
TKT_001649,SUB_005341,2025-04-30,Streaming Quality,Resolved,11.8,3.0,In-App
TKT_001650,SUB_005358,2025-06-09,Cancellation Help,Customer-Closed,5.7,2.0,Chat
TKT_001651,SUB_005367,2025-07-19,Streaming Quality,Unresolved,15.1,2.0,Email
TKT_001652,SUB_005367,2025-04-17,Streaming Quality,Unresolved,14.4,1.0,Chat
TKT_001653,SUB_005376,2025-07-27,Streaming Quality,Resolved,9.1,3.0,Email
TKT_001654,SUB_005379,2025-10-04,Content Request,Resolved,24.3,5.0,In-App
TKT_001655,SUB_005379,2025-10-30,Content Request,Resolved,11.4,5.0,Chat
TKT_001656,SUB_005382,2025-04-20,Billing,Pending,2.2,1.0,Chat
TKT_001657,SUB_005389,2025-12-02,Billing,Customer-Closed,28.6,,In-App
TKT_001658,SUB_005389,2025-09-23,Billing,Resolved,3.0,,In-App
TKT_001659,SUB_005393,2025-11-01,Streaming Quality,Unresolved,32.4,1.0,In-App
TKT_001660,SUB_005393,2025-08-30,Cancellation Help,Resolved,1.1,5.0,In-App
TKT_001661,SUB_005395,2026-03-13,Streaming Quality,Resolved,0.7,5.0,In-App
TKT_001662,SUB_005398,2025-04-12,Billing,Unresolved,19.5,1.0,Email
TKT_001663,SUB_005398,2025-04-12,Content Request,Resolved,2.5,5.0,In-App
TKT_001664,SUB_005398,2025-05-09,Account Access,Unresolved,36.3,1.0,Email
TKT_001665,SUB_005398,2025-04-14,Account Access,Resolved,7.7,,Chat
TKT_001666,SUB_005399,2025-08-26,Streaming Quality,Pending,34.5,,Email
TKT_001667,SUB_005429,2025-12-25,Streaming Quality,Resolved,30.3,,Email
TKT_001668,SUB_005431,2025-09-27,Billing,Resolved,1.9,5.0,Email
TKT_001669,SUB_005431,2025-07-15,Account Access,Customer-Closed,129.2,,Chat
TKT_001670,SUB_005431,2025-04-03,Account Access,Unresolved,8.0,1.0,In-App
TKT_001671,SUB_005436,2025-06-10,Streaming Quality,Unresolved,129.3,2.0,In-App
TKT_001672,SUB_005436,2025-05-03,Billing,Resolved,4.9,,Email
TKT_001673,SUB_005436,2025-06-18,Account Access,Resolved,0.9,,In-App
TKT_001674,SUB_005445,2025-12-20,Streaming Quality,Resolved,6.5,3.0,Chat
TKT_001675,SUB_005450,2025-08-18,Content Request,Resolved,12.2,5.0,Email
TKT_001676,SUB_005454,2026-03-30,Streaming Quality,Resolved,27.2,3.0,In-App
TKT_001677,SUB_005458,2025-12-29,Streaming Quality,Customer-Closed,32.8,,Chat
TKT_001678,SUB_005458,2025-11-09,Streaming Quality,Resolved,9.9,,Email
TKT_001679,SUB_005458,2025-08-02,Streaming Quality,Pending,5.7,,Chat
TKT_001680,SUB_005461,2025-10-01,Streaming Quality,Resolved,80.7,3.0,In-App
TKT_001681,SUB_005463,2026-01-25,Cancellation Help,Resolved,10.3,,Email
TKT_001682,SUB_005463,2026-03-01,Streaming Quality,Unresolved,9.8,1.0,Phone
TKT_001683,SUB_005465,2025-04-16,Account Access,Unresolved,4.8,1.0,Chat
TKT_001684,SUB_005465,2025-04-29,Content Request,Unresolved,20.5,2.0,In-App
TKT_001685,SUB_005473,2025-06-27,Billing,Customer-Closed,9.3,2.0,Phone
TKT_001686,SUB_005476,2026-03-25,Account Access,Resolved,11.7,5.0,In-App
TKT_001687,SUB_005478,2026-03-28,Billing,Resolved,36.3,,In-App
TKT_001688,SUB_005479,2026-03-05,Streaming Quality,Resolved,1.7,5.0,Email
TKT_001689,SUB_005487,2025-04-28,Account Access,Unresolved,11.3,,Chat
TKT_001690,SUB_005491,2025-05-25,Cancellation Help,Resolved,20.3,4.0,Email
TKT_001691,SUB_005491,2025-05-17,Billing,Unresolved,14.6,,In-App
TKT_001692,SUB_005501,2025-04-01,Streaming Quality,Customer-Closed,9.0,,Chat
TKT_001693,SUB_005509,2025-10-14,Billing,Unresolved,7.4,2.0,In-App
TKT_001694,SUB_005510,2026-03-14,Billing,Resolved,22.6,3.0,Chat
TKT_001695,SUB_005510,2026-03-18,Billing,Resolved,10.4,,Phone
TKT_001696,SUB_005511,2026-02-22,Streaming Quality,Resolved,11.9,,In-App
TKT_001697,SUB_005516,2026-03-30,Billing,Customer-Closed,46.8,3.0,Email
TKT_001698,SUB_005516,2026-03-28,Account Access,Customer-Closed,12.0,3.0,In-App
TKT_001699,SUB_005521,2025-09-29,Content Request,Unresolved,15.9,2.0,In-App
TKT_001700,SUB_005528,2025-11-03,Cancellation Help,Resolved,4.9,,In-App
TKT_001701,SUB_005529,2026-01-17,Account Access,Pending,49.1,2.0,In-App
TKT_001702,SUB_005535,2025-05-21,Streaming Quality,Customer-Closed,90.1,,In-App
TKT_001703,SUB_005538,2025-08-25,Billing,Unresolved,15.2,,In-App
TKT_001704,SUB_005539,2026-03-05,Cancellation Help,Resolved,3.2,,In-App
TKT_001705,SUB_005539,2026-03-31,Streaming Quality,Resolved,23.7,,In-App
TKT_001706,SUB_005539,2026-03-30,Streaming Quality,Resolved,153.4,,Chat
TKT_001707,SUB_005544,2025-11-21,Streaming Quality,Resolved,14.3,5.0,In-App
TKT_001708,SUB_005551,2025-05-11,Cancellation Help,Customer-Closed,9.0,,Email
TKT_001709,SUB_005552,2025-09-18,Streaming Quality,Resolved,2.6,5.0,In-App
TKT_001710,SUB_005553,2025-04-27,Billing,Pending,4.4,,Email
TKT_001711,SUB_005556,2025-06-11,Streaming Quality,Resolved,42.7,3.0,In-App
TKT_001712,SUB_005567,2025-12-04,Streaming Quality,Resolved,4.0,5.0,Phone
TKT_001713,SUB_005567,2025-11-05,Content Request,Resolved,4.7,3.0,In-App
TKT_001714,SUB_005572,2025-09-23,Streaming Quality,Resolved,13.3,5.0,Phone
TKT_001715,SUB_005582,2025-11-26,Billing,Pending,8.5,,In-App
TKT_001716,SUB_005583,2025-12-17,Streaming Quality,Resolved,14.9,,Email
TKT_001717,SUB_005583,2026-03-25,Streaming Quality,Resolved,25.4,3.0,In-App
TKT_001718,SUB_005586,2025-11-10,Streaming Quality,Resolved,7.2,5.0,Phone
TKT_001719,SUB_005586,2025-08-17,Account Access,Resolved,7.6,,Phone
TKT_001720,SUB_005598,2025-11-27,Content Request,Resolved,10.2,,Email
TKT_001721,SUB_005604,2025-08-12,Streaming Quality,Resolved,11.9,,In-App
TKT_001722,SUB_005604,2025-07-30,Streaming Quality,Unresolved,18.6,1.0,In-App
TKT_001723,SUB_005605,2025-07-21,Billing,Resolved,8.5,,Email
TKT_001724,SUB_005605,2025-07-15,Content Request,Unresolved,20.6,1.0,Email
TKT_001725,SUB_005611,2025-12-18,Billing,Resolved,26.8,5.0,Email
TKT_001726,SUB_005614,2026-01-18,Billing,Resolved,79.1,,In-App
TKT_001727,SUB_005617,2025-09-14,Account Access,Resolved,13.0,,In-App
TKT_001728,SUB_005617,2025-04-08,Streaming Quality,Resolved,1.9,5.0,Chat
TKT_001729,SUB_005617,2025-04-28,Cancellation Help,Resolved,17.2,4.0,In-App
TKT_001730,SUB_005630,2025-04-27,Streaming Quality,Resolved,4.4,,In-App
TKT_001731,SUB_005630,2025-05-16,Streaming Quality,Customer-Closed,2.5,1.0,Email
TKT_001732,SUB_005630,2025-05-11,Content Request,Resolved,6.8,,In-App
TKT_001733,SUB_005632,2025-11-23,Streaming Quality,Unresolved,5.6,,Phone
TKT_001734,SUB_005636,2026-01-28,Billing,Pending,16.4,1.0,Chat
TKT_001735,SUB_005638,2026-02-02,Billing,Customer-Closed,21.7,,Chat
TKT_001736,SUB_005646,2026-03-26,Billing,Resolved,3.8,4.0,Email
TKT_001737,SUB_005646,2026-03-18,Billing,Unresolved,4.3,,In-App
TKT_001738,SUB_005646,2026-03-22,Streaming Quality,Customer-Closed,12.1,,In-App
TKT_001739,SUB_005649,2025-07-06,Streaming Quality,Unresolved,49.0,,In-App
TKT_001740,SUB_005650,2025-08-02,Content Request,Resolved,29.0,5.0,In-App
TKT_001741,SUB_005651,2025-09-11,Account Access,Resolved,17.5,,Chat
TKT_001742,SUB_005653,2025-09-03,Billing,Unresolved,1.7,1.0,In-App
TKT_001743,SUB_005660,2026-02-18,Content Request,Resolved,5.7,5.0,In-App
TKT_001744,SUB_005663,2025-04-13,Billing,Customer-Closed,8.4,1.0,In-App
TKT_001745,SUB_005665,2025-04-16,Content Request,Unresolved,3.9,3.0,Email
TKT_001746,SUB_005673,2025-05-01,Billing,Resolved,24.4,,Email
TKT_001747,SUB_005690,2026-02-15,Streaming Quality,Unresolved,2.1,,Chat
TKT_001748,SUB_005691,2025-12-10,Streaming Quality,Customer-Closed,6.9,1.0,In-App
TKT_001749,SUB_005701,2025-09-15,Account Access,Pending,34.9,2.0,Email
TKT_001750,SUB_005707,2026-03-15,Billing,Resolved,19.9,4.0,In-App
TKT_001751,SUB_005707,2026-03-13,Cancellation Help,Resolved,26.4,4.0,Phone
TKT_001752,SUB_005714,2026-03-22,Billing,Resolved,4.8,4.0,In-App
TKT_001753,SUB_005721,2025-05-03,Billing,Unresolved,32.7,,Phone
TKT_001754,SUB_005723,2026-03-29,Billing,Resolved,6.4,5.0,Chat
TKT_001755,SUB_005727,2025-08-06,Content Request,Unresolved,22.5,3.0,In-App
TKT_001756,SUB_005727,2025-08-08,Content Request,Resolved,32.5,4.0,In-App
TKT_001757,SUB_005727,2025-08-15,Content Request,Unresolved,42.5,1.0,In-App
TKT_001758,SUB_005728,2025-12-22,Billing,Resolved,10.0,4.0,In-App
TKT_001759,SUB_005729,2025-06-14,Billing,Unresolved,5.2,3.0,Email
TKT_001760,SUB_005734,2025-10-25,Account Access,Resolved,61.7,5.0,Email
TKT_001761,SUB_005734,2025-12-20,Billing,Resolved,14.4,4.0,In-App
TKT_001762,SUB_005738,2025-11-03,Cancellation Help,Resolved,23.4,4.0,In-App
TKT_001763,SUB_005749,2026-03-28,Billing,Resolved,11.4,,Email
TKT_001764,SUB_005752,2026-01-16,Billing,Resolved,2.3,5.0,Phone
TKT_001765,SUB_005752,2026-01-28,Streaming Quality,Resolved,2.5,,Chat
TKT_001766,SUB_005758,2025-10-10,Streaming Quality,Resolved,16.2,,In-App
TKT_001767,SUB_005763,2025-09-13,Billing,Resolved,10.4,5.0,Phone
TKT_001768,SUB_005765,2025-05-07,Cancellation Help,Resolved,2.6,4.0,In-App
TKT_001769,SUB_005793,2026-01-12,Account Access,Resolved,4.0,,Chat
TKT_001770,SUB_005794,2025-11-13,Billing,Resolved,29.0,,Email
TKT_001771,SUB_005794,2025-08-04,Billing,Resolved,6.5,4.0,In-App
TKT_001772,SUB_005794,2025-09-27,Content Request,Unresolved,10.1,2.0,In-App
TKT_001773,SUB_005794,2025-08-26,Streaming Quality,Pending,5.3,2.0,In-App
TKT_001774,SUB_005795,2025-09-15,Streaming Quality,Pending,31.9,1.0,In-App
TKT_001775,SUB_005803,2025-07-14,Cancellation Help,Resolved,18.3,,Email
TKT_001776,SUB_005811,2025-05-07,Cancellation Help,Unresolved,2.7,3.0,In-App
TKT_001777,SUB_005813,2026-03-30,Streaming Quality,Resolved,9.5,4.0,Chat
TKT_001778,SUB_005814,2025-12-06,Content Request,Pending,11.9,,Chat
TKT_001779,SUB_005815,2026-02-17,Billing,Resolved,2.7,,In-App
TKT_001780,SUB_005815,2025-09-13,Content Request,Resolved,49.0,,In-App
TKT_001781,SUB_005821,2025-09-20,Content Request,Resolved,83.0,5.0,Chat
TKT_001782,SUB_005823,2025-10-13,Billing,Resolved,7.1,,Chat
TKT_001783,SUB_005827,2025-09-21,Billing,Resolved,12.5,,Chat
TKT_001784,SUB_005829,2025-12-26,Streaming Quality,Resolved,10.3,,Email
TKT_001785,SUB_005830,2025-06-04,Content Request,Customer-Closed,29.5,1.0,In-App
TKT_001786,SUB_005832,2025-05-18,Account Access,Resolved,13.2,,In-App
TKT_001787,SUB_005840,2025-06-12,Account Access,Unresolved,20.7,3.0,Chat
TKT_001788,SUB_005844,2026-03-07,Billing,Unresolved,13.9,,Email
TKT_001789,SUB_005846,2026-02-14,Account Access,Resolved,42.6,5.0,Chat
TKT_001790,SUB_005847,2026-01-12,Streaming Quality,Resolved,23.5,5.0,In-App
TKT_001791,SUB_005859,2026-03-25,Streaming Quality,Resolved,9.1,,In-App
TKT_001792,SUB_005861,2026-02-17,Cancellation Help,Resolved,2.3,5.0,In-App
TKT_001793,SUB_005861,2026-03-08,Account Access,Resolved,28.2,5.0,Chat
TKT_001794,SUB_005861,2026-01-23,Billing,Resolved,11.1,4.0,In-App
TKT_001795,SUB_005863,2026-01-17,Content Request,Resolved,21.9,4.0,Chat
TKT_001796,SUB_005875,2026-03-30,Streaming Quality,Resolved,7.9,,In-App
TKT_001797,SUB_005876,2026-02-03,Account Access,Resolved,5.6,4.0,In-App
TKT_001798,SUB_005877,2025-04-24,Content Request,Resolved,4.3,4.0,Chat
TKT_001799,SUB_005888,2026-01-07,Billing,Resolved,12.7,5.0,In-App
TKT_001800,SUB_005894,2025-05-14,Billing,Unresolved,5.1,,Email
TKT_001801,SUB_005898,2025-05-11,Billing,Resolved,10.2,5.0,Email
TKT_001802,SUB_005910,2025-11-16,Billing,Resolved,13.6,5.0,Email
TKT_001803,SUB_005914,2026-02-21,Account Access,Customer-Closed,19.3,,Chat
TKT_001804,SUB_005916,2025-06-04,Account Access,Resolved,18.2,,Chat
TKT_001805,SUB_005916,2026-01-15,Account Access,Unresolved,5.9,3.0,Phone
TKT_001806,SUB_005921,2025-11-24,Account Access,Customer-Closed,35.9,,In-App
TKT_001807,SUB_005925,2026-03-30,Billing,Resolved,4.4,4.0,Email
TKT_001808,SUB_005935,2025-04-08,Cancellation Help,Customer-Closed,8.6,3.0,In-App
TKT_001809,SUB_005938,2025-06-04,Streaming Quality,Resolved,17.4,5.0,Email
TKT_001810,SUB_005938,2025-06-02,Billing,Pending,102.7,2.0,Chat
TKT_001811,SUB_005941,2025-11-22,Billing,Resolved,55.9,5.0,In-App
TKT_001812,SUB_005942,2025-05-17,Account Access,Resolved,6.7,5.0,In-App
TKT_001813,SUB_005945,2025-11-02,Billing,Resolved,5.5,5.0,Email
TKT_001814,SUB_005948,2025-09-11,Account Access,Resolved,41.6,,Phone
TKT_001815,SUB_005948,2025-05-18,Account Access,Resolved,9.8,5.0,In-App
TKT_001816,SUB_005950,2026-03-05,Account Access,Resolved,19.8,3.0,Email
TKT_001817,SUB_005959,2025-04-04,Billing,Unresolved,3.7,1.0,Email
TKT_001818,SUB_005959,2025-06-06,Billing,Resolved,9.6,,In-App
TKT_001819,SUB_005959,2026-01-15,Content Request,Pending,9.8,2.0,In-App
TKT_001820,SUB_005960,2025-05-24,Billing,Pending,5.8,2.0,In-App
TKT_001821,SUB_005969,2025-04-04,Streaming Quality,Unresolved,60.1,1.0,In-App
TKT_001822,SUB_005969,2025-05-02,Billing,Pending,6.2,3.0,Chat
TKT_001823,SUB_005977,2025-10-23,Content Request,Resolved,8.9,4.0,Email
TKT_001824,SUB_005977,2025-11-30,Cancellation Help,Unresolved,8.9,2.0,Chat
TKT_001825,SUB_005977,2026-03-13,Billing,Resolved,23.5,5.0,Chat
TKT_001826,SUB_005981,2025-07-09,Streaming Quality,Unresolved,2.9,,Chat
TKT_001827,SUB_005982,2025-12-11,Cancellation Help,Resolved,13.8,4.0,In-App
TKT_001828,SUB_005982,2025-07-03,Streaming Quality,Unresolved,69.1,,Email
TKT_001829,SUB_005982,2025-05-28,Billing,Resolved,13.4,4.0,Email
TKT_001830,SUB_005984,2026-02-16,Streaming Quality,Unresolved,11.8,,Phone
TKT_001831,SUB_006001,2026-03-29,Streaming Quality,Resolved,8.7,,Chat
TKT_001832,SUB_006005,2025-05-12,Account Access,Resolved,17.4,,Email
TKT_001833,SUB_006005,2025-07-30,Cancellation Help,Resolved,2.8,4.0,In-App
TKT_001834,SUB_006005,2026-02-15,Streaming Quality,Resolved,8.0,3.0,In-App
TKT_001835,SUB_006008,2026-03-25,Streaming Quality,Customer-Closed,26.0,2.0,In-App
TKT_001836,SUB_006008,2026-02-01,Account Access,Resolved,16.5,5.0,In-App
TKT_001837,SUB_006009,2025-11-10,Billing,Resolved,41.5,,In-App
TKT_001838,SUB_006013,2025-11-26,Streaming Quality,Resolved,6.1,5.0,Email
TKT_001839,SUB_006013,2025-12-20,Streaming Quality,Unresolved,18.3,,In-App
TKT_001840,SUB_006019,2025-04-21,Cancellation Help,Unresolved,16.3,3.0,Chat
TKT_001841,SUB_006023,2026-03-24,Account Access,Pending,8.3,,Email
TKT_001842,SUB_006023,2025-08-17,Streaming Quality,Resolved,47.0,5.0,Phone
TKT_001843,SUB_006023,2026-01-15,Streaming Quality,Resolved,1.6,3.0,Email
TKT_001844,SUB_006024,2025-08-21,Billing,Resolved,2.2,4.0,In-App
TKT_001845,SUB_006024,2026-02-19,Streaming Quality,Unresolved,3.4,2.0,Chat
TKT_001846,SUB_006024,2025-04-08,Account Access,Unresolved,15.0,2.0,Chat
TKT_001847,SUB_006030,2025-05-26,Account Access,Unresolved,17.8,,Chat
TKT_001848,SUB_006030,2025-07-10,Streaming Quality,Resolved,6.3,,Email
TKT_001849,SUB_006035,2025-05-17,Account Access,Unresolved,15.1,,Chat
TKT_001850,SUB_006035,2025-11-15,Billing,Resolved,8.3,5.0,In-App
TKT_001851,SUB_006035,2026-03-27,Content Request,Resolved,10.4,5.0,In-App
TKT_001852,SUB_006038,2025-09-03,Account Access,Resolved,11.9,5.0,In-App
TKT_001853,SUB_006038,2025-09-08,Streaming Quality,Resolved,10.0,4.0,Phone
TKT_001854,SUB_006040,2025-05-19,Streaming Quality,Resolved,4.8,5.0,Chat
TKT_001855,SUB_006040,2025-07-17,Content Request,Resolved,6.0,3.0,In-App
TKT_001856,SUB_006040,2025-09-15,Billing,Resolved,5.9,4.0,Chat
TKT_001857,SUB_006040,2025-11-13,Streaming Quality,Resolved,3.7,4.0,In-App
TKT_001858,SUB_006051,2025-04-07,Streaming Quality,Resolved,12.8,5.0,Email
TKT_001859,SUB_006051,2025-09-01,Account Access,Resolved,2.4,,In-App
TKT_001860,SUB_006053,2025-12-28,Account Access,Resolved,35.5,5.0,Email
TKT_001861,SUB_006058,2025-10-24,Cancellation Help,Customer-Closed,22.3,1.0,In-App
TKT_001862,SUB_006058,2025-06-12,Billing,Unresolved,6.0,2.0,Chat
TKT_001863,SUB_006064,2025-05-17,Content Request,Resolved,9.7,,In-App
TKT_001864,SUB_006088,2025-05-31,Streaming Quality,Resolved,14.6,3.0,Chat
TKT_001865,SUB_006094,2025-05-31,Streaming Quality,Resolved,8.6,3.0,Email
TKT_001866,SUB_006097,2026-03-10,Billing,Resolved,4.3,4.0,In-App
TKT_001867,SUB_006110,2025-06-23,Streaming Quality,Resolved,27.9,5.0,Chat
TKT_001868,SUB_006113,2025-06-01,Cancellation Help,Unresolved,7.4,2.0,Chat
TKT_001869,SUB_006113,2025-05-28,Billing,Resolved,23.3,4.0,Chat
TKT_001870,SUB_006124,2026-03-26,Billing,Resolved,4.2,,In-App
TKT_001871,SUB_006126,2025-11-17,Billing,Resolved,34.7,5.0,In-App
TKT_001872,SUB_006129,2025-11-20,Content Request,Customer-Closed,107.6,,In-App
TKT_001873,SUB_006132,2025-10-06,Content Request,Pending,12.7,,Email
TKT_001874,SUB_006132,2025-12-21,Content Request,Resolved,168.0,4.0,Chat
TKT_001875,SUB_006132,2025-10-12,Cancellation Help,Resolved,63.7,5.0,Phone
TKT_001876,SUB_006132,2025-06-11,Cancellation Help,Resolved,38.7,,In-App
TKT_001877,SUB_006133,2025-07-21,Billing,Resolved,17.8,4.0,In-App
TKT_001878,SUB_006137,2025-04-04,Cancellation Help,Unresolved,32.4,3.0,Email
TKT_001879,SUB_006138,2025-05-26,Content Request,Customer-Closed,7.1,3.0,In-App
TKT_001880,SUB_006138,2025-05-28,Account Access,Customer-Closed,7.7,3.0,In-App
TKT_001881,SUB_006141,2025-12-11,Streaming Quality,Customer-Closed,21.3,1.0,Email
TKT_001882,SUB_006141,2026-01-27,Content Request,Customer-Closed,23.1,2.0,In-App
TKT_001883,SUB_006146,2025-08-05,Account Access,Pending,10.9,1.0,Chat
TKT_001884,SUB_006146,2025-08-29,Billing,Resolved,15.4,,Email
TKT_001885,SUB_006147,2025-04-11,Billing,Resolved,17.6,,Chat
TKT_001886,SUB_006148,2026-01-28,Content Request,Resolved,10.4,5.0,In-App
TKT_001887,SUB_006151,2025-09-15,Billing,Unresolved,8.6,2.0,Email
TKT_001888,SUB_006151,2025-10-01,Streaming Quality,Unresolved,10.0,1.0,Email
TKT_001889,SUB_006154,2025-09-27,Streaming Quality,Resolved,6.6,4.0,Email
TKT_001890,SUB_006156,2026-02-27,Account Access,Customer-Closed,30.2,2.0,In-App
TKT_001891,SUB_006166,2025-08-21,Billing,Resolved,6.8,4.0,Chat
TKT_001892,SUB_006177,2025-10-01,Billing,Resolved,7.2,5.0,Chat
TKT_001893,SUB_006178,2025-05-31,Billing,Resolved,5.1,,Email
TKT_001894,SUB_006180,2025-10-06,Streaming Quality,Resolved,10.7,4.0,In-App
TKT_001895,SUB_006180,2026-01-28,Cancellation Help,Resolved,9.3,5.0,Chat
TKT_001896,SUB_006189,2025-12-23,Cancellation Help,Resolved,2.8,4.0,In-App
TKT_001897,SUB_006189,2025-08-23,Billing,Resolved,4.0,5.0,Phone
TKT_001898,SUB_006190,2025-05-01,Streaming Quality,Pending,9.4,,Chat
TKT_001899,SUB_006190,2025-04-28,Billing,Customer-Closed,2.6,,Chat
TKT_001900,SUB_006198,2025-07-26,Account Access,Resolved,1.4,,Chat
TKT_001901,SUB_006198,2025-10-02,Content Request,Unresolved,3.7,2.0,Phone
TKT_001902,SUB_006200,2025-11-26,Streaming Quality,Resolved,20.3,5.0,In-App
TKT_001903,SUB_006205,2026-02-23,Streaming Quality,Resolved,20.8,,In-App
TKT_001904,SUB_006206,2026-03-18,Content Request,Resolved,5.2,,Chat
TKT_001905,SUB_006208,2026-03-01,Cancellation Help,Unresolved,8.9,3.0,Email
TKT_001906,SUB_006209,2026-03-28,Streaming Quality,Resolved,14.5,4.0,In-App
TKT_001907,SUB_006209,2026-03-27,Cancellation Help,Resolved,4.7,,Phone
TKT_001908,SUB_006219,2025-04-10,Account Access,Customer-Closed,11.7,1.0,Chat
TKT_001909,SUB_006224,2025-07-01,Cancellation Help,Resolved,4.0,5.0,In-App
TKT_001910,SUB_006224,2025-08-25,Billing,Resolved,8.4,4.0,In-App
TKT_001911,SUB_006228,2026-03-25,Streaming Quality,Resolved,60.9,,Phone
TKT_001912,SUB_006237,2025-11-25,Cancellation Help,Unresolved,4.5,1.0,Phone
TKT_001913,SUB_006245,2025-07-04,Streaming Quality,Resolved,1.1,5.0,Email
TKT_001914,SUB_006249,2025-12-03,Billing,Resolved,11.4,,Email
TKT_001915,SUB_006257,2025-05-19,Billing,Customer-Closed,30.1,1.0,In-App
TKT_001916,SUB_006264,2026-03-17,Cancellation Help,Resolved,137.3,5.0,Email
TKT_001917,SUB_006264,2026-03-25,Streaming Quality,Resolved,12.9,,In-App
TKT_001918,SUB_006265,2025-09-22,Streaming Quality,Pending,12.6,2.0,In-App
TKT_001919,SUB_006271,2025-05-15,Content Request,Unresolved,17.2,,Email
TKT_001920,SUB_006273,2025-07-30,Billing,Customer-Closed,31.8,1.0,Chat
TKT_001921,SUB_006273,2025-04-30,Account Access,Unresolved,24.2,2.0,In-App
TKT_001922,SUB_006274,2025-06-13,Streaming Quality,Resolved,7.8,5.0,Chat
TKT_001923,SUB_006276,2026-03-12,Streaming Quality,Resolved,7.1,5.0,In-App
TKT_001924,SUB_006278,2026-02-03,Account Access,Resolved,9.1,,In-App
TKT_001925,SUB_006281,2025-12-27,Account Access,Resolved,1.8,,In-App
TKT_001926,SUB_006287,2025-07-20,Billing,Resolved,12.3,,Email
TKT_001927,SUB_006287,2025-10-12,Streaming Quality,Resolved,21.2,,In-App
TKT_001928,SUB_006287,2025-06-01,Cancellation Help,Customer-Closed,15.3,,In-App
TKT_001929,SUB_006288,2025-08-07,Streaming Quality,Resolved,3.4,,In-App
TKT_001930,SUB_006293,2025-11-27,Billing,Pending,21.9,3.0,In-App
TKT_001931,SUB_006300,2025-04-26,Cancellation Help,Resolved,3.0,4.0,In-App
TKT_001932,SUB_006300,2025-05-20,Cancellation Help,Resolved,27.5,4.0,In-App
TKT_001933,SUB_006307,2026-03-14,Account Access,Unresolved,6.3,2.0,In-App
TKT_001934,SUB_006314,2026-01-29,Account Access,Resolved,21.6,,Chat
TKT_001935,SUB_006314,2026-02-14,Content Request,Resolved,7.7,4.0,In-App
TKT_001936,SUB_006319,2025-06-06,Billing,Unresolved,4.3,3.0,Chat
TKT_001937,SUB_006329,2026-02-19,Account Access,Resolved,20.3,,In-App
TKT_001938,SUB_006329,2026-01-05,Account Access,Resolved,4.5,,In-App
TKT_001939,SUB_006329,2025-11-10,Cancellation Help,Resolved,3.1,5.0,In-App
TKT_001940,SUB_006330,2025-09-20,Account Access,Unresolved,25.6,1.0,Email
TKT_001941,SUB_006336,2025-04-11,Cancellation Help,Resolved,74.6,,In-App
TKT_001942,SUB_006336,2025-05-25,Streaming Quality,Resolved,28.8,4.0,In-App
TKT_001943,SUB_006337,2025-08-21,Streaming Quality,Resolved,12.6,5.0,In-App
TKT_001944,SUB_006340,2025-10-06,Streaming Quality,Customer-Closed,9.7,,Email
TKT_001945,SUB_006343,2025-05-24,Streaming Quality,Pending,17.3,,Chat
TKT_001946,SUB_006344,2025-09-12,Cancellation Help,Customer-Closed,26.9,,In-App
TKT_001947,SUB_006355,2025-09-14,Billing,Unresolved,3.8,,Phone
TKT_001948,SUB_006358,2025-11-07,Content Request,Resolved,41.6,,Chat
TKT_001949,SUB_006362,2025-05-11,Account Access,Customer-Closed,11.1,2.0,Chat
TKT_001950,SUB_006366,2025-06-05,Cancellation Help,Unresolved,9.5,2.0,In-App
TKT_001951,SUB_006366,2025-12-06,Billing,Resolved,28.0,,Email
TKT_001952,SUB_006383,2025-07-10,Billing,Resolved,24.0,5.0,Email
TKT_001953,SUB_006390,2025-11-05,Streaming Quality,Unresolved,9.7,,In-App
TKT_001954,SUB_006400,2026-02-26,Billing,Resolved,35.7,4.0,Chat
TKT_001955,SUB_006403,2026-01-14,Streaming Quality,Resolved,5.4,5.0,Phone
TKT_001956,SUB_006406,2025-05-31,Billing,Resolved,23.3,5.0,In-App
TKT_001957,SUB_006409,2025-06-30,Billing,Resolved,49.1,5.0,Chat
TKT_001958,SUB_006409,2025-05-06,Billing,Unresolved,6.8,2.0,In-App
TKT_001959,SUB_006410,2025-12-25,Cancellation Help,Resolved,17.0,,In-App
TKT_001960,SUB_006410,2025-07-05,Streaming Quality,Resolved,17.7,4.0,Email
TKT_001961,SUB_006410,2025-09-24,Streaming Quality,Customer-Closed,19.6,1.0,Chat
TKT_001962,SUB_006413,2025-11-06,Cancellation Help,Resolved,18.0,4.0,In-App
TKT_001963,SUB_006421,2025-10-24,Streaming Quality,Pending,12.0,1.0,In-App
TKT_001964,SUB_006424,2025-09-28,Content Request,Customer-Closed,10.3,1.0,Email
TKT_001965,SUB_006432,2025-08-28,Billing,Customer-Closed,15.9,2.0,In-App
TKT_001966,SUB_006433,2026-03-13,Streaming Quality,Resolved,5.5,4.0,In-App
TKT_001967,SUB_006433,2026-03-31,Billing,Customer-Closed,12.3,3.0,Chat
TKT_001968,SUB_006433,2026-03-22,Cancellation Help,Resolved,12.2,,In-App
TKT_001969,SUB_006449,2026-01-09,Streaming Quality,Pending,20.3,2.0,Chat
TKT_001970,SUB_006449,2026-01-10,Billing,Unresolved,52.3,,Email
TKT_001971,SUB_006450,2025-05-05,Billing,Unresolved,7.4,1.0,Email
TKT_001972,SUB_006450,2025-07-22,Streaming Quality,Resolved,79.2,,In-App
TKT_001973,SUB_006450,2025-11-03,Streaming Quality,Resolved,78.6,,Chat
TKT_001974,SUB_006450,2025-12-05,Streaming Quality,Customer-Closed,19.2,1.0,In-App
TKT_001975,SUB_006452,2025-08-31,Content Request,Resolved,6.6,5.0,Phone
TKT_001976,SUB_006454,2026-03-31,Billing,Resolved,4.2,5.0,Chat
TKT_001977,SUB_006456,2025-11-17,Cancellation Help,Resolved,7.0,,In-App
TKT_001978,SUB_006457,2025-09-28,Streaming Quality,Unresolved,1.5,2.0,Chat
TKT_001979,SUB_006458,2025-08-18,Account Access,Resolved,41.6,,In-App
TKT_001980,SUB_006467,2026-03-30,Billing,Unresolved,1.1,,In-App
TKT_001981,SUB_006467,2026-02-12,Account Access,Unresolved,6.6,,In-App
TKT_001982,SUB_006469,2025-10-17,Streaming Quality,Resolved,1.2,,In-App
TKT_001983,SUB_006475,2026-03-01,Streaming Quality,Resolved,11.4,5.0,In-App
TKT_001984,SUB_006477,2025-11-19,Content Request,Unresolved,10.0,1.0,In-App
TKT_001985,SUB_006482,2025-11-22,Billing,Resolved,12.1,,Chat
TKT_001986,SUB_006510,2026-02-17,Billing,Resolved,50.0,4.0,Chat
TKT_001987,SUB_006512,2025-09-13,Streaming Quality,Unresolved,4.4,2.0,Chat
TKT_001988,SUB_006527,2026-02-18,Account Access,Pending,3.3,,In-App
TKT_001989,SUB_006534,2026-02-22,Streaming Quality,Unresolved,6.0,1.0,Chat
TKT_001990,SUB_006535,2025-06-28,Billing,Pending,12.4,,Email
TKT_001991,SUB_006535,2025-06-06,Cancellation Help,Customer-Closed,22.4,1.0,Email
TKT_001992,SUB_006535,2025-06-28,Account Access,Unresolved,17.4,1.0,Chat
TKT_001993,SUB_006535,2025-05-20,Streaming Quality,Resolved,9.1,4.0,In-App
TKT_001994,SUB_006537,2025-04-12,Streaming Quality,Unresolved,89.1,2.0,In-App
TKT_001995,SUB_006540,2025-04-01,Streaming Quality,Unresolved,20.2,,In-App
TKT_001996,SUB_006555,2025-10-03,Content Request,Resolved,41.8,,In-App
TKT_001997,SUB_006569,2025-10-16,Billing,Customer-Closed,7.6,2.0,Chat
TKT_001998,SUB_006576,2026-01-21,Billing,Resolved,2.6,4.0,Phone
TKT_001999,SUB_006578,2025-10-02,Account Access,Customer-Closed,26.6,1.0,In-App
TKT_002000,SUB_006581,2026-02-06,Streaming Quality,Resolved,14.0,,Email
TKT_002001,SUB_006581,2025-09-15,Billing,Resolved,20.1,3.0,In-App
TKT_002002,SUB_006584,2025-05-07,Account Access,Unresolved,46.9,,Chat
TKT_002003,SUB_006592,2026-03-20,Streaming Quality,Customer-Closed,15.8,1.0,Email
TKT_002004,SUB_006595,2026-01-05,Billing,Resolved,14.1,5.0,In-App
TKT_002005,SUB_006596,2025-07-04,Streaming Quality,Unresolved,14.4,2.0,In-App
TKT_002006,SUB_006596,2026-03-06,Billing,Pending,11.4,,In-App
TKT_002007,SUB_006596,2025-07-31,Streaming Quality,Unresolved,6.5,3.0,In-App
TKT_002008,SUB_006596,2026-03-12,Billing,Resolved,21.1,3.0,Chat
TKT_002009,SUB_006609,2026-03-24,Billing,Customer-Closed,24.1,2.0,Chat
TKT_002010,SUB_006611,2025-10-03,Streaming Quality,Resolved,9.1,5.0,Chat
TKT_002011,SUB_006615,2025-10-18,Account Access,Unresolved,13.8,1.0,In-App
TKT_002012,SUB_006620,2026-01-26,Billing,Resolved,13.6,,In-App
TKT_002013,SUB_006621,2026-02-23,Account Access,Resolved,25.9,5.0,Chat
TKT_002014,SUB_006621,2026-02-19,Billing,Resolved,168.0,5.0,Chat
TKT_002015,SUB_006621,2026-02-14,Billing,Resolved,17.4,5.0,Email
TKT_002016,SUB_006625,2025-11-19,Account Access,Pending,8.7,,In-App
TKT_002017,SUB_006625,2025-11-13,Cancellation Help,Resolved,14.8,4.0,In-App
TKT_002018,SUB_006628,2025-06-21,Streaming Quality,Resolved,2.1,4.0,Chat
TKT_002019,SUB_006628,2025-06-16,Streaming Quality,Unresolved,17.1,,Email
TKT_002020,SUB_006631,2026-03-16,Account Access,Unresolved,2.5,3.0,Chat
TKT_002021,SUB_006631,2026-03-23,Content Request,Unresolved,5.8,2.0,Chat
TKT_002022,SUB_006634,2025-10-22,Streaming Quality,Resolved,10.3,,Chat
TKT_002023,SUB_006634,2025-07-16,Streaming Quality,Resolved,14.2,4.0,In-App
TKT_002024,SUB_006635,2025-06-23,Streaming Quality,Unresolved,5.1,2.0,In-App
TKT_002025,SUB_006636,2025-08-23,Cancellation Help,Resolved,4.0,5.0,Email
TKT_002026,SUB_006640,2025-12-02,Content Request,Resolved,9.3,5.0,Chat
TKT_002027,SUB_006641,2025-11-24,Billing,Resolved,12.5,5.0,In-App
TKT_002028,SUB_006652,2025-08-03,Streaming Quality,Pending,29.4,,In-App
TKT_002029,SUB_006661,2025-10-29,Account Access,Unresolved,48.7,,Chat
TKT_002030,SUB_006661,2025-08-15,Billing,Resolved,11.4,,Phone
TKT_002031,SUB_006661,2025-09-04,Streaming Quality,Unresolved,29.4,,In-App
TKT_002032,SUB_006661,2025-10-16,Cancellation Help,Pending,5.6,,In-App
TKT_002033,SUB_006669,2026-03-20,Streaming Quality,Resolved,19.6,,In-App
TKT_002034,SUB_006673,2025-04-16,Streaming Quality,Customer-Closed,83.4,1.0,In-App
TKT_002035,SUB_006674,2025-12-31,Account Access,Resolved,8.4,,Phone
TKT_002036,SUB_006676,2025-12-13,Content Request,Resolved,12.1,,Chat
TKT_002037,SUB_006676,2025-04-05,Account Access,Customer-Closed,10.6,1.0,In-App
TKT_002038,SUB_006681,2025-04-18,Content Request,Resolved,4.4,4.0,Chat
TKT_002039,SUB_006687,2025-07-12,Account Access,Customer-Closed,18.8,1.0,Email
TKT_002040,SUB_006687,2025-07-14,Streaming Quality,Customer-Closed,31.1,3.0,Phone
TKT_002041,SUB_006697,2025-08-15,Streaming Quality,Unresolved,17.5,2.0,In-App
TKT_002042,SUB_006700,2026-01-17,Billing,Resolved,3.6,,Phone
TKT_002043,SUB_006700,2026-01-28,Streaming Quality,Customer-Closed,46.4,,In-App
TKT_002044,SUB_006705,2025-09-26,Billing,Resolved,25.4,4.0,In-App
TKT_002045,SUB_006707,2025-10-13,Cancellation Help,Resolved,10.8,,Email
TKT_002046,SUB_006708,2026-03-19,Cancellation Help,Resolved,3.3,4.0,In-App
TKT_002047,SUB_006708,2026-03-28,Account Access,Resolved,4.3,5.0,In-App
TKT_002048,SUB_006710,2025-08-29,Content Request,Resolved,12.9,4.0,In-App
TKT_002049,SUB_006710,2025-04-16,Billing,Resolved,9.3,5.0,Email
TKT_002050,SUB_006711,2025-05-12,Billing,Resolved,14.7,4.0,In-App
TKT_002051,SUB_006711,2025-12-19,Billing,Resolved,11.2,4.0,Email
TKT_002052,SUB_006727,2025-11-03,Account Access,Unresolved,3.7,,Chat
TKT_002053,SUB_006727,2025-11-02,Billing,Unresolved,8.4,1.0,Email
TKT_002054,SUB_006727,2025-10-01,Content Request,Resolved,15.4,3.0,In-App
TKT_002055,SUB_006731,2025-04-24,Streaming Quality,Resolved,58.0,5.0,Phone
TKT_002056,SUB_006733,2025-11-20,Cancellation Help,Resolved,11.6,5.0,In-App
TKT_002057,SUB_006734,2026-01-15,Streaming Quality,Resolved,29.9,,Chat
TKT_002058,SUB_006734,2026-01-18,Streaming Quality,Resolved,54.6,4.0,In-App
TKT_002059,SUB_006741,2026-02-13,Cancellation Help,Resolved,11.3,4.0,In-App
TKT_002060,SUB_006741,2026-02-13,Billing,Resolved,5.0,5.0,Chat
TKT_002061,SUB_006741,2026-02-09,Billing,Unresolved,8.1,,In-App
TKT_002062,SUB_006745,2026-03-18,Streaming Quality,Resolved,33.0,4.0,Email
TKT_002063,SUB_006748,2026-03-29,Streaming Quality,Resolved,11.8,,Chat
TKT_002064,SUB_006760,2025-10-27,Content Request,Resolved,4.4,5.0,In-App
TKT_002065,SUB_006760,2025-12-18,Billing,Unresolved,11.7,1.0,Email
TKT_002066,SUB_006772,2025-06-16,Account Access,Unresolved,3.6,3.0,In-App
TKT_002067,SUB_006776,2025-05-23,Streaming Quality,Resolved,0.5,,Chat
TKT_002068,SUB_006779,2025-08-20,Streaming Quality,Resolved,6.9,4.0,Email
TKT_002069,SUB_006787,2025-12-14,Content Request,Pending,87.1,2.0,Email
TKT_002070,SUB_006790,2025-08-12,Cancellation Help,Resolved,21.1,5.0,Phone
TKT_002071,SUB_006790,2025-10-02,Billing,Resolved,17.5,5.0,Chat
TKT_002072,SUB_006796,2026-02-21,Content Request,Resolved,25.5,,In-App
TKT_002073,SUB_006796,2025-12-06,Billing,Resolved,19.1,5.0,In-App
TKT_002074,SUB_006805,2025-10-16,Billing,Customer-Closed,10.6,2.0,In-App
TKT_002075,SUB_006807,2025-06-14,Streaming Quality,Unresolved,113.5,1.0,Chat
TKT_002076,SUB_006808,2026-03-20,Billing,Customer-Closed,4.8,1.0,Chat
TKT_002077,SUB_006813,2025-12-08,Cancellation Help,Resolved,2.8,,In-App
TKT_002078,SUB_006813,2026-01-08,Billing,Resolved,2.0,5.0,Email
TKT_002079,SUB_006813,2025-10-26,Streaming Quality,Resolved,4.8,4.0,In-App
TKT_002080,SUB_006814,2026-01-04,Streaming Quality,Unresolved,42.4,,Chat
TKT_002081,SUB_006814,2025-10-28,Streaming Quality,Resolved,3.9,4.0,Chat
TKT_002082,SUB_006814,2025-10-09,Billing,Resolved,3.6,5.0,Phone
TKT_002083,SUB_006814,2025-11-18,Account Access,Unresolved,20.4,1.0,In-App
TKT_002084,SUB_006818,2025-09-28,Content Request,Resolved,3.7,5.0,In-App
TKT_002085,SUB_006818,2025-08-07,Content Request,Unresolved,6.5,3.0,Chat
TKT_002086,SUB_006818,2025-05-10,Streaming Quality,Unresolved,2.8,2.0,In-App
TKT_002087,SUB_006818,2025-08-16,Streaming Quality,Resolved,43.9,5.0,Chat
TKT_002088,SUB_006821,2025-08-31,Content Request,Resolved,22.7,5.0,In-App
TKT_002089,SUB_006821,2025-09-26,Streaming Quality,Resolved,16.5,,Chat
TKT_002090,SUB_006829,2025-10-12,Content Request,Customer-Closed,18.1,,In-App
TKT_002091,SUB_006835,2026-02-23,Streaming Quality,Resolved,13.7,4.0,Email
TKT_002092,SUB_006835,2026-02-05,Billing,Resolved,8.1,5.0,Email
TKT_002093,SUB_006839,2026-03-10,Billing,Pending,1.0,1.0,In-App
TKT_002094,SUB_006841,2025-06-29,Account Access,Pending,10.6,1.0,In-App
TKT_002095,SUB_006843,2026-02-17,Billing,Customer-Closed,13.4,1.0,Chat
TKT_002096,SUB_006843,2026-01-27,Streaming Quality,Unresolved,11.6,1.0,In-App
TKT_002097,SUB_006846,2026-03-06,Billing,Resolved,8.2,3.0,Chat
TKT_002098,SUB_006849,2025-06-18,Cancellation Help,Customer-Closed,79.0,1.0,Email
TKT_002099,SUB_006853,2026-03-14,Streaming Quality,Resolved,5.6,4.0,Chat
TKT_002100,SUB_006855,2025-11-16,Account Access,Pending,38.6,2.0,Chat
TKT_002101,SUB_006856,2025-05-09,Streaming Quality,Pending,14.8,1.0,In-App
TKT_002102,SUB_006856,2025-05-13,Account Access,Unresolved,11.4,1.0,In-App
TKT_002103,SUB_006859,2025-12-02,Cancellation Help,Unresolved,24.6,1.0,In-App
TKT_002104,SUB_006860,2025-10-22,Billing,Resolved,4.1,,Phone
TKT_002105,SUB_006864,2025-09-28,Streaming Quality,Customer-Closed,85.3,,In-App
TKT_002106,SUB_006871,2026-01-10,Streaming Quality,Unresolved,31.8,3.0,In-App
TKT_002107,SUB_006871,2025-08-23,Streaming Quality,Resolved,1.6,5.0,Chat
TKT_002108,SUB_006875,2025-11-02,Account Access,Resolved,25.1,,Phone
TKT_002109,SUB_006875,2025-12-23,Billing,Resolved,10.7,3.0,Phone
TKT_002110,SUB_006875,2026-03-01,Billing,Resolved,20.4,,In-App
TKT_002111,SUB_006875,2026-02-01,Billing,Pending,3.4,3.0,In-App
TKT_002112,SUB_006880,2026-01-22,Billing,Resolved,2.1,,In-App
TKT_002113,SUB_006887,2025-05-24,Billing,Resolved,6.5,4.0,Email
TKT_002114,SUB_006895,2025-08-07,Content Request,Resolved,0.8,4.0,Phone
TKT_002115,SUB_006904,2025-10-01,Content Request,Resolved,18.9,5.0,Email
TKT_002116,SUB_006911,2025-04-09,Account Access,Customer-Closed,2.8,2.0,In-App
TKT_002117,SUB_006924,2026-02-05,Streaming Quality,Unresolved,2.9,3.0,In-App
TKT_002118,SUB_006925,2025-06-12,Billing,Resolved,1.8,5.0,In-App
TKT_002119,SUB_006927,2025-04-04,Account Access,Customer-Closed,9.1,1.0,Email
TKT_002120,SUB_006927,2025-05-18,Streaming Quality,Pending,8.4,,Email
TKT_002121,SUB_006931,2025-07-21,Cancellation Help,Resolved,38.0,5.0,In-App
TKT_002122,SUB_006942,2025-08-25,Content Request,Customer-Closed,14.5,,Chat
TKT_002123,SUB_006948,2025-10-28,Cancellation Help,Unresolved,4.0,,In-App
TKT_002124,SUB_006952,2025-04-09,Account Access,Resolved,29.0,5.0,In-App
TKT_002125,SUB_006958,2025-07-18,Content Request,Resolved,64.3,,Email
TKT_002126,SUB_006968,2025-06-05,Cancellation Help,Pending,5.9,1.0,Email
TKT_002127,SUB_006971,2025-05-24,Account Access,Unresolved,28.0,3.0,In-App
TKT_002128,SUB_006971,2026-03-13,Streaming Quality,Resolved,0.7,,Chat
TKT_002129,SUB_006973,2026-03-19,Account Access,Resolved,84.2,5.0,Chat
TKT_002130,SUB_006981,2026-03-20,Billing,Pending,19.7,,In-App
TKT_002131,SUB_006982,2026-01-06,Streaming Quality,Resolved,104.3,5.0,Email
TKT_002132,SUB_006982,2026-01-26,Account Access,Pending,168.0,1.0,In-App
TKT_002133,SUB_006987,2025-10-05,Account Access,Resolved,8.0,5.0,Chat
TKT_002134,SUB_006990,2025-04-29,Billing,Unresolved,7.4,2.0,In-App
TKT_002135,SUB_006990,2025-08-27,Billing,Unresolved,3.2,,Phone
TKT_002136,SUB_006990,2026-03-22,Streaming Quality,Resolved,25.8,5.0,Phone
TKT_002137,SUB_006995,2025-05-04,Billing,Resolved,5.0,5.0,Chat
TKT_002138,SUB_006996,2026-01-03,Account Access,Unresolved,32.1,,In-App
TKT_002139,SUB_006997,2025-06-17,Cancellation Help,Resolved,49.8,5.0,In-App
TKT_002140,SUB_006997,2025-08-22,Streaming Quality,Customer-Closed,23.1,,Phone
TKT_002141,SUB_006999,2025-09-05,Content Request,Unresolved,7.9,2.0,Chat
TKT_002142,SUB_007001,2025-12-01,Billing,Customer-Closed,18.2,1.0,In-App
TKT_002143,SUB_007001,2025-04-10,Streaming Quality,Unresolved,8.5,2.0,Chat
TKT_002144,SUB_007004,2026-03-19,Billing,Unresolved,168.0,1.0,Chat
TKT_002145,SUB_007005,2026-03-26,Content Request,Resolved,22.1,,Chat
TKT_002146,SUB_007007,2025-09-10,Streaming Quality,Resolved,8.4,4.0,Chat
TKT_002147,SUB_007007,2025-04-25,Billing,Resolved,1.1,5.0,In-App
TKT_002148,SUB_007008,2025-10-07,Account Access,Resolved,54.9,3.0,Email
TKT_002149,SUB_007008,2025-04-27,Cancellation Help,Resolved,8.9,,Chat
TKT_002150,SUB_007010,2025-12-25,Cancellation Help,Resolved,8.7,5.0,Email
TKT_002151,SUB_007010,2025-10-20,Account Access,Unresolved,13.0,1.0,In-App
TKT_002152,SUB_007012,2025-11-23,Billing,Customer-Closed,16.4,3.0,Phone
TKT_002153,SUB_007013,2025-11-12,Billing,Resolved,5.5,5.0,Chat
TKT_002154,SUB_007018,2026-02-14,Streaming Quality,Resolved,3.0,,Email
TKT_002155,SUB_007021,2026-02-14,Streaming Quality,Resolved,9.0,,Email
TKT_002156,SUB_007023,2026-03-27,Cancellation Help,Resolved,57.3,5.0,In-App
TKT_002157,SUB_007025,2025-12-13,Billing,Resolved,5.5,5.0,Chat
TKT_002158,SUB_007034,2025-06-20,Content Request,Unresolved,20.5,,Chat
TKT_002159,SUB_007036,2026-01-22,Cancellation Help,Customer-Closed,7.2,,Email
TKT_002160,SUB_007038,2026-03-19,Billing,Unresolved,3.3,2.0,Phone
TKT_002161,SUB_007039,2026-01-29,Streaming Quality,Resolved,26.9,4.0,Chat
TKT_002162,SUB_007042,2025-05-09,Content Request,Resolved,12.6,4.0,Email
TKT_002163,SUB_007046,2026-01-22,Streaming Quality,Resolved,31.9,5.0,Phone
TKT_002164,SUB_007048,2025-05-03,Streaming Quality,Resolved,32.1,5.0,Email
TKT_002165,SUB_007048,2025-06-23,Billing,Resolved,4.8,5.0,In-App
TKT_002166,SUB_007050,2025-11-19,Streaming Quality,Resolved,59.4,,In-App
TKT_002167,SUB_007069,2025-11-03,Billing,Resolved,17.9,5.0,Chat
TKT_002168,SUB_007079,2026-02-23,Cancellation Help,Resolved,33.2,,Email
TKT_002169,SUB_007079,2026-02-28,Account Access,Resolved,4.3,,In-App
TKT_002170,SUB_007079,2026-02-14,Streaming Quality,Resolved,52.2,4.0,Phone
TKT_002171,SUB_007079,2026-03-14,Billing,Pending,36.9,2.0,Chat
TKT_002172,SUB_007080,2025-07-20,Streaming Quality,Customer-Closed,7.3,2.0,Chat
TKT_002173,SUB_007083,2025-08-08,Content Request,Resolved,12.3,5.0,Phone
TKT_002174,SUB_007085,2025-10-07,Billing,Resolved,30.4,,Email
TKT_002175,SUB_007085,2025-09-04,Streaming Quality,Customer-Closed,58.2,1.0,Chat
TKT_002176,SUB_007091,2025-10-01,Account Access,Resolved,14.1,,Email
TKT_002177,SUB_007097,2026-02-05,Streaming Quality,Resolved,11.4,4.0,Chat
TKT_002178,SUB_007100,2025-10-14,Streaming Quality,Customer-Closed,31.4,1.0,In-App
TKT_002179,SUB_007100,2025-11-10,Billing,Resolved,8.0,3.0,Phone
TKT_002180,SUB_007100,2025-11-26,Cancellation Help,Pending,10.9,,Chat
TKT_002181,SUB_007100,2025-11-24,Content Request,Customer-Closed,1.1,1.0,In-App
TKT_002182,SUB_007110,2025-07-02,Cancellation Help,Resolved,61.2,5.0,Email
TKT_002183,SUB_007114,2025-05-30,Cancellation Help,Resolved,32.7,5.0,Email
TKT_002184,SUB_007125,2026-03-05,Account Access,Resolved,12.2,5.0,In-App
TKT_002185,SUB_007134,2025-07-07,Cancellation Help,Customer-Closed,30.5,2.0,In-App
TKT_002186,SUB_007136,2026-03-25,Account Access,Resolved,4.9,,In-App
TKT_002187,SUB_007139,2025-12-21,Billing,Resolved,14.9,3.0,Email
TKT_002188,SUB_007145,2025-09-06,Account Access,Resolved,20.7,,Email
TKT_002189,SUB_007149,2025-12-29,Billing,Customer-Closed,28.7,,In-App
TKT_002190,SUB_007160,2025-12-04,Account Access,Unresolved,85.3,2.0,Email
TKT_002191,SUB_007160,2025-12-22,Streaming Quality,Resolved,5.1,,In-App
TKT_002192,SUB_007161,2026-02-28,Billing,Resolved,14.1,4.0,In-App
TKT_002193,SUB_007167,2025-12-02,Content Request,Unresolved,23.9,,In-App
TKT_002194,SUB_007167,2025-04-26,Cancellation Help,Resolved,23.8,4.0,In-App
TKT_002195,SUB_007182,2025-05-25,Cancellation Help,Resolved,10.9,,Phone
TKT_002196,SUB_007183,2025-07-15,Cancellation Help,Resolved,7.6,,In-App
TKT_002197,SUB_007183,2025-11-20,Cancellation Help,Customer-Closed,9.2,,Phone
TKT_002198,SUB_007187,2025-12-16,Streaming Quality,Resolved,14.5,,In-App
TKT_002199,SUB_007189,2025-12-05,Cancellation Help,Resolved,14.4,,In-App
TKT_002200,SUB_007189,2025-08-11,Streaming Quality,Resolved,54.8,5.0,Phone
TKT_002201,SUB_007198,2025-07-21,Billing,Unresolved,17.0,1.0,Email
TKT_002202,SUB_007200,2026-03-10,Content Request,Pending,35.8,2.0,In-App
TKT_002203,SUB_007200,2026-03-21,Streaming Quality,Resolved,12.3,5.0,Email
TKT_002204,SUB_007203,2025-12-31,Streaming Quality,Resolved,31.4,4.0,Chat
TKT_002205,SUB_007207,2025-08-29,Billing,Unresolved,58.4,1.0,Email
TKT_002206,SUB_007218,2026-03-24,Billing,Resolved,17.6,5.0,In-App
TKT_002207,SUB_007224,2026-02-15,Streaming Quality,Unresolved,19.3,1.0,In-App
TKT_002208,SUB_007231,2026-03-24,Billing,Pending,3.4,2.0,Chat
TKT_002209,SUB_007233,2026-01-09,Streaming Quality,Unresolved,10.3,3.0,Chat
TKT_002210,SUB_007234,2026-03-27,Billing,Resolved,5.5,,In-App
TKT_002211,SUB_007235,2025-09-09,Streaming Quality,Resolved,6.6,3.0,Phone
TKT_002212,SUB_007236,2026-03-05,Streaming Quality,Resolved,17.9,4.0,Email
TKT_002213,SUB_007244,2025-07-28,Account Access,Resolved,16.1,4.0,Chat
TKT_002214,SUB_007249,2025-10-14,Streaming Quality,Resolved,1.4,,In-App
TKT_002215,SUB_007251,2026-02-05,Cancellation Help,Resolved,7.5,4.0,In-App
TKT_002216,SUB_007261,2026-02-17,Streaming Quality,Resolved,2.9,4.0,In-App
TKT_002217,SUB_007261,2026-03-21,Billing,Resolved,64.6,3.0,Phone
TKT_002218,SUB_007263,2025-07-13,Content Request,Resolved,2.8,,Chat
TKT_002219,SUB_007263,2025-08-12,Content Request,Resolved,5.8,4.0,In-App
TKT_002220,SUB_007265,2026-02-12,Content Request,Resolved,8.5,4.0,Email
TKT_002221,SUB_007279,2025-04-22,Cancellation Help,Unresolved,13.4,3.0,Chat
TKT_002222,SUB_007300,2026-03-24,Streaming Quality,Unresolved,5.8,1.0,In-App
TKT_002223,SUB_007300,2026-03-10,Account Access,Unresolved,8.8,2.0,Chat
TKT_002224,SUB_007301,2025-09-15,Account Access,Pending,9.3,,Email
TKT_002225,SUB_007301,2025-09-19,Content Request,Unresolved,27.7,2.0,In-App
TKT_002226,SUB_007305,2025-04-16,Account Access,Unresolved,39.8,2.0,Phone
TKT_002227,SUB_007310,2025-09-28,Streaming Quality,Resolved,6.8,5.0,Email
TKT_002228,SUB_007311,2025-07-24,Billing,Resolved,2.9,,Chat
TKT_002229,SUB_007313,2025-06-21,Billing,Pending,5.9,1.0,In-App
TKT_002230,SUB_007314,2026-03-12,Streaming Quality,Resolved,21.6,5.0,Email
TKT_002231,SUB_007316,2025-05-09,Billing,Resolved,33.0,4.0,In-App
TKT_002232,SUB_007323,2026-02-18,Account Access,Resolved,29.5,4.0,In-App
TKT_002233,SUB_007326,2025-10-25,Billing,Resolved,3.8,3.0,Phone
TKT_002234,SUB_007330,2025-12-31,Streaming Quality,Resolved,8.0,5.0,Email
TKT_002235,SUB_007335,2025-09-13,Account Access,Pending,12.7,2.0,Chat
TKT_002236,SUB_007335,2025-07-16,Account Access,Pending,5.2,,Chat
TKT_002237,SUB_007335,2025-08-14,Cancellation Help,Resolved,19.0,5.0,Phone
TKT_002238,SUB_007335,2025-07-28,Streaming Quality,Resolved,23.0,4.0,Chat
TKT_002239,SUB_007338,2025-04-26,Billing,Pending,20.6,,Chat
TKT_002240,SUB_007338,2025-06-13,Account Access,Customer-Closed,10.0,1.0,Chat
TKT_002241,SUB_007338,2025-05-07,Account Access,Resolved,6.8,,Chat
TKT_002242,SUB_007342,2026-01-20,Streaming Quality,Resolved,5.5,5.0,Chat
TKT_002243,SUB_007345,2025-11-18,Account Access,Resolved,15.6,3.0,Chat
TKT_002244,SUB_007348,2026-01-24,Account Access,Resolved,19.5,,Email
TKT_002245,SUB_007354,2025-10-30,Cancellation Help,Resolved,23.2,4.0,Chat
TKT_002246,SUB_007358,2025-11-11,Account Access,Pending,47.6,2.0,Phone
TKT_002247,SUB_007363,2025-04-11,Streaming Quality,Resolved,13.0,,Phone
TKT_002248,SUB_007374,2025-10-11,Billing,Resolved,36.7,5.0,Chat
TKT_002249,SUB_007378,2026-03-29,Account Access,Unresolved,4.4,,In-App
TKT_002250,SUB_007384,2025-11-02,Content Request,Resolved,24.1,4.0,In-App
TKT_002251,SUB_007385,2025-04-12,Billing,Unresolved,7.8,3.0,Email
TKT_002252,SUB_007388,2025-04-14,Billing,Unresolved,19.2,1.0,In-App
TKT_002253,SUB_007409,2025-05-25,Content Request,Customer-Closed,3.4,,Email
TKT_002254,SUB_007409,2025-04-18,Account Access,Pending,6.6,,In-App
TKT_002255,SUB_007409,2025-05-20,Streaming Quality,Resolved,9.3,,Chat
TKT_002256,SUB_007409,2025-05-21,Billing,Resolved,7.1,,In-App
TKT_002257,SUB_007421,2025-05-15,Billing,Resolved,55.8,5.0,Phone
TKT_002258,SUB_007429,2026-03-13,Account Access,Resolved,12.5,4.0,In-App
TKT_002259,SUB_007431,2025-08-26,Account Access,Resolved,11.0,3.0,In-App
TKT_002260,SUB_007434,2026-03-27,Account Access,Resolved,6.1,,Email
TKT_002261,SUB_007434,2026-03-26,Billing,Customer-Closed,46.6,2.0,In-App
TKT_002262,SUB_007445,2025-05-25,Account Access,Resolved,23.0,,In-App
TKT_002263,SUB_007449,2026-02-28,Billing,Customer-Closed,48.2,,Chat
TKT_002264,SUB_007450,2025-08-10,Cancellation Help,Resolved,8.4,5.0,In-App
TKT_002265,SUB_007454,2025-04-15,Cancellation Help,Resolved,26.8,,Chat
TKT_002266,SUB_007457,2026-01-25,Cancellation Help,Resolved,127.7,5.0,Chat
TKT_002267,SUB_007465,2025-10-17,Streaming Quality,Pending,24.0,,Chat
TKT_002268,SUB_007466,2025-10-20,Account Access,Resolved,7.1,4.0,Chat
TKT_002269,SUB_007474,2025-12-30,Account Access,Unresolved,48.5,,In-App
TKT_002270,SUB_007475,2026-01-06,Billing,Resolved,13.2,5.0,Phone
TKT_002271,SUB_007476,2025-06-13,Billing,Resolved,9.0,,Email
TKT_002272,SUB_007483,2025-10-08,Content Request,Resolved,9.0,5.0,Email
TKT_002273,SUB_007491,2026-02-20,Cancellation Help,Unresolved,114.6,1.0,Phone
TKT_002274,SUB_007493,2025-10-13,Streaming Quality,Resolved,27.0,,In-App
TKT_002275,SUB_007495,2026-02-21,Billing,Unresolved,4.8,1.0,In-App
TKT_002276,SUB_007498,2025-06-12,Content Request,Resolved,4.6,5.0,In-App
TKT_002277,SUB_007503,2026-02-20,Account Access,Resolved,12.3,4.0,Chat
TKT_002278,SUB_007503,2026-02-04,Streaming Quality,Resolved,9.1,,Chat
TKT_002279,SUB_007503,2026-02-18,Billing,Unresolved,53.0,1.0,In-App
TKT_002280,SUB_007510,2026-02-27,Account Access,Resolved,10.3,5.0,Chat
TKT_002281,SUB_007519,2025-10-08,Streaming Quality,Resolved,45.5,5.0,Email
TKT_002282,SUB_007521,2025-11-17,Streaming Quality,Resolved,4.6,,Email
TKT_002283,SUB_007522,2025-12-25,Streaming Quality,Pending,10.4,2.0,Chat
TKT_002284,SUB_007523,2025-10-17,Streaming Quality,Resolved,9.2,,Email
TKT_002285,SUB_007528,2025-11-14,Account Access,Resolved,23.0,4.0,In-App
TKT_002286,SUB_007528,2025-11-22,Cancellation Help,Resolved,18.0,5.0,Email
TKT_002287,SUB_007528,2026-03-23,Content Request,Resolved,2.4,,Email
TKT_002288,SUB_007534,2025-06-27,Billing,Pending,61.4,1.0,Email
TKT_002289,SUB_007536,2026-01-27,Streaming Quality,Resolved,10.5,4.0,Email
TKT_002290,SUB_007547,2025-06-07,Streaming Quality,Resolved,13.2,,Chat
TKT_002291,SUB_007548,2025-08-26,Streaming Quality,Resolved,16.9,4.0,Phone
TKT_002292,SUB_007555,2026-02-11,Streaming Quality,Resolved,6.2,,Chat
TKT_002293,SUB_007556,2025-10-27,Billing,Resolved,26.8,,Chat
TKT_002294,SUB_007561,2026-01-17,Account Access,Resolved,5.4,,In-App
TKT_002295,SUB_007561,2025-08-28,Streaming Quality,Resolved,18.6,,In-App
TKT_002296,SUB_007562,2025-07-08,Streaming Quality,Unresolved,15.1,1.0,Chat
TKT_002297,SUB_007562,2025-11-24,Billing,Resolved,23.7,,In-App
TKT_002298,SUB_007566,2026-03-07,Account Access,Customer-Closed,10.8,1.0,In-App
TKT_002299,SUB_007573,2025-08-21,Billing,Resolved,5.4,3.0,In-App
TKT_002300,SUB_007573,2025-11-06,Billing,Pending,97.8,2.0,In-App
TKT_002301,SUB_007573,2025-06-11,Billing,Resolved,15.9,5.0,Email
TKT_002302,SUB_007573,2025-10-09,Billing,Unresolved,32.1,,Phone
TKT_002303,SUB_007577,2025-07-02,Billing,Resolved,17.6,5.0,In-App
TKT_002304,SUB_007579,2025-09-07,Billing,Resolved,1.3,5.0,Chat
TKT_002305,SUB_007579,2025-09-15,Billing,Resolved,72.0,4.0,In-App
TKT_002306,SUB_007579,2025-09-11,Billing,Resolved,21.4,,Email
TKT_002307,SUB_007579,2025-09-10,Billing,Resolved,4.0,5.0,Phone
TKT_002308,SUB_007584,2025-07-29,Content Request,Resolved,10.4,5.0,Email
TKT_002309,SUB_007588,2025-10-26,Billing,Resolved,11.7,,Chat
TKT_002310,SUB_007592,2025-11-27,Billing,Pending,10.6,,Chat
TKT_002311,SUB_007596,2026-03-20,Streaming Quality,Unresolved,7.6,,Phone
TKT_002312,SUB_007598,2025-05-11,Account Access,Resolved,33.3,5.0,In-App
TKT_002313,SUB_007601,2025-05-17,Content Request,Resolved,11.3,5.0,In-App
TKT_002314,SUB_007601,2026-02-01,Billing,Resolved,35.8,5.0,In-App
TKT_002315,SUB_007602,2025-07-16,Account Access,Resolved,49.9,5.0,In-App
TKT_002316,SUB_007603,2025-07-11,Account Access,Resolved,8.6,3.0,Email
TKT_002317,SUB_007603,2025-04-13,Billing,Unresolved,4.9,,In-App
TKT_002318,SUB_007606,2026-03-31,Streaming Quality,Resolved,26.0,5.0,Chat
TKT_002319,SUB_007610,2025-07-30,Streaming Quality,Resolved,12.9,5.0,Email
TKT_002320,SUB_007610,2025-07-27,Streaming Quality,Resolved,9.4,,Phone
TKT_002321,SUB_007615,2026-03-12,Billing,Customer-Closed,63.8,3.0,Chat
TKT_002322,SUB_007615,2026-03-18,Billing,Resolved,36.8,5.0,Email
TKT_002323,SUB_007615,2026-03-26,Content Request,Resolved,4.3,,Chat
TKT_002324,SUB_007616,2026-03-15,Account Access,Resolved,19.4,5.0,Email
TKT_002325,SUB_007617,2026-01-16,Billing,Pending,27.9,1.0,Chat
TKT_002326,SUB_007618,2025-12-18,Content Request,Resolved,4.0,5.0,In-App
TKT_002327,SUB_007623,2025-06-14,Streaming Quality,Unresolved,17.0,2.0,In-App
TKT_002328,SUB_007625,2025-09-21,Billing,Resolved,9.4,,Chat
TKT_002329,SUB_007631,2025-11-08,Cancellation Help,Resolved,19.6,,Chat
TKT_002330,SUB_007632,2025-10-31,Account Access,Resolved,3.0,,In-App
TKT_002331,SUB_007642,2026-01-16,Billing,Resolved,5.6,,Phone
TKT_002332,SUB_007645,2025-07-11,Streaming Quality,Unresolved,6.6,2.0,Chat
TKT_002333,SUB_007645,2025-11-02,Billing,Unresolved,28.2,3.0,Email
TKT_002334,SUB_007648,2025-04-22,Billing,Unresolved,9.6,,In-App
TKT_002335,SUB_007651,2025-10-07,Streaming Quality,Resolved,14.6,4.0,In-App
TKT_002336,SUB_007654,2025-06-03,Streaming Quality,Unresolved,102.3,1.0,In-App
TKT_002337,SUB_007654,2025-07-08,Streaming Quality,Resolved,25.2,5.0,In-App
TKT_002338,SUB_007654,2025-11-07,Content Request,Unresolved,32.0,1.0,Email
TKT_002339,SUB_007664,2026-03-07,Content Request,Resolved,6.0,3.0,Phone
TKT_002340,SUB_007670,2025-04-02,Cancellation Help,Unresolved,63.8,,In-App
TKT_002341,SUB_007672,2025-07-17,Content Request,Resolved,12.6,,Email
TKT_002342,SUB_007672,2025-04-01,Streaming Quality,Resolved,3.7,5.0,Email
TKT_002343,SUB_007675,2026-01-08,Billing,Resolved,37.4,,In-App
TKT_002344,SUB_007675,2026-01-15,Streaming Quality,Pending,1.0,,Email
TKT_002345,SUB_007675,2025-04-28,Billing,Resolved,7.3,,Email
TKT_002346,SUB_007675,2026-02-14,Billing,Resolved,9.0,,In-App
TKT_002347,SUB_007677,2025-07-20,Cancellation Help,Resolved,48.8,,Chat
TKT_002348,SUB_007677,2025-07-19,Account Access,Unresolved,8.6,2.0,Chat
TKT_002349,SUB_007678,2025-05-13,Account Access,Resolved,4.9,,Chat
TKT_002350,SUB_007678,2025-10-23,Billing,Resolved,16.7,4.0,In-App
TKT_002351,SUB_007678,2026-01-19,Billing,Resolved,30.6,4.0,Chat
TKT_002352,SUB_007678,2025-04-02,Billing,Customer-Closed,31.6,1.0,In-App
TKT_002353,SUB_007684,2025-10-25,Billing,Resolved,46.8,,Chat
TKT_002354,SUB_007684,2025-07-12,Streaming Quality,Unresolved,26.6,3.0,Email
TKT_002355,SUB_007687,2025-06-01,Streaming Quality,Unresolved,24.0,,In-App
TKT_002356,SUB_007695,2025-10-17,Streaming Quality,Unresolved,8.7,3.0,In-App
TKT_002357,SUB_007695,2025-12-24,Account Access,Resolved,9.6,5.0,In-App
TKT_002358,SUB_007703,2026-01-07,Billing,Resolved,3.6,5.0,In-App
TKT_002359,SUB_007704,2025-05-09,Content Request,Resolved,30.1,5.0,Email
TKT_002360,SUB_007711,2025-07-31,Cancellation Help,Resolved,1.6,5.0,Chat
TKT_002361,SUB_007711,2025-08-26,Billing,Unresolved,9.8,,In-App
TKT_002362,SUB_007723,2025-05-12,Billing,Resolved,21.1,4.0,Chat
TKT_002363,SUB_007723,2025-05-14,Billing,Resolved,7.0,,Email
TKT_002364,SUB_007733,2026-02-17,Content Request,Resolved,15.9,5.0,Chat
TKT_002365,SUB_007740,2026-02-26,Content Request,Pending,65.2,3.0,In-App
TKT_002366,SUB_007740,2026-01-29,Content Request,Customer-Closed,3.3,1.0,Chat
TKT_002367,SUB_007740,2026-01-12,Streaming Quality,Resolved,16.7,5.0,Chat
TKT_002368,SUB_007740,2026-03-09,Billing,Resolved,3.6,5.0,Email
TKT_002369,SUB_007743,2025-11-02,Streaming Quality,Resolved,4.6,4.0,In-App
TKT_002370,SUB_007743,2025-09-29,Account Access,Resolved,10.0,5.0,In-App
TKT_002371,SUB_007743,2025-09-19,Billing,Resolved,4.8,,In-App
TKT_002372,SUB_007758,2025-05-20,Cancellation Help,Resolved,3.6,,Chat
TKT_002373,SUB_007760,2025-09-13,Billing,Resolved,37.8,5.0,Chat
TKT_002374,SUB_007762,2026-01-20,Billing,Customer-Closed,12.5,2.0,Chat
TKT_002375,SUB_007764,2025-10-25,Billing,Unresolved,35.6,2.0,In-App
TKT_002376,SUB_007767,2026-01-22,Streaming Quality,Resolved,18.9,4.0,In-App
TKT_002377,SUB_007769,2026-01-28,Streaming Quality,Pending,20.3,,In-App
TKT_002378,SUB_007769,2026-01-31,Content Request,Customer-Closed,4.0,1.0,In-App
TKT_002379,SUB_007769,2026-01-22,Account Access,Resolved,9.9,,In-App
TKT_002380,SUB_007773,2025-11-01,Account Access,Unresolved,8.3,,In-App
TKT_002381,SUB_007788,2025-06-19,Streaming Quality,Resolved,38.0,3.0,In-App
TKT_002382,SUB_007792,2025-12-10,Account Access,Unresolved,7.4,3.0,In-App
TKT_002383,SUB_007801,2025-06-17,Content Request,Pending,20.4,1.0,In-App
TKT_002384,SUB_007807,2025-04-16,Streaming Quality,Resolved,25.8,5.0,Chat
TKT_002385,SUB_007807,2025-04-14,Account Access,Customer-Closed,5.2,,Email
TKT_002386,SUB_007814,2025-05-13,Streaming Quality,Unresolved,3.0,3.0,In-App
TKT_002387,SUB_007814,2025-05-07,Account Access,Unresolved,4.3,3.0,Chat
TKT_002388,SUB_007814,2025-04-23,Account Access,Unresolved,7.9,1.0,Email
TKT_002389,SUB_007820,2026-02-18,Account Access,Resolved,12.3,5.0,In-App
TKT_002390,SUB_007826,2025-04-05,Billing,Customer-Closed,14.5,,In-App
TKT_002391,SUB_007832,2026-03-25,Streaming Quality,Resolved,55.0,,Chat
TKT_002392,SUB_007833,2025-04-30,Billing,Unresolved,8.8,2.0,Chat
TKT_002393,SUB_007838,2026-02-05,Cancellation Help,Resolved,7.3,,Phone
TKT_002394,SUB_007840,2025-07-08,Account Access,Resolved,5.7,,In-App
TKT_002395,SUB_007842,2025-07-04,Account Access,Customer-Closed,20.9,3.0,In-App
TKT_002396,SUB_007843,2025-08-11,Streaming Quality,Resolved,4.8,5.0,In-App
TKT_002397,SUB_007845,2026-02-28,Account Access,Unresolved,14.7,2.0,In-App
TKT_002398,SUB_007845,2025-12-11,Streaming Quality,Resolved,5.0,,In-App
TKT_002399,SUB_007847,2025-06-11,Content Request,Resolved,17.0,5.0,In-App
TKT_002400,SUB_007847,2025-08-25,Billing,Customer-Closed,8.6,2.0,Email
TKT_002401,SUB_007854,2025-09-08,Billing,Resolved,20.4,5.0,Email
TKT_002402,SUB_007854,2025-08-19,Account Access,Unresolved,8.8,2.0,Email
TKT_002403,SUB_007854,2025-06-23,Billing,Resolved,30.8,4.0,Chat
TKT_002404,SUB_007854,2025-06-05,Streaming Quality,Resolved,42.1,,Phone
TKT_002405,SUB_007858,2025-08-03,Billing,Resolved,17.4,5.0,Phone
TKT_002406,SUB_007886,2025-07-09,Account Access,Customer-Closed,17.2,1.0,In-App
TKT_002407,SUB_007888,2025-06-24,Account Access,Pending,4.4,3.0,In-App
TKT_002408,SUB_007891,2025-05-07,Streaming Quality,Resolved,7.8,5.0,In-App
TKT_002409,SUB_007891,2025-08-01,Account Access,Resolved,3.8,3.0,Chat
TKT_002410,SUB_007891,2025-08-16,Account Access,Resolved,8.8,3.0,Email
TKT_002411,SUB_007892,2025-06-07,Account Access,Customer-Closed,4.2,,In-App
TKT_002412,SUB_007898,2025-04-07,Content Request,Pending,8.0,,In-App
TKT_002413,SUB_007899,2026-03-08,Streaming Quality,Resolved,12.5,5.0,Chat
TKT_002414,SUB_007902,2025-04-07,Content Request,Unresolved,33.4,1.0,Chat
TKT_002415,SUB_007904,2025-08-10,Billing,Resolved,9.7,,In-App
TKT_002416,SUB_007919,2026-02-24,Billing,Resolved,8.7,5.0,In-App
TKT_002417,SUB_007919,2026-02-01,Streaming Quality,Resolved,10.8,5.0,Email
TKT_002418,SUB_007919,2026-01-31,Cancellation Help,Resolved,10.8,5.0,In-App
TKT_002419,SUB_007920,2025-06-03,Content Request,Resolved,7.6,5.0,In-App
TKT_002420,SUB_007920,2025-06-27,Streaming Quality,Resolved,19.1,,In-App
TKT_002421,SUB_007923,2025-11-10,Streaming Quality,Unresolved,55.2,3.0,Chat
TKT_002422,SUB_007927,2025-10-22,Account Access,Unresolved,29.6,2.0,Email
TKT_002423,SUB_007939,2025-11-15,Account Access,Resolved,14.8,3.0,Chat
TKT_002424,SUB_007955,2026-03-06,Billing,Resolved,1.4,4.0,Phone
TKT_002425,SUB_007955,2025-10-27,Content Request,Resolved,10.7,3.0,Email
TKT_002426,SUB_007955,2026-03-01,Billing,Unresolved,10.4,2.0,Phone
TKT_002427,SUB_007956,2025-03-31,Billing,Resolved,13.0,5.0,Chat
TKT_002428,SUB_007956,2025-04-04,Cancellation Help,Resolved,17.5,5.0,Chat
TKT_002429,SUB_007964,2025-04-18,Content Request,Customer-Closed,13.3,,In-App
TKT_002430,SUB_007965,2026-01-04,Streaming Quality,Resolved,8.7,5.0,Phone
TKT_002431,SUB_007965,2025-11-02,Streaming Quality,Customer-Closed,5.3,2.0,Email
TKT_002432,SUB_007985,2025-04-15,Billing,Resolved,4.8,5.0,In-App
TKT_002433,SUB_007985,2025-08-20,Streaming Quality,Resolved,28.4,,Chat
TKT_002434,SUB_008002,2025-07-12,Streaming Quality,Resolved,20.4,,Chat
TKT_002435,SUB_008005,2025-05-19,Billing,Resolved,14.1,4.0,Chat
TKT_002436,SUB_008011,2026-01-23,Content Request,Resolved,44.1,4.0,In-App
TKT_002437,SUB_008012,2026-01-22,Streaming Quality,Resolved,22.2,,Phone
TKT_002438,SUB_008012,2026-01-21,Billing,Resolved,64.7,5.0,Email
TKT_002439,SUB_008013,2026-03-04,Account Access,Unresolved,39.2,,Phone
TKT_002440,SUB_008018,2025-11-29,Billing,Resolved,9.1,,In-App
TKT_002441,SUB_008018,2025-11-11,Billing,Resolved,13.4,,In-App
TKT_002442,SUB_008025,2026-03-02,Billing,Resolved,20.9,5.0,Email
TKT_002443,SUB_008029,2025-08-27,Billing,Pending,8.8,3.0,Phone
TKT_002444,SUB_008030,2025-05-02,Content Request,Resolved,14.8,3.0,Chat
TKT_002445,SUB_008030,2025-04-26,Streaming Quality,Resolved,51.3,5.0,In-App
TKT_002446,SUB_008032,2025-07-27,Streaming Quality,Resolved,5.7,5.0,In-App
TKT_002447,SUB_008036,2025-07-04,Cancellation Help,Unresolved,51.9,1.0,In-App
TKT_002448,SUB_008039,2026-02-15,Account Access,Resolved,17.1,4.0,Chat
TKT_002449,SUB_008043,2025-06-03,Account Access,Unresolved,1.9,,Chat
TKT_002450,SUB_008043,2025-05-15,Cancellation Help,Resolved,16.9,,In-App
TKT_002451,SUB_008045,2025-06-16,Content Request,Resolved,25.5,5.0,In-App
TKT_002452,SUB_008045,2025-09-19,Billing,Resolved,3.3,4.0,Chat
TKT_002453,SUB_008046,2025-05-17,Content Request,Resolved,0.7,5.0,In-App
TKT_002454,SUB_008053,2026-02-25,Streaming Quality,Unresolved,14.9,2.0,Phone
TKT_002455,SUB_008067,2025-09-21,Billing,Resolved,11.2,5.0,Phone
TKT_002456,SUB_008069,2025-11-30,Content Request,Resolved,84.9,5.0,In-App
TKT_002457,SUB_008075,2025-04-28,Billing,Resolved,3.1,,In-App
TKT_002458,SUB_008080,2025-08-19,Streaming Quality,Unresolved,14.7,3.0,Chat
TKT_002459,SUB_008081,2025-11-10,Cancellation Help,Pending,12.0,1.0,Chat
TKT_002460,SUB_008084,2025-11-05,Cancellation Help,Pending,7.1,2.0,In-App
TKT_002461,SUB_008086,2025-04-28,Account Access,Unresolved,8.1,2.0,Email
TKT_002462,SUB_008088,2025-04-17,Streaming Quality,Resolved,18.0,4.0,Email
TKT_002463,SUB_008088,2025-04-22,Streaming Quality,Resolved,5.3,,In-App
TKT_002464,SUB_008097,2026-03-31,Streaming Quality,Resolved,2.2,5.0,Email
TKT_002465,SUB_008099,2025-04-29,Billing,Resolved,14.8,,In-App
TKT_002466,SUB_008106,2025-04-06,Account Access,Resolved,76.5,4.0,Chat
TKT_002467,SUB_008121,2025-08-12,Content Request,Resolved,41.4,,Email
TKT_002468,SUB_008121,2026-01-24,Account Access,Resolved,11.1,3.0,In-App
TKT_002469,SUB_008123,2025-07-18,Account Access,Pending,14.8,2.0,In-App
TKT_002470,SUB_008126,2025-09-19,Billing,Customer-Closed,27.5,,In-App
TKT_002471,SUB_008127,2026-02-16,Billing,Resolved,18.0,5.0,In-App
TKT_002472,SUB_008127,2025-11-12,Account Access,Resolved,10.3,,Phone
TKT_002473,SUB_008135,2025-11-07,Account Access,Resolved,25.8,5.0,Email
TKT_002474,SUB_008135,2025-11-10,Cancellation Help,Resolved,7.1,,Email
TKT_002475,SUB_008137,2025-10-28,Billing,Resolved,9.8,4.0,In-App
TKT_002476,SUB_008144,2025-07-16,Streaming Quality,Resolved,9.6,,Email
TKT_002477,SUB_008146,2025-04-10,Streaming Quality,Unresolved,57.4,,Chat
TKT_002478,SUB_008150,2026-01-26,Billing,Resolved,2.7,4.0,In-App
TKT_002479,SUB_008150,2025-09-20,Streaming Quality,Unresolved,9.0,1.0,In-App
TKT_002480,SUB_008156,2025-04-01,Streaming Quality,Resolved,1.9,4.0,Chat
TKT_002481,SUB_008157,2025-11-26,Cancellation Help,Resolved,22.3,5.0,Chat
TKT_002482,SUB_008169,2025-05-30,Streaming Quality,Resolved,3.8,,Chat
TKT_002483,SUB_008172,2025-07-06,Streaming Quality,Resolved,2.2,,Email
TKT_002484,SUB_008183,2026-01-18,Account Access,Resolved,22.4,3.0,Chat
TKT_002485,SUB_008185,2025-07-17,Content Request,Resolved,18.7,3.0,Chat
TKT_002486,SUB_008185,2025-10-22,Cancellation Help,Unresolved,14.3,,Chat
TKT_002487,SUB_008185,2025-10-21,Account Access,Resolved,5.6,,Email
TKT_002488,SUB_008195,2025-12-19,Streaming Quality,Customer-Closed,9.0,,Chat
TKT_002489,SUB_008195,2025-12-16,Cancellation Help,Resolved,9.7,5.0,In-App
TKT_002490,SUB_008195,2025-12-14,Cancellation Help,Unresolved,15.3,1.0,Chat
TKT_002491,SUB_008197,2026-02-24,Cancellation Help,Resolved,33.4,5.0,In-App
TKT_002492,SUB_008202,2026-01-31,Billing,Resolved,10.0,4.0,Email
TKT_002493,SUB_008204,2025-06-30,Billing,Resolved,4.1,4.0,Phone
TKT_002494,SUB_008204,2025-07-08,Account Access,Unresolved,23.9,3.0,In-App
TKT_002495,SUB_008211,2025-05-03,Content Request,Resolved,8.7,,Chat
TKT_002496,SUB_008224,2025-04-26,Billing,Resolved,31.3,4.0,Chat
TKT_002497,SUB_008224,2025-04-29,Streaming Quality,Resolved,3.1,5.0,In-App
TKT_002498,SUB_008232,2025-05-03,Billing,Resolved,11.9,5.0,Email
TKT_002499,SUB_008232,2025-08-22,Streaming Quality,Unresolved,7.4,,In-App
TKT_002500,SUB_008238,2025-09-01,Content Request,Pending,72.7,,Email
TKT_002501,SUB_008240,2025-07-06,Billing,Resolved,12.9,5.0,In-App
TKT_002502,SUB_008241,2025-05-05,Account Access,Unresolved,23.9,1.0,Email
TKT_002503,SUB_008241,2025-06-02,Content Request,Pending,60.7,2.0,In-App
TKT_002504,SUB_008248,2025-04-27,Billing,Customer-Closed,18.1,2.0,Chat
TKT_002505,SUB_008249,2026-03-22,Content Request,Resolved,9.8,,In-App
TKT_002506,SUB_008249,2026-03-27,Streaming Quality,Pending,23.1,2.0,Email
TKT_002507,SUB_008252,2026-01-02,Account Access,Unresolved,5.8,,Email
TKT_002508,SUB_008252,2025-12-13,Content Request,Resolved,19.3,5.0,In-App
TKT_002509,SUB_008254,2025-10-13,Account Access,Unresolved,43.4,,In-App
TKT_002510,SUB_008254,2025-05-20,Account Access,Unresolved,3.0,2.0,In-App
TKT_002511,SUB_008255,2025-05-11,Account Access,Resolved,4.7,4.0,Email
TKT_002512,SUB_008262,2025-12-03,Streaming Quality,Pending,12.4,,In-App
TKT_002513,SUB_008262,2025-05-10,Streaming Quality,Resolved,18.0,,In-App
TKT_002514,SUB_008262,2025-09-02,Account Access,Resolved,9.1,5.0,Chat
TKT_002515,SUB_008262,2026-03-11,Cancellation Help,Resolved,8.4,4.0,Email
TKT_002516,SUB_008271,2025-08-21,Streaming Quality,Resolved,7.6,4.0,Email
TKT_002517,SUB_008275,2025-08-22,Content Request,Resolved,8.9,4.0,In-App
TKT_002518,SUB_008276,2025-04-12,Account Access,Unresolved,33.3,,In-App
TKT_002519,SUB_008276,2025-06-10,Billing,Unresolved,32.3,1.0,Chat
TKT_002520,SUB_008287,2026-03-12,Account Access,Customer-Closed,31.2,1.0,Email
TKT_002521,SUB_008287,2026-02-04,Billing,Resolved,3.7,,Email
TKT_002522,SUB_008299,2025-10-17,Streaming Quality,Unresolved,110.2,,In-App
TKT_002523,SUB_008299,2025-05-12,Account Access,Customer-Closed,11.8,1.0,Chat
TKT_002524,SUB_008300,2025-03-31,Billing,Unresolved,20.3,2.0,In-App
TKT_002525,SUB_008303,2026-03-30,Streaming Quality,Resolved,8.9,5.0,Phone
TKT_002526,SUB_008307,2026-01-29,Cancellation Help,Resolved,3.0,,In-App
TKT_002527,SUB_008308,2025-10-28,Content Request,Resolved,4.9,,In-App
TKT_002528,SUB_008308,2025-04-22,Billing,Resolved,13.2,5.0,In-App
TKT_002529,SUB_008311,2026-02-12,Account Access,Customer-Closed,17.0,2.0,In-App
TKT_002530,SUB_008312,2025-12-01,Billing,Resolved,83.1,5.0,In-App
TKT_002531,SUB_008314,2026-03-30,Cancellation Help,Resolved,23.4,,Chat
TKT_002532,SUB_008315,2025-10-21,Content Request,Unresolved,14.1,2.0,Phone
TKT_002533,SUB_008316,2025-05-27,Content Request,Unresolved,1.2,1.0,Email
TKT_002534,SUB_008316,2025-05-01,Streaming Quality,Resolved,6.0,,In-App
TKT_002535,SUB_008318,2025-08-28,Streaming Quality,Pending,27.4,3.0,In-App
TKT_002536,SUB_008322,2025-10-16,Streaming Quality,Resolved,10.2,4.0,Chat
TKT_002537,SUB_008322,2025-08-30,Billing,Resolved,25.3,4.0,Chat
TKT_002538,SUB_008322,2025-10-14,Content Request,Resolved,15.1,,Chat
TKT_002539,SUB_008322,2025-08-28,Account Access,Resolved,10.2,,In-App
TKT_002540,SUB_008323,2025-06-23,Streaming Quality,Pending,8.5,,In-App
TKT_002541,SUB_008327,2025-04-25,Billing,Unresolved,24.4,2.0,Email
TKT_002542,SUB_008332,2025-09-01,Content Request,Resolved,17.1,,Chat
TKT_002543,SUB_008339,2025-12-20,Streaming Quality,Resolved,19.9,,Chat
TKT_002544,SUB_008340,2026-03-18,Streaming Quality,Resolved,31.2,5.0,Email
TKT_002545,SUB_008345,2025-07-31,Billing,Resolved,13.4,5.0,Chat
TKT_002546,SUB_008345,2025-06-30,Billing,Resolved,11.8,5.0,Email
TKT_002547,SUB_008348,2025-04-08,Billing,Resolved,2.1,3.0,Phone
TKT_002548,SUB_008348,2025-09-26,Content Request,Unresolved,32.5,1.0,Phone
TKT_002549,SUB_008348,2025-09-09,Billing,Resolved,6.3,5.0,Phone
TKT_002550,SUB_008350,2026-03-29,Content Request,Resolved,15.8,5.0,In-App
TKT_002551,SUB_008357,2026-03-02,Streaming Quality,Pending,9.8,2.0,Chat
TKT_002552,SUB_008359,2025-09-15,Streaming Quality,Resolved,15.0,,Email
TKT_002553,SUB_008360,2026-03-05,Billing,Resolved,16.5,5.0,In-App
TKT_002554,SUB_008362,2025-08-23,Content Request,Customer-Closed,18.0,1.0,Email
TKT_002555,SUB_008362,2025-09-10,Streaming Quality,Unresolved,31.6,,Email
TKT_002556,SUB_008365,2025-04-18,Streaming Quality,Customer-Closed,1.3,,Chat
TKT_002557,SUB_008373,2026-02-21,Content Request,Unresolved,11.0,2.0,Phone
TKT_002558,SUB_008383,2026-03-22,Content Request,Resolved,8.1,,Email
TKT_002559,SUB_008383,2026-03-18,Billing,Resolved,18.2,,Email
TKT_002560,SUB_008399,2025-09-20,Content Request,Resolved,45.2,5.0,Phone
TKT_002561,SUB_008411,2026-03-30,Billing,Resolved,36.0,,Chat
TKT_002562,SUB_008417,2025-04-24,Account Access,Pending,6.3,2.0,Email
TKT_002563,SUB_008418,2025-05-19,Streaming Quality,Unresolved,11.5,1.0,Email
TKT_002564,SUB_008423,2025-04-29,Streaming Quality,Pending,17.6,,Chat
TKT_002565,SUB_008426,2025-12-22,Cancellation Help,Resolved,30.2,,In-App
TKT_002566,SUB_008427,2025-05-25,Billing,Unresolved,15.2,1.0,Email
TKT_002567,SUB_008430,2026-03-29,Content Request,Resolved,37.3,3.0,Email
TKT_002568,SUB_008431,2026-03-29,Account Access,Resolved,3.8,5.0,In-App
TKT_002569,SUB_008435,2025-06-24,Streaming Quality,Unresolved,5.5,1.0,In-App
TKT_002570,SUB_008438,2025-10-23,Account Access,Customer-Closed,40.6,1.0,Email
TKT_002571,SUB_008438,2025-04-18,Billing,Resolved,16.5,5.0,Chat
TKT_002572,SUB_008438,2025-04-15,Content Request,Resolved,15.0,3.0,Email
TKT_002573,SUB_008438,2026-02-17,Content Request,Resolved,13.5,5.0,Chat
TKT_002574,SUB_008448,2026-03-26,Content Request,Pending,2.2,2.0,Email
TKT_002575,SUB_008448,2026-03-24,Account Access,Resolved,30.1,3.0,In-App
TKT_002576,SUB_008452,2025-11-15,Account Access,Resolved,6.6,4.0,Email
TKT_002577,SUB_008453,2026-03-10,Content Request,Resolved,22.1,5.0,Email
TKT_002578,SUB_008453,2026-03-04,Account Access,Resolved,16.2,5.0,Email
TKT_002579,SUB_008455,2025-04-27,Account Access,Resolved,18.9,5.0,Email
TKT_002580,SUB_008460,2025-11-22,Cancellation Help,Unresolved,6.0,2.0,In-App
TKT_002581,SUB_008460,2025-07-12,Cancellation Help,Resolved,2.5,5.0,In-App
TKT_002582,SUB_008464,2025-10-07,Streaming Quality,Customer-Closed,43.5,,In-App
TKT_002583,SUB_008465,2025-09-29,Cancellation Help,Unresolved,20.5,1.0,Phone
TKT_002584,SUB_008477,2025-12-13,Account Access,Unresolved,22.0,2.0,Chat
TKT_002585,SUB_008478,2026-03-30,Content Request,Resolved,47.8,4.0,In-App
TKT_002586,SUB_008482,2026-01-28,Account Access,Unresolved,17.7,3.0,Chat
TKT_002587,SUB_008486,2026-02-16,Content Request,Unresolved,7.5,1.0,Chat
TKT_002588,SUB_008486,2025-12-05,Content Request,Resolved,17.6,,Email
TKT_002589,SUB_008488,2025-09-02,Billing,Resolved,14.8,5.0,In-App
TKT_002590,SUB_008493,2025-07-25,Streaming Quality,Pending,11.3,,Chat
TKT_002591,SUB_008493,2025-09-30,Billing,Unresolved,10.4,1.0,In-App
TKT_002592,SUB_008493,2025-09-12,Content Request,Unresolved,44.8,2.0,Email
TKT_002593,SUB_008494,2026-01-22,Cancellation Help,Resolved,2.6,5.0,In-App
TKT_002594,SUB_008494,2025-10-01,Cancellation Help,Resolved,3.4,3.0,Chat
TKT_002595,SUB_008512,2025-11-15,Content Request,Customer-Closed,9.4,3.0,Chat
TKT_002596,SUB_008514,2025-04-14,Account Access,Unresolved,47.4,2.0,Email
TKT_002597,SUB_008519,2026-01-01,Billing,Resolved,8.5,,Phone
TKT_002598,SUB_008519,2026-01-31,Billing,Resolved,8.4,,Phone
TKT_002599,SUB_008520,2026-02-21,Billing,Resolved,2.9,3.0,In-App
TKT_002600,SUB_008523,2025-11-16,Content Request,Unresolved,9.7,1.0,Chat
TKT_002601,SUB_008523,2025-09-25,Billing,Pending,53.6,1.0,Email
TKT_002602,SUB_008527,2025-11-03,Cancellation Help,Resolved,36.8,5.0,In-App
TKT_002603,SUB_008530,2025-09-17,Streaming Quality,Customer-Closed,18.2,3.0,Email
TKT_002604,SUB_008530,2025-05-17,Content Request,Resolved,2.0,5.0,In-App
TKT_002605,SUB_008533,2025-05-25,Account Access,Unresolved,10.9,1.0,In-App
TKT_002606,SUB_008534,2025-11-10,Account Access,Resolved,36.4,,In-App
TKT_002607,SUB_008548,2025-07-30,Account Access,Unresolved,6.0,2.0,Phone
TKT_002608,SUB_008548,2025-09-29,Account Access,Resolved,27.0,3.0,Phone
TKT_002609,SUB_008550,2025-06-01,Billing,Resolved,9.1,,In-App
TKT_002610,SUB_008552,2026-03-08,Cancellation Help,Pending,8.7,1.0,Email
TKT_002611,SUB_008558,2025-04-30,Streaming Quality,Resolved,8.5,5.0,In-App
TKT_002612,SUB_008562,2025-12-17,Streaming Quality,Resolved,13.5,4.0,In-App
TKT_002613,SUB_008565,2026-01-14,Content Request,Customer-Closed,17.3,2.0,In-App
TKT_002614,SUB_008568,2025-07-15,Streaming Quality,Unresolved,153.4,,Phone
TKT_002615,SUB_008568,2025-11-02,Account Access,Resolved,10.9,3.0,Phone
TKT_002616,SUB_008568,2025-09-07,Content Request,Resolved,6.5,5.0,In-App
TKT_002617,SUB_008573,2025-07-15,Billing,Unresolved,9.2,,In-App
TKT_002618,SUB_008589,2026-03-03,Account Access,Resolved,157.7,,In-App
TKT_002619,SUB_008597,2025-05-04,Account Access,Customer-Closed,32.3,1.0,Email
TKT_002620,SUB_008599,2025-11-06,Billing,Resolved,9.1,5.0,Chat
TKT_002621,SUB_008599,2025-10-24,Account Access,Unresolved,16.6,1.0,In-App
TKT_002622,SUB_008599,2025-11-21,Cancellation Help,Resolved,8.4,5.0,Email
TKT_002623,SUB_008601,2025-10-17,Account Access,Unresolved,6.9,1.0,In-App
TKT_002624,SUB_008601,2025-11-16,Streaming Quality,Customer-Closed,14.4,1.0,Chat
TKT_002625,SUB_008601,2025-08-12,Billing,Resolved,160.0,4.0,In-App
TKT_002626,SUB_008604,2025-09-25,Account Access,Resolved,2.0,,In-App
TKT_002627,SUB_008612,2025-06-10,Billing,Unresolved,14.3,,Chat
TKT_002628,SUB_008616,2025-04-17,Account Access,Unresolved,28.5,,In-App
TKT_002629,SUB_008616,2025-04-10,Billing,Resolved,6.1,,In-App
TKT_002630,SUB_008616,2025-04-15,Billing,Unresolved,8.7,1.0,Chat
TKT_002631,SUB_008616,2025-04-17,Streaming Quality,Customer-Closed,11.9,1.0,In-App
TKT_002632,SUB_008618,2026-01-07,Billing,Pending,12.4,3.0,In-App
TKT_002633,SUB_008621,2026-03-09,Cancellation Help,Resolved,14.9,,In-App
TKT_002634,SUB_008621,2025-09-30,Cancellation Help,Resolved,12.7,,Chat
TKT_002635,SUB_008628,2025-06-26,Account Access,Unresolved,5.7,,Email
TKT_002636,SUB_008645,2025-08-08,Content Request,Unresolved,3.2,1.0,Email
TKT_002637,SUB_008645,2025-08-01,Account Access,Resolved,47.8,,Chat
TKT_002638,SUB_008645,2025-11-08,Account Access,Resolved,52.1,5.0,Email
TKT_002639,SUB_008649,2026-01-21,Billing,Resolved,86.0,5.0,In-App
TKT_002640,SUB_008651,2025-06-21,Account Access,Resolved,3.6,3.0,In-App
TKT_002641,SUB_008652,2026-02-20,Content Request,Resolved,108.9,5.0,In-App
TKT_002642,SUB_008659,2025-05-08,Billing,Resolved,168.0,3.0,Chat
TKT_002643,SUB_008660,2025-04-27,Billing,Resolved,4.7,4.0,Chat
TKT_002644,SUB_008661,2026-03-30,Streaming Quality,Resolved,4.2,4.0,In-App
TKT_002645,SUB_008664,2025-04-11,Account Access,Resolved,22.0,4.0,Chat
TKT_002646,SUB_008668,2026-01-29,Account Access,Resolved,15.7,4.0,Phone
TKT_002647,SUB_008672,2025-05-07,Streaming Quality,Resolved,14.5,,Chat
TKT_002648,SUB_008676,2026-01-19,Billing,Resolved,14.4,,Phone
TKT_002649,SUB_008680,2025-09-19,Streaming Quality,Resolved,1.6,,Chat
TKT_002650,SUB_008682,2026-01-14,Account Access,Resolved,17.5,,In-App
TKT_002651,SUB_008682,2026-02-13,Cancellation Help,Resolved,24.3,5.0,In-App
TKT_002652,SUB_008684,2026-03-18,Cancellation Help,Unresolved,15.4,2.0,In-App
TKT_002653,SUB_008692,2025-06-12,Billing,Customer-Closed,13.9,,In-App
TKT_002654,SUB_008701,2025-04-29,Billing,Resolved,7.5,3.0,Email
TKT_002655,SUB_008703,2025-06-04,Billing,Unresolved,5.0,,Phone
TKT_002656,SUB_008704,2025-11-09,Cancellation Help,Customer-Closed,12.6,2.0,Chat
TKT_002657,SUB_008710,2025-10-28,Streaming Quality,Resolved,17.7,4.0,Chat
TKT_002658,SUB_008710,2026-01-07,Streaming Quality,Pending,5.6,3.0,In-App
TKT_002659,SUB_008720,2025-12-06,Billing,Customer-Closed,6.9,3.0,In-App
TKT_002660,SUB_008730,2026-03-31,Account Access,Resolved,19.3,4.0,Chat
TKT_002661,SUB_008739,2026-02-10,Account Access,Resolved,12.4,5.0,In-App
TKT_002662,SUB_008747,2025-09-19,Streaming Quality,Unresolved,99.2,3.0,Phone
TKT_002663,SUB_008747,2025-10-21,Account Access,Unresolved,55.6,1.0,In-App
TKT_002664,SUB_008747,2025-06-30,Billing,Resolved,13.0,5.0,In-App
TKT_002665,SUB_008747,2025-11-05,Account Access,Unresolved,2.9,1.0,Chat
TKT_002666,SUB_008752,2025-08-22,Billing,Resolved,8.3,,Email
TKT_002667,SUB_008752,2025-07-13,Account Access,Unresolved,41.0,,In-App
TKT_002668,SUB_008753,2025-04-06,Cancellation Help,Unresolved,6.4,3.0,Phone
TKT_002669,SUB_008756,2025-07-23,Account Access,Customer-Closed,32.5,1.0,Chat
TKT_002670,SUB_008757,2025-12-11,Streaming Quality,Resolved,44.8,5.0,Chat
TKT_002671,SUB_008757,2025-12-19,Billing,Unresolved,9.2,,Email
TKT_002672,SUB_008765,2025-04-11,Billing,Unresolved,18.1,2.0,Chat
TKT_002673,SUB_008765,2025-05-16,Streaming Quality,Resolved,37.7,3.0,Phone
TKT_002674,SUB_008768,2026-03-06,Account Access,Resolved,3.9,5.0,In-App
TKT_002675,SUB_008769,2026-03-25,Streaming Quality,Resolved,2.8,,Chat
TKT_002676,SUB_008770,2025-10-03,Billing,Resolved,14.6,5.0,In-App
TKT_002677,SUB_008772,2025-09-07,Account Access,Resolved,49.5,5.0,In-App
TKT_002678,SUB_008772,2025-05-10,Streaming Quality,Resolved,35.8,3.0,Chat
TKT_002679,SUB_008772,2025-12-22,Streaming Quality,Resolved,14.1,,In-App
TKT_002680,SUB_008777,2026-03-18,Billing,Resolved,16.8,3.0,Email
TKT_002681,SUB_008777,2026-02-27,Account Access,Resolved,26.4,,Email
TKT_002682,SUB_008777,2026-02-10,Streaming Quality,Resolved,11.9,4.0,In-App
TKT_002683,SUB_008780,2025-04-04,Streaming Quality,Resolved,1.8,3.0,In-App
TKT_002684,SUB_008780,2025-11-29,Cancellation Help,Unresolved,20.6,,In-App
TKT_002685,SUB_008780,2025-05-30,Content Request,Resolved,11.2,,Email
TKT_002686,SUB_008780,2025-05-01,Billing,Resolved,53.2,4.0,In-App
TKT_002687,SUB_008787,2025-07-30,Account Access,Resolved,14.6,3.0,Phone
TKT_002688,SUB_008787,2025-11-21,Streaming Quality,Unresolved,3.0,1.0,Email
TKT_002689,SUB_008788,2025-04-19,Billing,Customer-Closed,18.9,,Chat
TKT_002690,SUB_008791,2025-12-29,Account Access,Unresolved,7.1,1.0,Email
TKT_002691,SUB_008792,2026-02-03,Billing,Resolved,21.8,5.0,Chat
TKT_002692,SUB_008792,2026-02-05,Billing,Resolved,25.7,,Email
TKT_002693,SUB_008792,2026-03-13,Streaming Quality,Resolved,20.7,4.0,Email
TKT_002694,SUB_008796,2025-06-07,Account Access,Resolved,13.8,4.0,Chat
TKT_002695,SUB_008801,2026-01-21,Streaming Quality,Customer-Closed,10.4,2.0,In-App
TKT_002696,SUB_008801,2025-12-01,Billing,Resolved,21.9,5.0,Email
TKT_002697,SUB_008812,2025-09-11,Account Access,Unresolved,162.6,1.0,Email
TKT_002698,SUB_008815,2025-05-08,Billing,Resolved,33.5,5.0,Email
TKT_002699,SUB_008815,2025-06-24,Billing,Resolved,2.3,4.0,Email
TKT_002700,SUB_008821,2026-01-13,Account Access,Pending,15.5,2.0,Email
TKT_002701,SUB_008822,2025-06-04,Streaming Quality,Pending,13.5,,In-App
TKT_002702,SUB_008836,2025-04-13,Billing,Resolved,15.3,4.0,Chat
TKT_002703,SUB_008841,2026-03-25,Streaming Quality,Pending,25.7,2.0,In-App
TKT_002704,SUB_008844,2025-12-13,Streaming Quality,Customer-Closed,15.7,2.0,Chat
TKT_002705,SUB_008846,2025-05-16,Content Request,Customer-Closed,5.6,1.0,Email
TKT_002706,SUB_008846,2025-04-27,Account Access,Unresolved,4.5,1.0,Chat
TKT_002707,SUB_008857,2025-05-29,Cancellation Help,Pending,3.1,,In-App
TKT_002708,SUB_008863,2026-01-12,Streaming Quality,Unresolved,7.4,2.0,In-App
TKT_002709,SUB_008866,2025-04-29,Cancellation Help,Resolved,93.5,,Email
TKT_002710,SUB_008867,2026-03-05,Billing,Resolved,11.3,3.0,Chat
TKT_002711,SUB_008868,2025-11-27,Account Access,Pending,31.6,3.0,Chat
TKT_002712,SUB_008869,2025-05-04,Streaming Quality,Resolved,33.3,3.0,In-App
TKT_002713,SUB_008877,2026-03-26,Billing,Resolved,33.3,4.0,In-App
TKT_002714,SUB_008879,2025-07-28,Streaming Quality,Unresolved,0.6,2.0,Phone
TKT_002715,SUB_008881,2025-06-02,Cancellation Help,Resolved,4.3,3.0,Chat
TKT_002716,SUB_008882,2026-01-23,Account Access,Resolved,12.7,,In-App
TKT_002717,SUB_008882,2025-12-18,Cancellation Help,Resolved,20.9,,In-App
TKT_002718,SUB_008895,2025-09-29,Billing,Customer-Closed,18.9,,Chat
TKT_002719,SUB_008898,2026-03-06,Content Request,Customer-Closed,2.5,3.0,Chat
TKT_002720,SUB_008900,2025-07-25,Content Request,Resolved,25.0,4.0,In-App
TKT_002721,SUB_008900,2025-04-29,Billing,Resolved,7.0,4.0,In-App
TKT_002722,SUB_008900,2025-06-25,Streaming Quality,Resolved,2.3,4.0,Chat
TKT_002723,SUB_008909,2026-02-19,Streaming Quality,Resolved,13.3,5.0,Chat
TKT_002724,SUB_008909,2026-03-02,Billing,Customer-Closed,27.2,,In-App
TKT_002725,SUB_008911,2026-02-13,Streaming Quality,Unresolved,13.7,,Chat
TKT_002726,SUB_008911,2025-11-27,Billing,Unresolved,8.4,2.0,Chat
TKT_002727,SUB_008911,2025-08-08,Billing,Unresolved,9.9,1.0,In-App
TKT_002728,SUB_008919,2025-04-22,Billing,Resolved,11.3,5.0,In-App
TKT_002729,SUB_008921,2026-01-04,Account Access,Unresolved,4.4,3.0,Chat
TKT_002730,SUB_008931,2026-02-25,Account Access,Resolved,39.8,5.0,Email
TKT_002731,SUB_008934,2026-02-08,Billing,Unresolved,2.9,2.0,Email
TKT_002732,SUB_008936,2025-12-14,Billing,Unresolved,26.8,1.0,Email
TKT_002733,SUB_008946,2025-09-06,Billing,Unresolved,42.4,,In-App
TKT_002734,SUB_008963,2025-09-02,Account Access,Unresolved,21.6,,In-App
TKT_002735,SUB_008964,2025-10-08,Streaming Quality,Pending,14.7,2.0,Chat
TKT_002736,SUB_008973,2025-07-04,Cancellation Help,Unresolved,16.8,1.0,In-App
TKT_002737,SUB_008979,2025-04-24,Streaming Quality,Pending,27.1,1.0,In-App
TKT_002738,SUB_008985,2026-01-22,Streaming Quality,Unresolved,5.4,,Phone
TKT_002739,SUB_008988,2026-03-20,Account Access,Resolved,5.4,5.0,In-App
TKT_002740,SUB_008988,2026-03-04,Cancellation Help,Resolved,30.6,,In-App
TKT_002741,SUB_008995,2025-08-23,Billing,Resolved,50.2,5.0,Chat
TKT_002742,SUB_009011,2025-12-15,Content Request,Resolved,69.5,3.0,Phone
TKT_002743,SUB_009011,2025-10-10,Streaming Quality,Resolved,97.5,,Chat
TKT_002744,SUB_009011,2025-10-14,Content Request,Resolved,5.7,5.0,Chat
TKT_002745,SUB_009016,2026-03-01,Streaming Quality,Unresolved,14.3,,Chat
TKT_002746,SUB_009016,2026-01-07,Billing,Resolved,1.9,,Email
TKT_002747,SUB_009020,2025-06-14,Streaming Quality,Unresolved,28.2,,Chat
TKT_002748,SUB_009026,2026-03-02,Billing,Resolved,51.8,,Phone
TKT_002749,SUB_009026,2026-01-25,Billing,Unresolved,7.3,2.0,In-App
TKT_002750,SUB_009026,2026-02-01,Streaming Quality,Unresolved,26.0,,Chat
TKT_002751,SUB_009026,2026-02-03,Streaming Quality,Resolved,14.5,,Email
TKT_002752,SUB_009027,2026-01-15,Streaming Quality,Unresolved,4.3,3.0,Email
TKT_002753,SUB_009028,2025-05-12,Streaming Quality,Unresolved,17.9,2.0,Phone
TKT_002754,SUB_009029,2025-08-16,Billing,Resolved,168.0,4.0,In-App
TKT_002755,SUB_009036,2025-06-09,Billing,Resolved,8.5,5.0,In-App
TKT_002756,SUB_009036,2025-09-10,Account Access,Resolved,2.5,4.0,Phone
TKT_002757,SUB_009038,2025-09-19,Streaming Quality,Resolved,38.4,5.0,Chat
TKT_002758,SUB_009043,2026-03-19,Billing,Resolved,41.2,4.0,Email
TKT_002759,SUB_009046,2026-02-15,Streaming Quality,Resolved,14.5,5.0,Chat
TKT_002760,SUB_009046,2026-03-17,Billing,Resolved,3.3,5.0,Email
TKT_002761,SUB_009048,2025-04-28,Content Request,Pending,22.8,,In-App
TKT_002762,SUB_009049,2025-09-15,Streaming Quality,Resolved,7.1,4.0,Phone
TKT_002763,SUB_009049,2025-09-20,Account Access,Resolved,21.1,4.0,Chat
TKT_002764,SUB_009052,2025-03-31,Account Access,Resolved,2.6,4.0,In-App
TKT_002765,SUB_009053,2026-03-19,Streaming Quality,Resolved,11.7,,Email
TKT_002766,SUB_009054,2025-10-01,Billing,Unresolved,11.3,,In-App
TKT_002767,SUB_009060,2025-12-02,Account Access,Resolved,29.1,3.0,Chat
TKT_002768,SUB_009065,2025-04-06,Content Request,Unresolved,5.6,,In-App
TKT_002769,SUB_009071,2026-03-25,Billing,Pending,20.5,2.0,Email
TKT_002770,SUB_009077,2025-06-20,Streaming Quality,Customer-Closed,24.3,,Email
TKT_002771,SUB_009085,2025-11-17,Streaming Quality,Customer-Closed,12.2,1.0,Phone
TKT_002772,SUB_009091,2025-05-12,Streaming Quality,Unresolved,7.5,,In-App
TKT_002773,SUB_009094,2025-05-19,Streaming Quality,Unresolved,11.4,3.0,In-App
TKT_002774,SUB_009099,2026-03-19,Account Access,Pending,98.9,,Email
TKT_002775,SUB_009112,2025-04-13,Content Request,Pending,13.5,2.0,In-App
TKT_002776,SUB_009120,2025-08-08,Content Request,Resolved,3.3,4.0,Chat
TKT_002777,SUB_009120,2025-11-19,Streaming Quality,Unresolved,13.4,,Chat
TKT_002778,SUB_009125,2025-11-25,Cancellation Help,Customer-Closed,10.1,1.0,In-App
TKT_002779,SUB_009127,2025-04-19,Cancellation Help,Customer-Closed,3.9,,In-App
TKT_002780,SUB_009134,2025-11-24,Billing,Resolved,48.1,4.0,Chat
TKT_002781,SUB_009134,2025-04-16,Billing,Resolved,6.7,4.0,In-App
TKT_002782,SUB_009136,2025-04-13,Streaming Quality,Resolved,66.2,5.0,Chat
TKT_002783,SUB_009139,2025-06-05,Cancellation Help,Resolved,26.7,,Email
TKT_002784,SUB_009139,2025-07-19,Account Access,Customer-Closed,26.7,3.0,In-App
TKT_002785,SUB_009139,2025-06-10,Streaming Quality,Customer-Closed,13.3,2.0,Email
TKT_002786,SUB_009141,2025-11-03,Cancellation Help,Resolved,4.7,3.0,In-App
TKT_002787,SUB_009141,2025-05-29,Cancellation Help,Resolved,1.8,,In-App
TKT_002788,SUB_009141,2025-05-08,Account Access,Resolved,36.3,4.0,Phone
TKT_002789,SUB_009141,2025-08-23,Cancellation Help,Resolved,36.6,5.0,In-App
TKT_002790,SUB_009147,2025-08-25,Billing,Resolved,21.4,5.0,In-App
TKT_002791,SUB_009150,2026-03-12,Account Access,Resolved,11.9,5.0,In-App
TKT_002792,SUB_009157,2025-06-13,Streaming Quality,Resolved,6.9,5.0,In-App
TKT_002793,SUB_009157,2026-02-10,Streaming Quality,Resolved,13.2,,Chat
TKT_002794,SUB_009157,2025-08-25,Account Access,Resolved,6.4,4.0,In-App
TKT_002795,SUB_009157,2026-02-04,Billing,Resolved,8.0,5.0,Chat
TKT_002796,SUB_009164,2026-01-12,Cancellation Help,Pending,8.3,1.0,In-App
TKT_002797,SUB_009165,2025-10-31,Content Request,Resolved,10.9,5.0,In-App
TKT_002798,SUB_009176,2025-05-15,Content Request,Resolved,88.3,3.0,Chat
TKT_002799,SUB_009177,2026-03-16,Cancellation Help,Unresolved,16.3,2.0,Email
TKT_002800,SUB_009183,2025-11-28,Cancellation Help,Customer-Closed,12.7,,Phone
TKT_002801,SUB_009195,2026-03-22,Cancellation Help,Resolved,12.8,4.0,In-App
TKT_002802,SUB_009195,2026-03-06,Billing,Pending,22.1,1.0,Phone
TKT_002803,SUB_009195,2026-03-18,Billing,Resolved,7.7,4.0,In-App
TKT_002804,SUB_009195,2026-03-08,Streaming Quality,Resolved,7.4,5.0,In-App
TKT_002805,SUB_009216,2026-01-09,Streaming Quality,Resolved,3.1,4.0,In-App
TKT_002806,SUB_009233,2026-03-06,Account Access,Resolved,17.8,4.0,In-App
TKT_002807,SUB_009243,2026-03-25,Streaming Quality,Resolved,8.4,5.0,Chat
TKT_002808,SUB_009252,2025-12-21,Content Request,Resolved,12.2,5.0,In-App
TKT_002809,SUB_009255,2025-07-27,Billing,Resolved,6.1,,Chat
TKT_002810,SUB_009257,2026-01-01,Cancellation Help,Unresolved,13.8,1.0,Email
TKT_002811,SUB_009257,2026-03-13,Account Access,Resolved,54.3,3.0,Chat
TKT_002812,SUB_009260,2025-04-09,Billing,Unresolved,67.7,3.0,Email
TKT_002813,SUB_009272,2025-12-24,Billing,Resolved,39.6,5.0,In-App
TKT_002814,SUB_009273,2026-02-24,Streaming Quality,Unresolved,31.9,,Email
TKT_002815,SUB_009278,2025-09-06,Billing,Resolved,11.2,4.0,In-App
TKT_002816,SUB_009283,2026-01-05,Streaming Quality,Resolved,13.2,4.0,In-App
TKT_002817,SUB_009284,2025-04-22,Billing,Resolved,9.4,5.0,Phone
TKT_002818,SUB_009293,2025-07-17,Streaming Quality,Resolved,46.2,4.0,In-App
TKT_002819,SUB_009295,2025-04-04,Streaming Quality,Resolved,21.4,5.0,In-App
TKT_002820,SUB_009299,2025-08-31,Account Access,Resolved,5.5,,In-App
TKT_002821,SUB_009299,2025-09-16,Cancellation Help,Resolved,1.4,,In-App
TKT_002822,SUB_009299,2025-09-14,Content Request,Unresolved,4.9,2.0,In-App
TKT_002823,SUB_009299,2025-05-26,Streaming Quality,Unresolved,19.1,1.0,Chat
TKT_002824,SUB_009306,2026-01-06,Billing,Resolved,52.3,,Email
TKT_002825,SUB_009308,2026-03-18,Account Access,Resolved,47.4,,In-App
TKT_002826,SUB_009312,2025-12-02,Streaming Quality,Resolved,2.8,3.0,In-App
TKT_002827,SUB_009321,2026-01-27,Streaming Quality,Unresolved,22.6,1.0,In-App
TKT_002828,SUB_009324,2026-02-21,Account Access,Unresolved,54.1,1.0,In-App
TKT_002829,SUB_009325,2026-03-14,Cancellation Help,Resolved,12.1,4.0,Chat
TKT_002830,SUB_009329,2025-07-20,Billing,Pending,7.6,,In-App
TKT_002831,SUB_009332,2025-11-24,Billing,Resolved,14.9,,In-App
TKT_002832,SUB_009333,2025-04-06,Billing,Resolved,62.2,5.0,In-App
TKT_002833,SUB_009339,2025-08-07,Account Access,Unresolved,9.5,,In-App
TKT_002834,SUB_009343,2026-03-08,Account Access,Resolved,25.9,,In-App
TKT_002835,SUB_009347,2025-04-30,Streaming Quality,Resolved,12.4,4.0,Chat
TKT_002836,SUB_009347,2025-09-08,Billing,Resolved,17.9,,In-App
TKT_002837,SUB_009347,2025-05-09,Account Access,Unresolved,2.5,,Chat
TKT_002838,SUB_009351,2025-11-04,Streaming Quality,Customer-Closed,22.9,1.0,Phone
TKT_002839,SUB_009352,2025-06-22,Streaming Quality,Resolved,12.3,4.0,Chat
TKT_002840,SUB_009366,2025-06-01,Cancellation Help,Customer-Closed,8.8,1.0,Email
TKT_002841,SUB_009366,2025-05-05,Billing,Customer-Closed,67.0,1.0,In-App
TKT_002842,SUB_009374,2025-12-25,Account Access,Pending,4.4,,Chat
TKT_002843,SUB_009377,2026-02-11,Billing,Resolved,4.0,5.0,In-App
TKT_002844,SUB_009394,2025-04-15,Billing,Pending,4.4,3.0,In-App
TKT_002845,SUB_009395,2025-12-12,Billing,Resolved,21.5,4.0,Phone
TKT_002846,SUB_009396,2025-08-18,Billing,Resolved,12.0,4.0,In-App
TKT_002847,SUB_009396,2025-11-29,Content Request,Resolved,8.9,,In-App
TKT_002848,SUB_009399,2025-09-09,Billing,Resolved,4.9,5.0,In-App
TKT_002849,SUB_009399,2025-05-03,Account Access,Unresolved,17.9,1.0,Chat
TKT_002850,SUB_009400,2026-03-07,Cancellation Help,Unresolved,8.2,1.0,Chat
TKT_002851,SUB_009403,2026-01-16,Streaming Quality,Unresolved,41.1,,Chat
TKT_002852,SUB_009413,2025-10-30,Account Access,Resolved,6.3,4.0,In-App
TKT_002853,SUB_009413,2025-06-05,Account Access,Resolved,2.1,,In-App
TKT_002854,SUB_009415,2025-12-25,Streaming Quality,Resolved,66.8,,In-App
TKT_002855,SUB_009419,2025-06-23,Streaming Quality,Resolved,4.7,,Phone
TKT_002856,SUB_009420,2025-06-18,Streaming Quality,Resolved,12.6,5.0,Chat
TKT_002857,SUB_009427,2025-09-14,Billing,Resolved,32.3,,Phone
TKT_002858,SUB_009430,2025-07-03,Cancellation Help,Resolved,5.7,,Chat
TKT_002859,SUB_009437,2026-02-25,Cancellation Help,Unresolved,8.2,1.0,Email
TKT_002860,SUB_009439,2026-02-06,Content Request,Resolved,11.2,5.0,Chat
TKT_002861,SUB_009439,2025-11-16,Cancellation Help,Resolved,3.2,4.0,Chat
TKT_002862,SUB_009439,2026-02-02,Content Request,Resolved,4.8,5.0,Chat
TKT_002863,SUB_009440,2025-06-28,Billing,Resolved,3.0,,Chat
TKT_002864,SUB_009440,2025-11-06,Streaming Quality,Resolved,6.4,5.0,In-App
TKT_002865,SUB_009444,2025-09-11,Streaming Quality,Resolved,43.2,,Phone
TKT_002866,SUB_009444,2026-01-19,Billing,Resolved,9.8,5.0,In-App
TKT_002867,SUB_009447,2025-10-12,Billing,Pending,3.0,3.0,Chat
TKT_002868,SUB_009447,2025-11-28,Billing,Resolved,12.4,,Email
TKT_002869,SUB_009448,2025-07-30,Billing,Resolved,2.8,,Chat
TKT_002870,SUB_009448,2025-11-18,Billing,Resolved,12.4,5.0,Chat
TKT_002871,SUB_009451,2025-04-19,Streaming Quality,Pending,30.0,2.0,Phone
TKT_002872,SUB_009463,2025-06-17,Billing,Resolved,35.7,4.0,Email
TKT_002873,SUB_009463,2025-06-16,Streaming Quality,Resolved,1.0,,In-App
TKT_002874,SUB_009465,2025-06-18,Billing,Resolved,31.4,5.0,Chat
TKT_002875,SUB_009472,2025-06-23,Account Access,Resolved,8.7,3.0,Email
TKT_002876,SUB_009487,2025-06-14,Streaming Quality,Unresolved,44.3,3.0,Chat
TKT_002877,SUB_009487,2025-06-04,Account Access,Customer-Closed,17.6,2.0,In-App
TKT_002878,SUB_009487,2025-04-30,Account Access,Pending,29.3,1.0,Chat
TKT_002879,SUB_009496,2025-06-22,Billing,Customer-Closed,17.9,2.0,Phone
TKT_002880,SUB_009496,2025-06-16,Account Access,Resolved,2.5,4.0,Phone
TKT_002881,SUB_009513,2025-08-26,Account Access,Pending,50.2,,Chat
TKT_002882,SUB_009515,2025-09-24,Account Access,Resolved,13.1,5.0,Chat
TKT_002883,SUB_009515,2025-07-02,Streaming Quality,Resolved,18.0,4.0,Email
TKT_002884,SUB_009518,2025-06-17,Content Request,Resolved,9.7,,In-App
TKT_002885,SUB_009528,2026-03-29,Account Access,Customer-Closed,32.8,1.0,Phone
TKT_002886,SUB_009532,2025-04-27,Billing,Customer-Closed,58.6,2.0,Chat
TKT_002887,SUB_009533,2025-08-12,Content Request,Customer-Closed,48.1,1.0,In-App
TKT_002888,SUB_009536,2026-01-15,Content Request,Customer-Closed,168.0,,In-App
TKT_002889,SUB_009556,2026-01-21,Account Access,Resolved,17.1,,In-App
TKT_002890,SUB_009564,2026-02-02,Billing,Unresolved,4.4,1.0,Chat
TKT_002891,SUB_009568,2025-10-14,Account Access,Resolved,6.3,5.0,Chat
TKT_002892,SUB_009572,2025-10-02,Cancellation Help,Resolved,9.6,,In-App
TKT_002893,SUB_009572,2025-11-18,Cancellation Help,Resolved,5.1,5.0,In-App
TKT_002894,SUB_009572,2025-11-10,Streaming Quality,Resolved,4.9,5.0,Phone
TKT_002895,SUB_009574,2026-03-23,Content Request,Customer-Closed,18.1,,In-App
TKT_002896,SUB_009581,2025-04-23,Account Access,Unresolved,4.1,,In-App
TKT_002897,SUB_009583,2025-05-05,Account Access,Resolved,13.3,5.0,In-App
TKT_002898,SUB_009586,2025-11-13,Content Request,Pending,3.7,1.0,In-App
TKT_002899,SUB_009586,2025-10-27,Account Access,Resolved,3.6,5.0,Chat
TKT_002900,SUB_009586,2025-08-24,Content Request,Resolved,4.2,,Chat
TKT_002901,SUB_009586,2025-05-29,Billing,Customer-Closed,8.4,1.0,Chat
TKT_002902,SUB_009587,2025-06-10,Billing,Pending,14.4,,Chat
TKT_002903,SUB_009594,2026-03-24,Account Access,Unresolved,12.2,1.0,In-App
TKT_002904,SUB_009602,2026-01-24,Content Request,Resolved,33.4,4.0,Chat
TKT_002905,SUB_009607,2025-04-13,Billing,Unresolved,47.6,3.0,In-App
TKT_002906,SUB_009609,2025-11-15,Streaming Quality,Resolved,21.7,4.0,In-App
TKT_002907,SUB_009612,2025-04-03,Content Request,Unresolved,2.0,2.0,Email
TKT_002908,SUB_009612,2025-05-15,Streaming Quality,Resolved,4.8,4.0,Chat
TKT_002909,SUB_009613,2026-02-25,Streaming Quality,Resolved,25.7,4.0,Email
TKT_002910,SUB_009614,2025-06-03,Content Request,Resolved,12.5,,Chat
TKT_002911,SUB_009617,2026-03-26,Account Access,Pending,14.7,,In-App
TKT_002912,SUB_009619,2025-05-10,Billing,Unresolved,0.9,1.0,Chat
TKT_002913,SUB_009634,2025-04-24,Streaming Quality,Resolved,1.3,4.0,Chat
TKT_002914,SUB_009641,2026-02-20,Billing,Resolved,8.9,4.0,In-App
TKT_002915,SUB_009641,2026-03-19,Account Access,Unresolved,66.6,,Chat
TKT_002916,SUB_009641,2026-03-07,Streaming Quality,Pending,18.7,1.0,Chat
TKT_002917,SUB_009643,2025-07-17,Streaming Quality,Resolved,26.4,3.0,In-App
TKT_002918,SUB_009657,2025-10-06,Billing,Resolved,11.5,4.0,In-App
TKT_002919,SUB_009660,2025-05-06,Billing,Pending,4.3,1.0,Email
TKT_002920,SUB_009660,2026-03-31,Content Request,Resolved,23.1,4.0,In-App
TKT_002921,SUB_009661,2025-10-05,Streaming Quality,Unresolved,16.4,2.0,Email
TKT_002922,SUB_009662,2026-03-11,Account Access,Pending,5.6,1.0,Chat
TKT_002923,SUB_009662,2026-02-23,Account Access,Resolved,31.3,,In-App
TKT_002924,SUB_009664,2025-04-02,Streaming Quality,Customer-Closed,2.3,1.0,Email
TKT_002925,SUB_009666,2025-06-24,Account Access,Customer-Closed,5.2,2.0,In-App
TKT_002926,SUB_009666,2025-06-12,Account Access,Customer-Closed,16.8,2.0,Email
TKT_002927,SUB_009668,2025-05-23,Streaming Quality,Resolved,9.1,5.0,In-App
TKT_002928,SUB_009668,2025-11-27,Account Access,Resolved,6.6,,Email
TKT_002929,SUB_009669,2025-10-17,Streaming Quality,Unresolved,8.3,2.0,Chat
TKT_002930,SUB_009669,2025-09-17,Billing,Resolved,9.0,5.0,In-App
TKT_002931,SUB_009669,2025-10-02,Cancellation Help,Resolved,33.3,,Email
TKT_002932,SUB_009669,2025-09-25,Account Access,Customer-Closed,3.3,2.0,Phone
TKT_002933,SUB_009675,2026-03-07,Billing,Resolved,14.9,4.0,In-App
TKT_002934,SUB_009675,2026-03-04,Cancellation Help,Resolved,6.5,,In-App
TKT_002935,SUB_009675,2026-03-10,Streaming Quality,Resolved,20.4,,Chat
TKT_002936,SUB_009675,2026-03-08,Content Request,Resolved,19.0,5.0,In-App
TKT_002937,SUB_009683,2026-01-22,Content Request,Resolved,4.5,,In-App
TKT_002938,SUB_009683,2026-02-05,Cancellation Help,Customer-Closed,19.8,,In-App
TKT_002939,SUB_009683,2026-01-23,Billing,Resolved,18.2,,Chat
TKT_002940,SUB_009683,2026-01-26,Cancellation Help,Resolved,9.8,5.0,Chat
TKT_002941,SUB_009696,2026-03-21,Streaming Quality,Resolved,7.7,4.0,In-App
TKT_002942,SUB_009700,2025-04-04,Billing,Unresolved,3.4,1.0,In-App
TKT_002943,SUB_009700,2025-04-29,Streaming Quality,Resolved,6.5,,In-App
TKT_002944,SUB_009700,2025-10-07,Account Access,Resolved,5.6,5.0,Email
TKT_002945,SUB_009700,2025-05-22,Account Access,Customer-Closed,15.4,3.0,Chat
TKT_002946,SUB_009710,2025-05-24,Billing,Resolved,11.0,4.0,Phone
TKT_002947,SUB_009710,2025-10-29,Account Access,Resolved,7.5,,Chat
TKT_002948,SUB_009716,2025-12-13,Cancellation Help,Resolved,89.4,,Chat
TKT_002949,SUB_009716,2026-01-18,Billing,Resolved,3.6,5.0,Chat
TKT_002950,SUB_009721,2025-04-18,Account Access,Resolved,3.3,4.0,In-App
TKT_002951,SUB_009721,2025-05-07,Streaming Quality,Unresolved,13.8,1.0,Chat
TKT_002952,SUB_009732,2026-02-24,Cancellation Help,Resolved,38.9,5.0,In-App
TKT_002953,SUB_009732,2026-03-18,Content Request,Resolved,5.9,,In-App
TKT_002954,SUB_009736,2025-04-25,Cancellation Help,Resolved,29.6,4.0,In-App
TKT_002955,SUB_009738,2025-10-02,Account Access,Unresolved,6.0,,In-App
TKT_002956,SUB_009738,2025-10-09,Content Request,Resolved,8.5,,Chat
TKT_002957,SUB_009739,2025-10-09,Cancellation Help,Customer-Closed,5.4,,Chat
TKT_002958,SUB_009743,2026-03-19,Account Access,Customer-Closed,10.5,,Chat
TKT_002959,SUB_009743,2025-09-04,Content Request,Resolved,18.8,5.0,In-App
TKT_002960,SUB_009752,2025-09-01,Streaming Quality,Resolved,41.0,5.0,In-App
TKT_002961,SUB_009752,2025-09-27,Content Request,Unresolved,21.6,,In-App
TKT_002962,SUB_009752,2025-04-16,Account Access,Customer-Closed,5.9,2.0,Phone
TKT_002963,SUB_009754,2025-04-17,Cancellation Help,Resolved,16.9,,Chat
TKT_002964,SUB_009754,2025-09-16,Account Access,Resolved,9.4,,In-App
TKT_002965,SUB_009754,2026-01-06,Streaming Quality,Resolved,2.1,5.0,Chat
TKT_002966,SUB_009754,2025-04-20,Streaming Quality,Resolved,29.9,4.0,In-App
TKT_002967,SUB_009755,2025-11-29,Content Request,Customer-Closed,16.8,,In-App
TKT_002968,SUB_009757,2025-05-22,Billing,Unresolved,10.5,,Chat
TKT_002969,SUB_009761,2025-07-04,Billing,Resolved,8.4,4.0,In-App
TKT_002970,SUB_009761,2025-09-14,Streaming Quality,Pending,47.3,2.0,Email
TKT_002971,SUB_009761,2025-08-07,Billing,Customer-Closed,22.5,1.0,In-App
TKT_002972,SUB_009770,2025-07-11,Streaming Quality,Resolved,47.5,4.0,Chat
TKT_002973,SUB_009774,2025-12-05,Streaming Quality,Resolved,18.2,4.0,In-App
TKT_002974,SUB_009782,2025-07-15,Streaming Quality,Unresolved,23.5,,In-App
TKT_002975,SUB_009782,2025-08-24,Streaming Quality,Customer-Closed,123.0,,Phone
TKT_002976,SUB_009782,2025-05-06,Billing,Pending,14.5,1.0,In-App
TKT_002977,SUB_009782,2025-08-09,Account Access,Pending,7.7,3.0,In-App
TKT_002978,SUB_009786,2026-02-04,Account Access,Resolved,21.4,5.0,Chat
TKT_002979,SUB_009787,2025-09-09,Content Request,Customer-Closed,6.6,2.0,Chat
TKT_002980,SUB_009789,2025-04-04,Billing,Resolved,15.6,5.0,In-App
TKT_002981,SUB_009792,2026-03-14,Cancellation Help,Customer-Closed,2.7,1.0,In-App
TKT_002982,SUB_009792,2026-03-29,Billing,Resolved,14.9,5.0,In-App
TKT_002983,SUB_009810,2025-09-04,Streaming Quality,Resolved,17.4,4.0,Email
TKT_002984,SUB_009814,2025-10-15,Account Access,Customer-Closed,19.3,2.0,Chat
TKT_002985,SUB_009814,2026-03-31,Cancellation Help,Resolved,12.5,,In-App
TKT_002986,SUB_009814,2026-03-07,Account Access,Resolved,6.3,4.0,Chat
TKT_002987,SUB_009814,2025-12-16,Billing,Resolved,3.0,3.0,Chat
TKT_002988,SUB_009822,2026-03-31,Billing,Pending,24.3,1.0,Phone
TKT_002989,SUB_009825,2025-06-19,Billing,Pending,4.0,1.0,In-App
TKT_002990,SUB_009826,2026-02-22,Billing,Resolved,22.2,,Chat
TKT_002991,SUB_009827,2026-03-30,Streaming Quality,Resolved,11.4,5.0,In-App
TKT_002992,SUB_009834,2026-03-09,Streaming Quality,Resolved,26.8,5.0,In-App
TKT_002993,SUB_009837,2026-02-03,Billing,Resolved,14.9,,Chat
TKT_002994,SUB_009838,2025-04-16,Content Request,Resolved,25.6,3.0,In-App
TKT_002995,SUB_009840,2025-09-22,Content Request,Customer-Closed,22.3,1.0,Email
TKT_002996,SUB_009842,2026-03-18,Streaming Quality,Resolved,4.9,4.0,In-App
TKT_002997,SUB_009845,2026-01-27,Streaming Quality,Resolved,4.8,,In-App
TKT_002998,SUB_009847,2025-05-22,Streaming Quality,Resolved,41.1,3.0,Chat
TKT_002999,SUB_009848,2026-03-01,Streaming Quality,Resolved,5.8,4.0,Chat
TKT_003000,SUB_009849,2025-04-15,Cancellation Help,Customer-Closed,7.7,2.0,In-App
TKT_003001,SUB_009849,2025-11-18,Streaming Quality,Resolved,6.4,5.0,In-App
TKT_003002,SUB_009850,2025-10-13,Billing,Resolved,2.3,4.0,In-App
TKT_003003,SUB_009855,2026-01-25,Billing,Customer-Closed,2.3,,Chat
TKT_003004,SUB_009855,2025-12-10,Account Access,Unresolved,11.4,,In-App
TKT_003005,SUB_009863,2025-12-06,Account Access,Resolved,8.9,,In-App
TKT_003006,SUB_009866,2026-03-21,Billing,Pending,35.2,,Email
TKT_003007,SUB_009871,2026-03-13,Streaming Quality,Resolved,5.2,,Email
TKT_003008,SUB_009871,2026-03-22,Cancellation Help,Resolved,45.4,5.0,Chat
TKT_003009,SUB_009871,2026-03-25,Streaming Quality,Resolved,8.3,3.0,Chat
TKT_003010,SUB_009875,2025-09-28,Content Request,Resolved,5.0,5.0,In-App
TKT_003011,SUB_009876,2025-06-23,Cancellation Help,Unresolved,26.8,,Phone
TKT_003012,SUB_009879,2026-03-11,Billing,Resolved,15.1,,Chat
TKT_003013,SUB_009879,2025-09-09,Billing,Resolved,5.4,5.0,In-App
TKT_003014,SUB_009883,2026-01-08,Billing,Resolved,16.8,,Chat
TKT_003015,SUB_009884,2025-08-13,Cancellation Help,Resolved,141.2,5.0,In-App
TKT_003016,SUB_009886,2025-11-10,Content Request,Resolved,9.3,,In-App
TKT_003017,SUB_009889,2025-12-19,Cancellation Help,Resolved,19.9,,In-App
TKT_003018,SUB_009897,2026-02-25,Account Access,Resolved,3.5,4.0,In-App
TKT_003019,SUB_009900,2025-12-05,Content Request,Resolved,16.9,5.0,Email
TKT_003020,SUB_009900,2026-03-24,Account Access,Resolved,4.6,,Chat
TKT_003021,SUB_009900,2025-04-21,Content Request,Resolved,14.1,,Chat
TKT_003022,SUB_009900,2025-09-13,Account Access,Pending,31.6,,Chat
TKT_003023,SUB_009913,2026-03-09,Streaming Quality,Pending,16.9,,Phone
TKT_003024,SUB_009915,2025-09-23,Account Access,Customer-Closed,15.8,,Chat
TKT_003025,SUB_009915,2025-09-10,Content Request,Customer-Closed,7.7,2.0,Chat
TKT_003026,SUB_009916,2025-04-29,Cancellation Help,Unresolved,12.0,,Email
TKT_003027,SUB_009922,2025-10-14,Billing,Resolved,23.9,5.0,In-App
TKT_003028,SUB_009930,2026-02-22,Account Access,Resolved,3.9,5.0,Email
TKT_003029,SUB_009938,2026-03-23,Streaming Quality,Resolved,2.4,,Email
TKT_003030,SUB_009943,2025-12-14,Content Request,Resolved,2.8,4.0,Phone
TKT_003031,SUB_009946,2025-05-27,Account Access,Unresolved,18.8,,In-App
TKT_003032,SUB_009946,2025-05-15,Cancellation Help,Unresolved,14.8,,Chat
TKT_003033,SUB_009947,2025-05-11,Account Access,Resolved,14.4,5.0,Chat
TKT_003034,SUB_009947,2025-12-31,Billing,Resolved,14.2,4.0,Email
TKT_003035,SUB_009948,2025-08-19,Account Access,Unresolved,13.0,2.0,In-App
TKT_003036,SUB_009949,2026-02-20,Streaming Quality,Resolved,13.4,5.0,In-App
TKT_003037,SUB_009951,2026-02-21,Account Access,Unresolved,10.2,,Phone
TKT_003038,SUB_009953,2025-05-10,Account Access,Unresolved,12.6,,Chat
TKT_003039,SUB_009953,2025-08-09,Billing,Resolved,17.3,4.0,Phone
TKT_003040,SUB_009953,2025-12-07,Streaming Quality,Customer-Closed,7.6,3.0,Email
TKT_003041,SUB_009954,2025-04-04,Account Access,Resolved,4.0,4.0,Chat
TKT_003042,SUB_009954,2025-04-04,Account Access,Resolved,8.8,,In-App
TKT_003043,SUB_009955,2025-11-16,Content Request,Resolved,18.6,4.0,In-App
TKT_003044,SUB_009957,2026-01-06,Account Access,Unresolved,19.7,2.0,In-App
TKT_003045,SUB_009959,2025-07-08,Billing,Resolved,4.6,,Phone
TKT_003046,SUB_009959,2025-07-10,Content Request,Unresolved,5.4,2.0,Email
TKT_003047,SUB_009959,2025-08-07,Streaming Quality,Resolved,2.7,3.0,Chat
TKT_003048,SUB_009961,2025-10-11,Billing,Customer-Closed,14.5,,Phone
TKT_003049,SUB_009965,2026-02-09,Streaming Quality,Resolved,12.5,,Chat
TKT_003050,SUB_009970,2025-05-25,Account Access,Resolved,25.2,5.0,In-App
TKT_003051,SUB_009970,2025-06-07,Streaming Quality,Unresolved,14.4,1.0,In-App
TKT_003052,SUB_009974,2025-06-23,Billing,Resolved,6.1,,Email
TKT_003053,SUB_009975,2025-07-12,Streaming Quality,Resolved,45.2,3.0,In-App
TKT_003054,SUB_009982,2026-03-16,Streaming Quality,Resolved,9.9,5.0,In-App
TKT_003055,SUB_009983,2025-04-02,Account Access,Pending,20.3,1.0,Email
TKT_003056,SUB_009993,2025-06-21,Billing,Customer-Closed,13.4,1.0,In-App
